ST_CASE,VEH_NO,PER_NO,P1,P2,P3,P4,P5,P6,P7,P8,P9,P10
10657,2,1,0,0,0,0,0,0,0,0,0,0
10658,1,1,0,0,0,0,0,0,0,0,0,0
10659,1,1,0,0,0,0,0,0,0,0,0,0
10659,2,1,0,0,0,0,0,0,0,0,0,0
10659,3,1,0,0,0,0,0,0,0,0,0,0
10660,0,1,0,0,31,0,0,0,0,0,0,14
10660,1,1,0,0,0,0,0,0,0,0,0,0
10661,1,1,7,23,18,11,0,8,15,0,19,11
10662,1,1,20,8,11,26,26,19,22,8,17,9
10663,1,1,21,21,21,21,21,21,21,21,21,21
10663,2,1,0,0,0,0,0,0,0,0,0,0
10664,1,1,0,0,0,0,0,0,0,0,0,0
10664,2,1,0,0,0,0,0,0,0,0,0,0
10665,0,1,0,0,0,0,0,0,0,0,0,0
10665,1,1,9,0,0,0,0,14,0,2,0,0
10666,1,1,0,0,0,0,0,0,0,0,0,0
10666,2,1,0,0,0,15,0,0,0,0,0,0
10667,1,1,10,10,10,10,10,10,10,10,10,10
10668,0,1,0,0,0,0,0,0,0,0,0,0
10668,1,1,0,0,0,0,0,0,0,0,0,0
10669,0,1,0,0,0,0,0,0,0,0,0,0
10669,1,1,0,10,0,0,0,20,0,0,0,0
10670,1,1,18,18,18,18,18,18,18,18,18,18
10671,1,1,0,0,0,3,30,0,21,0,0,0
10671,2,1,0,0,0,0,0,0,0,0,0,0
10672,1,1,0,0,4,6,12,0,0,9,0,0
10672,2,1,0,0,0,0,0,0,0,0,0,0
10673,1,1,0,0,0,0,0,0,0,0,0,0
10673,2,1,0,0,0,0,0,0,0,0,0,0
10674,1,1,0,0,0,0,0,0,0,0,0,0
10674,2,1,0,0,6,0,0,0,0,0,0,0
10674,3,1,0,0,0,0,0,8,0,0,0,0
10675,0,1,0,0,0,0,0,0,0,0,0,0
10675,1,1,0,0,0,0,0,0,0,0,0,0
10676,1,1,7,16,20,12,34,20,18,21,12,17
10677,1,1,0,0,4,20,6,0,0,0,0,0
10677,2,1,0,0,0,0,0,0,0,0,0,0
10678,1,1,0,0,0,0,0,0,0,0,21,0
10679,1,1,0,16,18,17,40,2,11,16,15,20
10679,2,1,0,0,0,0,0,0,0,0,0,0
10680,1,1,0,0,0,0,0,0,0,0,0,0
10680,2,1,0,0,0,0,0,0,0,0,0,0
10681,1,1,0,0,0,0,0,0,0,0,0,0
10682,1,1,0,0,0,0,0,0,0,0,0,0
10683,0,1,0,16,32,17,0,0,0,27,11,0
10683,1,1,0,0,3,0,0,0,0,0,0,0
10684,1,1,0,0,0,0,0,0,0,0,0,0
10684,2,1,0,0,0,0,0,0,0,0,0,0
10685,1,1,0,0,0,0,0,0,0,0,0,0
10685,2,1,41,0,0,0,0,0,15,0,0,0
10686,1,1,0,0,0,0,0,0,0,0,0,0
10686,2,1,0,0,0,0,0,0,0,0,0,0
10687,1,1,26,26,26,26,26,26,26,26,26,26
10688,1,1,0,0,0,0,0,0,0,0,0,0
10689,1,1,0,0,0,0,0,0,0,0,0,0
10689,2,1,0,0,0,0,0,0,0,0,0,0
10690,1,1,0,0,0,0,0,0,0,0,0,0
10691,1,1,27,27,27,27,27,27,27,27,27,27
10692,1,1,0,0,0,0,0,0,0,0,0,0
10692,2,1,0,0,0,0,0,0,0,0,0,0
10693,0,1,22,22,22,22,22,22,22,22,22,22
10693,1,1,11,10,9,16,13,0,7,8,0,0
10694,1,1,20,20,15,0,19,10,0,45,13,30
10695,1,1,1,1,1,1,1,1,1,1,1,1
10695,2,1,0,0,0,0,0,0,0,0,0,0
10696,1,1,0,0,0,0,0,0,0,11,0,0
10697,1,1,0,0,0,0,0,0,0,0,0,0
10698,1,1,0,0,0,0,0,0,0,0,0,0
10699,1,1,0,0,0,0,0,0,0,0,0,0
10700,1,1,0,11,0,0,34,0,0,0,0,0
10701,1,1,15,4,9,0,21,0,23,0,0,0
10701,2,1,0,0,0,0,0,0,0,0,0,0
10702,1,1,0,0,0,0,0,0,0,0,0,0
10702,2,1,0,0,0,0,0,0,0,0,0,0
10703,1,1,0,0,0,0,0,16,21,0,0,0
10704,1,1,0,0,0,0,0,0,0,0,0,0
10705,1,1,20,20,20,20,20,20,20,20,20,20
10705,2,1,0,0,0,0,0,0,0,0,0,0
10706,0,1,13,13,13,13,13,13,13,13,13,13
10707,1,1,31,31,31,31,31,31,31,31,31,31
10708,0,1,17,17,17,17,17,17,17,17,17,17
10708,1,1,0,0,0,0,0,0,0,0,0,0
10709,1,1,0,0,0,0,0,0,0,0,0,0
10709,2,1,0,0,0,0,0,0,0,9,0,0
10710,1,1,0,0,0,0,0,0,0,0,0,0
10711,1,1,0,0,16,0,0,22,0,0,0,0
10711,2,1,0,0,0,0,0,0,0,0,0,0
10712,1,1,4,4,4,4,4,4,4,4,4,4
10713,1,1,0,0,0,0,0,0,0,0,0,0
10713,2,1,0,0,0,0,0,0,0,0,0,0
10714,1,1,0,0,0,0,0,0,0,0,0,0
10714,2,1,0,0,0,0,0,0,0,0,0,0
10715,1,1,0,0,0,0,0,0,0,0,0,0
10716,0,1,0,0,0,0,0,0,0,0,0,0
10716,1,1,0,0,0,0,0,0,0,0,0,0
10717,1,1,0,0,0,0,0,0,8,0,0,15
10717,2,1,0,0,0,0,0,0,0,0,0,0
10717,3,1,0,18,0,19,0,0,0,0,0,0
10718,1,1,0,0,0,0,0,0,0,0,0,0
10719,1,1,0,0,0,0,0,0,0,0,0,0
10720,1,1,0,0,0,0,0,0,0,0,0,0
10720,2,1,1,1,1,1,1,1,1,1,1,1
10721,1,1,26,0,0,0,0,0,0,0,0,0
10721,2,1,0,0,0,0,0,0,0,0,0,0
10722,1,1,0,0,10,13,0,0,25,15,0,0
10722,2,1,0,0,0,0,0,0,0,0,0,0
10723,1,1,22,27,22,19,11,20,0,6,26,5
10724,1,1,0,0,0,0,0,0,0,0,0,0
10724,2,1,0,0,0,0,0,0,0,0,0,0
10725,0,1,47,23,6,17,24,37,31,14,0,32
10725,1,1,0,0,0,29,0,9,6,0,0,0
10726,1,1,10,10,10,10,10,10,10,10,10,10
10727,1,1,0,0,15,0,0,23,0,25,0,0
10727,2,1,0,0,0,0,0,0,0,0,0,0
10728,0,1,0,31,0,0,0,0,0,0,18,0
10728,1,1,0,0,0,0,0,0,0,0,0,0
10729,1,1,0,0,0,0,0,0,0,0,0,0
10729,2,1,0,0,0,0,0,0,0,0,0,0
10730,1,1,0,0,0,0,7,0,0,3,15,0
10730,2,1,0,0,0,0,0,0,0,0,0,0
10731,1,1,23,0,0,0,0,0,0,0,0,0
10732,1,1,0,0,0,0,0,0,0,0,0,0
10732,2,1,0,0,0,0,0,0,0,0,0,0
10733,1,1,0,0,0,0,0,0,0,0,0,0
10733,2,1,0,0,0,0,0,0,0,0,0,0
10734,1,1,44,6,0,3,0,38,23,0,27,0
10735,1,1,0,0,0,0,0,0,0,0,0,0
10735,2,1,0,0,0,0,0,0,0,0,0,0
10736,1,1,0,0,0,0,0,0,0,0,0,0
10736,2,1,0,0,0,0,0,0,0,0,0,0
10737,1,1,18,18,18,18,18,18,18,18,18,18
10738,1,1,0,0,0,11,0,17,31,0,0,0
10739,1,1,0,0,0,0,0,0,0,0,0,0
10740,0,1,0,0,0,0,0,0,0,0,0,0
10740,1,1,0,0,0,0,0,0,0,0,0,0
10741,1,1,0,0,0,0,0,0,0,0,0,0
10741,2,1,0,0,0,0,0,0,0,0,0,0
10742,1,1,0,0,0,0,0,0,0,0,0,0
10743,0,1,0,5,27,18,21,25,15,23,24,0
10743,1,1,0,0,9,0,0,0,0,0,0,0
10744,1,2,24,15,26,8,0,7,32,0,15,13
10745,1,1,30,0,0,0,27,0,0,0,0,0
10746,0,1,38,38,38,38,38,38,38,38,38,38
10746,1,1,0,33,20,21,18,11,0,0,21,10
10747,1,1,16,16,16,16,16,16,16,16,16,16
10748,0,1,0,0,0,0,0,0,0,0,0,0
10748,1,1,0,0,0,0,0,0,0,0,0,0
10749,1,1,0,0,0,0,0,0,0,0,0,0
10749,2,1,0,0,0,0,0,0,0,0,0,0
10749,3,1,0,0,0,0,0,0,0,0,0,0
10750,1,1,0,0,0,0,0,0,0,0,0,0
10750,2,1,0,25,13,0,0,25,0,0,0,0
10751,0,1,0,0,0,0,0,30,0,0,47,7
10751,0,2,29,17,36,26,0,21,0,13,0,5
10751,1,1,0,0,0,0,0,0,0,0,0,0
10752,1,1,0,0,0,0,0,0,0,0,0,0
10753,1,1,0,0,0,0,0,0,0,0,0,0
10754,1,1,0,0,0,0,0,0,0,0,0,0
10755,1,1,0,0,0,0,0,0,0,0,0,0
10756,0,1,39,39,39,39,39,39,39,39,39,39
10756,1,1,21,12,16,23,19,0,49,12,2,16
10757,1,1,0,0,0,0,0,0,0,0,0,0
10758,1,1,0,0,0,0,0,0,0,0,0,0
10759,0,1,23,0,0,0,0,0,0,0,25,0
10759,1,1,0,0,0,0,0,0,0,0,0,0
10760,1,1,23,23,23,23,23,23,23,23,23,23
10761,1,1,0,0,0,0,0,0,0,0,0,0
10762,0,1,0,0,0,0,0,0,0,0,0,0
10762,1,1,12,12,12,12,12,12,12,12,12,12
10763,1,1,21,21,12,11,16,16,17,13,24,27
10764,1,1,9,23,23,10,19,7,19,27,16,0
10765,1,1,0,0,0,0,0,0,0,0,0,0
10766,1,1,0,23,0,0,0,0,0,0,0,0
10766,2,1,0,0,0,0,0,0,0,0,0,0
10766,3,1,0,0,0,0,0,0,0,0,0,0
10767,0,1,0,0,0,0,0,0,0,0,0,0
10767,1,1,0,0,0,0,0,0,9,21,0,0
10768,1,1,0,0,0,0,0,0,0,0,0,0
10768,2,1,0,0,0,0,0,0,0,0,0,0
10769,1,1,0,0,0,0,0,0,0,0,0,0
10769,2,1,0,0,0,0,0,0,0,0,0,0
10769,3,1,0,0,0,0,0,0,0,0,0,0
10770,1,1,0,0,0,0,0,0,0,0,0,0
10770,2,1,0,0,0,0,0,0,0,0,0,0
10771,0,1,0,0,0,0,0,3,0,0,0,0
10771,1,1,0,0,0,0,0,0,0,0,0,0
10772,1,1,0,0,0,23,0,14,16,0,0,28
10773,0,1,0,0,0,0,0,0,0,8,0,0
10773,1,1,0,26,0,0,15,0,0,0,9,0
10774,1,1,17,17,17,17,17,17,17,17,17,17
10775,1,1,26,0,0,0,0,0,0,0,0,0
10775,2,1,0,0,0,0,0,0,0,0,0,0
10775,3,1,0,0,0,0,0,0,0,0,0,0
10776,0,1,0,0,50,0,0,0,0,0,0,0
10776,1,1,0,0,0,0,0,0,0,0,0,0
10777,1,1,0,0,0,0,0,0,0,0,0,0
10777,2,1,0,0,0,0,0,0,0,0,0,0
10778,0,1,11,32,23,13,0,0,5,0,0,0
10778,1,1,0,0,0,0,0,0,0,0,0,0
10779,1,1,0,0,0,0,0,0,0,0,0,0
10779,2,1,0,0,0,0,0,0,0,0,0,0
10780,1,1,0,0,0,0,0,0,0,0,0,0
10780,2,1,0,0,0,11,0,19,0,0,0,0
10781,1,1,20,20,20,20,20,20,20,20,20,20
10781,2,1,0,0,0,16,0,0,0,0,0,0
10782,1,1,0,9,0,14,31,17,0,20,0,13
10782,2,1,23,0,0,38,0,0,20,0,0,0
10783,1,1,12,12,12,12,12,12,12,12,12,12
10783,2,1,0,0,0,0,0,0,0,0,0,0
10784,1,1,0,0,0,0,0,0,0,0,0,0
10784,2,1,0,0,0,0,0,0,0,0,0,0
10785,1,1,0,0,0,0,0,0,12,0,0,0
10785,2,1,0,0,0,18,0,0,0,0,0,0
10786,1,1,0,0,0,0,0,10,0,0,0,9
10786,2,1,0,0,0,0,0,0,0,0,9,0
10787,1,1,0,0,0,0,0,0,0,0,0,0
10788,1,1,0,0,0,0,0,0,10,0,0,0
10789,1,1,0,0,0,0,0,0,0,0,0,0
10789,2,1,0,0,0,0,0,0,0,0,0,0
10790,1,1,0,0,0,0,0,0,0,0,0,0
10791,0,1,36,0,0,44,0,18,10,0,0,22
10791,1,1,0,0,0,0,0,0,0,0,0,0
10792,1,1,0,0,0,0,0,0,0,0,0,0
10792,2,1,0,0,0,0,0,0,0,0,0,0
10793,0,1,0,13,31,0,0,0,0,8,0,26
10793,1,1,0,0,0,12,0,0,0,0,0,0
10794,0,1,0,0,0,0,0,0,0,0,0,0
10794,1,1,0,0,0,0,0,0,0,0,0,0
10795,1,1,0,0,0,0,0,0,0,0,0,0
10795,2,1,0,0,0,0,0,0,0,0,0,0
10795,3,1,0,0,0,0,0,0,0,0,0,0
10795,4,1,0,0,0,0,0,0,0,0,0,0
10796,1,1,0,0,0,0,0,0,0,0,0,0
10797,1,1,0,22,0,0,0,20,23,9,0,0
10797,2,1,0,0,3,0,0,0,0,0,0,0
10798,1,1,13,9,25,9,14,0,22,15,2,16
10799,1,1,23,23,23,23,23,23,23,23,23,23
10800,1,1,0,0,0,0,0,0,0,0,0,0
10800,2,1,0,0,0,0,0,0,0,0,0,0
10801,1,1,0,0,0,0,0,0,11,0,0,0
10801,2,1,0,0,0,14,0,0,0,0,0,0
10801,3,1,0,0,0,0,12,0,0,0,0,0
10802,1,1,0,0,0,0,0,0,0,0,0,0
10802,2,1,0,0,0,0,0,0,0,0,18,0
10803,1,1,9,18,13,13,22,22,11,18,16,24
10803,2,1,0,0,0,0,0,0,0,0,0,0
10804,0,1,9,0,15,27,25,0,15,0,33,0
10804,1,1,0,0,0,0,0,0,0,0,0,0
10805,1,1,1,1,1,1,1,1,1,1,1,1
10806,1,1,0,0,0,0,0,0,0,11,0,0
10807,1,1,0,0,0,0,0,0,0,0,0,0
10807,2,1,0,0,0,0,0,0,0,0,0,0
10808,1,1,0,0,0,0,0,0,0,0,0,0
10808,2,1,0,0,0,0,0,0,0,0,0,0
10809,1,1,0,0,0,0,0,0,0,0,0,0
10810,1,1,0,0,0,11,0,0,0,0,0,0
10811,1,1,0,0,0,0,0,0,0,0,0,0
10811,2,1,0,0,0,0,0,0,0,0,0,0
10812,1,1,0,0,0,0,0,18,0,0,0,0
10812,2,1,9,0,0,0,0,0,0,0,0,0
10813,0,1,0,0,0,0,0,0,0,0,0,0
10813,1,1,0,0,0,0,0,0,0,0,0,0
10814,1,1,0,0,0,0,0,0,0,0,0,0
10814,2,1,0,0,0,0,0,0,0,0,0,0
10815,1,1,0,19,0,0,0,18,0,0,6,0
10816,1,1,0,0,0,0,0,0,0,0,0,0
10816,2,1,0,0,23,0,0,0,0,0,0,26
10817,1,1,17,22,0,0,0,0,12,0,0,0
10818,1,1,15,17,18,18,22,13,8,17,27,39
10819,1,1,0,22,29,0,0,0,0,0,0,0
10819,2,1,9,0,0,0,0,0,0,0,0,0
10820,1,1,0,0,0,0,0,0,0,0,0,0
10820,2,1,18,0,0,0,0,0,0,0,0,23
10821,1,1,0,0,38,0,0,0,0,0,0,0
10821,2,1,0,0,0,0,0,0,0,0,0,0
10822,0,1,24,33,10,21,30,15,9,19,15,37
10822,1,1,4,4,4,4,4,4,4,4,4,4
10822,2,1,0,0,0,0,0,0,0,0,0,0
10823,1,1,0,0,0,0,0,7,0,0,0,0
10824,0,1,25,13,12,32,25,18,14,0,20,12
10824,1,1,0,0,0,0,0,0,0,0,5,14
10825,1,1,0,17,0,0,0,0,0,0,0,0
10826,1,1,0,0,0,0,0,0,0,0,0,0
10826,2,1,0,0,0,0,0,0,0,0,0,0
10827,1,1,0,0,0,0,0,0,0,0,0,0
10827,2,1,0,0,10,0,0,0,0,0,0,0
10828,1,1,0,0,13,17,0,2,0,10,0,0
10829,1,1,9,0,0,0,18,0,0,0,0,0
10830,0,1,15,26,0,0,0,30,0,9,0,24
10830,1,1,19,0,0,0,0,0,0,0,0,0
10831,0,1,0,26,12,21,0,0,0,27,0,40
10831,1,1,0,0,0,0,0,0,0,0,0,0
10833,1,1,0,0,0,0,0,0,0,0,0,0
10833,2,1,0,0,0,0,2,0,0,0,0,0
10834,0,1,30,30,30,30,30,30,30,30,30,30
10834,1,1,0,0,0,0,0,0,0,0,0,0
10836,0,1,0,0,0,0,33,0,0,0,38,0
10836,1,1,0,0,0,0,0,0,0,0,0,0
10837,1,1,0,0,14,0,0,0,0,0,13,0
10837,2,1,0,0,0,0,0,0,0,0,0,0
10837,3,1,0,0,0,0,0,0,0,0,1,0
10838,1,1,0,0,0,0,0,0,0,0,0,0
10839,1,1,0,0,0,0,0,0,4,0,0,0
10839,2,1,0,0,21,13,18,0,0,0,25,0
10840,1,1,0,0,0,0,0,0,0,0,0,0
10840,2,1,0,0,0,0,0,0,0,0,0,0
10841,1,1,19,22,15,19,22,22,21,0,0,0
10842,1,1,26,6,25,10,11,20,4,21,16,9
10842,2,1,0,0,0,0,0,0,0,22,0,0
10842,3,1,0,0,0,0,0,0,0,0,0,0
10843,1,1,0,0,0,0,0,0,0,0,0,0
10843,2,1,0,0,0,0,0,0,0,0,0,0
10844,1,1,8,14,19,0,8,7,14,7,21,14
10844,2,1,0,0,0,0,0,0,0,0,0,0
10845,1,1,11,0,14,12,0,6,0,7,0,0
10845,2,1,0,0,0,0,0,0,0,0,0,0
10846,1,1,0,10,18,17,22,0,15,17,41,17
10847,1,1,0,32,23,0,0,0,0,0,0,0
10848,1,1,30,0,27,0,16,0,15,27,7,0
10849,1,1,0,0,0,0,0,0,0,0,0,0
10849,2,1,0,0,0,0,0,0,0,0,0,0
10850,1,1,0,0,0,0,0,0,0,26,0,0
10850,2,1,0,0,0,0,0,0,0,0,0,0
10852,1,1,11,7,5,5,21,0,15,6,13,20
10853,1,1,0,0,0,0,0,0,0,0,0,0
10854,1,1,0,0,0,0,0,0,0,0,0,8
10854,2,1,0,0,5,0,9,3,0,23,0,23
10855,1,1,0,0,0,15,0,34,0,0,0,0
10855,2,1,0,0,0,0,0,0,0,0,0,0
10856,1,1,0,19,0,0,0,0,0,0,0,0
10857,1,1,0,0,0,22,26,0,0,0,0,14
10858,1,1,0,0,0,0,0,0,0,0,0,0
10858,2,1,0,0,0,0,0,0,0,0,0,0
10859,1,1,0,0,0,0,0,21,0,0,0,0
10859,2,1,0,0,0,0,0,0,23,0,0,0
10860,1,1,0,0,0,32,0,0,0,0,8,0
10860,2,1,11,4,11,14,19,28,17,16,11,8
10861,1,1,0,23,24,14,16,0,11,20,13,0
10862,0,1,16,0,0,0,0,0,0,0,0,0
10862,1,1,0,11,0,11,27,0,0,0,4,22
10863,0,1,29,24,0,0,0,12,0,0,0,7
10863,1,1,0,0,0,0,0,0,0,0,0,0
10864,1,1,0,0,21,18,19,0,14,20,21,25
10864,2,1,0,0,0,0,0,0,0,0,0,0
10865,1,1,0,0,0,31,0,0,0,0,0,0
10866,1,1,0,0,10,2,0,8,0,0,0,0
10866,2,1,22,0,0,4,0,0,6,0,0,0
10867,0,1,30,30,30,30,30,30,30,30,30,30
10867,1,1,16,0,0,6,23,0,15,22,0,0
10868,1,1,16,16,16,16,16,16,16,16,16,16
10868,2,1,0,0,0,0,0,0,0,0,0,0
10869,1,1,0,0,0,0,7,0,0,0,0,0
10870,1,1,0,0,0,0,14,0,0,0,0,0
10870,2,1,0,9,0,0,0,4,0,34,0,0
10871,1,1,0,0,0,0,0,0,0,23,0,8
10871,2,1,0,0,0,0,0,0,0,0,0,0
10872,1,1,0,0,0,0,0,0,32,0,0,0
10872,2,1,0,0,0,0,0,0,0,0,0,0
10873,1,1,1,1,1,1,1,1,1,1,1,1
10874,0,1,0,0,0,0,26,0,20,35,21,21
10874,1,1,0,0,0,0,0,0,0,0,0,0
10875,1,1,22,22,22,22,22,22,22,22,22,22
10876,1,1,0,0,0,0,0,0,0,0,0,0
10877,1,1,7,0,0,0,0,0,0,0,0,0
10878,1,1,6,6,6,6,6,6,6,6,6,6
10879,0,1,45,45,45,45,45,45,45,45,45,45
10879,1,1,11,13,23,30,0,0,15,30,13,32
10880,1,1,0,0,0,0,0,0,0,0,0,0
10880,2,1,0,0,0,0,0,0,0,0,0,0
10881,1,1,18,0,25,0,0,0,0,0,0,0
10881,2,1,0,0,0,0,0,0,0,0,0,0
10882,0,1,0,0,0,0,0,0,0,0,0,0
10882,1,1,0,0,0,0,0,0,0,0,0,0
10883,1,2,39,6,0,0,0,0,0,0,9,12
10884,1,1,0,0,0,0,0,0,0,0,0,0
10885,1,1,19,21,41,22,30,7,7,21,21,4
10886,1,1,0,0,0,0,0,0,0,0,0,0
10886,2,1,0,0,0,0,0,0,0,0,0,0
10887,1,1,0,0,0,0,0,0,0,0,0,0
10887,2,1,0,0,0,0,0,0,0,22,0,0
20001,1,1,20,20,20,20,20,20,20,20,20,20
20002,1,1,0,0,0,0,0,0,0,0,0,0
20002,2,1,0,0,0,0,0,0,0,0,0,0
20003,1,1,0,0,0,0,0,0,23,0,11,0
20003,2,1,0,0,8,0,0,0,0,0,0,0
20004,1,1,14,14,14,14,14,14,14,14,14,14
20005,1,1,20,20,20,20,20,20,20,20,20,20
20006,1,1,16,0,0,24,0,0,0,0,0,4
20006,2,1,0,0,0,0,0,0,0,0,0,0
20006,3,1,0,0,0,0,0,0,0,0,0,0
20007,1,1,9,9,9,9,9,9,9,9,9,9
20007,2,1,0,0,0,0,0,0,0,0,0,0
20008,1,1,24,24,24,24,24,24,24,24,24,24
20008,2,1,0,0,0,0,0,0,0,0,0,0
20009,1,1,15,15,15,15,15,15,15,15,15,15
20010,0,1,0,21,0,0,0,26,0,0,0,0
20010,1,1,22,32,43,10,15,19,22,30,24,25
20011,1,1,0,16,0,0,0,0,0,11,0,0
20012,1,1,14,14,14,14,14,14,14,14,14,14
20012,2,1,0,0,0,0,0,0,0,0,0,0
20012,3,1,0,0,0,0,0,0,0,0,0,0
20013,0,1,0,0,0,0,0,0,0,0,0,0
20013,1,1,32,32,32,32,32,32,32,32,32,32
20014,1,1,3,3,3,3,3,3,3,3,3,3
20014,2,1,0,0,0,0,0,0,0,0,0,9
20015,1,1,0,0,0,0,0,0,0,0,0,0
20016,1,1,26,16,16,25,13,31,14,17,22,0
20016,2,1,0,0,0,0,0,0,0,0,0,0
20017,1,1,0,0,0,0,0,0,0,0,0,0
20018,1,1,0,0,0,0,0,0,0,0,0,0
20019,0,1,0,0,0,42,0,0,0,20,0,0
20019,1,1,0,0,0,0,0,0,0,0,0,0
20020,0,1,16,16,16,16,16,16,16,16,16,16
20020,1,1,1,1,1,1,1,1,1,1,1,1
20021,1,1,27,27,27,27,27,27,27,27,27,27
20022,1,1,0,0,10,0,17,0,0,0,0,0
20022,2,1,15,0,0,0,28,0,0,0,0,0
20023,0,1,0,0,0,0,0,0,0,0,0,0
20023,1,1,0,0,0,0,0,0,0,0,0,0
20024,1,1,0,0,0,0,0,0,0,0,0,0
20024,2,1,21,7,4,0,0,0,0,0,0,28
20025,1,1,18,18,18,18,18,18,18,18,18,18
20026,1,1,18,18,18,18,18,18,18,18,18,18
20026,2,1,17,12,6,10,24,9,4,7,7,23
20027,0,1,13,0,0,0,39,19,0,14,16,18
20027,1,1,0,0,0,0,0,0,0,0,14,0
20028,1,1,0,0,0,0,0,0,0,0,0,0
20029,1,1,0,0,0,0,0,0,0,0,0,0
20029,2,1,0,0,0,0,0,0,0,0,0,0
20030,1,1,4,4,4,4,4,4,4,4,4,4
20031,1,1,0,0,0,0,0,0,0,0,0,0
20031,2,1,0,0,0,0,0,0,0,0,0,0
20031,3,1,0,0,0,0,0,0,0,0,0,0
20032,1,1,22,22,22,22,22,22,22,22,22,22
20033,1,1,0,12,0,0,8,0,0,0,0,0
20033,2,1,0,0,0,0,0,0,0,0,0,0
20034,1,1,0,0,0,0,0,0,0,0,0,0
20034,2,1,0,0,0,0,0,0,0,0,0,0
20035,1,1,0,0,0,0,0,0,0,0,0,0
20035,2,1,0,0,0,0,0,0,0,0,0,0
20036,1,1,0,0,5,0,0,0,0,0,0,0
20036,2,1,0,0,0,0,0,0,0,0,0,0
20037,1,1,6,6,6,6,6,6,6,6,6,6
20037,2,1,2,2,2,2,2,2,2,2,2,2
20038,1,1,0,0,0,0,0,0,0,0,0,0
20038,2,1,0,0,0,0,0,0,0,0,0,0
20039,0,1,29,29,29,29,29,29,29,29,29,29
20039,1,1,0,0,0,0,0,0,0,0,0,0
20040,1,1,0,0,0,0,0,0,0,0,0,0
20040,2,1,0,0,0,0,0,0,0,0,0,0
20041,1,1,0,0,0,0,0,0,0,0,0,0
20041,2,1,0,0,0,0,0,0,0,0,0,0
20042,1,1,27,27,27,27,27,27,27,27,27,27
20043,1,1,0,0,0,0,0,0,0,0,0,0
20044,0,1,33,33,33,33,33,33,33,33,33,33
20044,1,1,0,0,0,0,0,0,0,0,0,0
20045,1,1,0,0,0,0,0,0,0,0,0,0
20045,2,1,0,0,0,0,0,0,0,0,0,0
20045,3,1,0,0,0,0,0,0,0,0,0,0
20045,4,1,0,0,0,0,0,0,0,0,0,0
20045,5,1,0,0,0,9,0,0,0,0,0,0
20046,1,1,16,16,16,16,16,16,16,16,16,16
20047,0,1,20,20,20,20,20,20,20,20,20,20
20047,1,1,0,0,0,0,0,0,0,0,0,0
20048,1,1,31,22,26,0,11,0,27,13,0,17
20049,1,1,8,8,8,8,8,8,8,8,8,8
20050,1,1,5,5,5,5,5,5,5,5,5,5
20051,1,1,0,0,0,0,0,0,0,0,0,0
20051,2,1,0,0,0,0,0,0,0,0,0,0
20051,3,1,0,0,0,0,0,0,0,0,0,0
20052,1,1,6,0,0,0,0,0,0,0,0,0
20052,2,1,0,0,0,0,0,0,0,0,0,0
20053,1,1,0,0,0,0,0,0,0,0,0,0
20054,1,1,0,0,0,0,0,0,10,22,0,0
20054,2,1,2,21,28,7,3,0,8,10,17,7
20055,1,1,0,0,0,0,0,0,0,0,0,0
20056,1,1,5,5,5,5,5,5,5,5,5,5
20056,2,1,0,0,0,0,0,0,0,0,0,0
20057,0,1,28,28,28,28,28,28,28,28,28,28
20057,1,1,0,0,0,0,0,0,0,0,0,0
20058,1,1,10,8,26,12,12,21,24,16,9,14
20059,1,1,34,34,34,34,34,34,34,34,34,34
20060,0,1,0,0,0,0,0,0,0,0,0,0
20060,1,1,0,0,0,0,0,0,0,0,0,0
20060,3,1,0,0,0,7,0,0,0,0,0,0
20060,4,1,0,0,0,15,0,0,0,0,0,0
20061,1,1,0,0,0,0,24,0,0,0,0,0
20062,0,1,34,34,34,34,34,34,34,34,34,34
20062,1,1,0,0,26,7,11,12,0,0,0,0
20063,1,1,22,22,22,22,22,22,22,22,22,22
20064,1,1,0,0,0,0,33,0,0,0,0,0
20065,0,1,0,0,0,0,0,0,0,0,0,0
20065,1,1,0,0,8,0,0,0,0,0,0,0
20066,0,1,20,15,17,23,34,5,13,0,12,4
20066,1,1,0,0,0,0,0,0,0,0,0,0
20067,1,1,7,21,17,23,20,20,8,7,7,10
20068,1,1,5,5,5,5,5,5,5,5,5,5
20069,0,1,0,4,34,0,0,15,0,37,0,0
20069,1,1,0,0,0,0,0,0,0,8,0,0
40001,1,1,0,0,0,0,0,0,0,0,0,0
40002,1,1,0,0,0,0,0,0,0,0,0,0
40003,1,1,23,23,23,23,23,23,23,23,23,23
40003,2,1,0,0,0,0,0,0,0,0,0,0
40004,1,1,0,0,0,0,0,0,0,0,0,0
40004,2,1,0,0,0,0,0,0,0,0,0,0
40005,0,1,0,0,0,24,0,0,0,30,44,0
40005,1,1,0,0,0,0,0,0,0,0,0,0
40006,1,1,0,0,0,0,0,0,0,0,0,0
40006,2,1,0,0,0,0,0,0,0,0,0,16
40006,3,1,0,0,0,0,0,0,0,0,0,0
40006,4,1,0,0,0,0,19,14,0,0,0,17
40007,1,1,0,0,0,0,25,0,0,0,0,0
40007,2,1,0,0,0,0,0,0,0,0,0,0
40008,1,1,14,0,23,19,0,7,0,0,0,0
40008,2,1,0,0,0,0,0,0,0,0,0,0
40009,0,1,0,0,0,0,0,0,0,27,0,0
40009,1,1,0,0,0,0,0,0,0,0,0,0
40010,1,1,24,24,24,24,24,24,24,24,24,24
40011,1,1,0,0,0,0,0,0,0,0,3,0
40011,2,1,0,0,0,0,0,0,0,25,0,0
40011,3,1,0,0,0,0,0,0,0,0,0,0
40012,1,1,0,0,0,0,0,0,0,0,0,0
40013,1,1,0,0,0,0,0,0,0,0,0,0
40013,2,1,0,0,0,0,0,4,0,0,0,0
40013,3,1,0,10,0,0,0,0,0,0,0,0
40013,4,1,0,0,0,0,0,0,0,0,29,0
40014,1,1,0,44,12,25,8,15,0,24,22,0