ST_CASE,VEH_NO,PER_NO,P1,P2,P3,P4,P5,P6,P7,P8,P9,P10
40331,1,1,0,0,0,0,0,0,0,0,0,0
40332,1,1,29,29,29,29,29,29,29,29,29,29
40332,2,1,0,0,0,0,0,0,0,0,0,0
40333,1,1,22,22,22,22,22,22,22,22,22,22
40333,2,1,0,7,0,0,9,0,0,0,23,0
40333,3,1,0,0,0,0,0,0,0,0,0,0
40334,0,1,0,0,0,0,0,0,0,0,0,0
40334,1,1,0,11,0,19,9,0,0,0,23,0
40335,0,1,0,0,0,0,0,0,0,0,0,0
40335,1,1,0,0,0,0,0,0,0,0,0,0
40336,1,1,30,15,26,30,40,4,34,13,22,24
40337,0,1,2,2,2,2,2,2,2,2,2,2
40337,1,1,0,0,0,0,0,0,0,0,0,0
40338,1,1,0,9,0,26,0,0,0,0,10,18
40338,2,1,0,0,0,0,0,0,0,0,0,0
40339,1,1,17,17,17,17,17,17,17,17,17,17
40340,1,1,26,26,26,26,26,26,26,26,26,26
40341,1,1,0,0,0,0,0,0,0,0,0,0
40341,2,1,0,0,0,0,0,0,0,0,0,0
40342,1,1,10,18,10,18,6,7,0,15,14,0
40343,1,1,13,13,13,13,13,13,13,13,13,13
40343,2,1,0,0,0,0,0,0,0,0,0,0
40344,0,1,0,0,0,0,0,0,0,0,0,0
40344,1,1,0,0,0,0,0,0,0,0,0,0
40345,1,1,0,0,0,0,0,0,0,0,0,0
40346,1,1,0,0,0,0,0,0,0,0,0,0
40346,2,1,0,0,0,0,0,0,0,0,0,0
40347,1,1,14,32,0,25,9,16,6,0,11,0
40347,2,1,23,0,19,5,6,10,0,8,0,15
40348,1,1,33,26,0,16,0,8,0,0,32,20
40349,1,1,0,0,0,0,0,0,0,0,0,0
40350,1,1,0,0,0,0,0,0,0,0,0,0
40352,1,1,0,0,0,0,0,0,0,0,15,0
40353,0,1,0,0,0,0,0,0,0,0,0,0
40353,1,1,0,0,0,0,0,0,0,0,0,0
40354,1,1,0,0,0,0,0,0,0,0,0,0
40354,2,1,0,0,0,0,0,6,0,0,0,0
40355,1,1,0,0,0,0,15,0,0,0,0,0
40356,1,1,0,0,0,0,7,0,0,0,0,0
40356,2,1,0,0,0,0,0,0,0,0,0,0
40357,1,1,35,35,35,35,35,35,35,35,35,35
40357,2,1,0,0,0,0,0,0,0,0,0,31
40358,0,1,36,36,36,36,36,36,36,36,36,36
40358,1,1,0,0,0,0,0,0,0,0,0,0
40360,1,1,0,0,0,0,0,0,0,0,0,0
40360,2,1,0,0,0,0,0,0,0,0,0,0
40361,1,1,0,0,0,0,0,0,0,0,0,0
40361,2,1,0,17,25,0,0,0,0,0,15,0
40361,3,1,0,5,0,0,20,0,0,20,10,0
40362,1,1,32,32,32,32,32,32,32,32,32,32
40362,2,1,0,0,0,0,0,0,0,0,0,0
40362,3,1,0,0,0,21,31,20,0,17,0,24
40362,4,1,0,0,0,16,0,0,0,0,0,0
40363,1,1,0,0,0,0,0,0,0,0,0,0
40364,1,1,0,0,0,0,0,0,0,0,0,0
40365,1,1,0,0,0,0,0,0,0,0,0,0
40365,2,1,0,0,0,0,0,0,0,0,0,0
40366,1,1,0,0,0,0,17,0,0,0,11,0
40366,2,1,0,0,0,0,0,0,0,0,0,0
40366,3,1,0,0,0,0,0,0,0,0,0,0
40366,4,1,0,0,0,0,0,0,0,0,0,0
40366,5,1,0,0,27,0,0,0,0,0,0,0
40366,6,1,0,0,0,0,0,0,0,0,0,0
40366,7,1,0,0,0,0,0,0,0,0,0,0
40367,1,1,13,0,0,3,0,0,0,0,0,0
40367,2,1,0,10,0,0,0,9,0,0,0,12
40368,1,1,0,0,0,0,0,0,0,0,0,0
40369,1,1,20,20,20,20,20,20,20,20,20,20
40369,2,1,0,0,0,0,0,0,0,0,0,0
40370,0,1,21,21,21,21,21,21,21,21,21,21
40370,1,1,0,0,0,0,0,0,0,0,0,0
40371,1,1,22,22,22,22,22,22,22,22,22,22
40371,2,1,0,0,0,0,6,0,0,0,12,0
40372,1,1,0,0,0,0,0,0,0,0,0,0
40372,2,1,0,0,6,0,0,0,8,38,0,0
40372,3,1,0,0,0,0,0,0,0,0,0,0
40372,4,1,0,0,0,0,0,0,0,0,0,0
40372,5,1,0,0,0,0,0,0,0,0,0,0
40372,6,1,0,0,16,0,0,5,21,0,0,0
40373,1,1,0,0,0,0,0,0,0,0,0,0
40373,2,1,0,0,0,0,0,0,0,0,0,0
40373,3,1,0,0,0,0,0,17,0,0,0,0
40373,4,1,0,0,0,0,0,0,0,0,0,0
40375,0,1,0,0,0,0,0,0,0,0,0,0
40375,1,1,0,0,0,0,0,0,0,0,0,0
40376,0,1,20,20,20,20,20,20,20,20,20,20
40376,1,1,0,0,11,15,0,0,0,0,0,0
40376,2,1,0,0,0,0,0,0,0,0,13,0
40376,3,1,14,12,0,21,13,8,8,0,0,24
40377,1,1,0,0,24,0,0,0,0,0,0,0
40377,2,1,0,0,0,0,0,0,0,0,0,0
40378,1,1,0,0,0,0,0,0,0,0,0,0
40379,1,1,0,0,0,0,0,0,0,0,0,0
40379,2,1,0,0,17,0,0,0,0,0,0,0
40379,3,1,0,0,0,0,0,0,0,0,0,0
40379,4,1,0,0,0,0,0,10,0,0,0,0
40380,1,1,0,0,0,0,0,0,0,0,0,0
40381,1,1,0,0,0,0,0,0,0,0,0,0
40381,2,1,0,0,0,0,0,0,0,0,0,0
40382,0,1,27,27,27,27,27,27,27,27,27,27
40382,1,1,0,0,0,0,0,0,0,0,0,0
40383,0,1,23,23,23,23,23,23,23,23,23,23
40383,0,2,0,0,0,15,0,0,0,0,0,0
40383,1,1,0,0,0,0,0,0,0,19,0,26
40383,2,1,0,8,22,13,0,10,0,15,7,19
40384,1,1,0,0,0,0,0,0,0,0,0,0
40384,2,1,0,0,0,0,0,0,0,0,0,0
40385,1,1,1,1,1,1,1,1,1,1,1,1
40385,2,1,0,0,0,0,0,0,2,0,0,0
40386,1,1,8,8,8,8,8,8,8,8,8,8
40386,2,1,0,0,0,0,0,0,0,0,0,0
40387,1,1,0,0,26,0,0,23,0,7,0,0
40388,1,1,15,15,15,15,15,15,15,15,15,15
40388,2,1,0,0,0,0,0,0,0,0,0,0
40389,1,1,0,0,0,0,0,0,0,0,0,0
40389,2,1,0,0,12,0,0,0,0,0,0,0
40390,1,1,0,0,0,0,0,0,0,0,0,0
40391,1,1,0,0,0,20,26,17,31,16,0,30
40391,2,1,0,16,0,0,0,6,0,6,0,0
40391,3,1,0,0,0,0,0,0,0,0,0,0
40392,1,1,0,0,0,0,0,0,0,0,0,0
40393,1,1,0,0,0,0,0,0,0,4,0,0
40393,2,1,15,0,0,0,30,0,0,0,0,0
40394,1,1,0,0,0,0,0,0,0,0,0,0
40394,2,1,0,0,0,0,0,0,0,0,0,0
40394,3,1,0,0,0,0,0,0,0,0,0,0
40395,1,1,0,0,0,0,0,0,0,8,0,0
40395,2,1,0,0,0,0,0,0,0,0,0,0
40396,0,1,0,15,0,30,0,31,0,0,0,0
40396,1,1,0,0,0,0,0,0,0,0,0,9
40397,1,1,2,0,0,0,0,0,0,0,3,0
40398,1,1,0,0,0,0,0,0,0,0,0,0
40399,0,1,0,0,0,0,0,0,0,0,0,0
40399,1,1,0,0,0,0,0,0,0,6,0,0
40400,1,1,19,19,19,19,19,19,19,19,19,19
40401,0,1,17,17,17,17,17,17,17,17,17,17
40401,1,1,4,10,16,23,15,26,34,28,20,20
40402,0,1,40,40,40,40,40,40,40,40,40,40
40402,1,1,0,0,0,35,0,0,0,0,28,0
40403,1,1,0,17,0,0,5,0,0,0,0,8
40403,2,1,0,0,0,0,0,0,0,0,0,0
40404,0,1,0,0,0,0,0,0,0,0,0,0
40404,1,1,11,11,11,11,11,11,11,11,11,11
40405,0,1,5,18,25,0,15,40,19,34,0,12
40405,1,1,0,0,0,0,0,0,20,17,0,0
40406,0,1,0,25,0,0,0,0,20,0,0,40
40406,1,1,11,14,0,0,29,0,5,16,0,0
40407,0,1,25,25,25,25,25,25,25,25,25,25
40407,1,1,7,14,36,0,0,17,11,0,0,0
40408,0,1,0,0,0,0,0,0,0,0,0,0
40408,1,1,0,9,0,0,0,0,0,0,0,0
40409,1,1,0,0,0,0,0,0,0,0,0,0
40410,0,1,0,14,0,0,0,0,0,0,0,31
40410,1,1,0,0,19,13,14,13,0,27,0,0
40411,0,1,0,0,0,0,0,0,0,0,0,0
40411,1,1,0,0,0,0,0,0,0,0,0,0
40412,1,1,19,19,19,19,19,19,19,19,19,19
40412,2,1,17,24,18,0,13,11,13,20,15,20
40413,1,1,0,0,0,0,0,0,0,0,0,0
40414,1,1,0,19,0,0,16,0,0,0,0,0
40415,1,1,14,14,14,14,14,14,14,14,14,14
40416,1,1,0,0,0,0,0,0,0,9,0,0
40416,2,1,0,0,0,0,0,0,0,0,0,0
40417,1,1,18,15,6,19,11,11,28,27,14,26
40418,1,1,14,14,14,14,14,14,14,14,14,14
40419,1,1,0,0,0,0,0,0,0,0,0,0
40419,2,1,0,0,0,0,0,0,0,0,0,0
40420,0,1,0,0,0,0,25,0,10,19,17,9
40420,1,1,0,0,0,0,0,0,0,0,0,0
40421,1,1,0,0,19,13,33,0,0,0,0,0
40421,2,1,0,0,0,0,0,20,0,0,0,0
40422,1,1,0,0,0,0,0,0,0,0,0,0
40422,2,1,0,0,0,0,0,0,0,0,0,0
40423,1,1,0,0,0,0,0,0,0,0,0,0
40423,2,1,0,0,0,0,0,0,0,0,0,0
40424,0,1,36,36,36,36,36,36,36,36,36,36
40424,1,1,0,12,14,17,14,19,9,10,0,0
40425,1,1,25,25,25,25,25,25,25,25,25,25
40426,1,1,1,1,1,1,1,1,1,1,1,1
40427,0,1,0,0,0,6,39,17,0,11,10,21
40427,1,1,0,0,0,0,0,0,0,0,0,0
40428,1,1,26,26,26,26,26,26,26,26,26,26
40428,2,1,0,0,0,0,0,0,0,0,0,0
40429,1,1,17,17,17,17,17,17,17,17,17,17
40429,2,1,20,20,20,20,20,20,20,20,20,20
40430,0,1,14,14,14,14,14,14,14,14,14,14
40430,1,1,0,0,0,0,0,10,0,0,0,0
40431,1,1,21,21,21,21,21,21,21,21,21,21
40431,2,1,0,0,0,0,0,0,0,0,0,0
40432,0,1,2,2,2,2,2,2,2,2,2,2
40432,1,1,0,7,9,20,22,33,16,0,8,14
40433,1,1,0,0,0,0,0,0,0,0,0,0
40434,1,1,3,3,3,3,3,3,3,3,3,3
40435,0,1,0,0,0,0,0,0,0,0,0,0
40435,1,1,0,0,0,0,0,0,0,0,0,0
40436,1,1,0,0,0,0,0,0,0,0,0,0
40436,2,1,0,0,0,0,0,0,0,0,0,0
40437,1,1,0,0,0,0,0,0,0,0,0,0
40438,0,1,40,40,40,40,40,40,40,40,40,40
40438,1,1,0,0,0,0,0,0,0,0,0,0
40439,1,1,0,0,0,0,0,0,0,0,0,0
40439,2,1,0,0,0,0,0,0,0,0,0,0
40440,1,1,30,30,30,30,30,30,30,30,30,30
40441,0,1,0,20,0,0,0,20,30,0,0,0
40441,1,1,0,8,0,0,5,0,0,0,0,0
40442,0,1,0,0,0,0,0,0,0,8,0,0
40442,0,2,16,0,17,0,32,0,0,0,0,0
40442,1,1,0,0,0,0,0,0,0,0,0,0
40442,2,1,0,0,0,0,0,0,0,0,0,0
40442,3,1,0,0,0,0,0,0,0,34,0,0
40443,1,1,0,0,0,0,0,0,0,0,0,0
40444,0,1,0,0,0,0,0,0,0,0,0,0
40444,1,1,13,12,0,0,0,0,0,0,43,0
40445,1,1,0,0,0,0,0,0,0,0,0,0
40445,2,1,0,0,0,0,0,0,0,0,0,0
40446,1,1,0,0,0,0,0,0,0,0,0,0
40446,2,1,28,0,0,0,0,0,0,0,0,11
40446,3,1,0,0,0,0,0,0,0,0,0,0
40447,1,1,0,0,0,0,0,0,0,0,0,0
40447,2,1,0,0,0,0,0,13,0,0,0,0
40448,0,1,40,40,40,40,40,40,40,40,40,40
40448,1,1,0,0,0,0,0,0,0,0,0,0
40450,1,1,0,13,0,0,5,21,9,0,20,12
40451,1,1,0,0,0,0,0,0,0,0,0,0
40451,2,1,0,0,0,0,0,0,0,0,0,0
40452,1,1,25,25,25,25,25,25,25,25,25,25
40453,0,1,0,0,0,0,0,0,0,0,0,0
40453,1,1,0,0,0,0,0,0,0,0,0,0
40454,1,1,0,0,0,0,0,0,0,0,0,0
40454,2,1,0,0,0,0,0,0,0,0,0,0
40455,0,1,10,10,10,10,10,10,10,10,10,10
40455,1,1,0,0,0,0,0,0,0,0,0,0
40456,0,1,0,0,0,0,0,0,0,0,0,0
40456,1,1,0,0,0,0,0,0,0,0,0,0
40457,1,1,0,0,0,0,0,0,0,0,0,0
40458,1,1,0,0,0,0,0,0,29,0,0,0
40459,1,1,0,0,0,0,0,0,0,0,0,0
40459,2,1,0,0,0,0,0,0,0,0,0,0
40460,0,1,0,0,0,0,0,0,0,0,0,0
40460,1,1,0,0,0,0,0,0,0,0,0,0
40461,1,1,0,0,0,0,12,0,0,8,0,0
40461,2,1,0,0,0,0,0,0,0,0,0,0
40462,1,1,0,0,0,0,17,0,0,0,22,0
40463,1,1,16,16,16,16,16,16,16,16,16,16
40464,1,1,0,0,0,0,0,0,0,0,0,0
40465,1,1,34,34,34,34,34,34,34,34,34,34
40465,2,1,36,0,0,0,0,0,0,0,0,0
40466,1,1,1,1,1,1,1,1,1,1,1,1
40467,1,1,0,0,0,0,0,0,0,0,17,0
40467,2,1,0,0,0,0,10,0,0,0,0,0
40468,0,1,36,36,36,36,36,36,36,36,36,36
40468,1,1,0,0,0,0,0,0,0,0,0,0
40469,1,1,0,0,0,0,0,0,0,0,0,0
40470,1,1,0,35,0,0,0,0,0,0,0,0
40471,1,1,0,0,0,0,0,0,0,0,0,0
40471,2,1,0,0,0,0,0,0,0,0,0,0
40472,1,2,13,18,0,12,4,12,0,11,0,0
40473,1,1,8,15,0,0,19,0,22,0,0,0
40473,2,1,0,0,0,0,0,0,0,0,0,0
40474,1,1,0,0,0,0,0,0,0,0,27,0
40474,2,1,0,9,0,13,0,12,0,20,28,3
40475,1,1,0,0,17,6,16,33,21,0,13,30
40476,1,1,0,15,0,16,0,0,0,0,0,0
40476,2,1,0,0,0,0,0,0,0,0,0,0
40477,1,1,0,0,0,0,0,0,0,0,0,0
40477,2,1,0,0,17,0,0,0,0,0,0,0
40478,1,1,0,0,0,0,0,30,24,0,25,17
40479,1,1,26,12,17,0,23,17,17,0,0,0
40480,0,1,19,19,19,19,19,19,19,19,19,19
40480,1,1,0,0,0,13,0,0,0,0,0,0
40481,1,1,12,7,22,21,20,15,30,13,11,28
40481,2,1,0,0,0,0,0,0,0,0,0,0
40482,1,1,0,0,0,0,0,0,0,0,0,0
40482,2,1,0,0,0,0,0,0,0,0,0,0
40482,3,1,16,16,35,18,9,11,50,16,32,27
40483,1,1,18,18,18,18,18,18,18,18,18,18
40483,2,1,0,0,0,0,0,0,0,0,0,0
40484,0,1,18,18,18,18,18,18,18,18,18,18
40484,1,1,0,0,0,0,0,0,0,0,0,0
40485,0,1,24,24,24,24,24,24,24,24,24,24
40485,1,1,0,0,0,0,0,0,0,0,0,0
40485,2,1,0,0,0,0,0,0,0,0,0,0
40486,1,1,0,0,0,0,0,0,0,0,0,0
40486,2,1,0,0,12,0,0,0,0,0,0,0
40487,1,1,36,36,36,36,36,36,36,36,36,36
40487,2,1,0,0,0,0,0,3,0,0,0,0
40487,3,1,19,0,23,0,0,0,0,0,0,0
40487,4,1,0,0,0,0,0,0,0,0,0,0
40488,1,1,3,3,3,3,3,3,3,3,3,3
40488,2,1,0,0,0,5,0,0,0,0,0,0
40489,1,1,19,19,19,19,19,19,19,19,19,19
40489,2,1,0,0,0,0,0,0,0,0,0,0
40490,1,1,20,20,20,20,20,20,20,20,20,20
40490,2,1,0,0,0,0,0,0,0,0,0,0
40491,1,1,27,27,27,27,27,27,27,27,27,27
40492,1,1,0,8,18,12,5,21,5,16,25,14
40493,1,1,0,0,0,0,0,0,0,0,0,0
40494,1,1,0,0,0,0,0,0,0,0,0,0
40494,2,1,0,12,0,13,0,0,0,0,0,0
40495,1,1,10,10,10,10,10,10,10,10,10,10
40496,0,1,0,0,0,9,0,0,10,0,41,0
40496,1,1,0,0,0,0,0,0,0,0,0,0
40497,0,1,0,0,0,25,4,0,0,25,0,18
40497,1,1,0,0,0,0,0,0,0,0,0,0
40498,1,1,19,19,19,19,19,19,19,19,19,19
40498,2,1,0,0,0,0,0,0,0,0,0,0
40498,3,1,0,0,0,0,0,0,0,0,0,0
40499,0,1,0,0,0,0,0,0,0,0,0,0
40499,1,1,0,0,0,0,0,0,0,0,0,0
40500,1,1,0,0,16,14,0,0,0,22,0,0
40500,2,1,0,0,0,0,0,0,0,0,0,5
40501,1,1,0,0,0,0,0,0,0,0,0,0
40501,2,1,0,0,0,0,0,0,0,0,0,0
40502,1,1,0,0,0,0,0,0,0,0,0,0
40502,2,1,0,0,0,0,0,0,0,0,0,0
40502,3,1,0,0,0,0,0,0,0,0,0,0
40503,1,1,8,0,16,0,0,0,0,0,0,13
40503,2,1,0,0,0,0,0,0,0,0,19,0
40504,0,1,0,0,0,0,0,0,0,0,0,0
40504,1,1,0,0,0,0,0,0,0,0,0,0
40505,1,1,27,0,0,0,0,0,0,0,0,0
40505,2,1,0,0,0,0,0,0,0,0,0,0
40506,1,1,0,0,0,0,0,0,0,0,0,0
40507,1,1,18,18,18,18,18,18,18,18,18,18
40507,2,1,7,0,0,0,0,0,0,0,0,0
40508,1,1,0,0,0,8,0,0,0,0,0,0
40508,2,1,0,0,0,11,19,0,0,0,0,0
40509,1,1,0,0,0,0,0,0,0,0,0,0
40510,1,1,43,43,43,43,43,43,43,43,43,43
40511,0,1,0,0,0,0,0,0,0,0,0,0
40511,1,1,22,0,0,0,0,0,0,0,0,0
40512,0,1,0,0,0,0,0,0,0,0,0,0
40512,1,1,0,0,0,0,0,0,0,0,0,0
40513,1,1,14,14,14,14,14,14,14,14,14,14
40514,1,1,0,0,0,0,0,0,0,0,0,0
40515,1,1,16,16,16,16,16,16,16,16,16,16
40516,1,1,26,0,0,18,8,23,0,12,0,0
40516,2,1,0,0,0,0,0,0,0,0,0,0
40517,0,1,0,0,0,0,0,0,0,0,0,0
40517,1,1,0,0,0,0,0,0,0,0,0,0
40519,1,1,0,0,0,0,0,0,0,0,0,0
40520,1,1,0,0,0,0,0,0,0,0,0,0
40521,1,1,0,0,0,0,0,0,0,0,0,0
40523,1,1,12,20,31,0,12,0,22,12,10,0
40525,1,1,0,0,0,0,0,0,0,0,0,0
40525,2,1,0,0,0,0,0,0,0,0,0,0
40527,1,1,0,0,0,0,0,0,0,0,0,0
40528,1,1,0,0,0,0,0,0,0,0,0,0
40528,2,1,0,0,0,0,0,0,0,0,0,0
40529,1,1,23,0,0,13,0,0,0,0,0,0
40530,1,1,0,0,0,0,0,0,0,0,0,0
40530,2,1,0,0,0,0,0,0,0,0,0,0
40531,1,1,3,3,3,3,3,3,3,3,3,3
40532,1,1,0,0,0,0,0,0,0,0,0,0
40532,2,1,0,0,0,0,0,0,0,0,0,0
40533,0,1,0,0,0,0,0,0,0,0,0,0
40533,1,1,0,0,0,0,0,0,0,0,0,0
40534,1,1,0,0,0,0,0,0,0,0,0,0
40534,2,1,0,0,0,0,0,0,0,0,0,0
40534,3,1,0,0,0,0,0,0,0,0,0,0
40534,4,1,0,0,0,0,0,0,0,0,0,0
40534,5,1,0,0,0,0,0,0,0,0,0,0
40535,0,1,18,20,0,0,0,33,14,0,18,43
40535,1,1,0,0,0,0,0,0,0,0,0,0
40536,1,1,0,0,0,0,0,0,0,0,0,0
40536,2,1,0,0,0,15,0,0,0,0,0,0
40537,1,1,4,23,6,8,0,0,0,26,0,0
40537,2,1,0,0,0,0,0,0,0,0,0,0
40538,1,1,0,0,0,0,0,0,0,0,0,0
40538,2,1,0,0,0,0,0,0,0,0,0,0
40539,0,1,0,28,0,0,24,0,0,0,15,23
40539,1,1,0,0,0,14,0,0,0,0,0,14
40540,1,1,0,0,22,18,0,12,0,20,0,34
40540,2,1,0,0,0,0,0,0,0,0,0,0
40541,1,1,0,0,0,0,0,19,0,0,0,13
40541,2,1,0,0,0,0,0,0,0,0,0,0
40542,1,1,0,0,0,0,0,0,0,16,0,0
40543,1,1,0,0,0,0,26,0,0,0,0,0
40544,1,1,0,0,0,14,22,11,34,0,0,0
40544,2,1,0,0,0,0,0,0,0,0,0,0
40545,0,1,36,36,36,36,36,36,36,36,36,36
40545,1,1,0,0,0,0,0,0,0,0,0,0
40546,0,1,0,0,0,0,0,0,0,0,0,0
40546,1,1,0,0,0,0,0,0,0,0,0,0
40547,1,1,0,0,0,0,0,0,0,0,0,0
40547,2,1,0,0,0,0,0,0,0,0,0,0
40547,3,1,0,0,0,13,0,0,0,0,0,0
40548,1,1,0,0,0,0,0,0,0,37,0,0
40548,2,1,0,0,0,0,0,0,0,0,0,0
40549,1,1,21,21,21,21,21,21,21,21,21,21
40550,1,1,0,0,0,0,0,0,0,0,0,0
40550,2,1,0,0,0,0,0,0,0,0,0,0
40551,1,1,13,0,0,0,6,0,17,0,0,26
40552,1,1,7,7,7,7,7,7,7,7,7,7
40553,1,1,31,17,5,20,20,19,15,0,0,44
40554,0,1,28,28,28,28,28,28,28,28,28,28
40554,1,1,0,0,0,0,0,0,0,0,0,0
40555,1,1,0,14,16,14,7,0,0,0,0,0
40556,1,1,0,0,0,0,0,0,0,0,0,0
40556,2,1,0,0,0,9,0,0,0,0,0,0
40557,0,1,0,0,0,0,0,0,0,0,0,0
40557,1,1,0,0,0,0,0,0,0,0,0,0
40558,1,1,22,22,22,22,22,22,22,22,22,22
40558,2,1,0,0,0,0,0,0,0,0,0,0
40558,3,1,0,0,0,30,22,0,0,15,0,0
40559,0,1,7,7,7,7,7,7,7,7,7,7
40559,1,1,4,12,22,30,14,29,26,15,26,22
40560,0,1,25,25,25,25,25,25,25,25,25,25
40560,1,1,0,0,0,0,18,0,0,0,0,0
40561,0,1,0,0,0,0,0,0,0,0,0,0
40561,1,1,0,0,0,0,0,0,0,0,0,0
40562,1,1,17,17,17,17,17,17,17,17,17,17
40562,2,1,18,18,18,18,18,18,18,18,18,18
40563,1,1,0,0,0,0,0,0,15,0,0,0
40563,2,1,0,0,0,31,0,0,0,0,20,14
40563,3,1,0,0,0,0,26,0,0,0,0,0
40564,1,1,0,0,0,0,0,0,0,0,0,0
40564,2,1,0,0,0,0,15,0,0,0,0,0
40564,3,1,8,0,0,0,0,0,0,0,0,0
40564,4,1,0,0,0,0,0,0,0,0,0,0
40565,0,1,0,0,0,0,0,0,0,0,0,0
40565,1,1,0,0,0,0,0,0,0,0,0,0
40566,1,1,18,18,18,18,18,18,18,18,18,18
40567,0,1,0,0,0,0,0,0,0,0,0,0
40567,1,1,22,22,22,22,22,22,22,22,22,22
40568,0,1,30,30,30,30,30,30,30,30,30,30
40568,1,1,4,0,0,0,0,21,0,0,0,0
40569,1,1,0,0,0,0,0,0,0,0,0,0
40570,1,1,29,29,29,29,29,29,29,29,29,29
40571,0,1,0,0,0,0,0,0,0,0,0,0
40571,1,1,0,0,0,10,0,0,23,0,0,0
40572,1,1,0,0,0,0,0,0,0,0,0,0
40573,1,1,0,0,0,0,0,0,0,0,0,0
40574,0,1,25,25,25,25,25,25,25,25,25,25
40574,1,1,0,3,0,0,0,0,0,0,0,0
40575,1,1,23,23,23,23,23,23,23,23,23,23
40576,1,1,8,8,8,8,8,8,8,8,8,8
40576,2,1,0,0,0,0,0,0,0,0,0,0
40577,0,1,0,0,0,0,0,0,0,31,29,0
40577,1,1,0,0,0,0,0,0,0,0,0,0
40578,1,1,16,26,22,0,27,0,25,17,23,14
40579,0,1,20,20,31,0,19,0,20,14,10,15
40579,1,1,0,0,0,0,0,0,0,0,0,0
40580,0,1,24,24,24,24,24,24,24,24,24,24
40580,1,1,0,0,0,0,0,0,0,0,0,0
40581,1,1,14,14,14,14,14,14,14,14,14,14
40582,1,1,0,0,0,0,0,0,0,0,0,0
40582,2,1,0,0,0,0,0,0,0,0,0,0
40582,3,1,0,0,0,0,0,0,0,0,0,0
40582,4,1,0,0,0,0,0,0,0,0,0,0
40583,0,1,0,0,0,0,0,0,0,0,0,0
40583,1,1,0,0,0,0,0,0,0,0,0,0
40584,1,1,0,0,8,20,0,0,0,7,35,0
40584,2,1,0,8,0,0,0,0,0,0,0,0
40585,1,1,23,23,23,23,23,23,23,23,23,23
40585,2,1,0,0,0,0,0,0,0,0,0,0
40586,1,1,10,10,10,10,10,10,10,10,10,10
40587,1,1,1,1,1,1,1,1,1,1,1,1
40588,1,1,8,6,0,11,19,11,9,0,0,40
40588,2,1,0,0,0,0,0,0,0,0,0,0
40589,0,1,0,0,0,0,0,0,0,0,0,0
40589,1,1,0,0,0,0,0,0,10,0,0,0
40590,1,1,0,0,0,0,0,0,0,0,0,0
40591,1,1,29,29,29,29,29,29,29,29,29,29
40592,1,1,4,4,4,4,4,4,4,4,4,4
40593,1,1,19,19,19,19,19,19,19,19,19,19
40593,2,1,2,2,2,2,2,2,2,2,2,2
40593,3,1,0,0,21,14,0,0,20,0,0,7
40593,4,1,0,0,0,15,0,0,13,0,0,0
40593,5,1,0,0,0,0,0,7,0,14,0,0
40594,1,1,12,12,12,31,20,31,22,27,23,26
40595,0,1,18,0,11,17,0,16,0,0,0,10
40595,0,2,14,8,46,0,13,27,9,0,4,17
40595,1,1,0,0,0,0,0,0,0,0,0,0
40596,1,1,0,0,28,0,0,14,0,0,0,32
40596,2,1,16,11,19,12,18,20,22,6,10,12
40596,3,1,11,11,11,11,11,11,11,11,11,11
40597,1,1,27,27,27,27,27,27,27,27,27,27
40598,0,1,12,12,12,12,12,12,12,12,12,12
40598,1,1,0,0,0,0,14,20,0,0,0,0
40600,1,1,0,0,0,0,0,0,0,0,0,0
40600,2,1,0,25,4,0,0,5,0,0,5,0
40600,3,1,13,0,0,0,0,20,0,0,0,0
40600,4,1,0,0,0,0,0,0,0,0,16,0
40601,1,1,0,0,0,40,20,11,0,0,0,37
40602,1,1,0,0,0,0,0,0,0,0,0,0
40602,2,1,0,0,0,0,0,0,0,0,0,0
40603,1,1,0,0,0,0,0,0,0,0,0,0
40603,2,1,0,0,0,0,0,0,0,0,0,0
40604,0,1,24,0,0,0,0,0,0,0,0,0
40604,1,1,0,0,0,0,0,13,0,0,0,0
40605,1,1,0,0,0,0,0,0,0,0,0,0
40605,2,1,0,0,0,0,0,0,0,0,0,0
40606,1,1,3,22,14,0,10,0,22,0,0,30
40607,1,2,8,24,0,19,19,15,9,0,25,36
40608,1,1,0,0,0,0,0,0,0,0,0,0
40608,2,1,0,0,0,0,0,0,0,0,0,0
40609,0,1,0,20,0,16,0,28,21,16,14,11
40609,1,1,0,0,0,0,0,0,0,0,0,0
40610,1,1,0,0,0,0,0,0,0,0,0,0
40610,2,1,0,0,0,0,0,0,0,0,0,0
40611,0,1,0,0,0,18,0,0,0,0,0,0
40611,0,2,0,0,0,0,0,0,0,0,0,0
40611,1,1,0,0,4,0,0,0,0,0,0,0
40611,2,1,0,0,0,0,0,0,0,0,0,0
40612,0,1,11,11,11,11,11,11,11,11,11,11
40612,1,1,0,0,0,0,0,0,0,0,0,0
40613,0,1,20,20,20,20,20,20,20,20,20,20
40613,1,1,0,0,17,0,0,11,24,0,0,0
40614,0,1,25,25,25,25,25,25,25,25,25,25
40614,1,1,19,12,0,16,23,0,0,22,0,16
40615,1,1,0,9,16,18,14,14,18,12,27,14
40615,2,1,29,6,0,0,17,14,9,22,0,0
40616,1,1,29,10,8,0,12,20,18,11,18,23
40617,1,1,0,0,22,0,9,0,11,26,9,0
40617,2,1,0,0,0,0,0,0,0,0,0,0
40617,3,1,0,0,0,0,0,0,0,0,0,0
40618,0,1,0,0,9,17,0,17,0,0,0,0
40618,1,1,0,0,0,0,0,7,0,0,0,0