ST_CASE,VEH_NO,PER_NO,P1,P2,P3,P4,P5,P6,P7,P8,P9,P10
40619,0,1,0,0,0,0,0,0,0,0,0,0
40619,1,1,28,19,43,26,4,46,15,11,0,12
40619,2,1,0,0,0,0,0,0,0,0,0,0
40620,1,1,20,20,20,20,20,20,20,20,20,20
40621,0,1,0,14,0,0,8,19,0,0,0,0
40621,1,1,0,0,0,0,0,0,0,0,0,0
40622,0,1,0,14,0,15,0,0,0,14,0,17
40622,1,1,0,14,0,0,0,0,0,14,0,15
40623,1,1,0,0,2,28,0,15,0,37,0,0
40624,0,1,36,36,36,36,36,36,36,36,36,36
40624,1,1,0,6,14,0,8,0,15,20,9,0
40624,2,1,0,23,0,0,0,0,15,0,30,0
40626,0,1,0,10,0,24,10,0,0,0,0,0
40626,1,1,17,11,0,11,10,29,0,0,0,0
40627,0,1,0,0,29,0,0,0,0,0,0,0
40627,1,1,0,0,0,0,0,0,0,0,0,0
40628,1,1,0,0,0,0,0,0,0,0,0,0
40629,0,1,8,8,8,8,8,8,8,8,8,8
40629,1,1,0,0,0,0,0,0,0,0,18,0
40630,1,1,0,0,0,4,0,0,0,0,0,0
40630,2,1,0,0,0,0,0,0,0,0,0,0
40631,1,1,17,17,17,17,17,17,17,17,17,17
40632,1,1,0,0,0,0,0,0,0,0,0,0
40632,2,1,15,15,15,15,15,15,15,15,15,15
40633,1,1,0,0,0,0,0,0,0,0,0,0
40634,0,1,0,0,0,0,0,0,0,0,0,0
40634,1,1,0,0,0,0,0,0,0,0,0,0
40635,1,1,0,0,0,0,0,0,0,0,0,0
40636,1,1,0,0,0,0,0,0,0,0,0,0
40637,1,1,0,0,0,0,0,0,0,20,0,0
40637,2,1,19,23,0,0,0,0,0,0,0,9
40637,3,1,0,0,0,0,8,12,9,0,0,32
40638,1,1,0,0,0,0,0,0,0,0,0,0
40639,1,1,25,25,25,25,25,25,25,25,25,25
40640,1,1,0,0,16,0,0,10,8,0,0,16
40640,2,1,0,0,0,0,0,0,0,0,6,0
40641,1,1,15,15,15,15,15,15,15,15,15,15
40641,2,1,0,0,0,0,0,0,0,0,0,0
40642,0,1,34,34,34,34,34,34,34,34,34,34
40642,1,1,0,0,0,0,0,0,0,0,0,0
40643,0,1,25,10,0,0,0,0,0,0,25,0
40643,1,1,0,0,0,0,0,0,0,0,0,0
40644,0,1,0,0,0,0,0,0,0,0,0,0
40644,1,1,0,0,18,17,12,0,0,0,0,0
40645,1,1,0,0,0,20,23,0,0,0,19,0
40645,2,1,13,0,0,15,0,0,0,0,0,0
40645,3,1,6,0,0,17,0,0,0,0,0,0
40646,0,1,0,0,0,0,0,0,0,0,0,0
40646,1,1,0,0,0,0,14,13,17,5,0,0
40647,0,1,0,0,0,0,0,0,0,0,0,0
40647,1,1,0,0,0,0,0,0,0,0,0,0
40648,0,1,25,25,25,25,25,25,25,25,25,25
40648,1,1,0,20,0,0,23,0,13,14,0,0
40649,0,1,0,23,0,0,0,0,0,0,13,19
40649,1,1,0,0,0,0,0,0,0,0,0,0
40650,1,1,9,0,19,0,0,11,0,17,0,0
40650,2,1,12,24,0,0,0,0,22,7,7,0
40650,3,1,32,0,13,15,8,9,34,0,18,44
40651,1,1,0,0,0,0,0,0,0,0,0,0
40651,2,1,0,0,0,0,0,0,0,0,0,0
40652,0,1,0,0,0,0,0,0,0,0,0,0
40652,1,1,0,0,20,5,0,7,0,0,0,20
40653,1,1,0,0,0,0,0,0,0,0,0,0
40653,2,1,0,0,0,0,9,17,0,0,0,0
40653,3,1,0,0,0,32,0,10,0,0,0,0
40653,4,1,0,0,0,0,0,0,0,0,0,0
40654,0,1,0,0,0,0,0,0,0,0,0,0
40654,0,2,0,0,0,0,0,0,9,0,0,0
40654,0,3,0,0,0,0,0,0,0,0,0,46
40654,0,4,14,0,0,33,39,13,0,0,0,0
40654,1,1,0,0,0,0,0,0,0,0,0,0
40654,2,1,0,0,0,0,0,0,0,0,0,0
40654,3,1,28,0,15,0,0,0,37,0,0,0
40655,1,4,9,0,5,17,0,6,16,0,14,10
40656,1,1,0,0,0,0,0,0,0,0,0,0
40657,1,1,0,0,0,0,0,0,0,0,0,0
40657,2,1,0,0,0,0,0,0,0,0,0,0
40658,1,1,0,0,23,0,22,0,5,18,0,11
40658,2,1,29,11,3,0,0,0,0,0,18,0
40659,0,1,15,0,0,0,17,0,28,0,0,19
40659,1,1,0,0,0,0,0,0,3,0,15,0
40660,0,1,0,0,0,0,0,0,0,0,0,0
40660,1,1,0,9,0,0,0,0,0,0,0,25
40660,2,1,0,0,0,0,0,0,0,0,0,0
40661,1,1,0,0,0,16,20,0,23,0,0,0
40661,2,1,18,0,20,0,0,0,14,0,0,10
40662,1,1,0,0,0,0,0,0,0,0,0,0
40662,2,1,0,0,0,0,0,0,0,0,0,0
40662,3,1,0,0,0,0,0,0,0,0,0,0
40663,0,1,0,0,0,0,0,0,0,0,0,0
40663,1,1,0,0,0,0,0,0,0,0,0,0
40664,1,1,0,0,0,0,0,0,0,0,0,0
40664,2,1,0,0,0,0,0,0,0,0,6,0
40665,1,1,0,0,0,24,0,0,4,10,6,17
40665,2,1,0,0,0,0,0,0,0,0,7,0
40665,3,1,0,0,28,0,14,0,13,18,27,0
40666,0,1,21,21,21,21,21,21,21,21,21,21
40666,1,1,21,12,0,0,0,0,0,0,0,0
40667,1,1,20,20,20,20,20,20,20,20,20,20
40668,1,1,0,29,0,0,0,23,16,0,0,0
40669,1,1,17,17,17,17,17,17,17,17,17,17
40670,0,1,0,0,0,0,0,0,0,0,0,0
40670,1,1,0,0,0,36,8,22,0,17,13,0
40671,0,1,0,0,31,30,0,0,17,0,0,9
40671,1,1,0,0,11,0,0,0,28,0,25,12
40672,0,1,0,0,0,0,0,0,0,0,0,0
40672,1,1,0,0,0,0,0,0,0,0,0,0
40673,1,1,0,0,0,0,0,0,0,0,0,0
40674,1,1,9,12,19,12,23,0,22,6,12,19
40674,2,1,11,0,0,0,0,0,0,0,0,0
40674,3,1,0,0,0,0,0,0,0,0,0,5
40674,4,1,0,0,0,0,0,5,7,0,0,0
40674,5,1,0,0,0,0,0,2,0,0,0,0
40674,6,1,0,0,0,0,0,0,0,0,0,0
40674,7,1,0,0,0,0,0,0,0,0,0,0
40675,1,1,0,0,0,0,0,0,0,0,0,0
40675,2,1,0,0,0,0,0,0,5,0,0,0
40676,1,1,0,0,0,0,0,0,0,0,0,0
40676,2,1,0,0,0,0,0,0,0,0,0,0
40677,1,1,17,9,0,0,0,0,0,0,0,8
40677,2,1,0,0,0,0,6,0,0,0,0,0
40678,1,1,0,0,0,0,0,0,0,0,0,0
40678,2,1,21,0,0,4,14,0,20,19,33,11
40679,0,1,0,0,0,0,0,0,0,0,0,0
40679,1,1,0,0,0,0,0,0,0,0,0,0
40680,1,1,0,0,0,17,0,17,14,0,0,0
40681,0,1,0,0,0,0,0,0,0,0,0,0
40681,1,1,0,0,0,0,0,0,0,0,9,0
40682,1,1,20,20,20,20,20,20,20,20,20,20
40682,2,1,22,20,14,0,0,0,0,10,12,12
40683,0,1,0,0,0,0,0,0,0,0,0,0
40683,1,1,0,0,0,9,0,0,36,0,29,23
40684,1,1,0,0,0,0,0,0,0,0,0,0
40684,2,1,0,0,15,0,0,0,0,0,0,0
40684,3,1,0,0,0,0,0,0,0,0,0,0
40684,4,1,7,0,0,0,0,0,0,0,0,0
40685,0,1,21,21,21,21,21,21,21,21,21,21
40685,1,1,0,22,11,21,0,32,0,0,0,0
40686,1,1,0,0,0,0,0,0,0,0,0,0
40686,2,1,0,0,0,0,0,0,0,0,0,0
40687,1,1,0,0,0,0,6,11,5,0,7,0
40688,1,1,0,0,0,0,0,0,0,0,0,0
40688,2,1,0,0,0,0,0,19,0,0,0,0
40689,1,1,0,0,0,0,0,0,0,0,0,0
40689,2,1,0,11,0,0,7,0,0,0,0,0
40690,0,1,0,0,0,0,0,0,0,0,0,0
40690,1,1,0,0,0,0,0,0,0,0,0,0
40691,0,1,31,0,0,19,20,10,4,0,0,0
40691,1,1,0,0,0,7,0,0,0,0,0,0
40692,1,1,15,15,15,15,15,15,15,15,15,15
40693,0,1,0,0,0,0,0,0,0,0,0,0
40693,1,1,0,0,0,43,0,0,0,0,10,0
40693,2,1,0,0,0,26,0,15,0,0,27,29
40694,0,1,0,0,0,0,0,0,0,0,0,0
40694,1,1,0,0,0,0,0,0,0,0,0,0
40695,0,1,0,0,0,0,0,0,0,0,0,0
40695,1,1,0,0,0,0,0,0,0,0,0,0
40696,1,1,0,0,0,0,0,0,0,0,0,0
40696,2,1,0,0,0,0,0,0,0,0,0,0
40697,0,1,0,0,0,0,0,0,0,0,0,0
40697,1,1,0,0,0,0,0,0,0,0,0,0
40698,1,1,14,14,14,14,14,14,14,14,14,14
40698,2,1,0,0,0,0,0,0,0,0,0,0
40699,1,1,0,0,0,0,0,0,0,0,0,0
40699,2,1,0,0,0,0,6,0,0,0,0,0
40699,3,1,0,0,0,0,0,0,0,0,0,0
40700,1,1,0,0,0,0,0,0,0,0,0,0
40700,2,1,0,0,0,0,0,0,0,0,0,0
40701,0,1,0,0,0,0,0,0,0,0,0,0
40701,1,1,0,0,0,0,0,0,0,0,0,0
40702,0,1,0,0,0,0,0,0,0,0,0,0
40702,0,2,0,0,0,0,0,0,0,0,0,0
40702,1,1,0,0,15,0,0,18,0,0,0,11
40703,1,1,17,17,17,17,17,17,17,17,17,17
40704,0,1,0,0,0,0,0,0,0,0,0,0
40704,1,1,0,17,12,5,24,18,10,19,7,0
40705,1,1,0,0,0,0,28,0,0,8,22,0
40705,2,1,0,0,0,0,0,0,0,0,0,0
40706,0,1,43,43,43,43,43,43,43,43,43,43
40706,1,1,17,0,8,9,0,6,34,10,11,0
40707,1,1,0,0,0,0,0,0,0,0,0,0
40707,2,1,0,0,0,0,0,0,0,0,0,0
40707,3,1,0,0,8,0,0,0,0,0,0,0
40708,1,1,0,0,0,0,0,0,0,0,0,0
40709,1,1,0,0,0,0,0,0,0,0,0,0
40709,2,1,0,0,0,0,0,0,0,0,0,0
40710,1,1,32,32,32,32,32,32,32,32,32,32
40711,0,1,0,15,0,30,9,29,0,21,18,0
40711,1,1,0,0,0,0,22,6,10,25,0,0
40712,1,1,26,10,0,8,0,7,23,16,0,25
40713,1,1,0,0,0,0,0,0,0,0,0,0
40714,1,1,0,0,0,10,15,0,0,0,0,3
40715,0,1,32,32,32,32,32,32,32,32,32,32
40715,1,1,0,0,0,0,0,0,0,0,0,0
40716,1,1,14,14,14,14,14,14,14,14,14,14
40716,2,1,0,0,0,0,0,0,0,0,0,0
40717,1,1,0,0,0,0,15,0,14,21,0,0
40718,1,1,0,0,24,0,15,14,0,19,0,0
40719,0,1,0,0,0,0,0,0,0,0,0,0
40719,1,1,0,0,0,0,0,19,0,0,12,0
40720,1,1,0,0,0,0,0,0,0,0,0,0
40720,2,1,0,0,0,0,0,0,0,0,0,0
40720,3,1,5,0,0,0,0,0,0,0,0,0
40721,1,1,0,0,0,0,0,0,0,0,0,0
40721,2,1,0,14,0,0,0,13,0,19,0,0
40721,3,1,0,9,0,0,0,0,0,0,0,0
40722,0,1,7,7,7,7,7,7,7,7,7,7
40722,1,1,0,0,0,0,0,0,0,0,0,0
40723,0,1,17,13,0,0,0,0,0,42,0,9
40723,1,1,0,0,0,0,0,13,0,15,0,0
40724,1,1,0,8,20,19,10,21,15,21,0,13
40725,0,1,35,35,35,35,35,35,35,35,35,35
40725,1,1,15,0,0,16,0,0,7,0,13,23
40726,1,1,12,12,12,12,12,12,12,12,12,12
40727,0,1,0,0,0,0,0,0,0,0,0,0
40727,1,1,0,0,0,0,0,0,0,0,0,0
40728,1,1,16,0,21,0,11,9,15,0,0,5
40729,1,1,0,0,0,0,0,0,0,0,0,0
40730,0,1,0,0,0,0,0,0,0,0,0,0
40730,1,1,38,38,38,38,38,38,38,38,38,38
40731,1,1,18,18,18,18,18,18,18,18,18,18
40731,2,1,16,16,16,16,16,16,16,16,16,16
40732,1,1,0,0,15,9,0,0,0,0,0,0
40732,2,1,0,0,0,23,0,24,0,0,0,0
40733,0,1,0,0,0,0,0,0,0,0,0,0
40733,1,1,0,0,0,0,0,0,0,0,0,0
40734,0,1,2,2,2,2,2,2,2,2,2,2
40734,1,1,0,0,0,0,0,0,0,0,0,0
40735,1,1,8,11,38,17,17,0,17,9,3,26
40736,1,1,0,0,0,0,0,0,0,0,0,0
40737,1,1,0,0,0,0,0,0,0,0,0,0
40738,0,1,0,0,0,0,0,0,0,0,0,0
40738,1,1,13,0,13,14,19,0,0,0,18,0
40739,1,1,0,0,0,0,0,0,0,0,0,0
40739,2,1,0,0,0,0,0,0,0,0,0,0
40740,1,1,0,0,0,0,0,0,0,0,0,0
40740,2,1,0,10,0,0,0,0,16,34,0,0
40740,3,1,15,0,0,0,0,0,0,0,8,0
40740,4,1,0,20,0,6,30,0,0,15,0,0
40740,5,1,0,0,0,0,0,0,0,0,0,0
40740,6,1,0,0,0,0,0,7,0,0,0,0
40741,0,1,0,0,0,0,0,0,0,0,0,0
40741,1,1,0,0,0,0,0,0,0,0,0,0
40742,1,1,0,0,0,0,0,0,0,0,0,0
40742,2,1,0,0,0,0,0,0,0,0,0,0
40742,3,1,0,0,8,0,0,0,0,0,0,0
40743,0,1,0,0,0,0,0,0,0,0,0,0
40743,1,1,20,0,0,11,0,0,0,0,14,14
40744,1,1,0,21,19,0,0,19,20,18,0,0
40744,2,1,0,0,0,0,0,0,8,0,0,0
40745,0,1,0,0,0,0,0,0,0,0,0,0
40745,1,1,0,0,0,0,0,0,0,0,0,0
40746,1,1,0,0,9,0,9,7,0,0,0,0
40746,2,1,0,0,0,0,0,0,0,0,0,0
40747,1,1,26,12,0,19,23,0,0,0,0,9
40748,1,1,4,13,6,28,5,17,22,9,26,11
40749,1,1,0,0,0,0,0,0,0,0,0,0
40749,2,1,0,0,0,0,0,0,0,0,0,0
40750,1,1,22,0,0,0,0,0,0,0,0,0
40751,1,1,0,0,0,0,0,0,0,0,0,0
40752,1,1,0,0,0,0,0,0,0,0,0,0
40753,1,1,0,0,0,0,0,0,0,0,0,0
40753,2,1,0,0,0,0,0,0,0,0,0,0
40754,1,1,0,0,0,0,0,0,0,0,0,0
40755,1,1,0,0,0,0,0,0,0,0,0,0
40756,1,1,0,0,0,0,0,0,0,0,0,8
40756,2,1,0,0,0,0,0,0,0,0,0,0
40756,3,1,0,0,29,0,25,21,0,10,0,0
40757,0,1,0,0,0,0,0,0,0,0,0,17
40757,1,1,0,0,0,12,0,0,0,0,0,0
40758,1,1,0,31,0,23,0,0,0,32,0,11
40758,2,1,0,6,12,17,0,12,12,0,0,0
40759,0,1,4,0,0,0,0,24,0,18,34,0
40759,1,1,0,21,0,0,0,0,0,0,0,0
40760,1,1,0,0,0,0,0,0,0,0,0,0
40761,1,1,0,0,0,0,0,0,0,0,0,0
40762,1,1,0,0,0,0,0,0,0,0,0,0
40762,2,1,0,0,0,0,0,0,0,0,0,0
40763,1,1,0,0,0,0,0,0,0,0,0,0
40764,1,1,26,26,26,26,26,26,26,26,26,26
40765,0,1,17,17,17,17,17,17,17,17,17,17
40765,1,1,0,0,6,0,0,9,0,0,0,0
40766,0,1,0,0,0,9,18,0,0,0,18,9
40766,1,1,0,0,0,28,26,3,0,25,0,29
40767,1,1,0,0,0,0,0,0,0,0,0,0
40767,2,1,0,0,0,0,0,0,0,0,0,0
40768,1,1,0,0,0,0,0,0,0,12,0,0
40768,2,1,9,0,0,0,0,0,0,0,0,11
40769,1,1,0,0,0,0,0,0,0,0,0,0
40769,2,1,0,0,0,0,0,0,0,0,0,0
40770,1,1,0,8,16,14,0,0,22,0,0,0
40770,2,1,0,0,9,0,0,20,9,0,19,0
40771,0,1,15,17,0,0,20,0,0,0,0,8
40771,1,1,0,7,0,0,0,0,0,0,0,0
40772,0,1,28,0,0,12,0,0,16,0,25,0
40772,1,1,25,16,10,6,10,38,38,22,20,10
40773,1,1,0,0,0,0,0,0,0,0,0,0
40774,1,1,0,0,0,0,0,0,0,0,0,0
40775,1,1,0,0,0,0,0,0,0,0,0,0
40775,2,1,0,0,0,0,0,0,0,0,0,0
40775,3,1,0,0,0,0,0,0,0,0,0,0
40776,1,1,0,0,0,0,0,0,0,0,0,0
40776,2,1,0,0,0,0,0,0,0,0,0,0
40777,1,1,21,21,21,21,21,21,21,21,21,21
40778,1,1,0,0,0,0,18,0,0,0,0,0
40779,1,1,0,0,0,0,0,0,0,0,0,0
40780,1,1,6,18,26,38,0,0,5,0,9,0
40780,2,1,0,0,0,0,0,0,0,0,0,0
40781,1,1,10,0,0,0,0,0,0,0,0,0
40781,2,1,0,0,0,0,0,0,0,0,0,0
40782,0,1,0,0,0,0,0,0,0,0,0,0
40782,1,1,0,0,0,0,0,0,0,0,0,0
40783,0,1,0,0,0,0,0,0,0,0,0,0
40783,1,1,0,0,0,0,0,0,0,0,0,0
40783,2,1,0,0,0,0,0,0,0,0,0,0
40784,0,1,0,0,0,0,0,34,0,0,0,0
40784,1,1,0,0,0,0,0,0,0,0,0,0
40785,0,1,0,0,0,0,0,0,0,0,0,0
40785,1,1,0,7,0,0,0,0,0,0,0,0
40786,1,1,14,0,37,0,0,1,0,0,0,0
40786,2,1,0,0,0,0,0,26,0,0,0,0
40787,1,1,8,8,8,8,8,8,8,8,8,8
40787,2,1,0,0,0,0,0,0,0,0,0,0
40788,0,1,21,21,21,21,21,21,21,21,21,21
40788,1,1,0,0,0,0,0,0,0,0,0,0
40789,1,1,0,0,0,0,0,0,0,0,0,0
40789,2,1,0,0,0,0,0,0,0,0,0,0
40790,1,1,0,0,0,0,0,0,0,0,0,0
40791,1,1,0,0,0,0,0,0,0,0,0,0
40791,2,1,0,0,26,0,0,0,0,20,0,20
40792,1,1,0,0,0,0,0,0,0,0,0,0
40792,2,1,0,0,0,0,0,0,0,0,0,0
40794,1,1,0,0,0,0,0,0,0,0,0,0
40795,1,1,0,0,0,12,0,0,0,0,0,0
40795,2,1,0,0,0,0,0,0,0,0,0,0
40796,1,1,0,0,0,0,0,0,0,0,0,0
40796,2,1,0,0,0,0,0,0,13,0,0,0
40797,1,1,15,0,0,0,0,0,0,0,0,0
40798,0,1,0,0,0,0,0,0,0,0,0,0
40798,1,1,0,0,0,0,0,0,0,0,0,0
40799,0,1,0,0,0,0,0,0,0,0,0,0
40799,1,1,0,0,5,12,6,0,18,9,0,18
40800,1,1,13,13,13,13,13,13,13,13,13,13
40801,1,1,18,18,18,18,18,18,18,18,18,18
40802,0,1,13,0,23,0,13,10,0,0,0,0
40802,1,1,0,27,0,0,0,0,0,0,0,0
40803,1,1,0,0,19,0,6,0,0,0,0,0
40804,1,1,0,0,0,0,0,0,0,0,0,0
40804,2,1,0,0,0,0,0,0,0,0,0,0
40804,3,1,0,0,0,0,0,0,0,0,0,0
40805,0,1,1,1,1,1,1,1,1,1,1,1
40805,1,1,0,0,0,0,11,0,17,21,0,0
40806,1,1,7,0,0,6,0,14,0,0,0,0
40806,2,1,0,0,0,0,0,0,0,0,0,0
40807,1,1,0,0,0,0,0,0,0,0,0,0
40807,2,1,0,0,0,0,0,0,0,0,0,0
40808,1,1,0,0,0,0,0,0,0,0,0,0
40808,2,1,0,0,0,0,0,0,0,0,0,0
40809,1,1,14,0,18,0,0,0,0,0,0,16
40809,2,1,16,19,0,0,0,0,0,0,0,6
40810,1,1,0,0,0,0,0,0,0,0,0,0
40811,1,1,0,0,0,0,11,0,0,0,0,0
40811,2,1,0,0,0,0,0,0,0,0,0,0
40811,3,1,0,0,0,0,0,0,0,0,0,0
40812,1,1,0,0,0,0,0,0,0,9,0,0
40813,0,1,0,0,0,0,25,0,0,0,0,0
40813,1,1,0,0,9,0,19,0,13,15,0,18
40814,1,1,0,0,0,0,0,0,0,0,0,0
40814,2,1,0,0,0,0,0,0,0,0,0,0
40814,3,1,0,0,0,0,0,0,0,0,0,0
40815,1,1,0,0,0,0,0,0,0,0,0,0
40815,2,1,0,0,0,0,0,0,0,0,0,0
40816,1,1,0,1,0,0,0,0,0,0,0,0
40816,2,1,4,4,4,4,4,4,4,4,4,4
40817,0,1,0,0,0,0,0,0,0,0,0,0
40817,1,1,0,0,25,0,0,0,0,0,0,0
40818,1,1,0,0,0,22,0,0,0,0,0,13
40818,2,1,0,0,0,0,0,0,0,0,0,0
40820,0,1,0,15,0,0,0,26,0,0,17,0
40820,1,1,0,0,0,0,0,16,20,21,0,0
40821,1,1,0,0,15,14,11,3,0,0,26,12
40822,0,1,0,0,0,0,0,0,0,0,0,0
40822,1,1,0,0,0,0,0,0,0,0,0,0
40823,1,1,0,0,0,0,0,0,0,0,0,0
40824,0,1,14,9,18,26,0,0,15,15,0,19
40824,1,1,0,0,0,0,0,0,0,0,0,0
40825,1,1,0,0,0,0,0,0,0,0,0,0
40825,2,1,0,0,0,0,0,0,0,0,0,0
40825,3,1,0,0,0,0,0,0,0,0,0,0
40825,4,1,0,0,0,0,0,0,0,0,0,0
40826,1,1,0,0,0,0,0,0,0,0,0,0
40826,2,1,0,0,0,0,0,0,0,0,0,0
40827,1,1,0,0,0,0,0,0,0,0,0,0
40828,1,1,0,17,5,15,0,0,0,0,0,0
40829,0,1,0,0,13,0,0,0,0,0,0,0
40829,1,1,25,25,23,0,0,13,15,14,0,10
40830,1,1,0,21,0,0,6,0,29,29,8,10
40830,2,1,0,0,0,0,0,26,8,0,0,9
40831,1,1,0,0,0,0,0,0,0,0,0,0
40833,1,1,0,0,0,0,0,0,0,0,0,0
40833,2,1,0,0,0,0,0,0,0,0,0,0
40834,1,1,0,0,0,0,0,0,0,0,0,0
40834,2,1,0,0,0,0,0,0,0,0,0,0
40835,1,1,14,14,14,14,14,14,14,14,14,14
40836,1,1,19,19,19,19,19,19,19,19,19,19
40837,0,1,23,23,23,23,23,23,23,23,23,23
40837,1,1,18,10,0,12,8,12,13,5,25,12
40838,1,1,0,0,0,0,0,0,0,0,0,0
40839,1,1,0,0,0,0,0,0,0,0,0,0
40840,1,1,0,0,0,18,0,0,0,10,0,0
40841,0,1,0,0,0,12,0,0,36,0,19,0
40841,1,1,12,6,0,11,11,0,0,11,14,21
40842,1,3,0,0,0,0,0,0,0,19,0,0
40843,1,1,0,0,0,0,0,0,0,0,0,0
40843,2,1,0,0,36,0,0,0,0,0,0,0
40844,1,1,0,0,0,0,0,0,0,0,0,0
40845,0,1,29,29,29,29,29,29,29,29,29,29
40845,1,1,0,0,10,49,0,13,27,0,0,0
40846,0,1,0,0,0,0,0,0,0,0,0,0
40846,1,1,0,0,0,0,0,0,0,0,0,0
40847,1,1,0,0,0,0,0,0,0,0,0,0
40849,1,1,0,0,0,4,0,0,0,0,0,15
40849,2,1,0,0,0,0,0,0,0,0,0,0
40850,1,1,0,0,0,0,0,0,0,17,0,0
40851,1,1,27,27,27,27,27,27,27,27,27,27
40851,2,1,0,0,0,0,0,0,0,0,0,0
40852,0,1,8,8,8,8,8,8,8,8,8,8
40852,1,1,0,0,0,0,0,0,0,0,0,0
40853,1,1,21,0,15,0,0,0,25,0,18,0
40853,2,1,0,0,0,0,0,15,0,0,0,0
40853,3,1,35,0,14,0,0,8,0,15,0,0
40854,1,1,0,10,0,0,0,0,0,10,0,0
40854,2,1,0,0,0,0,0,0,0,0,0,0
40855,1,1,0,0,0,0,0,0,0,0,0,0
40855,2,1,0,0,0,0,0,0,0,0,0,0
40856,1,1,0,0,0,0,0,0,0,0,0,0
40856,2,1,0,0,0,0,0,0,0,0,0,0
40857,1,1,0,0,0,0,0,0,0,0,0,0
40857,2,1,0,0,0,0,0,0,0,14,0,0
40858,1,1,0,0,0,0,0,0,0,0,0,0
40859,1,1,0,0,0,41,19,0,0,0,0,0
40860,1,1,0,0,0,0,0,0,0,0,0,0
40860,2,1,0,0,0,0,0,0,0,0,0,0
40861,1,1,0,0,25,9,0,0,19,0,0,0
40861,2,1,0,0,0,0,0,0,0,0,0,0
40862,1,1,0,0,0,0,0,0,0,0,0,8
40862,2,1,0,0,0,0,0,0,0,0,0,0
40862,3,1,0,0,0,0,0,0,0,0,0,0
40862,4,1,0,0,0,0,0,0,0,0,0,0
40863,0,1,0,0,0,0,0,0,0,0,0,0
40863,1,1,0,0,0,0,15,2,5,0,0,0
40864,0,1,41,41,41,41,41,41,41,41,41,41
40864,1,1,0,0,0,0,0,0,0,0,0,0
40865,1,1,0,0,0,0,0,0,0,0,0,0
40865,2,1,0,0,0,0,0,0,0,0,0,0
40865,3,1,0,0,0,0,0,0,0,0,0,0
40866,1,1,0,0,0,0,0,0,0,0,0,0
40866,2,1,0,0,0,0,0,0,14,0,0,0
40867,1,1,13,16,10,31,12,6,25,25,6,13
40867,2,1,14,14,14,14,14,14,14,14,14,14
40868,1,1,18,0,3,0,15,0,16,0,0,0
40869,1,1,0,0,0,0,0,0,0,0,0,0
40869,2,1,0,0,0,0,0,0,0,0,0,0
40870,1,1,0,12,0,20,0,16,0,0,16,18
40871,1,1,0,0,0,0,0,0,0,0,0,0
40871,2,1,0,0,0,0,0,0,0,17,0,0
40872,1,1,0,0,0,0,0,0,0,0,0,0
40872,2,1,16,15,13,0,25,14,0,0,0,26
40873,1,1,0,0,0,0,0,0,0,0,0,0
40874,1,1,0,0,0,0,0,0,0,0,0,0
40874,2,1,0,0,0,0,0,0,11,0,0,0
40875,0,1,0,0,0,0,0,0,0,0,8,0
40875,1,1,0,0,22,0,13,0,0,0,0,7
40876,1,1,0,0,0,0,0,0,0,0,0,0
40876,2,1,3,0,5,0,0,0,0,0,0,0
40877,1,1,0,0,0,0,0,0,0,0,0,0
40877,2,1,0,0,0,0,0,0,0,0,0,0
40878,1,1,0,0,0,0,0,0,0,0,0,0
40878,2,1,0,0,0,0,0,0,0,0,0,0
40879,1,1,0,0,0,0,0,0,0,0,0,0
40879,2,1,0,0,0,0,0,0,0,0,0,0
40880,1,1,0,5,9,0,0,0,0,0,23,0
40880,2,1,0,0,14,0,0,0,0,0,10,0
40880,3,1,0,0,0,0,0,0,0,0,0,0
40880,4,1,0,0,0,0,0,0,0,0,0,14
40880,5,1,0,0,0,0,0,0,0,0,0,0
40881,1,1,21,21,21,21,21,21,21,21,21,21
40881,2,1,0,0,0,0,0,0,0,0,0,0
40881,3,1,0,0,0,0,0,0,0,0,9,0
40882,0,1,0,0,26,0,17,0,21,0,0,0
40882,1,1,0,0,0,0,0,0,0,0,0,0
40883,1,1,0,0,0,0,0,0,0,0,37,0
40884,1,1,0,28,24,28,22,7,28,20,0,0
40885,1,1,13,13,13,13,13,13,13,13,13,13
40885,2,1,0,0,0,13,0,23,0,0,23,0
40886,1,1,0,0,0,0,0,0,0,18,0,0
40887,1,1,0,0,0,0,0,0,0,0,9,0
40889,1,1,0,0,0,0,0,22,14,0,0,0
40889,2,1,0,0,0,0,0,27,0,0,24,22
40891,1,1,0,0,0,0,0,0,0,0,0,0
40891,2,1,0,0,0,0,0,0,0,0,0,0
40891,3,1,0,0,0,0,0,0,0,0,0,0
40891,4,1,0,0,0,0,0,0,0,0,0,0
40891,5,1,0,0,0,0,0,0,0,0,0,0
40892,1,1,0,32,32,0,0,0,0,16,0,0
40893,1,1,0,0,0,0,0,0,0,0,0,0
40893,2,1,0,0,0,0,0,0,0,0,0,0
40894,0,1,0,0,0,0,0,0,0,0,0,0
40894,1,1,18,21,24,18,0,0,0,0,0,15
40895,1,1,0,0,0,0,0,0,0,0,0,0
40895,2,1,0,0,0,0,0,0,0,0,0,0
40896,1,1,0,21,0,0,0,0,0,0,0,0
40896,2,1,16,16,16,16,16,16,16,16,16,16
40897,0,1,0,0,0,0,0,0,0,0,0,0
40897,1,1,0,0,20,0,0,0,0,0,0,0
40898,1,1,0,0,0,0,0,0,0,0,0,0
40900,1,1,15,16,0,18,2,27,4,17,11,22
40901,0,1,22,22,22,22,22,22,22,22,22,22
40901,1,1,0,0,0,0,0,0,0,16,0,0
40902,1,1,0,0,0,0,0,0,0,0,0,0
40902,2,1,0,0,0,5,0,0,0,0,0,0
40903,1,1,4,4,4,4,4,4,4,4,4,4
40903,2,1,22,24,4,5,10,6,5,10,12,14
40904,1,1,0,0,0,0,0,0,0,0,0,0
40904,2,1,0,0,0,0,0,0,0,0,0,0
40904,3,1,0,0,28,0,0,0,0,0,0,0
40905,0,1,0,0,0,35,0,0,0,0,0,0
40905,1,1,0,0,0,0,0,0,0,0,0,0
40905,2,1,0,0,0,0,0,0,0,0,0,0