ST_CASE,VEH_NO,PER_NO,P1,P2,P3,P4,P5,P6,P7,P8,P9,P10
40906,1,1,0,0,0,0,0,0,26,0,0,0
40906,2,1,0,0,0,0,0,0,0,0,0,0
40906,3,1,0,0,0,0,0,0,0,0,0,0
40906,4,1,0,0,0,0,0,0,0,0,0,0
40907,1,1,0,0,0,0,0,0,0,0,0,0
40907,2,1,0,19,0,28,0,0,0,0,0,0
40908,0,1,0,0,0,0,0,0,0,0,0,0
40908,1,1,0,16,0,0,3,40,0,21,17,0
40909,0,1,5,5,5,5,5,5,5,5,5,5
40909,1,1,0,0,0,0,0,0,0,27,18,0
40910,1,1,21,0,19,0,2,12,16,22,0,6
40911,0,1,2,2,2,2,2,2,2,2,2,2
40911,1,1,0,0,0,0,0,0,0,12,0,0
40912,0,1,0,0,0,0,0,33,0,12,0,0
40912,1,1,0,0,0,18,0,0,0,0,16,0
40913,0,1,0,0,0,0,0,0,0,0,0,0
40913,1,1,26,11,0,2,0,9,0,0,20,0
40914,1,1,18,18,18,18,18,18,18,18,18,18
40915,1,1,0,0,0,0,0,0,0,0,0,0
40916,1,2,0,0,0,0,0,0,0,0,0,0
40917,0,1,23,23,23,23,23,23,23,23,23,23
40917,1,1,19,0,0,0,0,0,0,0,0,0
40918,0,1,7,7,7,7,7,7,7,7,7,7
40918,1,1,0,0,19,0,0,0,0,0,0,0
40918,2,1,0,30,0,0,0,12,0,0,0,0
40918,3,1,0,0,0,0,0,0,0,0,0,0
40919,1,1,0,0,0,0,0,15,0,0,0,0
40919,2,1,4,4,4,4,4,4,4,4,4,4
40920,0,1,20,20,20,20,20,20,20,20,20,20
40920,1,1,0,11,0,0,0,0,0,0,0,17
40921,1,1,20,20,20,20,20,20,20,20,20,20
40922,0,1,28,28,28,28,28,28,28,28,28,28
40922,1,1,0,0,20,16,0,0,0,23,13,0
40923,0,1,0,0,0,0,0,0,0,0,0,0
40923,1,1,0,23,6,0,33,0,0,0,0,11
40924,1,1,4,4,4,4,4,4,4,4,4,4
40924,2,1,0,0,0,0,0,0,0,0,0,0
40925,0,1,0,0,0,0,29,0,0,20,0,0
40925,1,1,22,0,0,0,0,0,0,21,0,0
40926,1,1,29,29,29,29,29,29,29,29,29,29
40926,2,1,0,0,0,0,0,31,0,0,0,0
40927,1,1,0,0,0,0,0,0,9,0,0,14
40927,2,1,0,11,20,0,0,0,0,0,0,0
40928,1,1,0,0,0,0,22,0,0,0,0,0
40928,2,1,0,0,0,0,0,0,0,0,0,0
40929,1,1,13,13,13,11,9,17,34,9,0,29
40930,1,1,0,0,0,0,0,0,0,0,0,0
40930,2,1,1,1,1,1,1,1,1,1,1,1
40931,1,1,1,1,1,1,1,1,1,1,1,1
40932,1,1,0,0,0,0,0,0,0,0,0,0
40932,2,1,0,0,0,0,0,0,0,0,0,0
40933,1,1,25,25,25,25,25,25,25,25,25,25
40934,1,1,0,0,0,0,0,0,0,0,0,0
40934,2,1,0,0,0,0,0,0,0,0,0,0
40934,3,1,0,0,0,0,0,0,0,0,0,0
40934,4,1,0,0,13,13,0,0,17,0,0,8
40934,5,1,0,0,0,0,0,0,0,0,0,0
40935,1,1,16,16,16,16,16,16,16,16,16,16
40935,2,1,5,5,5,5,5,5,5,5,5,5
40936,1,1,0,0,0,0,0,0,0,0,0,0
40936,2,1,0,17,0,14,0,0,0,14,0,0
40937,0,1,0,5,0,0,27,0,0,7,35,20
40937,1,1,0,0,0,0,0,0,14,0,0,0
40937,2,1,0,0,0,0,0,0,0,0,0,0
40938,1,1,0,0,0,0,0,0,0,0,34,0
40939,1,1,0,0,0,0,0,0,0,0,0,0
40940,1,1,21,21,21,21,21,21,21,21,21,21
40941,1,1,0,0,0,10,0,0,0,22,13,0
40941,2,1,20,0,7,0,0,0,0,0,0,0
40942,0,1,0,0,0,0,0,0,0,0,0,0
40942,1,1,0,5,0,0,0,0,0,0,0,19
40943,1,1,0,0,0,0,0,0,0,0,0,0
40943,2,1,9,19,22,0,0,0,0,0,0,7
40944,1,1,0,0,0,0,0,0,0,0,0,0
40944,2,1,3,0,10,0,0,8,0,0,0,0
40945,1,1,0,10,20,0,0,24,0,2,0,0
40946,1,1,11,14,18,5,32,0,0,12,0,0
40947,1,1,0,0,0,11,0,0,18,21,0,0
40947,2,1,20,0,17,5,0,0,0,22,0,0
40948,1,1,16,10,8,0,19,0,20,5,25,21
40949,1,1,27,21,29,0,15,10,10,0,33,18
40950,1,1,0,0,0,0,0,0,0,0,0,0
40951,0,1,0,0,27,0,0,21,19,0,0,0
40951,1,1,14,0,16,22,13,0,17,0,0,0
40952,1,1,29,29,0,0,9,0,2,0,15,0
40953,1,1,0,0,0,0,0,14,0,0,0,0
40953,2,1,0,0,0,0,9,0,7,0,0,0
50001,1,1,0,0,0,0,0,0,0,0,0,0
50001,2,1,19,19,19,19,19,19,19,19,19,19
50002,1,1,0,0,0,0,0,0,0,0,0,0
50003,1,1,0,0,0,0,0,0,0,0,0,0
50003,2,1,24,24,24,24,24,24,24,24,24,24
50004,1,1,0,0,0,0,0,0,0,0,0,0
50004,2,1,0,0,0,0,0,0,0,0,0,0
50005,1,1,0,0,0,0,0,0,0,0,0,0
50005,2,1,0,0,0,0,0,0,0,0,0,0
50006,1,1,0,0,0,0,0,0,0,0,0,0
50007,1,1,0,0,0,0,0,0,0,0,0,0
50007,2,1,0,0,0,0,0,0,0,0,0,0
50008,1,1,23,23,23,23,23,23,23,23,23,23
50008,2,1,0,0,0,0,0,0,0,0,0,0
50008,3,1,0,0,0,0,0,0,0,0,0,0
50008,4,1,0,0,0,0,0,0,0,0,0,0
50009,1,1,0,0,0,0,0,0,0,0,0,0
50010,0,1,0,0,0,0,0,0,0,0,0,0
50010,0,2,0,0,0,0,0,0,0,0,0,0
50010,1,1,0,0,0,0,0,0,0,0,0,0
50011,1,1,0,0,0,0,0,0,0,0,0,0
50011,2,1,0,0,0,0,0,0,0,0,0,0
50012,1,1,0,0,0,0,0,0,0,0,0,0
50012,2,1,0,0,0,0,0,0,0,0,0,0
50013,1,1,0,0,0,0,0,0,0,0,0,0
50014,1,1,29,29,29,29,29,29,29,29,29,29
50015,1,1,0,0,0,0,0,0,0,0,0,0
50016,0,1,0,0,0,0,0,0,0,0,0,0
50016,1,1,0,0,0,0,0,0,0,0,0,0
50016,2,1,0,0,0,0,0,0,0,0,0,0
50017,1,1,5,12,20,18,11,0,9,0,18,9
50017,2,1,0,0,0,0,0,0,0,0,0,0
50018,1,1,20,20,20,20,20,20,20,20,20,20
50018,2,1,29,14,18,0,17,0,17,43,0,20
50019,1,1,0,0,0,0,0,0,0,0,0,0
50020,1,1,0,0,0,0,0,0,0,0,0,0
50020,2,1,0,0,0,0,0,0,0,0,0,0
50021,1,1,0,0,0,0,0,0,0,0,0,0
50022,1,1,0,0,0,0,0,0,0,0,0,0
50022,2,1,0,0,0,0,0,0,0,0,0,0
50022,3,1,0,0,0,0,0,0,0,0,0,0
50023,0,1,0,0,0,0,0,0,0,0,0,0
50023,1,1,0,0,0,0,0,0,0,0,0,0
50024,0,1,0,0,0,0,0,0,0,0,0,0
50024,1,1,0,0,0,0,0,0,0,0,0,0
50025,0,1,0,0,0,0,0,0,0,0,0,0
50025,3,1,0,0,0,0,0,0,0,0,0,28
50025,4,1,0,0,0,0,0,0,0,0,0,0
50025,5,1,0,0,0,0,0,0,0,0,0,0
50025,6,1,0,0,0,21,0,10,0,0,0,0
50025,7,1,0,0,0,0,0,0,0,0,0,0
50025,8,1,25,0,0,0,0,19,0,0,0,0
50026,2,1,0,0,0,0,0,0,0,0,0,0
50027,0,1,25,25,25,25,25,25,25,25,25,25
50027,1,1,0,0,0,0,0,0,0,0,0,0
50028,1,1,19,19,19,19,19,19,19,19,19,19
50028,2,1,0,0,35,0,0,20,7,0,15,0
50030,1,1,24,24,24,24,24,24,24,24,24,24
50030,2,1,0,0,0,0,0,0,0,0,0,0
50030,3,1,0,0,0,0,0,0,0,0,0,0
50031,1,1,0,0,0,0,0,0,0,0,0,0
50031,2,1,0,0,0,0,0,0,0,0,0,0
50032,1,1,0,0,0,0,0,0,0,0,0,0
50032,2,1,0,0,0,0,0,0,0,0,0,0
50032,3,1,0,0,0,0,0,0,0,0,0,0
50033,1,1,0,0,0,0,0,0,0,0,0,0
50034,1,1,0,0,0,0,0,0,0,0,0,0
50035,1,1,1,1,1,1,1,1,1,1,1,1
50035,2,1,0,0,0,0,0,0,0,0,0,0
50036,1,1,0,0,0,0,0,0,0,0,0,0
50037,1,1,0,0,0,0,0,0,0,0,0,0
50037,2,1,0,0,0,0,0,0,0,0,0,0
50039,1,1,0,0,0,0,0,0,0,0,0,0
50040,1,1,0,0,0,0,0,0,0,0,0,0
50040,2,1,0,0,0,0,0,10,0,0,0,0
50040,3,1,0,0,0,0,0,0,0,0,0,0
50041,1,1,0,0,0,0,0,0,0,0,0,0
50041,2,1,0,0,0,0,0,0,0,0,0,0
50041,3,1,0,0,0,0,0,0,0,0,0,0
50042,1,1,0,0,0,0,0,0,0,0,0,0
50042,2,1,0,0,0,0,0,0,0,0,0,0
50042,3,1,0,0,0,0,0,0,0,0,0,0
50042,4,1,0,0,0,0,0,0,0,0,0,0
50042,5,1,0,0,0,0,0,0,0,0,0,0
50043,1,1,0,0,0,0,0,0,0,0,0,15
50044,1,1,0,0,0,0,0,0,0,0,0,10
50045,1,1,20,20,20,20,20,20,20,20,20,20
50045,2,1,0,0,0,0,0,0,0,0,0,0
50046,1,1,0,0,0,0,0,0,0,0,0,0
50047,1,1,10,10,10,10,10,10,10,10,10,10
50047,2,1,0,0,0,19,0,0,0,0,0,0
50048,0,1,36,0,32,12,6,0,16,12,16,18
50048,1,1,0,0,0,0,0,0,0,0,0,0
50049,1,1,0,0,0,0,0,0,0,0,0,0
50050,1,1,21,21,21,21,21,21,21,21,21,21
50051,1,1,0,0,0,0,0,0,0,0,0,0
50051,2,1,0,0,0,0,0,0,0,0,0,0
50051,3,1,0,0,0,0,0,0,0,0,0,0
50051,4,1,0,0,0,0,0,0,0,0,0,0
50052,1,1,0,0,0,0,0,0,0,0,0,0
50053,1,1,0,0,18,0,0,0,0,0,12,0
50054,1,1,0,0,0,0,0,0,0,0,0,0
50055,1,1,0,0,0,0,0,0,0,0,0,0
50055,2,1,0,0,0,0,0,0,0,0,0,0
50056,1,1,24,24,24,24,24,24,24,24,24,24
50057,0,1,29,29,29,29,29,29,29,29,29,29
50057,1,1,0,0,0,0,0,0,0,0,0,0
50058,0,1,0,0,16,0,0,16,61,0,0,0
50058,0,2,0,48,0,17,36,12,0,0,20,0
50058,1,1,7,7,7,7,7,7,7,7,7,7
50059,1,1,0,0,0,9,0,0,0,0,0,0
50059,2,1,0,0,0,0,0,0,0,0,0,0
50060,1,1,19,19,19,19,19,19,19,19,19,19
50061,1,1,0,0,0,0,0,0,0,0,0,0
50061,2,1,0,0,0,0,0,0,0,0,0,0
50061,3,1,0,0,0,0,0,0,0,0,0,0
50062,1,1,0,0,0,0,0,0,0,0,0,0
50062,2,1,0,0,0,0,0,0,0,0,0,0
50062,3,1,0,0,0,0,0,0,0,0,0,0
50063,1,1,19,19,19,19,19,19,19,19,19,19
50064,1,1,0,0,0,0,0,0,0,0,0,0
50064,2,1,0,0,0,0,0,0,0,0,0,0
50065,1,1,3,17,11,9,11,7,0,0,21,3
50065,2,1,0,0,0,0,0,0,0,0,0,0
50065,3,1,0,0,0,0,0,0,0,0,0,0
50066,1,1,29,29,29,29,29,29,29,29,29,29
50067,0,1,13,13,13,13,13,13,13,13,13,13
50067,1,1,0,0,0,0,0,0,0,0,0,0
50068,1,1,0,0,0,0,0,0,0,0,0,0
50068,2,1,0,0,0,0,0,0,0,0,0,0
50069,1,1,4,4,4,4,4,4,4,4,4,4
50071,1,1,0,0,0,0,0,0,0,0,0,0
50072,1,1,22,22,22,22,22,22,22,22,22,22
50073,1,1,0,0,0,0,0,0,0,0,0,0
50074,1,1,0,0,0,0,0,0,0,0,0,0
50074,2,1,0,0,0,0,0,0,0,0,0,0
50075,1,1,12,12,12,12,12,12,12,12,12,12
50076,0,1,22,4,27,0,0,0,0,0,0,12
50076,1,1,0,0,0,0,0,0,0,0,0,0
50077,1,1,13,13,13,13,13,13,13,13,13,13
50078,0,1,0,0,0,0,0,0,0,0,0,0
50078,1,1,0,0,0,0,0,0,0,0,0,0
50079,1,1,8,0,27,19,32,26,11,17,33,13
50080,1,1,0,0,0,0,0,0,0,0,0,0
50080,2,1,0,0,0,0,0,0,0,0,0,0
50081,1,1,1,1,1,1,1,1,1,1,1,1
50082,1,1,0,0,0,0,0,0,0,0,0,0
50083,1,1,13,0,0,0,0,0,4,0,2,0
50083,2,1,0,0,0,0,0,0,0,0,0,0
50084,1,1,0,0,0,0,0,0,0,0,0,0
50084,2,1,0,0,4,0,0,0,0,0,0,0
50084,3,1,0,0,0,0,0,0,0,0,0,0
50085,1,1,0,0,0,0,0,0,0,0,0,0
50085,2,1,0,0,0,0,0,0,0,0,0,0
50086,1,1,0,0,0,0,0,0,0,0,0,0
50087,1,1,20,20,20,20,20,20,20,20,20,20
50088,1,1,0,0,0,0,0,0,0,0,0,0
50089,1,1,0,0,0,0,0,0,0,0,0,0
50089,2,1,0,0,0,0,0,0,0,0,0,0
50090,1,1,0,0,0,0,0,0,0,0,0,0
50090,2,1,0,0,0,0,0,0,0,0,0,0
50091,1,1,0,0,0,0,0,0,0,0,0,0
50091,2,1,0,0,0,0,0,0,0,0,0,0
50092,1,1,0,0,0,0,0,0,0,0,0,0
50093,1,1,0,0,0,0,0,0,0,0,0,0
50093,2,1,0,0,0,0,0,0,0,0,0,0
50093,3,1,1,1,1,1,1,1,1,1,1,1
50095,1,1,0,0,0,0,0,0,0,0,0,0
50095,2,1,0,0,0,0,0,0,0,0,0,0
50096,1,1,9,9,9,9,9,9,9,9,9,9
50097,1,1,0,0,0,0,0,0,0,0,0,0
50098,1,1,0,0,14,0,0,0,0,0,0,0
50099,1,1,0,0,0,0,0,0,15,0,0,0
50099,2,1,8,8,8,8,8,8,8,8,8,8
50099,3,1,0,0,0,0,14,0,0,0,0,0
50100,0,1,0,0,0,0,0,0,0,0,0,0
50100,1,1,0,0,0,0,0,0,0,0,0,0
50101,1,1,0,0,0,0,0,0,0,0,0,0
50101,2,1,0,0,0,0,0,0,0,0,0,0
50102,1,1,0,0,0,0,0,0,0,0,0,0
50103,1,1,0,0,0,0,0,0,0,0,0,0
50103,2,1,0,0,0,0,0,0,0,0,0,0
50103,3,1,0,0,0,0,0,0,0,0,0,0
50104,0,1,0,0,0,10,0,0,34,0,0,15
50104,1,1,0,0,0,0,0,0,0,0,0,0
50105,1,1,22,22,22,22,22,22,22,22,22,22
50106,1,1,0,0,0,0,14,0,0,0,0,0
50107,1,1,0,27,0,0,10,0,12,0,0,0
50107,2,1,17,17,17,17,17,17,17,17,17,17
50108,1,1,0,0,0,0,0,0,0,0,0,0
50109,1,1,0,0,0,0,0,0,0,0,0,0
50109,2,1,0,0,0,0,0,0,0,0,0,0
50110,1,1,11,11,11,11,11,11,11,11,11,11
50111,1,1,12,29,22,0,30,18,15,16,12,13
50112,1,1,0,0,0,0,0,0,0,0,0,0
50113,1,1,0,0,0,0,0,0,0,0,0,0
50113,2,1,8,14,17,8,12,2,6,20,11,20
50114,1,1,0,0,0,0,0,0,0,0,0,0
50114,2,1,0,0,0,0,0,0,0,0,0,0
50114,3,1,0,0,0,0,0,0,0,0,0,0
50115,1,1,6,9,30,14,9,17,24,16,9,9
50115,2,1,0,0,0,0,0,0,0,0,0,0
50115,3,1,0,0,0,0,0,0,0,0,0,0
50117,1,1,0,0,0,0,0,0,0,0,0,0
50117,2,1,0,0,0,0,0,0,0,0,0,0
50119,1,1,17,17,17,17,17,17,17,17,17,17
50120,1,1,0,0,0,0,0,0,0,0,0,0
50121,1,1,0,0,0,0,0,0,0,0,0,0
50121,2,1,0,0,0,0,0,0,0,0,0,0
50122,1,1,0,0,0,0,0,0,0,0,0,0
50122,2,1,0,0,0,0,0,0,0,0,0,0
50123,1,1,15,15,15,15,15,15,15,15,15,15
50124,1,1,0,18,0,10,13,19,0,15,42,23
50124,2,1,0,0,0,0,0,10,8,12,0,0
50125,1,1,0,0,0,0,0,0,0,0,0,0
50125,2,1,0,0,0,0,0,0,0,0,0,0
50126,1,1,0,0,0,0,0,0,0,0,0,0
50126,2,1,0,0,0,0,0,0,0,0,0,0
50127,1,1,0,0,0,0,0,0,0,0,0,0
50127,2,1,0,0,0,0,0,0,0,0,0,0
50128,1,1,0,0,0,0,0,0,0,0,0,0
50128,2,1,0,0,0,0,0,21,0,0,0,0
50129,1,1,0,0,0,0,0,0,0,0,0,0
50130,1,1,0,0,0,0,0,0,0,0,0,0
50130,2,1,0,0,0,0,0,0,0,0,0,0
50132,1,1,0,0,0,0,0,0,0,0,0,0
50133,1,1,0,0,0,0,0,0,0,0,0,0
50134,0,1,0,0,22,0,0,0,0,0,30,0
50134,1,1,0,0,0,0,0,0,0,0,0,0
50135,1,1,12,12,12,12,12,12,12,12,12,12
50135,2,1,27,27,27,27,27,27,27,27,27,27
50136,0,1,0,0,0,0,0,0,0,0,37,23
50136,1,1,0,0,0,0,0,0,0,0,0,0
50136,2,1,0,0,0,0,0,0,0,0,0,0
50136,3,1,0,0,0,0,0,0,0,0,0,0
50136,4,1,0,0,0,0,0,0,0,0,0,15
50136,5,1,0,0,0,8,0,0,0,0,0,0
50136,6,1,23,0,28,0,20,0,15,11,0,16
50137,1,1,0,0,0,0,0,0,0,0,0,0
50138,1,1,0,0,0,0,0,0,0,0,0,0
50139,1,1,0,0,0,0,0,0,0,0,0,0
50139,2,1,1,1,1,1,1,1,1,1,1,1
50140,1,1,0,0,0,0,0,0,0,0,0,0
50141,1,1,0,0,0,0,0,50,0,0,0,0
50141,2,1,0,0,0,0,0,0,0,0,0,0
50142,1,1,0,0,0,0,0,0,0,0,0,0
50142,2,1,0,0,0,0,0,0,0,0,0,0
50143,1,1,0,0,0,0,0,0,0,0,0,0
50144,1,1,0,0,0,0,0,0,0,0,0,0
50144,2,1,0,0,0,0,0,0,0,0,0,0
50145,1,1,0,0,0,0,0,0,0,0,0,0
50146,1,1,0,0,0,0,0,0,0,0,0,0
50147,1,1,0,0,0,0,0,0,0,0,0,0
50148,1,1,0,0,11,0,0,0,7,0,0,0
50148,2,1,0,0,0,0,0,0,0,0,0,0
50149,1,1,0,0,0,0,0,0,0,0,0,0
50149,2,1,17,0,0,0,0,0,0,20,0,0
50150,1,1,0,0,0,0,0,0,0,0,0,0
50150,2,1,0,0,0,0,0,0,0,0,0,0
50151,1,1,12,13,18,30,22,0,18,20,0,5
50151,2,1,0,0,0,0,0,0,0,0,0,0
50152,1,1,0,0,0,0,0,0,0,0,0,0
50152,2,1,0,0,0,0,0,0,0,0,0,0
50153,0,1,5,20,0,0,25,0,0,0,21,0
50153,1,1,0,0,0,0,0,0,0,0,0,0
50153,2,1,0,17,0,0,0,0,2,18,10,0
50153,3,1,0,7,0,0,0,0,0,0,27,0
50154,1,1,20,20,20,20,20,20,20,20,20,20
50155,1,1,0,0,16,31,0,16,29,0,0,9
50156,1,1,0,0,0,0,0,0,0,0,0,0
50156,2,1,0,0,0,0,0,0,0,0,0,0
50157,1,1,6,6,6,6,6,6,6,6,6,6
50158,1,1,17,17,17,17,17,17,17,17,17,17
50159,0,1,0,0,0,0,0,0,0,0,0,0
50159,0,2,0,0,23,0,0,0,0,0,0,0
50159,1,1,0,0,0,0,0,0,0,0,0,0
50160,1,1,15,15,15,15,15,15,15,15,15,15
50160,2,1,0,0,0,0,0,0,0,0,0,0
50161,1,1,0,0,20,0,0,0,14,0,4,0
50161,2,1,0,0,0,0,0,0,0,0,0,0
50161,3,1,0,0,0,0,0,0,0,0,0,0
50162,1,1,0,0,0,0,0,0,0,0,0,0
50163,1,1,0,0,0,0,0,0,0,0,0,0
50164,1,1,9,35,0,28,31,22,15,17,7,15
50165,1,1,0,0,0,0,0,0,0,0,0,0
50165,2,1,0,0,0,0,0,0,0,0,0,0
50166,1,1,24,0,0,0,0,0,0,0,0,0
50167,1,1,0,0,0,0,0,0,0,0,0,0
50167,2,1,0,0,0,0,0,0,0,0,0,0
50168,1,1,5,11,38,27,19,20,21,15,32,7
50169,1,1,0,0,0,0,0,0,0,0,0,0
50169,2,1,0,0,0,0,0,0,0,0,0,0
50169,3,1,0,0,0,0,0,0,0,0,0,0
50170,0,1,0,0,21,0,26,0,39,0,0,0
50170,1,1,0,0,16,0,0,0,0,0,0,0
50171,1,1,0,0,0,0,0,0,0,0,0,0
50171,2,1,0,0,0,0,0,0,0,0,0,0
50171,3,1,0,0,0,0,0,0,0,0,0,0
50171,4,1,0,0,0,0,0,0,0,0,0,0
50172,1,1,0,0,0,0,0,0,0,0,0,0
50172,2,1,0,0,0,0,0,0,0,0,0,0
50173,1,1,0,4,15,0,0,0,0,0,0,0
50173,2,1,0,0,0,0,0,0,0,0,6,0
50174,0,1,26,0,32,0,0,0,0,0,0,0
50174,1,1,21,21,21,21,21,21,21,21,21,21
50175,1,1,0,0,0,0,0,0,0,0,0,0
50175,2,1,0,0,0,0,0,0,0,0,0,0
50176,1,1,0,0,0,0,0,0,0,0,0,0
50177,1,1,0,0,0,0,0,0,0,0,0,0
50177,2,1,0,0,0,0,0,0,0,0,0,0
50178,1,1,26,26,26,26,26,26,26,26,26,26
50180,1,1,26,0,27,19,14,39,27,7,24,8
50181,1,1,12,12,12,12,12,12,12,12,12,12
50181,2,1,0,0,0,0,0,0,0,0,0,0
50182,0,1,0,0,0,0,0,0,0,0,0,0
50182,1,1,0,26,8,8,0,6,0,19,0,21
50184,1,1,16,16,16,16,16,16,16,16,16,16
50185,1,1,18,18,18,18,18,18,18,18,18,18
50186,1,1,12,0,0,0,0,0,0,11,15,0
50187,1,1,0,8,0,0,0,0,0,0,0,20
50188,1,1,8,19,19,29,24,27,8,13,18,8
50188,2,1,0,0,0,0,0,0,0,0,0,0
50188,3,1,0,0,0,0,0,0,0,0,0,0
50188,4,1,0,0,0,0,0,0,0,0,0,0
50190,1,1,0,0,0,0,0,0,0,0,0,0
50191,1,1,8,0,0,0,0,0,0,0,0,0
50191,2,1,0,0,0,0,0,0,0,0,0,0
50192,1,1,0,0,0,0,0,0,0,0,0,0
50193,1,1,0,0,0,0,0,0,0,0,0,0
50194,1,1,0,0,0,0,0,0,0,0,0,0
50194,2,1,0,0,0,0,0,0,0,0,0,0
50195,1,1,0,0,0,0,0,0,0,0,0,0
50196,1,1,0,0,0,0,0,0,0,0,0,0
50196,2,1,0,0,0,0,0,0,0,0,0,0
50197,1,1,0,0,0,0,0,0,0,0,0,0
50197,2,1,0,0,0,0,0,0,0,0,0,0
50198,1,1,14,14,14,14,14,14,14,14,14,14
50199,1,1,0,0,0,0,0,0,0,0,0,0
50200,1,1,0,0,0,0,0,0,0,0,0,0
50200,2,1,0,0,0,0,0,0,0,0,0,0
50201,1,1,0,0,0,0,0,0,0,0,0,0
50202,1,1,0,0,14,0,30,0,0,0,17,0
50203,1,1,0,0,0,0,0,0,0,0,0,0
50203,2,1,0,0,0,0,0,0,0,0,0,0
50204,1,1,18,18,18,18,18,18,18,18,18,18
50204,2,1,0,0,0,0,0,0,0,0,0,0
50205,1,1,3,3,3,3,3,3,3,3,3,3
50205,2,1,25,0,11,0,16,11,0,17,0,0
50206,1,1,0,0,0,0,0,0,0,0,0,0
50206,2,1,4,4,4,4,4,4,4,4,4,4
50207,1,1,0,0,0,0,0,0,0,0,0,0
50207,2,1,0,0,0,0,0,0,0,0,0,0
50208,1,1,18,18,18,18,18,18,18,18,18,18
50209,1,1,1,1,1,1,1,1,1,1,1,1
50209,2,1,0,0,0,0,0,0,0,0,0,0
50210,1,1,0,0,0,0,0,0,0,0,0,0
50211,0,1,0,0,32,0,23,0,0,0,0,0
50211,1,1,0,0,0,0,0,0,0,0,0,0
50212,1,1,0,0,0,0,0,0,0,0,0,0
50213,1,1,12,12,12,12,12,12,12,12,12,12
50215,1,1,0,0,0,0,0,0,0,0,0,0
50215,2,1,0,0,0,0,0,0,0,0,0,0
50215,3,1,0,0,0,0,0,0,0,0,0,0
50216,1,1,0,0,0,0,0,0,0,0,0,0
50216,2,1,0,0,0,0,0,3,0,24,0,13
50217,1,1,0,0,0,0,0,0,0,0,0,0
50217,2,1,0,0,0,0,0,0,0,0,0,0
50217,3,1,0,0,0,9,0,0,0,0,0,0
50218,1,1,3,3,3,3,3,3,3,3,3,3
50218,2,1,0,0,0,0,0,0,0,0,0,0
50219,1,1,0,0,0,0,0,0,0,0,0,0
50220,1,1,0,0,0,0,0,0,0,0,0,0
50220,2,1,0,0,0,0,0,0,0,0,0,0
50220,3,1,0,0,0,0,0,0,0,0,0,0
50221,1,1,0,0,0,0,0,0,14,0,0,0
50222,1,1,0,17,0,0,0,0,0,0,0,0
50223,1,1,0,0,0,0,0,0,0,0,0,0
50224,1,1,9,24,24,16,4,17,24,21,6,13
50225,1,1,0,0,0,0,0,0,0,0,0,0
50226,1,1,0,0,0,0,0,0,0,0,0,0
50226,2,1,15,10,11,20,16,17,22,12,0,19
50227,1,1,0,0,0,0,0,0,0,0,0,0
50227,2,1,0,0,0,0,0,0,0,0,0,0
50228,1,1,23,13,0,12,24,0,2,16,0,10
50229,1,1,0,41,0,0,0,0,0,0,0,33
50230,1,1,0,0,0,0,0,19,0,0,0,25
50231,1,1,15,14,26,11,19,24,29,26,21,12
50232,1,1,0,0,0,0,0,0,0,0,0,0
50232,2,1,0,0,0,0,0,0,14,0,0,0
50233,1,1,0,0,0,0,0,0,24,0,0,0
50234,0,1,0,0,0,0,0,0,0,0,0,0
50234,1,1,0,0,0,0,0,0,0,0,0,0
50235,1,1,0,0,0,0,0,0,0,0,0,0
50235,2,1,0,0,0,0,0,0,0,0,0,0
50236,1,1,0,0,0,0,0,0,0,0,0,0
50237,0,1,1,1,1,1,1,1,1,1,1,1
50237,1,1,16,0,0,19,13,0,0,12,19,13
50238,1,1,24,24,24,24,24,24,24,24,24,24
50239,1,1,25,25,25,25,25,25,25,25,25,25
50240,1,1,0,0,0,0,0,0,0,0,0,0
50240,2,1,0,0,0,0,0,0,0,0,0,0
50241,0,1,0,0,0,0,0,0,0,0,0,0
50241,1,1,0,0,0,0,0,0,0,0,0,0
50242,1,1,0,0,0,0,0,0,0,0,0,0
50243,1,1,0,0,0,0,0,0,0,0,0,0
50243,2,1,0,12,0,0,0,0,0,0,0,0
50243,3,1,0,0,0,0,0,0,0,0,0,0
50244,1,1,0,0,0,0,0,0,0,0,0,0
50244,2,1,0,0,0,0,0,0,0,0,0,0
50244,3,1,0,0,0,0,0,0,0,0,0,0
50245,1,1,0,0,0,0,0,0,0,0,0,0
50245,2,1,0,0,0,0,0,0,0,0,0,0
50246,1,1,16,16,16,16,16,16,16,16,16,16
50247,1,1,0,41,0,16,12,0,14,0,0,4
50248,1,1,6,6,6,6,6,6,6,6,6,6
50249,1,1,0,0,0,0,0,0,0,0,0,0
50249,2,1,0,0,0,0,0,0,0,0,0,0
50250,1,1,0,0,0,0,0,0,0,0,0,0
50250,2,1,0,0,0,0,0,0,0,0,0,0
50251,0,1,0,0,0,0,0,0,0,0,0,0
50251,1,1,0,19,4,9,0,21,16,8,15,19
50252,1,1,1,1,1,1,1,1,1,1,1,1
50253,1,1,12,12,12,12,12,12,12,12,12,12
50254,1,1,0,0,0,0,0,0,0,0,0,0
50255,0,1,19,19,19,19,19,19,19,19,19,19
50255,1,1,0,0,0,0,0,0,0,0,0,0
50256,1,1,29,29,29,29,29,29,29,29,29,29
50257,1,1,0,0,0,0,0,0,0,0,0,0
50257,2,1,0,0,0,0,0,0,0,0,0,0
50258,1,1,0,0,0,0,0,0,0,0,0,0
50258,2,1,0,0,0,0,0,0,0,0,0,0
50259,1,1,0,0,0,12,0,0,0,0,36,0
50260,0,1,18,0,0,9,0,0,0,0,0,38
50260,1,1,19,19,19,19,19,19,19,19,19,19
50261,1,1,0,0,0,0,0,0,0,0,0,0
50261,2,1,0,0,0,0,0,0,0,0,0,0
50261,3,1,0,0,0,0,0,0,0,0,0,0
50262,1,1,1,1,1,1,1,1,1,1,1,1
50262,2,1,10,10,10,10,10,10,10,10,10,10
50263,1,1,0,0,0,0,0,0,0,0,0,0
50263,2,1,0,0,0,0,0,0,0,0,0,0
50264,1,1,2,2,2,2,2,2,2,2,2,2
50265,1,1,4,4,4,4,4,4,4,4,4,4