ST_CASE,VEH_NO,PER_NO,P1,P2,P3,P4,P5,P6,P7,P8,P9,P10
90121,1,1,16,16,16,16,16,16,16,16,16,16
90121,2,1,20,0,0,0,16,22,0,0,0,0
90122,1,1,6,6,6,6,6,6,6,6,6,6
90122,2,1,0,0,0,0,0,0,15,20,0,16
90123,1,1,15,15,15,15,15,15,15,15,15,15
90124,1,1,0,0,0,10,0,0,0,20,13,6
90124,2,1,0,0,0,0,0,0,0,0,0,0
90125,1,1,0,0,0,0,0,0,0,0,0,0
90125,2,1,0,0,0,0,0,6,0,13,15,15
90126,1,1,20,20,20,20,20,20,20,20,20,20
90127,1,1,0,8,0,0,0,0,0,0,0,0
90127,2,1,12,16,0,0,0,0,0,0,0,0
90127,3,1,0,0,0,0,0,0,0,0,0,0
90128,1,1,25,25,25,25,25,25,25,25,25,25
90129,1,1,22,22,22,22,22,22,22,22,22,22
90130,1,1,5,5,5,5,5,5,5,5,5,5
90130,2,1,21,21,21,21,21,21,21,21,21,21
90131,1,1,0,0,0,0,0,0,0,0,0,0
90131,2,1,0,0,0,0,0,0,0,0,0,0
90132,0,1,0,0,0,0,0,0,0,0,0,0
90132,1,1,18,0,3,0,20,0,12,15,34,19
90133,1,1,0,12,0,0,14,8,0,0,11,43
90134,0,1,0,0,0,0,0,19,0,0,0,0
90134,1,1,0,0,0,0,0,0,0,0,0,0
90135,0,1,0,8,20,29,0,0,27,0,0,0
90135,1,1,0,0,16,17,0,0,0,12,0,0
90136,1,1,0,0,0,0,33,29,0,20,16,0
90137,1,1,24,24,24,24,24,24,24,24,24,24
90137,2,1,0,0,0,0,0,0,0,0,0,0
90138,1,1,0,0,0,0,0,0,0,0,0,0
90138,2,1,0,0,0,0,0,0,0,0,0,0
90138,3,1,0,0,0,0,0,0,0,0,0,0
90139,0,1,0,0,0,0,0,0,20,0,0,0
90139,1,1,0,0,11,0,11,0,0,0,0,0
90140,1,1,0,0,0,0,0,0,0,0,0,0
90141,1,1,24,24,24,24,24,24,24,24,24,24
90141,2,1,0,5,0,0,20,8,24,16,10,0
90142,0,1,0,0,0,0,0,0,0,0,0,0
90142,1,1,23,4,0,3,26,19,11,0,2,0
90143,0,1,0,0,0,0,0,0,7,0,24,19
90143,1,1,0,0,0,0,0,13,0,0,0,0
90144,1,1,0,0,0,0,0,0,0,0,0,0
90145,1,1,0,0,23,22,12,0,0,0,0,0
90146,1,1,16,0,0,0,0,18,24,0,0,0
90147,0,1,30,0,0,0,0,0,0,0,20,0
90147,0,2,0,0,0,0,0,0,0,0,0,0
90147,1,1,20,0,0,0,0,0,0,0,0,0
90148,0,1,0,0,0,0,0,0,0,0,0,0
90148,1,1,0,0,0,0,0,0,0,0,0,0
90149,1,1,0,0,0,0,0,0,0,0,0,0
90150,1,1,0,0,0,0,0,0,0,0,17,0
90151,1,1,0,0,0,0,0,0,0,0,0,0
90152,1,1,0,0,0,0,0,0,0,0,0,0
90153,1,1,0,0,0,0,0,0,0,0,0,0
90154,1,1,0,0,0,0,0,0,0,0,0,0
90154,2,1,0,0,0,16,0,0,0,0,0,0
90155,0,1,34,34,34,34,34,34,34,34,34,34
90155,1,1,0,0,0,0,0,16,0,0,0,0
90156,1,1,23,23,23,23,23,23,23,23,23,23
90157,1,1,14,14,14,14,14,14,14,14,14,14
90158,1,1,0,0,0,0,0,0,0,0,0,0
90159,1,1,22,22,22,22,22,22,22,22,22,22
90160,1,1,17,0,13,11,17,7,10,18,18,16
90160,2,1,23,23,23,23,23,23,23,23,23,23
90161,1,1,0,0,0,0,0,0,0,0,0,0
90161,2,1,0,32,0,0,0,0,0,0,0,0
90162,1,1,14,14,14,14,14,14,14,14,14,14
90163,1,1,0,0,0,0,0,0,0,0,0,0
90164,1,1,0,0,0,0,0,0,20,0,0,0
90164,2,1,0,0,0,0,0,28,0,0,0,0
90165,1,1,40,40,40,40,40,40,40,40,40,40
90166,0,1,23,23,23,23,23,23,23,23,23,23
90166,1,1,31,0,0,0,0,0,0,17,7,0
90167,1,1,0,18,0,0,0,0,0,0,0,0
90167,2,1,0,0,0,0,0,0,0,0,0,0
90168,1,1,0,0,0,0,0,0,0,0,0,0
90169,1,1,0,0,0,0,0,0,0,0,0,0
90170,1,1,0,0,27,0,0,0,0,0,20,0
90171,1,1,0,0,0,0,0,0,0,9,0,0
90171,2,1,25,25,25,25,25,25,25,25,25,25
90172,1,1,24,22,0,0,11,0,0,0,0,0
90173,1,1,0,0,0,0,0,0,0,0,0,0
90173,2,1,0,0,0,0,0,0,0,0,0,0
90174,1,1,5,5,5,5,5,5,5,5,5,5
90175,1,1,0,0,0,0,0,0,0,0,0,0
90175,2,1,0,0,0,0,0,0,0,7,0,0
90176,1,1,0,0,0,0,0,0,0,0,0,0
90176,2,1,0,0,0,0,0,0,0,0,0,0
90177,1,1,0,0,0,0,0,0,0,0,0,0
90177,2,1,22,22,22,22,22,22,22,22,22,22
90178,1,1,1,1,1,1,1,1,1,1,1,1
90179,1,1,0,0,0,0,0,0,0,0,0,0
90179,2,1,9,0,0,21,0,0,0,0,0,12
90180,1,1,0,0,0,0,0,0,0,0,0,0
90180,2,1,0,0,0,0,0,0,0,0,0,0
90181,0,1,22,22,22,22,22,22,22,22,22,22
90181,1,1,18,12,17,0,0,7,0,0,0,0
90182,1,1,8,0,0,0,0,0,0,0,0,18
90182,2,1,19,19,0,0,0,0,24,21,0,0
90182,3,1,0,0,5,0,0,0,0,0,0,6
90183,0,1,1,1,1,1,1,1,1,1,1,1
90183,1,1,0,0,16,0,0,13,0,15,0,20
90184,1,1,0,0,0,0,0,0,0,0,0,0
90184,2,1,0,0,21,0,25,0,0,0,0,0
90184,3,1,0,0,0,0,0,0,0,0,0,0
90185,0,1,0,0,0,0,0,0,0,0,0,0
90185,1,1,0,16,0,0,14,31,0,21,18,0
90186,0,1,0,0,0,0,0,0,0,0,0,0
90186,1,1,0,0,0,0,0,0,16,0,0,0
90187,1,1,0,21,0,0,0,0,0,0,0,13
90187,2,1,0,0,0,0,0,0,0,0,0,0
90187,3,1,0,38,10,19,0,0,0,0,0,0
90188,1,1,0,0,0,0,23,0,0,13,10,20
90188,2,1,0,0,0,0,0,0,0,0,0,0
90189,1,1,4,4,4,4,4,4,4,4,4,4
90190,1,1,16,0,21,0,0,18,0,32,25,0
90191,1,1,11,11,11,11,11,11,11,11,11,11
90192,1,1,0,0,30,26,21,0,0,41,0,0
90193,1,1,0,0,0,0,0,0,0,12,0,0
90194,0,1,0,0,0,0,0,0,0,0,0,0
90194,1,1,0,0,0,0,0,0,0,3,0,0
90194,2,1,0,25,0,0,0,0,20,0,17,0
90194,3,1,0,0,7,13,20,0,0,0,9,0
90195,1,1,0,0,0,0,0,0,0,0,0,0
90196,1,1,0,0,12,0,0,25,0,7,6,0
90196,2,1,0,0,0,0,0,0,0,0,0,0
90197,1,1,0,0,0,0,0,0,0,0,0,0
90198,1,1,0,0,0,0,0,0,0,0,0,0
90199,0,1,16,16,16,16,16,16,16,16,16,16
90199,1,1,0,0,0,0,0,16,0,0,0,0
90200,0,1,0,0,0,0,0,0,0,0,0,0
90200,1,1,0,0,0,20,0,0,0,0,0,0
90201,0,1,0,0,0,0,0,0,0,0,0,0
90201,1,1,13,12,15,9,10,0,37,3,15,21
90202,0,1,27,27,27,27,27,27,27,27,27,27
90202,1,1,0,9,0,5,0,12,35,22,0,0
90203,1,1,12,12,12,12,12,12,12,12,12,12
90204,0,1,25,25,25,25,25,25,25,25,25,25
90204,1,1,0,0,0,0,26,0,0,0,0,0
90205,0,1,17,17,17,17,17,17,17,17,17,17
90205,1,1,0,0,0,0,0,0,0,0,0,0
90206,1,1,26,14,30,0,0,0,12,0,0,2
90207,1,1,0,0,0,0,0,0,0,0,0,0
90208,1,1,0,0,0,0,0,0,0,0,0,0
90208,2,1,0,0,0,0,0,0,0,0,0,0
90208,3,1,0,0,19,0,14,0,7,0,0,0
90210,1,1,0,0,22,28,0,0,0,0,0,0
90211,1,1,0,0,0,0,0,0,0,0,0,0
90211,2,1,15,20,7,8,0,16,13,10,31,11
90212,1,1,0,0,0,0,25,0,0,33,0,0
90212,2,1,21,0,0,0,0,0,0,0,13,0
90213,1,1,16,0,16,0,15,0,16,0,11,0
90214,0,1,0,0,0,0,0,0,0,0,0,0
90214,1,1,0,11,3,21,0,0,0,17,0,0
90215,1,1,31,31,31,31,31,31,31,31,31,31
90216,1,1,19,19,19,19,19,19,19,19,19,19
90217,1,1,16,16,16,16,16,16,16,16,16,16
90217,2,1,0,19,27,9,12,4,0,0,0,18
90218,1,1,0,0,0,0,0,0,0,0,0,0
90218,2,1,0,5,0,0,0,0,0,0,0,0
90219,1,1,0,0,0,0,0,0,0,0,0,0
90220,0,1,0,0,0,0,0,0,0,0,0,0
90220,1,1,0,12,0,0,0,0,0,0,0,0
90221,0,1,0,0,0,0,0,0,0,0,0,0
90221,1,1,0,0,0,5,0,0,0,0,0,0
90222,1,1,0,11,0,0,0,0,0,0,0,0
90222,2,1,8,8,8,8,8,8,8,8,8,8
90223,0,1,26,26,26,26,26,26,26,26,26,26
90223,1,1,0,0,0,0,0,0,0,19,0,0
90224,1,1,0,12,0,0,0,13,0,0,11,0
90224,2,1,10,15,34,23,10,11,0,23,9,22
90225,1,1,0,0,0,0,0,0,0,0,0,0
90226,1,1,0,0,0,0,0,0,0,0,0,0
90227,1,1,0,0,0,0,0,0,0,0,0,0
90227,2,1,0,0,0,0,0,0,0,0,0,0
90228,0,1,0,0,0,0,0,0,0,0,0,0
90228,2,1,22,18,0,0,0,0,0,0,0,0
90229,1,1,19,19,19,19,19,19,19,19,19,19
90230,1,1,0,0,0,0,0,0,0,0,0,0
90231,1,1,0,0,0,0,0,12,0,0,12,0
90231,2,1,0,0,0,0,0,0,0,0,0,0
90232,0,1,0,0,0,0,0,0,0,0,0,0
90232,1,1,0,24,0,0,0,0,0,0,0,22
90233,1,1,7,0,0,0,0,0,0,0,0,0
90233,2,1,5,5,5,5,5,5,5,5,5,5
90233,3,1,0,0,19,13,0,0,7,5,0,0
90234,1,1,0,0,0,0,0,0,0,0,0,0
90234,2,1,46,46,46,46,46,46,46,46,46,46
90235,1,1,27,27,27,27,27,27,27,27,27,27
90236,1,1,25,25,25,25,25,25,25,25,25,25
90236,2,1,17,16,0,0,0,0,0,0,0,0
90237,0,1,28,28,28,28,28,28,28,28,28,28
90237,1,1,20,0,14,6,27,0,0,0,17,0
90238,1,1,0,0,0,0,0,0,0,0,0,0
90239,1,1,0,0,0,0,0,0,0,0,0,0
90240,1,1,14,14,14,14,14,14,14,14,14,14
90240,2,1,0,0,0,0,0,0,0,18,0,0
90241,1,1,0,0,0,0,0,0,0,0,0,0
90242,0,1,5,5,5,5,5,5,5,5,5,5
90242,1,1,0,10,0,0,0,0,12,0,0,0
90244,0,1,31,31,31,31,31,31,31,31,31,31
90244,1,1,0,0,0,0,0,0,0,0,0,0
90245,1,1,0,0,0,0,0,0,0,0,0,0
90246,1,1,0,0,0,0,0,0,0,0,0,0
90247,1,1,17,17,17,17,17,17,17,17,17,17
90248,0,1,0,0,0,0,0,0,0,0,0,0
90248,1,1,0,0,0,0,0,0,0,0,0,0
90249,1,1,0,0,0,0,0,0,0,0,0,0
90249,2,1,0,0,0,0,0,0,0,0,0,0
90250,1,1,0,0,23,0,0,0,0,18,0,12
90250,2,1,0,0,28,0,0,0,0,0,0,0
90251,1,1,0,0,0,0,0,0,0,0,0,0
90251,2,1,0,0,0,18,0,0,0,0,0,0
90251,3,1,0,24,0,15,10,0,0,17,0,0
90252,0,1,0,0,0,0,0,0,0,0,0,0
90252,1,1,0,0,0,0,0,15,20,15,0,0
90253,1,1,19,19,19,19,19,19,19,19,19,19
90253,2,1,0,0,0,0,0,0,0,0,0,0
90254,1,1,0,0,0,0,0,0,0,0,0,0
90254,2,1,25,0,0,0,20,0,24,0,0,0
90254,3,1,29,0,0,0,6,0,26,0,0,0
90255,0,1,0,0,0,0,0,0,0,0,0,0
90255,1,1,10,10,10,10,10,10,10,10,10,10
90256,1,1,0,0,0,0,0,0,0,0,31,0
90256,2,1,20,8,31,23,18,3,14,27,9,0
90257,0,1,29,12,14,0,13,11,24,0,0,0
90257,2,1,0,0,0,0,0,0,0,0,0,0
90257,3,1,0,0,0,0,0,0,0,0,0,0
90257,4,1,12,0,0,0,0,18,0,24,13,33
90258,0,1,0,0,0,0,0,0,0,0,0,0
90258,1,1,0,0,0,9,0,0,20,0,0,0
90259,1,1,0,0,0,0,0,0,0,0,0,0
90259,2,1,0,0,0,0,0,0,0,0,0,0
90260,1,1,25,25,25,25,25,25,25,25,25,25
90260,2,1,0,0,0,0,0,0,0,0,0,0
90261,1,1,0,0,0,0,0,0,0,0,0,0
90262,1,1,15,15,15,15,15,15,15,15,15,15
90262,2,1,0,0,0,0,0,0,0,0,0,0
90263,1,1,0,0,0,0,0,0,0,0,0,14
90263,2,1,0,0,0,0,0,0,0,0,0,0
90264,0,1,8,8,8,8,8,8,8,8,8,8
90264,1,1,0,0,0,0,0,0,0,0,19,0
90265,0,1,0,0,0,0,0,0,0,0,0,0
90265,1,1,0,17,0,12,26,0,0,0,14,14
90266,1,1,10,0,24,0,20,0,0,22,0,6
90266,2,1,17,17,17,17,17,17,17,17,17,17
90267,0,1,0,0,0,0,0,0,0,0,0,0
90267,1,1,0,0,0,0,0,0,0,0,0,22
90268,1,1,0,10,22,21,21,18,24,11,23,0
90268,2,1,0,0,0,0,0,0,0,0,0,0
90269,0,1,53,53,53,53,53,53,53,53,53,53
90269,1,1,20,20,20,20,20,20,20,20,20,20
90270,0,1,0,0,0,0,0,0,4,10,0,19
90270,1,1,26,24,0,0,0,0,0,0,0,14
90271,1,1,14,14,14,14,14,14,14,14,14,14
90271,2,1,0,0,0,0,2,0,0,0,0,0
90272,0,1,15,15,15,15,15,15,15,15,15,15
90272,1,1,10,0,10,18,4,0,0,0,0,0
90273,0,1,0,0,0,0,0,0,0,0,0,0
90273,1,1,6,6,10,0,0,24,7,31,24,8
90274,1,1,58,58,58,58,58,58,58,58,58,58
90274,2,1,0,0,0,0,0,0,0,0,0,0
90275,1,1,0,0,0,0,0,0,0,0,0,0
90275,2,1,0,0,0,0,0,0,0,0,0,0
90275,3,1,0,0,0,0,0,0,0,0,0,0
90276,1,1,12,12,12,12,12,12,12,12,12,12
90277,1,1,25,25,25,25,25,25,25,25,25,25
90278,1,1,7,7,7,7,7,7,7,7,7,7
90279,0,1,0,0,0,0,0,0,0,0,0,0
90279,1,1,0,0,10,0,19,0,0,0,0,0
100001,1,1,24,24,24,24,24,24,24,24,24,24
100002,1,1,22,22,22,22,22,22,22,22,22,22
100003,1,1,0,0,0,0,0,0,0,0,0,0
100003,2,1,0,0,0,0,0,0,0,0,0,0
100004,1,1,23,23,23,23,23,23,23,23,23,23
100005,1,1,0,0,0,0,0,10,0,0,28,0
100005,2,1,0,0,0,0,0,0,0,0,0,0
100006,1,1,3,3,3,3,3,3,3,3,3,3
100006,2,1,0,0,0,0,0,0,0,0,0,0
100007,1,1,0,0,0,0,0,0,0,0,0,0
100007,2,1,0,0,0,0,0,0,0,0,0,0
100008,0,1,0,0,0,0,0,0,0,0,0,0
100008,1,1,37,0,0,0,0,0,0,0,0,21
100009,1,1,0,0,0,0,0,0,0,0,0,0
100010,1,1,0,0,0,0,0,0,0,0,0,0
100010,2,1,0,0,0,0,0,15,0,0,0,0
100011,1,1,0,0,0,0,0,0,0,0,0,0
100011,2,1,0,0,0,0,0,0,0,0,0,0
100012,1,1,0,0,0,0,0,0,0,0,0,0
100013,0,1,9,9,9,9,9,9,9,9,9,9
100013,1,1,0,0,0,0,0,0,0,0,14,0
100014,1,1,0,0,0,0,0,0,0,0,0,0
100015,1,1,11,11,11,11,11,11,11,11,11,11
100015,2,1,0,0,0,0,0,0,0,0,0,0
100016,1,1,0,0,0,3,0,0,0,0,0,0
100016,2,1,34,34,34,34,34,34,34,34,34,34
100017,1,1,0,0,0,0,0,0,0,0,0,0
100018,1,1,0,0,0,0,0,0,0,0,0,0
100018,2,1,24,0,0,27,0,0,0,0,0,0
100019,1,1,0,0,0,0,0,0,0,0,0,0
100020,1,1,26,0,0,0,3,0,0,0,0,0
100020,2,1,0,0,0,0,0,0,0,0,0,0
100021,0,1,15,15,15,15,15,15,15,15,15,15
100021,1,1,11,0,0,0,0,0,0,6,0,0
100022,1,1,0,0,0,0,0,0,0,0,0,0
100023,1,1,23,23,23,23,23,23,23,23,23,23
100024,0,1,0,0,0,0,0,0,0,0,0,0
100024,1,1,0,0,0,0,0,0,0,0,0,0
100025,1,1,0,0,0,0,0,0,0,0,0,0
100025,2,1,0,35,0,0,0,0,0,0,0,0
100026,0,1,2,0,0,0,0,0,0,0,0,0
100026,1,1,0,0,0,0,0,0,0,25,0,0
100027,1,1,5,5,5,5,5,5,5,5,5,5
100027,2,1,13,13,13,13,13,13,13,13,13,13
100028,1,1,0,0,0,0,0,0,0,0,0,0
100028,2,1,0,0,0,0,0,0,3,0,0,0
100029,1,1,4,4,4,4,4,4,4,4,4,4
100029,2,1,0,0,0,0,0,0,0,0,0,0
100030,0,1,0,0,0,0,0,0,0,0,0,0
100030,1,1,0,0,0,0,0,0,5,0,0,0
100031,1,1,23,23,23,23,23,23,23,23,23,23
100031,2,1,0,0,0,0,0,0,0,7,0,0
100032,0,1,0,20,8,0,0,14,35,41,14,9
100032,1,1,10,10,10,10,10,10,10,10,10,10
100033,0,1,4,0,0,0,0,0,18,0,0,0
100033,1,1,0,0,0,0,0,0,0,0,0,0
100034,1,1,23,23,23,23,23,23,23,23,23,23
100034,2,1,0,0,0,0,0,0,0,0,0,0
100035,1,1,0,0,0,0,0,0,0,0,0,0
100035,2,1,0,0,0,0,0,0,0,0,0,0
100036,0,1,0,0,0,0,0,0,0,0,0,0
100036,1,1,0,0,0,0,0,0,0,0,0,0
100037,1,1,0,0,0,0,0,0,0,0,0,0
100038,1,1,0,0,0,0,0,0,0,0,0,0
100038,2,1,0,0,0,0,0,0,0,0,0,0
100038,4,1,0,0,0,0,0,0,0,0,0,0
100039,1,1,0,0,0,0,0,0,0,0,0,0
100039,2,1,0,0,0,0,0,0,0,0,0,0
100040,1,1,0,0,0,0,0,0,0,0,0,0
100040,2,1,0,0,0,0,0,0,0,0,0,0
100041,0,1,0,0,0,0,0,0,0,0,0,0
100041,1,1,23,16,8,14,28,0,5,10,19,0
100042,1,1,21,21,21,21,21,21,21,21,21,21
100043,1,1,17,17,17,17,17,17,17,17,17,17
100044,0,1,0,0,0,0,0,7,0,0,0,0
100044,1,1,0,0,0,22,0,0,0,0,0,0
100045,1,1,18,16,16,14,3,28,25,12,14,5
100046,1,1,0,0,0,0,0,0,0,0,0,0
100046,2,1,0,0,0,0,0,0,0,0,0,0
100047,0,1,0,0,0,0,0,0,0,0,0,0
100047,1,1,0,0,0,0,0,0,0,0,0,0
100048,1,1,0,0,0,0,0,0,0,0,0,0
100048,2,1,0,0,0,0,0,0,0,0,0,0
100048,3,1,0,0,0,0,0,0,0,0,0,0
100049,1,1,4,4,4,4,4,4,4,4,4,4
100049,2,1,0,0,14,0,0,0,0,0,0,0
100050,0,1,18,18,18,18,18,18,18,18,18,18
100050,1,1,0,0,0,28,0,24,19,18,26,0
100051,0,1,22,22,22,22,22,22,22,22,22,22
100051,1,1,0,0,19,0,0,0,16,0,0,0
100052,0,1,0,0,0,0,0,0,0,0,0,0
100052,1,1,0,0,0,0,0,0,0,0,12,0
100053,1,1,23,23,23,23,23,23,23,23,23,23
100053,2,1,0,0,0,0,0,0,0,0,0,0
100054,1,1,0,0,0,0,0,0,0,0,0,0
100054,2,1,0,0,0,0,0,0,0,0,0,0
100055,1,1,0,0,0,0,0,0,0,0,0,0
100055,2,1,0,20,0,0,0,0,25,0,20,0
100056,0,1,0,0,0,0,0,0,0,0,0,0
100056,1,1,0,0,0,0,0,0,0,0,0,21
100057,1,1,0,0,0,0,0,0,0,0,0,0
100057,2,1,0,0,0,0,38,0,0,0,8,0
100057,3,1,9,0,0,0,0,0,9,3,0,0
100057,4,1,0,0,0,0,0,0,0,0,0,0
100058,0,1,0,0,0,0,0,0,0,0,0,0
100058,1,1,0,0,0,0,0,0,0,0,0,0
100059,1,1,0,0,0,0,0,0,0,0,0,14
100059,2,1,20,0,0,0,0,0,0,0,0,0
100060,0,1,0,0,0,0,0,0,0,0,0,0
100060,1,1,15,15,15,15,15,15,15,15,15,15
100061,1,1,0,0,0,0,0,0,0,0,0,0
100062,0,1,0,0,0,0,0,0,0,0,0,0
100062,1,1,0,0,0,11,0,12,0,0,0,0
100063,0,1,30,30,30,30,30,30,30,30,30,30
100063,1,1,16,37,14,0,13,0,0,5,0,0
100064,1,1,0,0,0,0,0,0,0,0,0,0
100065,0,1,21,21,21,21,21,21,21,21,21,21
100065,1,1,0,0,4,36,0,0,0,21,0,0
100066,0,1,0,0,0,0,0,0,0,0,0,0
100066,1,1,0,0,0,0,0,0,0,0,0,0
100067,1,1,0,0,0,0,0,0,0,0,0,0
100067,2,1,0,0,0,0,0,0,0,0,0,0
100068,0,1,34,34,34,34,34,34,34,34,34,34
100068,1,1,0,0,0,0,0,0,0,0,0,0
100069,0,1,0,16,0,0,0,18,0,0,0,0
100069,1,1,0,0,0,0,0,20,0,0,0,0
100070,0,1,0,0,0,0,0,0,0,0,0,0
100070,4,1,0,0,0,0,0,0,0,0,0,0
100071,0,1,3,3,3,3,3,3,3,3,3,3
100071,1,1,0,0,17,14,5,0,0,9,0,0
100073,0,1,8,8,8,8,8,8,8,8,8,8
100073,1,1,0,0,0,0,0,0,0,0,0,0
100074,1,1,0,0,0,0,0,0,0,0,0,0
100074,2,1,0,0,0,0,0,0,0,0,0,0
100075,1,1,0,0,0,0,0,0,0,0,0,0
100075,2,1,0,0,0,0,0,0,0,0,0,0
100075,3,1,0,0,0,0,0,0,0,0,0,0
100075,4,1,0,0,0,15,0,0,0,0,0,0
100075,5,1,18,0,0,0,0,0,0,0,0,0
100076,1,1,0,0,0,0,0,0,0,0,9,0
100076,2,1,0,0,0,0,0,0,0,0,0,0
100077,1,1,13,13,13,13,13,13,13,13,13,13
100078,1,1,0,0,0,0,0,0,0,0,0,0
100079,1,1,0,0,0,0,0,0,0,0,0,0
100080,1,1,0,0,0,0,0,0,0,0,0,0
100080,2,1,0,0,0,0,0,0,0,0,0,0
100081,0,1,0,0,0,0,0,0,0,0,0,0
100081,1,1,0,19,14,0,0,0,0,0,0,0
100082,0,1,0,0,0,0,0,0,0,0,0,0
100082,1,1,0,0,0,0,0,0,0,0,0,0
100083,1,1,0,0,0,0,0,0,0,0,0,0
100083,2,1,0,0,0,0,0,0,0,0,0,0
100084,1,1,10,10,10,10,10,10,10,10,10,10
100084,2,1,0,0,0,0,0,0,0,0,0,0
100085,1,1,5,5,5,5,5,5,5,5,5,5
100085,2,1,0,0,0,0,0,0,0,0,0,0
100086,1,1,0,0,0,0,0,0,0,0,0,0
100086,2,1,0,0,0,0,0,0,0,0,0,0
100086,3,1,0,0,0,0,0,0,0,0,0,12
100086,4,1,0,7,0,0,0,0,20,0,0,0
100086,5,1,0,0,0,0,0,0,0,0,0,0
100087,1,1,0,0,0,0,0,0,0,0,0,0
100087,2,1,0,0,0,0,0,0,0,0,0,0
100088,1,1,0,0,0,0,0,0,0,0,0,0
100088,2,1,0,0,0,0,0,0,0,0,0,0
100089,0,1,0,0,0,0,0,0,0,0,0,0
100089,1,1,0,28,0,0,10,0,0,0,0,0
100090,1,1,0,0,0,0,0,0,0,0,0,0
100090,2,1,0,0,0,0,0,0,0,0,0,0
100090,3,1,0,0,0,0,0,0,0,0,0,0
100090,4,1,0,0,26,0,0,0,0,0,0,0
100091,1,1,0,0,0,0,0,0,0,0,0,0
100091,2,1,0,0,0,0,0,0,0,0,0,0
100091,3,1,0,0,0,0,0,0,0,0,0,0
100092,1,1,6,6,6,6,6,6,6,6,6,6
100093,1,1,25,25,25,25,25,25,25,25,25,25
100093,2,1,0,0,0,0,0,0,0,0,0,0
100094,0,1,18,18,18,18,18,18,18,18,18,18
100094,1,1,0,0,0,0,0,7,0,0,0,0
100095,1,1,0,0,0,0,0,0,0,0,0,0
100095,2,1,0,0,0,0,0,0,0,0,0,0
100096,1,1,0,0,0,0,0,0,0,0,0,0
100097,1,1,0,0,0,0,0,0,0,0,0,0
100097,2,1,0,0,0,0,0,0,0,0,0,0
100098,1,1,0,0,0,0,0,0,0,0,0,0
100099,1,1,0,0,0,0,0,0,0,0,0,0
100100,1,1,0,0,0,0,0,0,0,0,0,0
100100,2,1,0,0,0,0,0,0,0,0,0,0
100100,3,1,0,0,0,0,0,0,0,0,0,0
100101,1,1,0,0,0,0,0,0,0,0,0,0
100101,2,1,0,0,0,0,0,0,0,0,0,0
100102,1,1,29,29,29,29,29,29,29,29,29,29
100102,2,1,0,0,0,0,0,0,0,0,0,0
100103,1,1,17,17,17,17,17,17,17,17,17,17
100103,2,1,0,0,0,0,0,0,12,0,12,0
100104,1,1,4,4,4,4,4,4,4,4,4,4
100104,2,1,0,0,0,0,0,0,0,0,0,0
100105,1,1,24,24,24,24,24,24,24,24,24,24
110001,0,1,38,38,38,38,38,38,38,38,38,38
110001,1,1,0,0,11,0,0,15,12,11,15,0
110003,0,1,29,11,23,0,0,19,0,0,0,0
110003,1,1,0,0,0,0,0,0,0,0,0,0
110004,1,1,16,16,16,16,16,16,16,16,16,16
110004,2,1,0,0,0,0,0,0,0,0,0,0
110005,0,1,0,0,0,0,0,0,0,0,0,0
110005,1,1,0,0,0,0,0,0,0,0,0,0
110006,1,1,19,0,25,0,15,0,6,0,0,0
110006,2,1,0,6,0,0,0,0,0,0,0,0
110007,1,1,0,0,0,0,0,0,0,14,32,0
110007,2,1,0,0,0,0,0,0,0,0,0,0
110008,0,1,22,22,22,22,22,22,22,22,22,22
110008,1,1,18,18,18,18,18,18,18,18,18,18
110009,0,1,0,0,0,21,0,0,19,0,0,23
110009,1,1,0,0,0,0,0,0,0,0,0,0
110009,2,1,0,0,0,0,0,0,0,0,0,0
110009,3,1,0,0,0,0,0,0,9,0,0,0
110010,0,1,20,20,20,20,20,20,20,20,20,20
110010,1,1,25,12,29,5,14,10,0,0,0,0
110011,1,1,0,0,0,0,0,0,0,23,0,0
110011,2,1,0,0,14,0,0,15,0,0,0,0
110012,1,1,0,0,0,0,0,0,0,0,0,0
110012,2,1,0,0,0,0,0,0,0,0,0,0
110013,0,1,0,23,17,48,27,14,26,0,0,24
110013,1,1,0,0,0,0,0,0,0,0,0,0
110014,1,1,0,0,0,0,0,0,0,0,0,0
110015,1,1,1,1,1,1,1,1,1,1,1,1
110015,2,1,0,0,0,0,0,0,0,0,0,0
110016,1,1,0,12,0,5,0,11,12,14,3,0
110016,2,1,0,28,19,0,25,17,13,0,0,0
110016,3,1,14,0,0,14,0,19,5,0,3,0
110016,4,1,0,0,0,0,0,0,20,0,0,15
110017,0,1,0,29,0,0,15,0,0,0,0,27
110017,1,1,8,34,0,5,0,8,9,0,0,3
110018,0,1,0,0,0,0,0,0,0,0,0,0
110018,1,1,0,0,0,0,0,0,0,0,0,0
110019,0,1,15,15,15,15,15,15,15,15,15,15
110019,1,1,11,0,0,0,0,0,0,0,0,0
110020,0,1,0,0,0,0,0,0,0,0,0,0
110020,1,1,0,0,0,0,0,13,0,0,0,0
110021,0,1,0,0,0,0,0,0,0,0,0,0
110021,1,1,0,0,0,0,0,0,0,0,0,0
110022,1,1,0,0,19,0,4,0,18,15,0,0