ST_CASE,VEH_NO,PER_NO,P1,P2,P3,P4,P5,P6,P7,P8,P9,P10
110023,1,1,0,0,0,0,0,0,0,0,0,0
110023,2,1,8,8,8,8,8,8,8,8,8,8
110024,0,1,0,0,0,0,0,0,0,0,0,0
110024,0,2,0,0,13,0,0,0,0,0,19,0
110024,1,1,0,0,0,0,0,0,0,0,0,17
110025,1,1,16,16,16,16,16,16,16,16,16,16
110026,0,1,0,0,0,0,0,0,0,0,0,0
110026,1,1,0,0,0,0,0,0,0,0,0,0
110027,1,1,0,0,0,0,0,0,0,0,0,0
110028,1,1,0,0,0,0,0,0,0,0,0,0
110028,2,1,0,0,11,0,0,0,0,0,6,14
110029,1,1,0,0,0,0,0,0,0,0,0,0
110030,0,1,0,0,0,0,0,0,0,0,0,0
110030,0,2,0,0,0,0,0,0,0,0,0,0
110030,1,1,0,0,0,0,0,0,0,0,0,0
110031,1,1,0,0,0,0,8,0,0,0,0,0
110031,2,1,0,0,0,0,0,0,0,0,0,0
120001,1,1,0,0,0,0,0,0,0,0,0,0
120002,1,1,0,0,16,0,8,19,0,0,0,0
120002,2,1,0,0,0,0,0,0,0,0,0,0
120004,0,1,22,0,0,0,0,0,0,0,0,0
120004,1,1,0,0,0,0,0,0,0,0,0,0
120005,1,1,35,0,0,0,0,0,0,0,0,17
120007,0,1,17,17,17,17,17,17,17,17,17,17
120007,0,2,0,0,3,0,59,0,0,0,0,0
120007,1,1,0,0,0,0,0,0,0,0,0,0
120008,1,1,0,0,0,0,0,0,0,0,0,0
120008,2,1,0,0,0,0,17,0,0,0,0,0
120009,1,1,16,0,0,0,0,0,0,0,0,0
120009,2,1,0,0,24,0,0,0,0,0,0,0
120010,0,1,17,17,17,17,17,17,17,17,17,17
120010,1,1,0,0,0,0,0,0,0,0,0,0
120011,0,1,0,0,0,0,0,0,0,0,0,0
120011,1,1,0,0,0,0,0,0,0,0,0,0
120012,0,1,0,0,0,0,0,0,0,0,0,0
120012,1,1,0,0,0,0,0,0,21,0,0,0
120013,1,1,0,0,0,0,0,0,0,0,0,0
120014,1,1,0,0,11,0,0,0,0,0,18,0
120014,2,1,0,0,0,0,0,0,0,0,0,0
120015,1,1,0,0,0,22,0,0,0,0,0,0
120015,2,1,0,0,0,0,5,0,0,0,0,0
120016,1,1,0,0,0,0,0,0,0,0,0,0
120017,1,1,0,0,0,0,0,0,0,0,0,0
120017,2,1,0,0,0,0,0,0,0,0,0,0
120018,1,1,8,8,8,8,8,8,8,8,8,8
120018,2,1,0,13,16,0,0,0,0,0,0,0
120019,1,1,0,0,0,0,0,0,2,13,0,0
120020,0,1,10,0,0,27,0,0,0,16,17,0
120020,1,1,0,0,0,0,0,10,0,0,0,0
120021,1,1,21,0,7,0,0,0,0,0,0,0
120022,1,1,0,0,0,0,0,0,0,0,0,0
120022,2,1,0,0,0,0,0,0,0,0,0,0
120023,0,1,0,0,0,0,0,0,0,0,0,0
120023,1,1,0,0,0,0,0,0,0,0,0,0
120023,2,1,0,0,0,0,0,0,0,0,0,0
120024,1,1,19,19,19,19,19,19,19,19,19,19
120026,1,1,0,0,0,0,0,0,0,0,0,0
120026,2,1,0,0,0,0,0,0,0,0,0,0
120027,2,1,0,0,0,0,0,0,0,0,0,0
120027,3,1,0,0,0,0,0,0,0,0,0,0
120028,1,1,13,13,13,13,13,13,13,13,13,13
120028,2,1,0,0,0,0,0,0,0,0,0,0
120029,1,1,0,0,0,0,0,0,0,0,0,0
120029,2,1,0,0,0,0,0,0,0,0,0,0
120030,1,1,3,0,0,0,0,0,6,6,8,0
120031,1,1,0,0,0,0,0,0,0,0,0,0
120031,2,1,0,0,0,0,25,0,0,0,10,0
120031,3,1,0,0,0,0,0,0,0,0,0,0
120032,1,1,0,0,0,0,0,0,0,0,0,0
120032,2,1,0,0,0,0,0,0,0,0,0,0
120033,1,1,0,0,10,0,0,0,0,0,11,0
120033,2,1,0,0,0,0,0,0,0,0,0,0
120033,3,1,0,0,0,0,0,0,0,0,0,0
120034,1,1,30,30,30,30,30,30,30,30,30,30
120035,1,1,0,9,0,13,0,0,4,0,0,5
120036,1,1,0,0,0,21,0,22,0,0,0,0
120038,0,1,0,16,0,0,0,0,0,0,0,0
120038,1,1,0,0,10,0,0,0,0,0,0,0
120039,1,1,0,0,0,0,0,0,0,0,0,0
120039,2,1,0,0,0,0,0,0,0,0,0,22
120040,1,1,0,0,10,0,0,0,0,0,0,0
120041,1,1,19,19,19,19,19,19,19,19,19,19
120042,0,1,0,0,0,0,0,0,0,0,0,0
120042,1,1,0,0,0,0,0,0,0,0,0,0
120043,1,1,18,0,0,15,25,29,0,8,0,17
120043,2,1,0,0,0,0,0,0,0,0,0,0
120044,1,1,0,14,0,0,0,8,0,19,19,0
120044,2,1,0,0,0,0,0,0,0,0,0,0
120045,1,1,0,0,0,0,33,0,0,0,0,0
120045,2,1,0,0,0,0,0,0,0,0,0,0
120046,1,1,0,0,0,0,0,0,0,20,13,0
120047,1,1,25,25,25,25,25,25,25,25,25,25
120048,1,1,14,14,14,14,14,14,14,14,14,14
120048,2,1,0,0,0,0,0,0,0,0,0,4
120049,0,1,0,0,0,0,0,0,0,0,0,0
120049,1,1,0,0,0,0,0,0,0,0,0,0
120050,1,1,4,4,4,4,4,4,4,4,4,4
120050,2,1,0,0,0,0,0,0,0,0,0,0
120051,1,1,0,0,0,0,15,0,0,0,0,0
120051,2,1,0,0,0,0,0,0,0,0,0,0
120052,0,1,0,0,0,0,0,0,0,0,0,0
120052,1,1,0,0,0,0,0,0,0,0,0,0
120053,1,1,14,14,14,14,14,14,14,14,14,14
120053,2,1,0,0,0,0,0,0,0,0,0,0
120054,1,1,0,0,0,0,0,0,22,0,0,0
120055,1,1,0,0,0,0,0,0,0,0,0,0
120055,2,1,0,0,0,0,0,0,0,0,0,0
120056,1,1,0,0,0,0,0,0,0,0,0,0
120057,1,1,10,10,10,10,10,10,10,10,10,10
120058,1,1,0,0,0,0,0,0,0,0,0,0
120058,2,1,0,0,0,0,0,0,0,0,0,0
120059,1,1,0,0,0,0,0,0,0,0,0,0
120060,0,1,20,20,20,20,20,20,20,20,20,20
120060,1,1,0,0,0,0,0,14,0,7,0,0
120062,1,1,0,0,0,0,0,0,0,14,0,0
120062,2,1,0,0,0,0,0,0,0,0,8,0
120063,1,1,0,0,0,0,0,0,0,0,0,0
120064,0,1,26,26,26,26,26,26,26,26,26,26
120064,1,1,0,0,0,0,0,0,0,0,0,0
120066,0,1,0,0,0,0,0,0,0,0,0,0
120066,1,1,9,21,15,16,4,13,16,0,10,0
120067,1,1,0,0,0,0,0,0,0,0,0,0
120068,1,1,0,0,0,0,0,0,4,0,17,13
120068,2,1,0,0,0,0,0,0,0,0,0,0
120069,1,1,5,0,0,0,0,0,0,0,0,0
120069,2,1,13,0,0,0,0,0,0,0,0,0
120070,0,1,0,0,0,0,0,0,0,0,0,0
120070,0,2,0,0,0,0,0,0,0,0,0,0
120070,1,1,0,0,0,0,0,0,0,0,0,0
120071,1,1,0,0,3,0,0,0,0,0,0,0
120071,2,1,0,0,0,0,0,0,0,0,0,0
120072,1,1,3,3,3,3,3,3,3,3,3,3
120073,1,1,0,0,0,0,0,0,0,0,0,0
120074,1,1,0,0,0,0,0,0,0,0,0,0
120074,2,1,0,0,0,0,0,0,0,0,0,0
120075,0,1,0,0,0,0,0,0,0,0,0,0
120075,1,1,0,0,0,0,0,21,0,0,0,0
120076,0,1,0,0,0,0,0,0,0,0,0,0
120076,1,1,0,0,0,0,0,0,0,0,0,0
120077,1,1,0,0,0,0,0,0,0,0,0,0
120077,2,1,0,0,0,0,0,27,0,0,0,0
120078,1,1,0,0,0,0,0,0,0,0,0,0
120078,2,1,0,0,0,0,0,0,0,0,0,0
120078,3,1,0,0,0,0,0,25,0,0,0,0
120079,1,1,0,0,0,0,0,0,0,0,0,0
120079,2,1,0,0,0,0,0,0,0,0,0,0
120080,1,1,0,0,0,0,0,0,0,0,0,0
120082,0,1,0,15,0,14,0,0,0,0,0,0
120082,1,1,0,0,0,0,0,0,0,0,0,0
120083,0,1,17,24,0,0,0,23,0,0,0,0
120083,1,1,0,0,0,0,0,0,10,0,0,0
120083,2,1,0,0,21,0,0,0,0,0,0,6
120084,0,1,0,0,0,0,0,0,0,0,0,0
120084,1,1,0,0,0,0,0,0,0,0,0,0
120085,0,1,21,21,21,21,21,21,21,21,21,21
120085,1,1,6,13,16,13,11,5,5,13,0,9
120086,1,1,0,13,0,0,0,12,0,0,0,0
120087,1,1,0,0,0,0,0,0,0,0,0,0
120087,2,1,0,0,0,0,0,0,0,0,0,0
120088,1,1,9,0,0,0,0,0,0,0,0,0
120088,2,1,0,0,6,0,0,0,0,0,0,0
120089,1,1,8,8,8,8,8,8,8,8,8,8
120090,1,1,22,22,22,22,22,22,22,22,22,22
120091,1,1,29,29,29,29,29,29,29,29,29,29
120091,2,1,0,0,0,0,0,0,0,0,0,0
120092,1,1,0,0,0,0,0,0,0,0,0,0
120092,2,1,0,0,0,0,0,0,0,0,0,0
120093,1,1,13,13,13,13,13,13,13,13,13,13
120094,0,1,10,10,10,10,10,10,10,10,10,10
120094,2,1,0,0,0,0,0,0,0,0,0,0
120094,3,1,0,0,0,0,0,0,0,0,0,0
120095,1,1,0,0,0,0,0,0,0,0,0,0
120095,2,1,0,0,0,0,0,0,0,0,0,0
120096,0,1,0,0,0,0,0,0,0,0,14,0
120096,1,1,0,23,0,0,0,0,0,0,0,0
120097,0,1,0,25,0,25,15,17,5,0,0,14
120097,1,1,0,0,0,0,26,0,0,0,16,0
120098,1,1,0,0,0,0,0,0,0,0,0,0
120099,1,1,0,0,0,0,0,0,0,0,0,0
120099,2,1,0,0,0,0,0,0,0,12,0,0
120100,1,1,0,0,0,0,0,0,0,0,0,0
120100,2,1,0,0,0,0,0,0,0,0,0,0
120101,0,1,26,0,11,24,18,7,17,36,14,23
120101,1,1,0,0,0,25,0,0,0,0,0,0
120103,0,1,0,0,0,0,0,0,0,0,0,0
120103,1,1,0,0,0,8,0,0,0,0,0,0
120104,1,1,0,0,0,0,0,0,0,0,0,0
120104,2,1,25,0,0,0,0,0,0,0,0,0
120105,1,1,11,11,11,11,11,11,11,11,11,11
120106,0,1,11,11,11,11,11,11,11,11,11,11
120106,1,1,0,0,14,0,0,0,0,0,0,0
120107,1,1,0,0,0,0,0,0,0,0,0,0
120107,2,1,0,0,0,0,0,0,0,0,0,0
120108,0,1,18,18,18,18,18,18,18,18,18,18
120108,1,1,0,16,8,21,12,9,31,20,14,15
120109,0,1,0,0,0,0,0,29,0,0,0,0
120109,0,2,34,0,0,0,0,0,0,0,0,0
120109,1,1,0,0,0,0,0,0,0,0,0,0
120110,1,1,0,0,0,0,0,0,0,0,0,0
120110,2,1,0,0,0,0,0,0,0,0,0,0
120111,1,1,25,25,25,25,25,25,25,25,25,25
120112,1,1,0,0,0,0,0,0,0,0,0,0
120112,2,1,0,0,0,0,0,0,0,0,0,0
120113,1,1,0,0,0,0,0,0,5,0,0,0
120113,2,1,0,0,0,0,0,0,0,0,0,0
120114,1,1,11,11,11,11,11,11,11,11,11,11
120115,1,1,0,0,0,0,0,0,0,0,0,0
120116,0,1,0,0,0,0,0,0,0,26,0,0
120116,1,1,15,15,15,15,15,15,15,15,15,15
120116,2,1,0,0,0,0,0,15,0,0,0,0
120116,3,1,0,0,0,0,0,0,0,0,0,0
120116,4,1,0,0,0,0,0,9,0,0,0,0
120117,1,1,0,0,0,0,0,0,0,0,0,0
120117,2,1,0,0,0,0,15,0,0,0,0,0
120117,3,1,0,0,0,0,0,0,0,0,0,0
120117,4,1,0,0,0,0,0,0,0,0,0,0
120118,1,1,0,0,0,0,0,0,0,0,0,0
120118,2,1,12,0,0,0,0,0,24,0,0,0
120119,1,1,23,23,23,23,23,23,23,23,23,23
120120,1,1,9,9,9,9,9,9,9,9,9,9
120121,1,1,7,0,8,0,9,0,0,0,0,0
120121,2,1,0,0,0,0,0,0,0,0,0,0
120121,3,1,0,0,0,0,0,0,0,17,0,0
120122,1,1,0,15,0,0,0,0,0,0,25,16
120122,2,1,0,11,0,0,0,0,0,19,0,20
120123,1,1,0,0,0,0,0,0,0,0,0,0
120123,2,1,0,0,0,0,0,0,0,0,0,0
120124,1,1,23,23,23,23,23,23,23,23,23,23
120126,0,1,14,14,14,14,14,14,14,14,14,14
120126,1,1,0,0,0,0,0,0,0,0,0,0
120127,1,1,0,0,0,0,0,0,0,0,0,0
120128,1,1,13,13,13,13,13,13,13,13,13,13
120128,2,1,2,2,2,2,2,2,2,2,2,2
120129,1,1,0,0,0,0,0,0,0,0,0,0
120129,2,1,0,0,0,0,0,0,0,0,0,0
120129,3,1,0,0,0,0,0,0,0,0,0,0
120130,0,1,0,0,0,0,0,0,0,0,0,0
120130,1,1,0,0,0,0,0,0,0,0,0,0
120131,1,1,0,0,0,0,0,0,0,0,0,0
120131,2,1,0,0,0,28,0,0,0,0,0,0
120133,1,1,0,0,0,0,0,0,0,0,0,0
120134,1,1,0,0,0,0,0,0,0,0,0,0
120135,0,1,24,24,24,24,24,24,24,24,24,24
120135,1,1,0,0,9,0,0,0,9,0,14,0
120136,0,1,9,0,0,0,20,0,0,24,0,0
120136,1,1,0,0,0,0,0,0,0,0,0,0
120138,1,1,22,22,22,22,22,22,22,22,22,22
120138,2,1,0,8,0,0,0,0,0,0,0,0
120139,0,1,0,0,0,0,0,0,0,0,0,0
120139,1,1,0,0,0,0,0,0,0,0,0,0
120140,1,1,7,7,7,7,7,7,7,7,7,7
120140,2,1,0,0,0,0,0,0,0,0,0,0
120140,3,1,0,0,0,0,0,0,0,0,0,0
120140,4,1,0,0,0,0,0,0,0,0,0,0
120141,1,1,21,0,23,0,0,0,0,0,3,19
120141,2,1,0,11,0,0,0,0,0,20,0,0
120142,0,1,0,0,0,0,0,0,0,0,0,0
120142,0,2,0,0,0,0,0,0,17,0,0,0
120142,1,1,0,0,0,0,0,0,0,0,0,0
120143,1,1,33,33,33,33,33,33,33,33,33,33
120144,1,1,16,16,16,16,16,16,16,16,16,16
120145,1,1,18,18,18,18,18,18,18,18,18,18
120146,1,1,20,0,0,0,12,0,28,0,0,0
120147,1,1,0,0,0,0,0,0,0,0,0,0
120147,2,1,0,0,0,0,0,0,0,0,0,0
120148,0,1,0,0,6,0,0,0,0,0,0,13
120148,1,1,0,0,0,0,0,0,0,0,0,0
120149,1,1,14,14,14,14,14,14,14,14,14,14
120149,2,1,0,0,10,0,0,0,0,0,0,0
120150,1,1,6,6,6,6,6,6,6,6,6,6
120150,2,1,32,32,32,32,32,32,32,32,32,32
120151,0,1,0,0,0,0,0,0,0,0,0,0
120151,1,1,0,0,0,0,0,0,0,0,0,0
120152,0,1,0,0,0,0,0,0,0,0,0,0
120152,1,1,0,0,0,0,0,0,0,0,0,0
120153,1,1,0,0,0,0,0,0,0,0,0,0
120153,2,1,0,0,0,0,0,0,0,0,0,0
120154,1,1,0,0,0,0,0,0,0,0,0,0
120154,2,1,0,0,0,0,0,0,0,0,0,14
120155,1,1,0,0,0,0,0,0,0,0,0,0
120156,1,1,31,31,31,31,31,31,31,31,31,31
120157,1,1,18,18,18,18,18,18,18,18,18,18
120157,2,1,0,0,0,0,0,0,0,0,0,0
120158,1,1,0,0,0,0,0,0,0,0,0,0
120158,2,1,0,0,0,0,0,0,0,0,0,0
120159,2,1,0,0,0,0,0,0,0,0,0,0
120160,1,1,0,0,0,0,0,0,0,0,0,0
120160,2,1,0,0,0,0,0,0,0,0,0,0
120161,0,1,0,0,0,0,0,0,0,0,0,0
120161,1,1,0,0,0,0,0,0,0,0,0,0
120162,0,1,0,0,0,0,0,0,0,0,0,0
120162,1,1,0,0,0,0,0,0,0,0,0,0
120163,1,1,0,0,0,0,0,0,0,0,0,0
120164,1,1,0,0,0,0,0,0,0,0,0,0
120165,1,1,6,6,6,6,6,6,6,6,6,6
120166,1,1,0,0,29,0,0,0,0,0,0,0
120166,2,1,17,9,19,0,0,0,0,0,0,0
120167,1,1,0,0,0,0,0,0,0,0,0,20
120167,2,1,0,0,0,0,0,0,0,0,0,0
120168,1,1,0,0,0,0,0,0,0,0,0,0
120168,2,1,0,0,31,0,0,0,0,0,0,0
120168,3,1,0,0,0,0,0,0,0,0,0,0
120169,1,1,0,0,0,0,0,0,0,0,0,0
120169,2,1,0,0,0,0,0,0,0,0,0,0
120170,0,1,0,0,0,0,0,0,0,0,0,0
120170,1,1,0,0,0,0,0,0,0,19,0,0
120170,2,1,0,17,0,0,8,0,9,0,0,0
120171,1,1,10,0,21,27,25,11,0,15,5,0
120171,2,1,0,0,9,0,0,0,0,0,0,0
120173,0,1,7,0,0,0,0,0,0,29,0,47
120173,1,1,0,0,0,0,0,0,0,0,0,0
120174,0,1,5,5,5,5,5,5,5,5,5,5
120174,1,1,0,0,0,0,0,0,0,0,0,0
120175,0,1,0,0,0,0,0,0,0,0,0,0
120175,1,1,0,0,0,0,0,36,0,0,0,0
120176,0,1,23,23,23,23,23,23,23,23,23,23
120176,1,1,0,0,0,0,0,0,0,0,0,0
120177,0,1,0,0,0,0,0,0,0,0,0,0
120177,1,1,0,0,0,0,0,0,0,0,0,0
120177,2,1,0,0,0,0,0,0,0,0,0,0
120177,3,1,0,0,0,0,0,0,0,0,0,0
120178,1,1,0,0,0,7,0,0,18,0,0,10
120178,2,1,0,13,0,0,15,0,11,0,0,0
120179,0,1,28,28,28,28,28,28,28,28,28,28
120179,1,1,14,0,0,0,0,7,0,0,0,0
120180,0,1,0,0,0,0,0,0,0,0,0,0
120180,1,1,0,0,0,0,0,0,0,0,0,0
120181,0,1,0,0,0,0,0,0,0,0,11,0
120181,1,1,0,0,0,0,0,0,0,0,0,0
120182,1,1,0,0,0,0,0,0,0,0,0,0
120182,2,1,0,0,0,0,0,7,0,0,0,0
120183,0,1,27,27,27,27,27,27,27,27,27,27
120183,1,1,0,15,22,19,0,0,15,16,19,0
120184,1,1,0,0,27,10,17,0,9,0,0,5
120185,1,1,0,0,0,0,0,0,0,0,0,0
120185,2,1,0,0,0,0,0,0,0,0,0,0
120186,0,1,0,0,0,0,0,0,0,0,0,0
120186,1,1,0,0,0,0,0,0,0,0,21,0
120187,0,1,0,0,0,21,0,0,0,0,0,0
120187,1,1,0,0,0,0,0,0,0,0,0,0
120188,1,1,0,0,0,0,0,0,0,0,14,0
120188,2,1,0,0,0,0,0,0,0,0,0,0
120189,1,1,31,31,31,31,31,31,31,31,31,31
120189,2,1,0,0,0,0,0,0,0,0,0,16
120190,1,1,29,29,29,29,29,29,29,29,29,29
120191,1,1,0,0,0,0,0,0,0,0,0,0
120191,2,1,0,0,0,0,0,0,0,0,0,0
120192,1,1,1,1,1,1,1,1,1,1,1,1
120194,0,1,18,18,18,18,18,18,18,18,18,18
120194,1,1,0,0,0,0,0,14,0,0,17,0
120196,1,1,0,0,0,0,0,0,0,0,0,0
120196,2,1,0,0,0,0,0,0,0,0,0,0
120196,3,1,0,0,0,0,0,0,0,0,0,0
120197,1,1,0,0,0,0,0,0,0,0,0,0
120198,0,1,0,0,0,0,0,0,0,0,0,0
120198,1,1,0,0,0,0,18,0,0,0,0,0
120199,1,1,0,0,0,0,0,0,0,0,0,0
120199,2,1,0,0,0,0,0,0,0,0,0,0
120199,3,1,0,0,0,0,0,0,0,0,0,0
120200,1,1,0,0,0,0,0,0,0,0,0,0
120200,2,1,0,0,0,0,0,0,0,0,0,0
120201,1,1,36,36,36,36,36,36,36,36,36,36
120202,1,1,0,17,22,9,0,0,0,22,0,0
120202,2,1,0,0,0,0,0,0,0,0,0,0
120205,0,1,16,19,10,5,19,26,15,19,42,20
120205,1,1,0,0,0,0,0,0,0,0,26,0
120207,1,1,20,0,0,20,0,0,0,0,15,26
120208,0,1,0,0,0,0,0,0,0,0,0,0
120208,1,1,0,0,0,0,0,0,0,0,0,0
120210,1,1,0,0,0,0,0,35,7,0,0,0
120210,2,1,0,0,0,0,0,0,0,0,0,0
120211,1,1,0,0,0,0,0,0,0,0,0,0
120211,2,1,0,0,0,0,0,0,0,0,0,0
120212,1,1,0,0,0,0,0,0,0,0,0,0
120213,1,1,16,16,16,16,16,16,16,16,16,16
120214,1,1,0,0,0,12,0,0,0,0,0,0
120215,0,1,28,26,0,20,18,0,0,0,0,14
120215,1,1,17,0,0,0,0,0,0,0,0,8
120216,0,1,0,0,0,0,0,0,0,0,39,0
120216,1,1,0,0,0,0,0,0,0,0,0,0
120217,1,1,0,0,0,0,0,0,0,0,0,0
120217,2,1,0,0,0,0,0,0,0,0,0,0
120218,1,1,0,0,0,0,0,0,0,0,0,0
120219,1,1,0,0,0,0,0,0,0,0,0,0
120220,1,1,0,0,0,0,0,0,0,0,0,0
120221,0,1,0,0,0,0,0,0,0,0,0,0
120221,1,1,0,0,0,0,0,0,0,0,0,0
120222,1,1,22,22,22,22,22,22,22,22,22,22
120222,2,1,0,0,0,0,0,0,0,0,0,0
120223,1,1,0,0,0,0,0,0,0,0,0,0
120223,2,1,0,0,0,0,0,0,0,0,0,0
120224,1,1,0,0,0,0,0,0,0,0,0,0
120224,2,1,9,0,0,0,15,0,0,0,0,0
120225,1,1,15,15,15,15,15,15,15,15,15,15
120225,2,1,9,4,7,19,12,11,0,19,19,6
120226,1,1,0,0,0,0,0,0,0,0,0,0
120226,2,1,0,0,0,0,0,0,0,0,0,0
120227,1,1,19,13,21,17,9,9,16,19,12,17
120227,2,1,0,0,18,21,13,12,0,12,0,12
120228,1,1,29,29,29,29,29,29,29,29,29,29
120229,1,1,0,0,0,0,0,0,0,0,0,0
120229,2,1,0,0,0,0,0,0,0,0,0,0
120230,1,1,0,0,0,0,0,0,0,0,0,0
120230,2,1,0,0,0,0,0,0,0,0,0,0
120231,1,1,0,0,0,0,0,0,0,0,0,0
120232,1,1,0,0,0,0,0,0,0,0,0,0
120234,1,1,38,38,38,38,38,38,38,38,38,38
120235,1,1,21,21,21,21,21,21,21,21,21,21
120236,1,1,0,0,0,0,0,0,0,0,0,0
120236,2,1,0,0,0,0,0,0,0,0,0,0
120236,3,1,0,0,0,0,0,0,0,0,0,0
120237,0,1,0,33,25,19,0,0,0,0,0,0
120237,1,1,0,0,0,0,0,0,0,0,0,0
120238,0,1,0,21,33,0,25,4,0,10,7,0
120238,1,1,0,0,0,0,0,0,0,0,0,0
120239,0,1,0,0,7,0,30,0,0,5,13,0
120239,1,1,0,0,0,0,9,0,0,0,0,0
120240,1,1,0,0,0,0,0,0,0,0,0,0
120240,2,1,0,0,0,0,10,0,0,0,0,0
120241,1,1,0,0,0,0,0,0,0,0,0,0
120241,2,1,0,0,0,0,0,0,0,0,0,0
120242,0,1,0,14,0,0,32,9,36,0,21,21
120242,1,1,0,0,12,0,0,0,0,0,0,0
120243,1,1,0,0,0,13,0,0,0,0,0,0
120243,2,1,0,0,0,0,0,0,0,0,0,0
120244,1,1,0,0,0,0,0,0,0,0,0,0
120245,0,1,24,24,24,24,24,24,24,24,24,24
120245,1,1,0,0,0,0,0,0,0,0,0,0
120246,1,1,0,1,0,0,0,0,11,0,13,0
120247,0,1,0,0,0,0,0,0,15,0,0,0
120247,1,1,22,11,33,0,14,16,30,14,17,0
120248,1,1,16,16,16,16,16,16,16,16,16,16
120249,1,1,0,0,0,0,0,0,0,0,0,0
120250,0,1,0,0,0,0,0,0,0,0,0,0
120250,1,1,0,0,33,0,0,15,0,0,0,0
120252,0,1,0,0,0,0,0,0,0,0,0,0
120252,1,1,0,0,0,0,0,0,0,0,0,0
120254,1,1,9,9,9,9,9,9,9,9,9,9
120255,0,1,0,0,0,0,0,0,0,0,0,0
120255,1,1,0,0,0,12,0,0,0,0,0,0
120256,1,1,25,25,25,25,25,25,25,25,25,25
120258,0,1,35,35,35,35,35,35,35,35,35,35
120258,1,1,0,10,0,0,0,0,0,12,21,12
120259,0,1,0,0,0,0,0,0,0,0,0,0
120259,1,1,0,0,0,29,0,6,0,0,0,15
120260,0,1,17,17,17,17,17,17,17,17,17,17
120260,1,1,0,0,0,0,0,0,0,0,0,0
120261,1,1,0,0,0,0,0,0,0,0,0,0
120262,1,1,0,0,0,0,0,0,0,0,0,0
120262,2,1,0,0,0,0,0,0,0,0,0,0
120263,0,1,0,0,0,0,0,0,0,0,0,0
120263,1,1,37,7,3,15,22,0,21,8,27,27
120264,1,1,0,0,0,0,0,0,0,0,0,0
120264,2,1,0,0,0,0,0,0,0,0,0,0
120265,1,1,0,0,0,17,17,0,0,0,0,0
120266,1,1,0,0,0,0,0,0,0,0,0,0
120267,0,1,0,0,0,0,0,0,18,0,0,0
120267,1,1,0,0,0,0,0,0,0,0,0,0
120270,1,1,0,0,0,0,0,0,0,0,23,0
120271,0,1,0,0,24,9,21,16,0,0,0,0
120271,1,1,5,0,0,0,0,0,0,0,0,0
120272,1,1,0,27,10,0,19,0,0,0,7,6
120272,2,1,12,12,12,12,12,12,12,12,12,12
120274,1,1,21,21,21,21,21,21,21,21,21,21
120275,0,1,9,11,35,10,11,12,49,24,26,30
120275,1,1,0,0,0,0,0,0,0,0,0,0
120276,1,1,0,0,0,0,0,0,0,0,0,0
120276,2,1,0,0,0,0,0,0,0,0,0,0
120277,1,1,0,0,0,0,0,0,0,0,0,0
120277,2,1,12,0,10,0,20,0,17,0,0,13
120278,0,1,0,0,28,0,0,0,0,0,27,0
120278,1,1,20,0,0,0,0,0,0,18,0,16
120279,1,1,24,24,24,24,24,24,24,24,24,24
120280,1,1,0,0,0,0,0,0,0,0,0,0
120280,2,1,0,0,0,0,0,0,0,0,0,0
120281,0,1,18,0,0,22,0,0,0,14,0,0
120281,0,2,0,54,0,0,0,0,0,15,25,0
120281,1,1,0,14,0,0,0,0,15,24,0,0
120282,1,1,0,0,0,0,0,0,0,0,0,0
120282,2,1,0,0,0,0,0,0,0,0,0,0
120283,1,1,0,0,0,0,0,0,0,0,0,0
120283,2,1,0,0,18,0,0,0,7,0,0,0
120284,0,1,0,0,0,0,0,18,0,30,0,0
120284,1,1,16,0,0,0,0,0,0,11,0,0
120285,0,1,15,0,30,7,0,11,11,0,0,9
120285,1,1,0,0,0,0,0,0,0,0,0,0
120286,1,1,0,0,0,0,0,0,0,0,0,0
120286,2,1,0,0,0,0,0,0,0,0,0,0
120287,1,1,0,0,0,0,17,0,0,0,0,0
120287,2,1,0,0,0,0,0,16,0,0,0,0
120287,3,1,0,0,0,0,0,0,0,0,0,0
120289,0,1,0,3,0,0,0,12,24,0,0,0
120289,1,1,0,0,0,0,0,0,0,0,0,0
120290,1,1,0,0,0,0,0,0,0,0,0,0
120290,2,1,0,0,0,0,0,0,0,0,0,0
120291,0,1,0,0,9,0,0,0,0,0,0,0
120291,1,1,0,0,0,0,0,0,0,0,0,0
120292,1,1,0,0,0,12,4,20,0,11,0,0
120292,2,1,0,0,0,0,0,0,0,0,0,13
120293,0,1,16,10,9,9,4,0,35,22,0,32
120293,1,1,0,24,0,0,0,0,0,0,0,0
120294,1,1,0,0,0,0,0,0,0,0,0,0
120295,1,1,0,0,0,0,0,0,0,0,0,0
120295,2,1,0,0,0,0,9,0,0,0,0,0
120296,0,1,0,0,0,21,0,0,26,0,12,0
120296,1,1,0,0,21,0,0,0,0,0,0,0
120298,0,1,10,10,10,10,10,10,10,10,10,10
120298,1,1,0,0,0,0,0,0,0,0,0,0
120299,1,1,17,17,17,17,17,17,17,17,17,17
120300,1,1,0,0,0,0,0,0,0,8,0,0
120301,1,1,0,0,0,0,0,0,0,0,0,0
120301,2,1,0,0,0,0,0,0,0,0,0,0