ST_CASE,VEH_NO,PER_NO,P1,P2,P3,P4,P5,P6,P7,P8,P9,P10
120302,1,1,2,16,42,17,0,6,6,8,4,30
120302,2,1,0,0,0,0,0,0,0,0,0,0
120303,0,1,0,0,0,0,0,0,0,0,0,0
120303,1,1,0,0,0,0,0,0,0,0,0,0
120305,1,1,0,0,0,0,0,0,0,0,0,0
120305,2,1,0,0,0,0,0,0,0,17,0,8
120306,1,1,18,18,18,18,18,18,18,18,18,18
120307,0,1,13,13,13,13,13,13,13,13,13,13
120307,1,1,0,0,0,0,0,0,0,0,3,0
120309,0,1,0,0,0,0,0,0,0,0,0,0
120309,1,1,0,0,0,0,0,0,0,0,0,0
120310,1,1,0,0,0,0,0,0,0,0,0,0
120312,1,1,0,0,0,0,0,0,22,0,0,0
120312,2,1,0,0,0,0,0,0,0,0,0,0
120313,1,1,8,8,8,8,8,8,8,8,8,8
120314,1,1,0,0,0,0,0,0,0,0,0,0
120314,2,1,0,0,0,0,0,0,0,0,0,0
120315,0,1,0,0,0,0,0,0,0,0,0,0
120315,1,1,0,0,0,0,0,0,0,0,0,0
120316,0,1,0,0,0,0,0,0,0,0,0,0
120316,1,1,0,0,0,0,0,0,0,0,0,0
120317,0,1,0,0,0,0,0,0,0,0,0,0
120317,1,1,0,0,0,0,0,0,0,0,0,0
120318,1,1,0,0,0,0,0,0,0,0,15,0
120318,2,1,0,0,0,0,0,0,0,0,0,0
120319,1,1,0,0,0,0,0,0,0,0,0,0
120320,0,1,0,0,0,0,0,0,0,0,0,0
120320,1,1,0,0,0,0,0,0,0,0,9,0
120321,1,1,8,0,0,0,0,0,0,0,9,0
120321,2,1,10,12,0,8,0,0,0,0,0,4
120323,1,1,0,0,0,0,0,0,0,0,0,0
120324,1,1,0,0,0,0,0,0,0,0,0,0
120325,1,1,0,14,7,20,0,0,4,0,0,46
120326,0,1,14,11,5,0,0,31,0,0,0,39
120326,1,1,0,0,0,0,0,0,0,0,0,18
120327,0,1,20,20,20,20,20,20,20,20,20,20
120327,1,1,0,0,0,0,0,0,0,0,0,0
120328,0,1,0,0,0,0,21,0,28,0,44,0
120328,1,1,24,24,24,24,24,24,24,24,24,24
120328,2,1,0,0,0,0,6,0,0,0,0,0
120329,1,1,17,17,17,17,17,17,17,17,17,17
120331,1,1,0,0,0,0,0,0,0,0,0,0
120331,2,1,0,0,0,0,0,0,0,0,0,0
120332,1,1,0,0,0,0,0,0,0,0,0,0
120334,1,1,0,0,0,0,0,0,0,0,0,0
120334,2,1,0,0,0,0,0,0,0,0,0,0
120335,1,1,6,6,6,6,6,6,6,6,6,6
120335,2,1,0,0,0,0,0,0,0,0,0,0
120336,1,1,5,8,22,14,16,13,14,12,19,2
120336,2,1,0,0,0,0,0,23,11,0,0,0
120337,1,1,21,21,21,21,21,21,21,21,21,21
120338,1,1,11,11,11,11,11,11,11,11,11,11
120339,1,1,0,0,0,0,0,0,0,0,0,0
120339,2,1,0,6,0,0,3,0,0,0,0,0
120340,0,1,15,24,0,9,0,0,0,0,0,0
120340,1,1,0,15,0,0,0,0,0,0,0,0
120341,1,1,0,0,0,0,0,0,0,0,0,0
120341,2,1,0,0,0,0,0,0,0,0,0,0
120342,0,1,0,0,0,0,0,0,0,0,0,0
120342,1,1,25,20,0,3,19,21,0,0,0,0
120343,0,1,0,0,0,0,22,0,12,0,0,0
120343,1,1,0,0,0,23,0,0,0,29,19,0
120344,0,1,6,0,0,20,0,0,0,0,0,0
120344,1,1,0,0,0,0,0,0,0,0,0,0
120345,0,1,0,0,0,0,0,0,0,0,0,0
120345,1,1,0,0,0,0,0,0,0,0,0,0
120346,0,1,0,0,0,0,0,0,0,0,0,0
120346,1,1,0,0,0,0,0,0,0,0,0,0
120347,1,1,0,0,0,0,25,0,0,0,0,0
120348,1,1,0,0,0,0,0,0,0,0,0,13
120349,0,1,0,0,0,0,14,0,10,0,0,0
120349,1,1,0,0,0,19,0,0,0,0,0,0
120350,0,1,0,0,0,0,0,0,0,0,0,0
120350,0,2,0,0,0,0,0,0,0,0,0,0
120350,1,1,40,4,11,17,12,16,13,19,9,19
120351,0,1,0,0,0,12,0,0,0,0,0,0
120351,1,1,0,0,0,0,0,0,0,0,0,0
120352,1,1,0,0,0,0,0,0,0,0,0,0
120352,2,1,0,0,0,0,0,0,0,0,0,0
120353,1,1,0,0,0,0,0,0,0,0,0,0
120353,2,1,0,0,0,0,0,0,0,0,0,0
120354,1,1,0,0,0,0,0,0,0,0,0,0
120354,2,1,0,0,0,0,0,0,0,0,0,0
120355,1,1,4,4,4,4,4,4,4,4,4,4
120355,2,1,0,0,0,0,0,0,0,0,0,0
120356,0,1,27,31,0,6,14,17,16,12,20,50
120356,1,1,0,0,0,0,0,0,0,0,0,0
120357,1,1,0,14,0,0,0,0,0,0,0,0
120357,2,1,0,10,0,10,4,0,0,0,0,21
120358,1,1,19,19,19,19,19,19,19,19,19,19
120359,0,1,0,0,0,0,0,0,0,0,0,0
120359,0,2,0,0,0,0,0,0,0,0,0,0
120359,1,1,0,0,0,0,0,0,0,0,0,0
120360,1,1,0,0,0,0,0,0,0,0,0,0
120360,2,1,0,0,8,0,0,0,0,0,0,0
120361,0,1,0,0,0,0,0,0,0,0,0,0
120361,1,1,0,0,0,0,0,0,0,0,0,0
120363,1,1,0,0,25,0,0,0,0,0,0,0
120363,2,1,0,0,0,0,0,0,0,0,0,0
120364,1,1,0,0,0,0,0,0,0,0,0,0
120364,2,1,0,0,0,0,0,0,0,0,0,0
120365,0,1,4,4,4,4,4,4,4,4,4,4
120365,1,1,0,0,0,0,0,0,0,0,0,0
120366,0,1,0,0,0,0,0,0,0,0,0,0
120366,1,1,0,0,0,0,0,0,0,0,0,0
120367,1,1,11,0,8,0,0,0,0,0,12,0
120367,2,1,0,0,0,0,0,0,0,0,0,0
120367,3,1,0,0,0,0,0,0,0,0,0,0
120367,4,1,0,0,0,0,21,0,0,0,0,0
120368,1,1,8,0,0,26,6,0,0,19,0,0
120369,1,1,0,0,0,0,0,0,0,0,0,0
120369,2,1,0,0,0,0,0,0,0,0,0,0
120370,1,1,0,0,0,0,0,0,0,0,0,0
120370,2,1,0,0,0,0,0,0,0,0,0,0
120370,3,1,0,0,11,0,0,0,0,0,0,0
120371,1,1,0,22,0,0,26,0,0,0,0,0
120372,0,1,0,0,0,22,0,0,0,0,0,0
120372,1,1,0,0,0,0,27,27,0,0,0,0
120372,2,1,0,0,0,0,0,0,0,0,0,0
120372,3,1,0,14,0,0,0,20,0,0,30,0
120373,1,1,0,0,0,0,0,0,0,0,0,0
120373,2,1,11,0,0,0,0,0,20,0,0,0
120374,1,1,0,0,0,0,0,0,0,0,0,0
120374,2,1,0,0,0,0,0,0,0,0,0,0
120375,1,1,7,3,18,14,19,28,25,19,20,0
120376,0,1,0,0,0,0,0,0,0,0,0,0
120376,1,1,0,0,0,0,0,0,0,0,0,0
120377,1,1,18,0,0,0,0,0,0,0,0,0
120377,2,1,0,0,0,0,0,0,0,0,0,0
120378,1,1,0,0,0,0,0,0,0,0,0,0
120378,2,1,0,0,0,0,0,0,0,0,0,0
120379,1,1,30,30,30,30,30,30,30,30,30,30
120381,1,1,0,0,0,0,0,0,0,0,0,0
120381,2,1,0,0,0,0,0,0,0,0,0,0
120382,1,1,0,0,0,0,0,0,0,0,0,0
120383,1,1,21,21,21,21,21,21,21,21,21,21
120383,2,1,0,0,0,14,0,0,0,0,0,0
120384,1,1,20,20,20,20,20,20,20,20,20,20
120384,2,1,0,0,0,0,0,0,0,0,0,0
120385,0,1,0,0,0,0,0,0,0,0,0,0
120385,1,1,0,0,0,0,0,0,0,0,0,5
120386,1,1,0,0,0,0,0,23,0,0,11,0
120386,2,1,0,0,0,0,0,0,18,0,0,0
120386,3,1,0,0,0,0,0,0,0,0,0,0
120387,1,1,16,0,0,0,0,0,0,0,0,0
120387,2,1,6,14,0,0,0,15,0,0,6,0
120388,1,1,27,27,27,27,27,27,27,27,27,27
120388,2,1,0,0,0,0,0,0,0,0,0,0
120389,1,1,0,0,0,0,0,0,0,0,0,0
120389,2,1,0,0,0,0,0,0,0,0,0,0
120390,1,1,0,0,0,0,0,0,0,0,0,0
120390,2,1,0,0,0,0,0,0,0,0,0,0
120391,1,1,0,0,0,0,0,0,0,0,0,0
120391,2,1,0,0,0,0,0,0,0,0,0,0
120392,1,1,0,0,0,0,0,0,0,0,0,0
120393,1,1,0,0,0,0,0,3,0,0,0,10
120393,2,1,13,0,0,0,24,0,0,0,0,2
120394,0,1,18,18,18,18,18,18,18,18,18,18
120394,1,1,0,0,0,0,0,0,8,0,0,15
120395,1,1,0,0,0,0,0,0,0,0,0,0
120395,2,1,0,0,0,0,0,0,0,0,0,0
120396,1,1,19,19,19,19,19,19,19,19,19,19
120396,2,1,0,18,0,0,10,0,17,0,7,0
120396,3,1,0,0,11,16,0,0,0,0,0,0
120398,0,1,0,0,0,0,0,0,0,0,0,0
120398,1,1,0,0,0,0,0,0,0,0,0,0
120399,1,1,0,0,0,0,0,0,0,0,0,0
120400,1,1,0,0,0,0,0,0,0,0,0,0
120400,2,1,2,2,2,2,2,2,2,2,2,2
120401,1,1,14,14,14,14,14,14,14,14,14,14
120402,0,1,32,32,32,32,32,32,32,32,32,32
120402,1,1,0,0,0,0,0,0,0,0,0,0
120403,1,1,0,0,0,0,0,0,0,0,0,0
120403,2,1,0,0,0,0,0,0,0,0,0,0
120404,1,1,0,0,0,0,0,0,0,0,0,0
120404,2,1,0,0,0,0,0,0,0,0,0,0
120405,1,1,0,0,0,0,0,0,0,0,0,0
120405,2,1,0,9,0,9,0,0,0,0,0,0
120406,1,1,0,0,0,11,0,7,0,0,0,0
120406,2,1,0,0,0,0,0,0,0,0,0,0
120409,1,1,0,0,0,0,0,0,0,0,0,0
120410,1,1,0,0,0,0,0,0,0,0,0,0
120411,1,1,0,0,0,0,0,0,0,0,0,0
120412,1,1,0,0,0,0,0,0,0,0,0,0
120412,2,1,0,0,0,0,0,0,0,0,0,0
120413,1,1,0,0,0,0,0,0,0,0,0,0
120413,2,1,0,0,0,0,0,0,0,0,0,0
120414,1,1,0,0,0,0,0,0,0,0,0,0
120414,2,1,0,0,0,0,0,0,0,0,3,0
120414,3,1,0,0,0,0,0,0,0,0,0,0
120415,1,1,0,0,0,0,0,0,0,0,0,0
120415,2,1,0,0,0,0,0,0,0,0,0,0
120415,3,1,0,0,0,0,0,0,0,0,0,0
120415,4,1,0,0,0,0,0,0,0,0,0,0
120415,5,1,0,0,0,0,0,0,0,0,0,0
120415,6,1,18,0,0,0,0,0,0,0,0,0
120415,7,1,0,0,0,0,0,0,0,0,0,0
120415,8,1,0,0,0,0,0,0,0,0,0,0
120416,1,4,0,0,0,0,0,0,0,0,0,0
120416,2,1,0,0,0,0,0,0,0,0,0,0
120417,1,1,0,0,0,0,0,0,0,0,0,0
120418,0,1,0,0,0,0,0,0,0,0,0,0
120418,1,1,0,0,0,0,0,0,0,0,12,0
120419,1,1,0,0,0,0,0,0,0,0,0,0
120420,0,1,0,0,0,0,0,0,0,0,55,0
120420,1,1,0,0,0,0,16,0,0,0,0,0
120422,0,1,23,23,23,23,23,23,23,23,23,23
120422,1,1,23,23,23,23,23,23,23,23,23,23
120423,1,1,0,0,0,0,0,0,0,0,0,0
120423,2,1,0,8,6,0,0,15,0,17,7,13
120424,1,1,25,25,25,25,25,25,25,25,25,25
120425,1,1,18,18,18,18,18,18,18,18,18,18
120426,1,1,11,11,11,11,11,11,11,11,11,11
120428,0,1,12,0,0,10,0,0,0,0,0,0
120428,1,1,0,0,0,0,0,0,0,0,0,0
120429,0,1,0,20,23,0,15,0,16,0,6,0
120429,1,1,0,5,20,12,0,0,0,0,0,0
120430,1,1,0,18,0,0,0,0,0,0,0,0
120430,2,1,0,0,21,0,0,0,8,10,0,0
120431,0,1,0,0,0,0,0,0,0,0,0,0
120431,1,1,0,0,0,0,0,0,0,0,0,19
120432,1,1,0,0,0,0,0,0,0,0,0,0
120432,2,1,0,0,0,0,0,0,0,0,0,0
120433,1,1,0,20,15,0,0,0,0,0,0,0
120433,2,1,0,20,0,13,0,0,0,0,0,0
120434,1,1,0,0,0,0,7,0,21,0,0,0
120435,1,1,0,0,0,0,0,0,0,0,0,0
120435,2,1,0,0,0,0,0,0,0,0,0,0
120436,0,1,0,0,0,0,0,0,0,0,0,0
120436,1,1,0,0,0,0,0,0,0,0,0,0
120437,0,1,0,0,0,0,0,0,0,0,0,0
120437,1,1,0,0,0,0,0,0,0,0,0,0
120438,0,1,0,0,0,0,0,0,0,0,0,0
120438,1,1,0,0,0,0,0,0,0,0,0,0
120439,1,1,0,0,0,0,0,0,0,0,0,0
120439,2,1,0,0,0,0,0,0,0,0,0,0
120439,3,1,0,0,0,0,0,4,0,0,0,0
120440,1,1,0,0,0,0,0,0,0,0,0,0
120441,1,1,26,26,26,26,26,26,26,26,26,26
120442,1,1,0,0,0,0,0,0,0,0,0,0
120442,3,1,30,16,4,0,0,3,0,10,34,0
120442,4,1,0,0,0,0,0,0,26,0,11,0
120442,5,1,0,0,0,0,0,12,0,0,0,0
120442,6,1,0,0,0,3,16,0,0,0,22,0
120443,1,1,0,0,0,0,0,0,0,0,0,0
120444,0,1,0,0,0,0,0,0,0,0,0,0
120444,1,1,0,0,0,0,0,0,0,0,0,0
120445,1,1,0,0,0,0,0,0,0,0,0,0
120446,1,1,0,0,0,0,0,19,0,0,0,0
120446,2,1,0,0,0,0,0,0,0,0,0,0
120447,0,1,28,28,28,28,28,28,28,28,28,28
120447,1,1,0,0,23,0,0,0,0,0,24,0
120448,1,1,0,18,0,0,18,0,0,0,0,0
120448,2,1,0,0,0,0,3,0,0,15,0,14
120449,1,1,0,0,0,0,0,0,0,0,0,0
120450,0,1,26,26,26,26,26,26,26,26,26,26
120450,1,1,0,0,0,0,0,0,0,3,0,0
120451,1,1,0,0,0,0,0,0,15,10,0,0
120451,2,1,0,0,0,0,0,0,0,0,0,0
120452,1,1,0,0,0,0,0,0,0,0,0,0
120453,1,1,16,16,16,16,16,16,16,16,16,16
120454,1,1,0,0,0,0,0,21,0,32,0,0
120454,2,1,19,19,19,19,19,19,19,19,19,19
120455,1,1,0,0,0,0,0,0,0,0,0,0
120455,2,1,0,0,0,0,0,0,0,0,0,0
120456,1,1,22,22,22,22,22,22,22,22,22,22
120456,2,1,16,16,16,16,16,16,16,16,16,16
120457,1,1,8,21,0,0,0,0,0,13,0,5
120457,2,1,0,0,0,8,21,0,13,0,0,0
120458,1,1,0,0,0,0,0,0,0,0,0,0
120458,2,1,0,0,0,0,0,0,0,0,0,0
120458,3,1,0,0,0,0,0,0,0,0,0,0
120459,1,1,0,0,0,0,0,0,0,0,0,0
120460,0,1,0,0,0,0,0,0,0,0,13,0
120460,1,1,0,0,0,0,0,0,0,0,0,0
120461,1,1,0,0,0,0,0,0,0,0,0,0
120462,0,1,11,11,11,11,11,11,11,11,11,11
120462,1,1,12,19,0,26,19,0,0,19,36,4
120463,1,1,25,25,25,25,25,25,25,25,25,25
120465,1,1,0,0,0,0,0,0,0,0,0,0
120465,2,1,0,0,0,0,0,0,0,0,0,0
120466,0,1,0,0,0,0,0,0,0,0,0,0
120466,1,1,0,0,0,0,0,0,0,0,0,0
120468,0,1,17,17,17,17,17,17,17,17,17,17
120468,1,1,0,0,0,0,0,0,0,0,0,0
120469,0,1,0,0,0,0,0,0,0,0,0,0
120469,1,1,0,0,0,0,0,0,20,0,0,0
120470,1,1,0,0,0,0,0,0,0,0,0,0
120471,0,1,0,0,0,0,0,0,0,0,0,0
120471,1,1,22,30,16,3,11,11,23,22,9,11
120472,0,1,0,0,0,0,0,0,0,0,0,0
120472,1,1,0,0,31,0,0,0,21,12,0,32
120473,1,1,0,0,0,0,0,0,0,0,0,0
120473,2,1,0,0,0,0,0,0,0,0,0,0
120474,0,1,32,32,32,32,32,32,32,32,32,32
120474,1,1,0,0,0,0,0,0,0,0,0,0
120475,1,1,13,13,13,13,13,13,13,13,13,13
120475,2,1,13,0,0,28,32,0,0,24,0,0
120476,1,1,0,0,19,0,0,0,26,0,0,0
120476,2,1,0,0,0,28,0,0,0,0,0,17
120477,1,1,0,0,0,0,0,0,0,0,0,0
120478,1,1,0,0,0,0,0,0,0,0,0,0
120478,2,1,0,0,0,0,0,0,0,0,0,0
120480,1,1,11,11,11,11,11,11,11,11,11,11
120481,1,1,12,12,12,12,12,12,12,12,12,12
120482,0,1,0,0,7,0,20,36,0,9,12,0
120482,1,1,0,0,0,0,0,0,6,0,0,0
120483,0,1,0,0,0,0,0,0,0,0,0,0
120483,1,1,0,0,0,0,0,0,0,0,0,0
120484,1,1,0,0,0,0,0,0,0,0,0,0
120484,2,1,0,0,0,0,0,0,0,0,0,0
120485,1,1,14,14,14,14,14,14,14,14,14,14
120486,1,1,0,0,0,0,0,0,0,0,0,0
120486,2,1,0,0,0,0,13,0,0,0,0,0
120487,1,1,0,0,0,0,0,0,0,0,0,0
120487,2,1,0,0,0,0,0,0,0,0,0,0
120488,1,1,2,2,2,2,2,2,2,2,2,2
120488,2,1,0,0,0,0,0,0,0,0,0,0
120489,1,1,0,0,0,0,0,0,0,0,0,0
120489,2,1,0,0,0,0,0,0,0,0,31,0
120490,1,1,0,0,0,0,0,0,0,0,0,0
120491,1,1,0,0,0,0,0,0,0,0,0,0
120491,2,1,0,11,21,0,0,0,0,0,0,0
120492,1,1,0,0,6,0,0,0,0,0,0,0
120492,2,1,0,0,0,0,0,0,0,0,0,0
120493,1,1,21,21,21,21,21,21,21,21,21,21
120494,1,1,0,0,0,0,0,0,0,0,0,0
120494,2,1,0,0,0,0,0,0,0,0,0,0
120494,3,1,0,0,0,0,0,0,0,0,0,0
120494,4,1,0,0,0,0,0,0,0,0,0,0
120495,0,1,16,14,0,7,0,12,0,17,0,0
120495,1,1,0,0,0,0,0,0,0,0,9,0
120496,0,1,0,0,0,27,0,0,31,0,0,0
120496,1,1,0,0,0,5,5,0,16,0,0,7
120497,0,1,0,0,0,0,0,16,17,27,0,0
120497,1,1,0,0,0,0,0,0,0,0,0,0
120498,1,1,0,0,0,0,0,0,0,26,0,0
120498,2,1,0,0,0,0,0,0,0,0,11,0
120499,0,1,0,0,0,0,0,0,0,0,0,0
120499,1,1,0,0,0,0,0,0,0,0,0,0
120500,1,1,14,14,14,14,14,14,14,14,14,14
120500,2,1,0,0,0,0,0,0,0,0,0,0
120501,0,1,0,0,0,0,0,0,0,0,0,0
120501,1,1,0,0,0,21,21,24,11,0,0,0
120502,0,1,0,7,0,26,8,24,18,0,0,0
120502,1,1,0,12,0,0,40,0,0,0,0,0
120503,1,1,0,27,0,0,0,0,0,0,14,13
120503,2,1,16,16,16,16,16,16,16,16,16,16
120504,0,1,0,0,0,0,14,0,0,0,0,0
120504,1,1,0,0,0,0,0,0,0,0,0,12
120505,0,1,0,0,0,0,0,0,0,20,0,0
120505,1,1,0,0,0,0,0,0,0,0,0,0
120506,1,1,0,0,0,0,0,0,0,0,0,0
120506,2,1,0,0,0,0,0,0,0,0,0,0
120507,1,1,5,5,5,5,5,5,5,5,5,5
120507,2,1,1,1,1,1,1,1,1,1,1,1
120508,1,1,0,0,0,0,0,0,0,0,0,0
120509,1,1,0,0,0,0,0,0,0,0,0,0
120509,2,1,0,0,0,0,0,0,0,0,0,15
120510,0,1,0,0,0,0,0,0,0,0,0,0
120510,1,1,0,0,0,0,0,0,0,0,0,0
120511,1,1,5,0,8,0,0,0,0,0,0,20
120512,0,1,0,0,0,0,0,0,0,0,0,0
120512,1,1,0,0,0,0,0,0,0,0,0,0
120512,2,1,0,0,0,0,0,0,0,0,0,0
120513,0,1,0,0,0,0,0,0,0,0,0,0
120513,1,1,0,0,0,0,0,0,0,0,0,0
120514,0,1,0,0,0,0,0,0,0,0,0,0
120514,1,1,0,0,0,0,0,0,0,0,0,0
120515,0,1,0,0,0,0,0,0,0,0,10,0
120515,0,2,0,0,20,0,0,0,0,0,0,0
120515,1,1,0,0,12,0,0,10,0,19,8,0
120515,2,1,0,0,0,0,0,0,0,0,13,0
120515,3,1,4,0,0,0,0,0,0,0,0,14
120515,4,1,0,0,14,0,0,0,0,6,0,0
120515,5,1,0,0,0,20,25,0,0,0,21,0
120516,0,1,0,0,0,0,0,0,0,0,0,0
120516,1,1,0,0,0,0,0,0,0,0,0,0
120518,1,1,14,0,18,0,0,0,0,0,0,0
120519,1,1,0,0,0,0,0,0,0,0,0,0
120520,0,1,0,0,20,0,0,0,0,0,0,0
120520,1,1,0,0,0,0,0,0,0,0,0,0
120521,1,1,0,0,0,13,0,20,0,9,0,12
120522,0,1,35,35,35,35,35,35,35,35,35,35
120522,1,1,25,0,0,0,0,0,0,0,0,0
120524,1,1,17,0,0,0,0,0,0,0,0,0
120524,2,1,0,0,0,0,0,0,0,0,0,0
120525,1,1,0,0,0,0,0,0,0,0,0,7
120525,2,1,0,5,0,0,0,0,0,0,0,0
120526,1,1,0,0,0,0,0,0,0,12,0,0
120526,2,1,0,0,0,0,0,0,0,0,0,0
120526,3,1,0,0,0,0,0,0,0,0,0,0
120528,1,1,0,0,0,39,0,0,0,0,0,0
120528,2,1,0,0,0,0,19,18,0,6,0,0
120530,1,1,0,0,0,0,0,0,0,0,0,0
120531,1,1,0,0,0,0,0,0,0,0,0,0
120531,2,1,0,0,0,0,0,0,0,0,0,0
120532,1,1,0,0,0,0,0,0,0,0,0,0
120532,2,1,0,0,0,0,0,0,0,0,0,0
120532,3,1,0,0,0,0,0,0,0,0,0,0
120533,0,1,0,0,0,0,0,0,0,0,0,0
120533,1,1,0,0,0,0,0,0,0,0,0,0
120534,1,1,0,0,0,0,0,0,0,0,0,0
120534,2,1,0,0,0,0,0,0,0,0,0,0
120535,1,1,7,7,7,7,7,7,7,7,7,7
120536,1,1,0,0,0,0,0,0,0,0,0,0
120536,2,1,0,0,0,0,19,0,0,0,0,0
120537,1,1,0,0,0,0,0,0,0,0,0,0
120537,2,1,0,0,0,0,0,0,0,0,0,0
120538,1,1,0,0,0,0,0,0,0,0,0,0
120539,0,1,16,16,16,16,16,16,16,16,16,16
120539,1,1,0,0,0,0,0,0,0,0,0,0
120540,1,1,0,0,0,0,0,0,0,0,0,0
120540,2,1,0,0,0,0,0,0,11,0,0,0
120541,1,1,0,0,0,0,0,0,0,0,0,0
120541,2,1,0,0,0,0,0,0,0,0,0,0
120542,0,1,0,0,0,0,0,0,0,6,0,15
120542,1,1,0,0,0,0,0,0,0,0,0,0
120543,1,1,0,0,0,0,0,0,0,0,0,0
120543,2,1,0,0,0,0,0,0,0,0,0,0
120544,1,1,20,20,20,20,20,20,20,20,20,20
120545,1,1,0,0,0,0,0,0,0,0,0,0
120545,2,1,0,0,0,0,0,0,0,0,0,0
120546,1,1,0,0,0,0,0,0,0,0,0,0
120546,2,1,11,0,0,0,0,0,0,0,0,0
120547,0,1,37,37,37,37,37,37,37,37,37,37
120547,1,1,0,0,27,22,0,21,0,15,15,0
120548,1,1,4,3,30,12,7,5,2,22,14,10
120548,2,1,20,11,0,10,0,0,0,26,10,0
120549,1,1,23,0,0,0,0,0,0,0,0,0
120550,1,1,0,0,18,0,0,0,0,0,0,26
120551,1,1,0,0,0,0,0,0,0,0,0,0
120551,2,1,0,0,0,0,0,0,0,0,0,0
120553,0,1,20,14,13,7,22,33,31,15,8,28
120553,1,1,0,28,3,0,20,0,16,2,0,0
120554,1,1,6,6,6,6,6,6,6,6,6,6
120554,2,1,0,0,0,20,0,0,0,0,0,0
120555,1,1,0,0,0,0,0,0,0,0,0,0
120556,1,1,0,0,0,0,0,0,0,0,0,6
120558,0,1,0,0,0,0,0,0,0,0,0,0
120558,1,1,6,6,6,6,6,6,6,6,6,6
120559,1,1,0,0,0,0,0,0,0,0,0,0
120559,2,1,0,0,16,0,0,0,0,0,0,0
120559,3,1,0,0,0,0,0,12,0,0,0,0
120560,0,1,0,0,0,0,0,0,0,0,0,0
120560,1,1,0,0,0,0,0,0,0,0,0,0
120561,0,1,0,0,0,0,0,0,0,0,0,0
120561,1,1,0,0,0,0,0,0,0,0,0,0
120562,1,1,0,0,0,0,0,0,0,0,0,0
120562,2,1,0,0,0,0,0,13,0,0,0,0
120563,1,1,27,27,27,27,27,27,27,27,27,27
120563,2,1,0,0,0,0,11,0,0,0,4,0
120564,0,1,0,0,0,0,0,0,0,0,0,0
120564,1,1,0,18,0,0,0,0,0,16,0,0
120565,0,1,0,0,0,0,0,0,0,0,0,0
120565,1,1,0,0,0,35,0,0,0,0,0,0
120566,1,1,0,0,0,0,0,0,0,0,0,0
120566,2,1,0,0,0,0,0,0,0,0,0,0
120566,3,1,0,0,0,0,0,0,0,0,0,0
120567,1,1,10,10,10,10,10,10,10,10,10,10
120568,0,1,0,0,0,0,11,23,0,0,29,18
120568,1,1,0,0,0,0,0,0,0,0,0,0
120569,1,1,0,0,0,0,0,0,0,0,0,0
120569,2,1,0,0,0,0,0,0,0,0,0,0
120570,1,1,0,0,0,0,0,0,0,0,0,0
120570,2,1,0,10,18,26,0,0,0,0,0,0
120570,3,1,20,0,0,0,0,22,0,0,18,0
120571,1,1,0,0,27,12,23,32,18,0,0,0
120572,0,1,0,0,0,14,22,0,0,34,0,28
120572,1,1,0,0,22,0,0,0,0,0,0,0
120574,1,1,4,4,4,4,4,4,4,4,4,4
120575,0,1,0,0,0,0,0,0,0,0,0,0
120575,1,1,0,0,0,0,0,0,0,0,0,0
120577,1,1,0,0,0,0,0,0,0,0,0,0
120577,2,1,0,0,0,0,0,0,0,0,0,11
120577,3,1,0,0,0,0,0,0,0,0,0,14
120577,4,1,0,0,0,0,0,0,0,0,0,0
120577,5,1,0,0,0,0,0,0,0,0,0,0
120580,1,1,25,25,25,25,25,25,25,25,25,25
120581,1,1,0,33,0,0,0,0,0,0,0,0
120581,2,1,0,0,0,0,0,0,0,0,0,0
120582,1,1,10,10,10,10,10,10,10,10,10,10
120582,2,1,11,11,11,11,11,11,11,11,11,11
120583,1,1,0,0,0,0,0,0,0,13,0,0
120583,2,1,0,0,0,0,0,0,0,0,0,0
120584,1,1,0,0,0,0,0,0,0,0,0,0
120584,2,1,0,0,0,0,0,0,0,0,0,0
120585,1,1,28,0,5,3,15,5,21,17,0,24
120586,0,1,0,25,0,0,0,14,0,9,34,0
120586,1,1,35,35,35,35,35,35,35,35,35,35
120587,1,1,0,0,0,0,0,0,0,0,0,0
120587,2,1,0,0,0,0,0,0,0,0,0,0
120588,0,1,0,21,0,0,0,0,23,0,0,0
120588,0,2,0,0,0,0,12,0,15,0,0,2
120588,1,1,0,0,0,0,0,0,0,6,0,11
120588,2,1,14,0,9,0,0,11,0,0,0,19
120589,1,1,9,9,9,9,9,9,9,9,9,9
120591,0,1,21,0,0,0,0,22,0,0,14,0
120591,1,1,0,0,0,0,0,0,0,0,24,14
120592,1,2,0,0,0,10,0,0,16,0,6,0
120593,1,1,0,0,0,0,0,0,0,0,0,0
120593,2,1,0,0,0,0,0,0,0,0,0,0
120593,3,1,0,0,0,0,0,0,0,0,0,0
120594,1,1,0,0,0,0,0,0,0,0,0,0
120594,2,1,0,0,0,0,0,0,0,0,0,0
120595,1,1,0,0,0,0,0,0,0,0,0,0
120595,2,1,0,0,0,0,0,0,0,0,0,0
120596,0,1,0,0,0,0,0,0,0,0,0,0
120596,1,1,0,0,0,0,0,0,0,0,0,0
120597,1,1,0,0,0,14,0,0,0,0,0,0
120598,1,1,15,15,15,15,15,15,15,15,15,15
120599,1,1,22,22,22,22,22,22,22,22,22,22
120600,0,1,0,34,0,0,0,0,0,0,23,0
120600,1,1,0,0,0,0,0,0,0,0,0,0
120601,1,1,0,0,0,0,0,0,0,0,0,0
120601,2,1,0,0,0,0,0,0,0,0,0,0