ST_CASE,VEH_NO,PER_NO,P1,P2,P3,P4,P5,P6,P7,P8,P9,P10
120890,0,1,14,25,18,33,8,0,24,19,35,15
120890,1,1,0,4,0,0,17,0,0,0,9,0
120891,1,1,20,25,0,10,16,12,0,4,0,0
120892,1,1,44,44,44,44,44,44,44,44,44,44
120892,2,1,0,0,0,0,0,0,0,0,0,0
120893,1,1,0,0,0,0,0,0,0,0,0,0
120893,2,1,0,0,0,0,0,0,0,0,0,0
120894,1,1,15,19,18,17,14,15,16,16,0,19
120894,2,1,0,0,0,0,0,0,0,0,0,16
120896,1,1,0,0,0,0,0,0,0,0,0,0
120897,0,1,0,0,0,0,0,0,0,0,0,0
120897,1,1,0,0,10,14,17,0,0,18,15,0
120899,1,1,0,0,0,0,0,0,13,0,0,0
120900,1,1,18,11,0,17,0,4,7,22,23,4
120900,2,1,0,0,0,26,0,0,17,0,0,0
120901,0,1,21,0,29,28,0,0,24,11,12,0
120901,1,1,0,0,0,0,12,0,0,0,0,0
120902,1,1,23,23,23,23,23,23,23,23,23,23
120903,1,1,0,0,0,0,0,0,0,25,0,0
120904,1,1,21,21,21,21,21,21,21,21,21,21
120905,0,1,0,0,0,0,0,0,0,0,0,0
120905,1,1,0,0,0,0,0,0,0,0,0,0
120906,1,1,0,0,0,0,0,0,0,0,0,0
120906,2,1,0,23,0,0,0,0,0,0,0,0
120907,1,1,0,0,0,0,0,0,0,0,0,0
120907,2,1,0,0,0,0,0,0,0,0,0,0
120908,0,1,22,22,22,22,22,22,22,22,22,22
120908,1,1,16,19,0,0,0,0,0,0,0,31
120909,0,1,29,29,29,29,29,29,29,29,29,29
120909,1,1,18,0,0,0,0,0,0,0,0,0
120910,1,1,24,24,24,24,24,24,24,24,24,24
120911,0,1,21,21,21,21,21,21,21,21,21,21
120911,0,2,12,0,0,0,0,0,17,0,0,10
120911,1,1,0,0,0,0,0,0,0,0,0,0
120912,1,1,10,10,10,10,10,10,10,10,10,10
120913,0,1,0,0,10,0,20,0,0,0,0,0
120913,1,1,8,8,8,8,8,8,8,8,8,8
120914,1,1,15,15,15,15,15,15,15,15,15,15
120914,2,1,0,6,0,0,7,16,0,0,0,0
120915,1,1,0,0,0,0,0,0,0,0,0,0
120915,2,1,0,24,0,41,0,12,0,24,0,0
120915,3,1,0,0,0,0,0,0,0,0,0,6
120915,4,1,0,0,0,0,25,0,0,0,25,0
120916,1,1,0,0,0,0,0,0,0,0,0,0
120916,2,1,0,0,0,0,0,0,0,0,0,0
120917,0,1,0,0,0,0,0,0,0,0,0,0
120917,0,2,0,0,0,0,0,0,0,0,0,0
120917,1,1,0,0,0,0,0,0,0,0,0,0
120918,1,1,10,10,10,10,10,10,10,10,10,10
120918,2,1,23,0,0,0,13,0,0,0,0,0
120919,1,1,0,0,0,0,0,0,12,0,0,0
120919,2,1,0,0,0,0,0,0,0,0,0,0
120921,0,1,0,0,0,0,0,0,0,0,0,0
120921,1,1,0,0,0,0,0,0,0,0,0,0
120922,1,1,21,35,0,0,0,0,0,0,0,20
120922,2,1,0,0,0,0,0,0,0,10,0,0
120923,0,1,0,0,0,0,0,0,0,0,0,0
120923,1,1,0,0,0,0,0,0,0,0,0,0
120924,0,1,23,0,29,15,0,0,0,0,0,27
120924,1,1,0,0,0,0,25,0,6,0,24,0
120925,0,1,0,0,0,5,0,0,0,0,0,0
120925,1,1,0,0,0,0,0,0,0,0,0,0
120926,1,1,0,0,0,0,16,0,0,0,0,15
120927,1,1,11,11,11,11,11,11,11,11,11,11
120928,1,1,0,0,0,0,0,0,0,0,0,0
120929,1,1,0,0,0,0,0,0,0,0,0,0
120930,1,1,0,0,0,0,0,0,0,0,0,0
120931,0,1,14,0,13,0,6,7,29,16,0,29
120931,1,1,0,0,0,0,0,20,5,0,0,0
120932,1,1,14,14,14,14,14,14,14,14,14,14
120932,2,1,0,0,0,19,0,0,0,0,0,0
120933,1,1,0,0,0,0,0,0,0,0,0,0
120934,1,1,0,0,0,0,0,0,0,0,0,0
120934,2,1,0,0,0,18,0,0,0,12,0,0
120934,3,1,0,0,0,0,0,0,0,0,0,0
120935,1,1,0,0,0,0,0,0,0,0,0,0
120935,2,1,0,0,0,0,0,0,0,0,0,0
120936,0,1,0,0,0,0,0,0,0,0,0,0
120936,1,1,0,0,0,0,0,0,0,0,0,0
120938,1,1,0,0,0,0,0,0,0,0,0,0
120939,0,1,0,0,0,0,0,5,0,6,0,0
120939,1,1,0,0,14,0,0,0,0,0,0,0
120940,1,1,15,15,15,15,15,15,15,15,15,15
120941,1,1,0,0,0,0,0,0,0,0,0,0
120941,2,1,0,0,0,0,0,0,0,0,0,0
120942,1,1,7,0,0,0,0,0,0,20,0,0
120942,2,1,0,0,0,0,0,0,0,37,0,0
120943,1,1,31,31,31,31,31,31,31,31,31,31
120943,2,1,0,0,0,0,0,0,0,0,0,0
120944,1,1,0,0,0,0,0,0,0,0,0,0
120944,2,1,0,0,0,0,0,0,0,0,0,0
120945,0,1,0,0,0,0,0,0,0,0,0,0
120945,1,1,14,14,14,14,14,14,14,14,14,14
120946,1,1,0,0,0,5,0,0,0,0,0,0
120946,2,1,0,0,0,0,0,0,0,0,0,0
120947,1,1,0,0,0,0,0,0,0,0,0,0
120947,2,1,0,0,0,0,0,0,0,0,0,0
120948,1,1,0,0,0,0,0,0,0,0,0,0
120948,2,1,0,0,0,0,0,0,0,0,0,0
120949,1,1,17,17,17,17,17,17,17,17,17,17
120949,2,1,0,0,0,0,0,0,0,0,0,0
120950,1,1,13,13,13,13,13,13,13,13,13,13
120951,1,1,0,0,0,0,0,0,0,0,0,0
120951,2,1,0,0,0,0,0,0,0,0,0,0
120952,1,1,0,0,0,0,0,0,0,0,0,0
120953,1,1,8,8,8,8,8,8,8,8,8,8
120954,1,1,0,0,0,0,0,0,0,0,0,0
120955,1,1,0,0,0,0,0,0,0,0,0,0
120955,2,1,0,0,0,0,0,0,0,0,0,0
120957,1,1,0,0,0,0,0,0,0,0,24,0
120957,2,1,0,0,0,0,19,0,3,0,12,37
120958,1,1,0,0,0,0,0,0,0,0,0,0
120959,1,1,0,0,0,0,0,0,0,0,0,0
120959,2,1,0,0,0,0,0,0,0,0,0,0
120960,1,1,13,13,13,13,13,13,13,13,13,13
120960,2,1,14,14,14,14,14,14,14,14,14,14
120962,0,1,0,0,0,0,0,0,0,0,0,9
120962,0,2,0,0,0,0,0,0,0,0,0,0
120962,0,3,0,0,0,0,0,0,0,0,0,0
120962,1,1,0,0,0,34,0,0,0,0,0,0
120962,2,1,0,0,0,0,0,0,0,0,0,28
120963,1,1,0,0,0,0,0,0,0,0,0,0
120964,1,1,16,16,16,16,16,16,16,16,16,16
120965,1,1,0,0,0,0,0,0,0,0,0,0
120966,1,1,12,12,12,12,12,12,12,12,12,12
120966,2,1,19,19,19,19,19,19,19,19,19,19
120967,0,1,17,17,17,17,17,17,17,17,17,17
120967,1,1,0,0,0,0,0,0,0,0,0,0
120968,1,1,0,0,12,0,0,0,0,0,0,0
120968,2,1,0,0,0,0,0,0,0,0,0,0
120969,1,1,0,0,23,0,9,0,0,0,0,0
120970,1,1,0,0,0,0,0,0,0,0,0,0
120970,2,1,0,0,0,0,0,0,0,0,0,0
120971,1,1,0,0,0,0,0,0,0,0,0,0
120971,2,1,0,0,0,0,0,0,0,0,0,0
120972,1,1,0,0,0,0,0,0,0,0,0,0
120972,2,1,0,0,0,0,0,0,0,0,0,0
120972,3,1,0,23,0,0,0,0,0,0,0,0
120973,1,1,0,0,0,0,0,0,0,0,0,15
120973,2,1,0,0,0,0,0,0,0,0,0,0
120974,1,1,0,0,0,0,0,0,0,0,0,0
120974,2,1,0,0,0,0,0,0,0,0,0,0
120975,1,1,0,0,0,0,0,0,0,0,0,0
120975,2,1,0,0,0,0,0,0,0,0,0,5
120975,3,1,0,0,0,0,0,0,0,0,0,0
120975,4,1,30,0,0,0,0,0,0,0,0,0
120976,1,1,0,0,0,0,0,0,0,0,0,0
120977,1,1,0,0,0,0,0,0,0,0,2,0
120979,1,1,21,21,21,21,21,21,21,21,21,21
120979,2,1,0,0,0,0,0,0,0,0,0,0
120980,1,1,0,0,0,0,0,0,0,0,0,0
120980,2,1,0,0,0,0,0,0,0,0,0,0
120981,1,1,0,0,0,0,0,0,0,0,0,0
120982,1,1,0,0,0,0,0,0,0,0,0,0
120982,2,1,0,0,0,0,0,0,0,0,0,0
120982,3,1,0,0,0,0,0,0,0,0,0,0
120983,0,1,0,0,0,0,0,0,0,0,0,0
120983,1,1,0,13,3,0,16,0,0,0,5,0
120985,0,1,0,0,0,0,0,0,0,0,0,0
120985,1,1,0,0,0,0,0,0,0,0,0,0
120986,1,1,19,19,19,19,19,19,19,19,19,19
120987,1,1,0,0,0,0,0,0,0,0,0,0
120988,1,1,2,2,2,2,2,2,2,2,2,2
120989,1,1,0,0,0,0,0,0,0,0,0,0
120990,1,1,9,0,0,0,0,43,0,30,8,13
120990,2,1,0,0,0,0,0,0,0,0,0,0
120991,0,1,0,0,0,0,18,0,0,0,0,0
120991,1,1,0,0,0,0,0,0,0,0,0,0
120991,2,1,0,0,0,0,0,0,0,0,12,0
120992,0,1,0,0,0,0,0,0,0,0,0,0
120992,0,2,0,0,0,21,0,0,28,0,24,17
120993,0,1,35,35,35,35,35,35,35,35,35,35
120993,1,1,0,0,0,0,0,0,0,0,0,0
120994,1,1,0,0,0,0,0,0,0,16,0,0
120995,1,1,0,23,0,0,0,0,0,0,0,0
120995,2,1,0,0,0,0,0,0,0,0,0,0
120996,0,1,0,0,0,0,0,0,0,0,0,0
120996,1,1,0,0,10,0,0,0,0,0,0,0
120997,1,1,12,0,0,0,0,0,0,0,14,0
120997,2,1,0,0,0,0,0,0,0,0,0,0
120998,1,1,0,0,0,0,0,0,0,0,0,0
120999,0,1,0,0,0,0,0,0,0,0,0,0
120999,1,1,0,0,0,0,0,0,0,0,0,0
120999,2,1,0,0,0,0,0,0,0,0,0,0
121000,1,1,0,0,0,0,0,0,0,0,0,0
121001,1,1,0,0,0,0,0,0,0,0,0,0
121002,1,1,0,0,0,0,0,0,0,0,0,0
121003,0,1,0,0,0,0,0,0,0,0,0,0
121003,1,1,0,0,0,0,0,0,0,0,0,0
121004,1,1,0,0,0,0,0,0,0,0,0,0
121005,0,1,0,20,0,4,0,18,0,10,0,0
121005,1,1,0,0,0,0,0,0,12,0,0,0
121006,1,1,0,0,0,0,0,0,0,0,0,0
121007,1,1,0,0,0,0,0,0,14,0,0,17
121008,1,1,0,0,0,0,0,0,0,0,0,0
121008,2,1,0,0,0,0,0,0,0,0,26,24
121009,0,1,0,0,0,0,0,0,0,0,0,0
121009,1,1,0,0,0,0,0,0,0,0,0,18
121010,0,1,13,13,13,13,13,13,13,13,13,13
121010,1,1,0,0,0,0,0,0,17,0,0,0
121011,1,1,0,0,0,0,0,0,0,0,0,0
121012,1,1,0,0,0,0,0,0,0,0,0,0
121013,1,1,0,0,0,0,0,0,0,0,0,0
121013,2,1,0,0,0,0,0,0,0,0,0,32
121014,0,1,0,0,0,22,0,0,0,4,0,0
121014,1,1,0,0,0,0,0,0,0,0,0,0
121015,0,1,0,0,8,38,0,0,0,0,27,5
121015,1,1,0,25,0,0,0,0,0,0,0,0
121016,0,1,4,4,4,4,4,4,4,4,4,4
121016,1,1,0,22,0,0,0,0,31,14,0,0
121017,0,1,21,21,21,21,21,21,21,21,21,21
121017,1,1,0,0,0,0,0,0,0,0,16,0
121018,0,1,41,41,41,41,41,41,41,41,41,41
121018,1,1,0,0,0,0,0,0,0,0,0,14
121019,1,1,32,32,32,32,32,32,32,32,32,32
121021,0,1,0,0,0,0,0,0,0,0,0,0
121021,1,1,12,0,0,0,0,0,0,0,0,11
121022,1,1,0,0,0,0,0,0,0,0,0,0
121022,2,1,0,0,0,0,0,0,0,0,0,0
121023,1,1,0,0,0,0,0,0,0,20,0,0
121024,0,1,21,21,21,21,21,21,21,21,21,21
121024,1,1,27,0,0,0,0,0,0,8,16,0
121025,1,1,6,31,14,12,19,6,7,17,0,0
121026,1,1,29,29,29,29,29,29,29,29,29,29
121026,2,1,0,0,0,0,0,0,0,0,0,0
121027,0,1,0,0,0,0,0,0,0,0,0,0
121027,1,1,0,0,0,0,0,0,0,0,0,0
121027,2,1,0,0,0,0,0,0,0,0,0,0
121028,1,1,0,0,0,0,19,0,0,19,0,0
121028,2,1,0,14,24,16,30,9,0,11,16,4
121028,3,1,0,0,0,0,0,0,0,0,0,0
121029,1,1,0,0,0,0,0,0,0,0,0,0
121029,2,1,0,0,0,0,0,0,0,0,0,0
121030,1,1,18,18,18,18,18,18,18,18,18,18
121031,1,1,0,0,0,0,0,0,0,0,0,0
121031,2,1,0,0,0,0,0,0,0,0,0,0
121031,3,1,0,7,0,0,0,0,0,0,0,0
121032,1,1,0,0,0,0,0,0,0,0,0,0
121033,1,1,0,0,0,0,0,0,4,14,0,0
121034,1,1,0,0,0,0,0,0,0,0,0,0
121035,0,1,0,0,0,0,0,0,0,0,0,0
121035,0,2,0,0,0,0,0,0,0,0,0,0
121035,1,1,0,0,0,0,0,0,0,0,0,0
121036,1,1,0,0,0,0,0,0,0,12,0,0
121036,2,1,9,9,9,9,9,9,9,9,9,9
121037,1,1,13,13,13,13,13,13,13,13,13,13
121037,2,1,0,0,0,0,0,0,0,0,0,0
121038,1,1,0,0,0,0,0,0,0,0,0,0
121039,1,1,0,0,0,0,0,0,0,23,0,0
121040,1,1,0,0,0,0,0,0,0,0,0,0
121040,2,1,0,0,0,0,0,4,0,0,0,0
121042,1,1,3,3,3,3,3,3,3,3,3,3
121042,2,1,0,0,0,0,0,0,0,0,0,0
121043,1,1,0,10,0,0,0,0,18,0,0,0
121043,2,1,0,0,0,0,10,0,0,0,0,0
121044,1,1,0,0,6,0,8,0,0,0,0,0
121044,2,1,0,0,0,0,0,0,0,0,0,0
121046,1,1,0,0,0,0,0,0,0,0,0,0
121046,2,1,0,0,0,0,0,0,0,0,0,0
121047,1,1,0,0,0,0,0,0,0,0,0,0
121047,2,1,0,0,0,0,0,0,0,0,0,0
121049,0,1,13,0,0,0,0,0,0,0,0,0
121049,1,1,0,0,0,0,0,0,0,0,0,0
121050,0,1,0,17,0,20,29,37,20,0,0,0
121050,1,1,0,0,0,0,0,0,0,0,0,0
121051,0,1,0,19,0,0,0,0,0,0,38,0
121051,1,1,0,0,0,0,0,0,0,0,0,0
121052,1,1,26,26,26,26,26,26,26,26,26,26
121052,2,1,0,0,0,16,0,0,0,19,0,0
121053,0,1,0,0,10,0,0,5,0,11,0,0
121053,1,1,0,0,0,0,3,0,0,0,0,0
121054,1,1,13,19,29,19,31,18,10,19,13,12
121054,2,1,0,0,0,0,0,0,0,0,0,0
121055,0,1,0,0,0,0,0,0,0,0,0,0
121055,1,1,0,0,0,0,0,0,0,14,20,23
121055,2,1,0,13,0,0,0,0,0,0,0,0
121055,3,1,0,0,0,0,0,0,0,0,0,0
121055,4,1,0,0,0,0,0,0,0,20,0,0
121055,5,1,0,0,0,0,0,0,0,0,0,0
121057,1,1,38,0,18,0,0,0,0,0,0,0
121058,0,1,0,41,39,0,0,0,0,0,0,0
121058,1,1,0,0,0,0,37,0,0,8,0,0
121059,0,1,0,0,0,0,0,0,0,0,0,0
121059,1,1,0,0,0,0,0,0,0,0,0,0
121060,1,1,0,0,0,0,0,0,0,0,0,0
121060,2,1,0,0,0,0,0,0,0,0,0,0
121062,1,1,3,9,21,25,11,12,6,11,7,9
121062,2,1,0,0,0,33,0,13,0,10,7,15
121063,1,1,0,0,0,0,0,0,0,0,27,0
121063,2,1,0,0,0,0,0,0,0,0,0,0
121063,3,1,0,0,0,0,0,0,0,0,0,0
121064,0,1,15,15,15,15,15,15,15,15,15,15
121064,1,1,0,0,0,0,0,0,0,0,0,0
121065,0,1,13,13,13,13,13,13,13,13,13,13
121065,1,1,0,0,0,0,0,0,14,22,0,14
121066,1,1,0,0,0,0,0,0,0,0,0,0
121067,1,1,13,13,13,13,13,13,13,13,13,13
121067,2,1,0,0,0,15,0,0,0,0,0,0
121068,1,1,0,12,0,0,4,0,16,0,0,26
121068,2,1,18,0,0,0,18,0,8,22,9,0
121068,3,1,0,0,0,0,0,0,0,0,0,0
121069,1,1,14,14,14,14,14,14,14,14,14,14
121069,2,1,0,0,0,0,0,0,2,0,0,0
121069,3,1,5,0,0,0,0,0,0,0,0,0
121070,0,1,18,0,4,13,18,0,0,0,0,49
121070,1,1,0,0,0,0,0,0,6,0,0,14
121071,0,1,26,26,26,26,26,26,26,26,26,26
121071,1,1,0,0,0,0,0,0,0,0,0,0
121072,0,1,0,0,0,0,0,0,0,0,0,0
121072,1,1,0,0,0,0,0,0,0,0,0,0
121073,1,1,0,0,0,0,0,0,0,0,0,0
121073,2,1,0,0,0,0,0,0,0,0,0,0
121074,1,1,0,0,0,0,0,0,0,0,0,0
121075,1,1,16,16,16,16,16,16,16,16,16,16
121076,1,1,0,0,0,0,0,0,0,0,0,0
121076,2,1,0,0,0,0,0,0,0,0,0,0
121077,0,1,0,0,0,0,0,0,0,0,0,0
121077,1,1,0,0,0,0,16,0,0,0,0,0
121077,2,1,0,0,0,0,0,0,21,0,0,0
121078,1,1,20,20,20,20,20,20,20,20,20,20
121079,1,1,0,0,0,0,0,0,0,0,0,0
121079,2,1,0,0,0,0,0,0,29,0,0,0
121079,3,1,0,17,0,0,5,0,0,0,38,0
121080,1,1,0,0,0,0,0,0,0,0,0,22
121080,2,1,0,0,0,0,0,0,0,0,0,0
121081,0,1,0,0,0,0,0,0,0,0,0,0
121081,1,1,16,16,16,16,16,16,16,16,16,16
121083,0,1,25,25,25,25,25,25,25,25,25,25
121083,1,1,0,0,0,0,0,0,0,0,0,0
121084,1,1,0,0,0,0,0,0,0,0,0,0
121084,2,1,0,0,0,0,0,0,0,0,0,0
121084,3,1,0,0,0,0,0,0,0,0,0,0
121084,4,1,0,0,0,0,0,0,0,0,0,0
121085,0,1,20,20,20,20,20,20,20,20,20,20
121085,1,1,0,0,0,0,0,0,0,0,0,14
121086,0,1,27,0,28,17,16,44,0,7,0,32
121086,1,1,5,5,5,5,5,5,5,5,5,5
121087,0,1,0,0,0,0,0,0,0,0,0,0
121087,1,1,0,0,0,0,0,0,0,0,0,0
121088,1,1,0,0,0,0,0,0,0,0,0,0
121089,1,1,0,0,0,0,0,0,0,0,17,0
121089,2,1,15,15,15,15,15,15,15,15,15,15
121090,1,1,0,0,0,0,17,0,23,21,22,0
121090,2,1,0,0,0,0,0,0,0,0,0,0
121091,1,1,16,25,26,26,22,12,15,8,8,33
121091,2,1,0,0,0,0,0,19,0,0,0,0
121092,1,1,0,0,0,0,0,0,0,0,0,0
121092,2,1,0,0,0,0,0,0,0,0,0,0
121093,1,1,0,0,0,0,0,0,0,0,0,0
121093,2,1,0,0,0,0,0,0,0,0,0,0
121093,3,1,0,0,0,0,0,0,0,0,0,0
121093,4,1,0,0,0,0,0,0,0,0,0,0
121093,5,1,0,0,0,0,0,0,0,0,0,0
121093,6,1,0,0,0,0,0,0,0,0,0,0
121093,7,1,0,0,12,0,0,0,0,0,0,0
121094,1,1,0,0,0,0,0,0,0,0,0,0
121095,1,1,0,0,0,0,0,0,0,0,0,0
121095,2,1,0,0,0,0,0,0,0,0,10,0
121096,1,1,0,0,0,0,0,0,0,0,0,0
121096,2,1,0,19,0,0,0,0,0,0,0,0
121097,1,1,0,0,0,0,0,0,0,0,0,0
121097,2,1,0,0,0,0,0,0,0,0,10,0
121098,1,1,9,9,9,9,9,9,9,9,9,9
121099,0,1,18,18,18,18,18,18,18,18,18,18
121099,1,1,0,0,0,0,0,0,0,0,0,0
121100,1,1,0,0,0,0,0,0,0,0,0,0
121100,2,1,3,0,0,0,0,0,0,0,0,6
121101,1,1,0,0,0,0,0,0,0,0,0,0
121101,2,1,0,0,0,0,0,0,0,0,0,0
121102,1,1,0,0,0,0,0,0,0,0,0,0
121102,2,1,16,16,16,16,16,16,16,16,16,16
121103,0,1,32,32,32,32,32,32,32,32,32,32
121103,1,1,0,0,0,0,0,16,0,9,0,0
121104,1,1,0,0,0,0,0,0,0,0,0,0
121104,2,1,0,0,0,0,0,0,0,0,0,0
121105,1,1,0,0,0,0,0,0,0,0,0,0
121105,2,1,0,0,0,0,0,0,0,0,0,0
121106,0,1,0,0,0,0,0,0,0,0,0,0
121106,1,1,0,0,0,0,0,0,0,0,0,0
121107,1,1,10,10,10,10,10,10,10,10,10,10
121107,2,1,0,0,0,0,0,0,0,0,0,0
121108,1,1,1,1,1,1,1,1,1,1,1,1
121108,2,1,5,5,5,5,5,5,5,5,5,5
121109,1,1,0,0,0,0,0,0,0,0,0,0
121109,2,1,0,0,0,0,0,0,0,0,0,0
121109,3,1,0,0,0,0,0,0,0,0,0,0
121110,1,1,0,0,0,0,0,0,0,0,0,0
121111,1,1,0,0,0,0,0,0,0,0,0,0
121112,0,1,31,0,26,0,0,27,12,0,0,20
121112,1,1,0,19,0,0,0,10,0,0,0,9
121113,1,1,9,14,9,0,23,0,12,0,0,11
121113,2,1,0,0,0,17,0,0,0,0,0,0
121114,1,1,0,0,16,0,0,24,0,22,0,0
121114,2,1,0,0,0,0,0,0,0,0,0,0
121115,1,1,0,0,0,0,0,0,10,0,0,0
121115,2,1,0,0,0,0,0,0,0,0,0,0
121116,1,1,0,0,0,0,0,0,0,28,0,0
121116,2,1,0,0,0,0,0,0,0,0,0,0
121117,1,1,0,0,0,0,0,0,0,0,0,0
121118,0,1,0,0,0,0,0,25,0,0,0,0
121118,1,1,0,0,0,0,0,0,0,0,0,0
121119,1,1,0,0,0,0,0,0,0,0,0,0
121120,1,1,17,17,17,17,17,17,17,17,17,17
121120,2,1,0,0,0,0,0,6,0,0,13,0
121120,3,1,0,0,0,0,0,0,0,0,0,4
121121,1,1,0,0,0,0,0,0,0,0,0,0
121122,0,1,12,12,12,12,12,12,12,12,12,12
121122,1,1,0,0,0,0,0,0,0,0,0,0
121123,0,1,11,0,0,0,0,0,24,0,24,0
121123,1,1,0,5,0,19,0,17,13,17,0,10
121124,1,1,0,11,0,0,0,0,0,0,0,0
121124,2,1,6,0,0,0,0,0,0,0,0,0
121125,0,1,0,0,0,0,0,0,0,0,0,0
121125,1,1,0,0,0,19,0,0,29,0,0,0
121126,0,1,0,0,0,0,0,0,0,0,0,0
121126,1,1,0,0,0,0,0,0,0,0,0,0
121127,1,1,13,13,13,13,13,13,13,13,13,13
121128,1,1,8,8,8,8,8,8,8,8,8,8
121129,0,1,0,0,0,0,0,0,0,0,0,0
121129,1,1,0,12,0,0,0,0,0,0,0,0
121130,1,1,0,0,0,0,0,0,0,0,0,0
121130,2,1,15,15,15,15,15,15,15,15,15,15
121131,1,1,0,0,0,0,0,0,0,0,11,0
121131,2,1,0,0,0,0,0,0,0,0,0,0
121131,3,1,0,0,0,0,0,0,0,0,0,0
121132,0,1,0,0,0,0,0,0,0,0,0,0
121132,1,1,0,0,0,0,0,0,0,0,0,0
121133,1,1,0,0,0,0,0,0,0,0,0,0
121133,2,1,0,0,0,0,0,0,0,0,0,0
121134,0,1,5,5,5,5,5,5,5,5,5,5
121134,1,1,0,0,0,0,0,0,0,0,0,0
121136,0,1,0,0,0,0,0,0,0,0,0,0
121136,1,1,0,0,0,0,0,0,3,0,13,0
121137,1,1,24,7,0,14,9,25,10,20,5,12
121138,1,1,0,0,0,0,0,0,0,0,0,0
121138,2,1,0,0,0,0,0,0,0,0,14,0
121138,3,1,0,0,0,0,0,0,0,0,0,0
121139,1,1,0,0,0,0,0,0,0,0,0,0
121139,2,1,0,0,0,0,0,0,0,0,0,0
121139,3,1,0,0,0,0,0,0,0,0,0,0
121139,4,1,0,0,0,0,0,0,0,0,0,0
121140,0,1,37,0,0,0,12,0,18,34,8,25
121140,1,1,0,0,11,0,0,33,2,9,13,0
121141,1,1,0,0,0,0,0,0,0,0,0,0
121141,2,1,0,0,0,10,0,0,0,4,0,0
121142,0,1,0,0,0,0,0,0,0,0,0,0
121142,1,1,16,0,10,0,9,6,0,0,5,0
121143,0,1,26,26,26,26,26,26,26,26,26,26
121143,1,1,0,0,0,0,0,0,0,0,0,0
121144,0,1,13,13,13,13,13,13,13,13,13,13
121144,1,1,0,0,0,0,0,0,0,0,0,0
121145,1,1,0,0,0,0,0,0,0,0,0,0
121145,2,1,0,0,0,0,0,0,0,0,0,0
121146,0,1,0,23,0,13,21,0,0,16,0,36
121146,1,1,0,18,0,0,0,0,20,0,0,0
121147,1,1,0,0,20,0,0,0,14,0,13,0
121147,2,1,3,19,15,13,13,17,10,0,2,14
121148,1,1,0,24,0,0,0,6,0,0,10,0
121148,2,1,0,0,0,0,0,27,8,0,8,0
121149,1,1,0,0,0,0,0,0,0,0,0,0
121149,2,1,0,0,0,0,0,0,0,0,0,0
121150,1,1,26,26,26,26,26,26,26,26,26,26
121151,1,1,0,0,0,0,0,0,0,0,0,0
121152,1,1,0,0,0,0,3,0,0,0,0,0
121152,2,1,0,0,0,0,0,0,0,0,0,0
121153,1,1,0,0,0,0,0,0,0,0,0,0
121153,2,1,0,0,0,0,0,0,0,0,0,0
121154,1,1,0,0,0,0,0,0,0,0,0,0
121154,2,1,0,0,0,0,0,0,0,0,0,0
121155,1,1,3,3,3,3,3,3,3,3,3,3
121156,1,1,0,0,0,0,0,0,0,0,0,0
121156,2,1,0,0,0,0,0,0,0,0,0,0
121157,1,1,0,0,0,0,0,17,0,0,13,0
121158,0,1,0,0,0,0,0,0,0,0,0,0
121158,0,2,0,0,0,0,0,0,0,0,0,0
121158,1,1,0,0,0,0,0,0,0,0,0,0
121159,1,1,0,0,0,0,0,0,0,0,0,0
121160,1,1,0,0,0,0,0,0,0,0,0,0
121161,1,1,0,0,0,0,0,0,0,0,0,0
121161,2,1,0,0,0,0,0,0,0,0,0,0
121161,3,1,0,0,0,0,0,0,0,0,0,0
121162,1,1,19,22,7,21,18,23,26,0,28,25
121162,2,1,0,0,0,13,0,27,0,0,0,0
121163,1,1,0,0,0,0,0,0,0,0,0,0
121163,2,1,0,0,0,0,0,0,0,0,0,0
121164,0,1,0,0,0,22,0,0,17,0,30,0
121164,1,1,9,9,9,9,9,9,9,9,9,9
121165,1,1,0,0,0,23,35,0,0,0,0,14
121165,2,1,14,17,0,0,18,10,0,32,0,0
121166,1,1,29,29,29,29,29,29,29,29,29,29
121167,0,1,0,0,0,0,0,0,0,0,0,0
121167,1,1,0,0,0,0,0,0,0,0,0,0
121168,0,1,12,0,0,0,0,20,0,0,0,19
121168,1,1,0,0,0,0,0,0,0,0,0,0
121169,1,1,17,17,17,17,17,17,17,17,17,17
121169,2,1,0,26,0,0,0,0,0,0,5,14
121169,3,1,0,0,0,23,0,0,0,0,0,0
121170,0,1,0,0,0,43,0,0,0,0,0,0
121170,1,1,13,25,4,8,14,24,19,15,20,15
121171,1,1,21,21,21,21,21,21,21,21,21,21
121172,1,1,0,0,0,0,0,0,0,0,0,0
121172,2,1,0,0,0,0,0,0,0,0,0,0
121174,1,1,0,0,0,0,0,0,0,0,0,0
121174,2,1,0,0,15,0,0,0,0,0,0,0
121175,0,1,13,17,0,41,0,0,0,24,0,42
121175,1,1,0,0,0,0,0,0,0,0,0,0
121176,1,1,0,0,0,0,0,0,0,0,0,0
121177,1,1,0,0,0,0,0,0,0,0,0,0
121178,1,1,0,18,0,0,0,0,0,0,0,10
121178,2,1,0,0,0,0,0,0,0,0,0,0
121178,3,1,0,0,0,0,0,0,0,0,0,0
121179,1,1,8,0,0,0,0,0,17,0,0,0