ST_CASE,VEH_NO,PER_NO,P1,P2,P3,P4,P5,P6,P7,P8,P9,P10
122051,1,1,27,27,27,27,27,27,27,27,27,27
122051,2,1,0,0,0,0,0,0,0,0,0,0
122052,1,1,2,2,2,2,2,2,2,2,2,2
122052,2,1,0,0,0,0,0,0,0,0,0,0
122053,0,1,13,13,13,13,13,13,13,13,13,13
122053,0,2,0,0,0,0,0,0,0,0,17,0
122053,1,1,0,0,13,0,0,0,17,0,0,16
122054,1,1,2,2,2,2,2,2,2,2,2,2
122055,1,1,0,0,0,0,0,0,0,0,0,0
122055,2,1,0,0,0,0,0,0,0,0,0,0
122056,1,1,0,0,0,0,27,0,0,9,0,0
122059,1,1,4,4,4,4,4,4,4,4,4,4
122059,2,1,0,0,0,0,0,0,0,0,0,0
122060,1,1,0,0,7,0,9,37,0,13,10,16
122061,0,1,0,0,0,0,0,0,0,0,0,0
122061,1,1,0,0,0,0,0,0,0,0,0,34
122061,2,1,0,0,0,0,0,0,0,0,0,0
122062,1,1,0,0,0,0,0,0,0,0,0,0
122062,2,1,0,0,0,0,0,0,0,0,0,0
122063,0,1,26,26,26,26,26,26,26,26,26,26
122063,1,1,0,0,0,0,20,0,0,0,0,0
122064,1,1,0,0,0,0,13,0,0,0,0,0
122064,2,1,0,0,0,0,0,0,0,0,0,0
122066,1,1,0,0,0,0,0,0,0,0,0,0
122066,2,1,0,0,0,0,0,0,0,0,0,0
122067,0,1,0,0,0,0,0,0,0,0,0,0
122067,1,1,13,10,8,6,0,13,12,0,18,6
122067,2,1,0,0,0,0,0,0,0,0,0,0
122068,1,1,0,0,0,0,0,0,0,0,0,0
122068,2,1,8,0,0,12,0,0,0,0,0,16
122069,1,1,0,0,0,0,0,0,0,0,0,0
122070,1,1,18,18,18,18,18,18,18,18,18,18
122071,1,1,15,15,15,15,15,15,15,15,15,15
122072,1,1,10,10,10,10,10,10,10,10,10,10
122072,2,1,0,0,0,0,0,0,0,0,0,0
122073,0,1,0,0,0,0,0,0,0,0,0,0
122073,1,1,0,0,0,0,0,0,0,0,0,0
122074,1,1,13,13,13,13,13,13,13,13,13,13
122074,2,1,0,0,0,0,0,0,0,0,0,0
122075,0,1,0,0,0,0,0,0,0,0,0,0
122075,1,1,15,0,14,0,0,0,17,5,0,0
122076,1,1,21,21,21,21,21,21,21,21,21,21
122077,1,1,0,0,0,23,21,0,0,0,0,0
122077,2,1,0,0,0,0,0,0,0,0,0,0
122078,1,1,0,0,0,0,0,0,0,0,0,0
122080,0,1,0,0,0,0,0,0,0,0,0,0
122080,1,1,0,0,0,0,0,0,0,0,0,0
122081,1,1,7,12,17,19,9,0,7,16,21,16
122081,2,1,0,0,0,0,0,0,0,0,0,0
122082,1,1,0,4,0,0,0,0,0,0,0,0
122082,2,1,0,0,0,0,0,0,0,0,0,0
122082,3,1,23,22,0,0,0,0,0,15,0,16
122083,0,1,13,0,0,18,16,33,0,0,12,0
122083,1,1,0,0,0,0,0,0,0,0,13,0
122084,1,1,0,0,0,0,0,0,0,0,0,0
122084,2,1,0,0,0,0,0,0,0,0,0,0
122085,1,1,9,9,9,9,9,9,9,9,9,9
122085,2,1,0,0,0,0,0,0,0,0,0,0
122086,0,1,0,0,0,0,0,0,0,0,0,0
122086,1,1,0,21,0,0,20,0,0,0,0,0
122087,0,1,0,0,0,0,0,0,0,0,0,0
122087,1,1,0,0,0,0,0,0,0,0,0,0
122088,1,1,1,1,1,1,1,1,1,1,1,1
122088,2,1,0,0,0,0,0,0,0,0,0,0
122089,0,1,0,0,0,0,0,0,0,0,0,9
122089,1,1,0,0,0,0,0,0,0,0,27,0
122090,1,1,17,9,19,10,10,17,3,36,28,0
122092,0,1,0,0,0,0,0,0,0,0,0,0
122092,1,1,0,0,0,0,0,0,0,0,0,0
122093,1,1,0,0,0,0,0,0,0,0,0,0
122094,0,1,0,8,26,0,0,10,0,0,17,0
122094,1,1,0,0,0,0,0,0,0,0,12,0
122095,1,1,30,30,30,30,30,30,30,30,30,30
122097,1,1,0,0,0,0,0,0,0,0,0,0
122098,1,1,18,18,18,18,18,18,18,18,18,18
122098,2,1,0,22,11,0,0,0,12,0,0,0
122098,3,1,0,0,0,0,27,0,0,0,0,0
122098,4,1,0,0,0,0,0,0,0,0,0,23
122098,5,1,0,0,0,0,0,0,0,0,0,0
122098,6,1,0,0,20,0,0,0,0,0,0,11
122098,7,1,0,0,0,0,0,0,0,0,0,0
122098,8,1,0,0,0,0,21,0,11,0,0,0
122099,0,1,0,0,0,0,0,0,0,0,0,0
122099,1,1,0,0,0,0,0,0,0,0,0,7
122100,1,1,16,16,16,16,16,16,16,16,16,16
122101,0,1,0,0,0,0,0,0,0,0,0,0
122101,1,1,0,0,0,0,0,0,0,0,0,0
122102,1,1,8,8,8,8,8,8,8,8,8,8
122102,2,1,0,0,0,0,0,0,0,0,0,0
122103,1,1,8,8,8,8,8,8,8,8,8,8
122104,1,1,23,23,23,23,23,23,23,23,23,23
122105,1,1,0,0,0,0,0,0,0,0,0,0
122105,2,1,0,0,0,0,0,0,0,0,0,0
122106,0,1,0,0,0,0,0,0,0,0,0,0
122106,1,1,0,0,0,0,0,0,0,25,0,0
122107,1,1,0,0,0,0,0,0,0,0,0,0
122108,1,1,3,3,3,3,3,3,3,3,3,3
122109,1,1,0,0,0,0,0,0,0,0,0,0
122109,2,1,0,0,0,0,0,0,0,0,0,0
122109,3,1,0,0,0,0,0,0,0,0,0,0
122110,1,1,0,0,0,0,0,0,0,0,0,0
122110,2,1,0,0,0,0,0,0,0,0,0,0
122110,3,1,0,0,0,0,0,0,0,0,0,0
122111,0,1,19,19,19,19,19,19,19,19,19,19
122111,1,1,0,0,11,0,0,0,32,0,13,0
122112,0,1,23,23,23,23,23,23,23,23,23,23
122112,1,1,0,0,21,30,0,24,0,0,17,0
122112,2,1,0,0,0,21,23,19,0,0,9,0
122113,0,1,6,0,0,0,23,0,11,0,0,0
122113,1,1,0,0,0,0,0,0,22,0,0,0
122115,0,1,0,0,0,0,0,25,0,0,0,13
122115,1,1,0,20,0,0,0,0,0,0,0,0
122116,0,1,20,20,20,20,20,20,20,20,20,20
122116,1,1,0,0,0,0,0,0,0,0,0,0
122117,1,1,0,0,0,0,0,0,0,0,0,0
122117,2,1,0,0,0,0,12,0,28,0,0,0
122118,1,1,0,0,0,0,0,0,0,0,0,0
122118,2,1,0,0,0,0,0,0,0,0,0,0
122119,1,1,0,12,0,22,8,1,26,22,18,0
122119,2,1,0,0,0,0,0,0,0,0,0,0
122120,0,1,31,31,31,31,31,31,31,31,31,31
122120,1,1,9,9,9,9,9,9,9,9,9,9
122121,1,1,0,0,0,0,0,0,0,0,13,18
122121,2,1,0,0,0,0,0,0,0,20,0,0
122122,0,1,0,0,0,36,0,0,0,0,0,40
122122,1,1,0,0,0,0,0,0,0,0,0,0
122123,0,1,0,0,0,0,0,0,0,0,0,0
122123,1,1,0,0,0,0,0,0,0,0,0,0
122124,1,1,9,0,2,0,0,16,21,17,0,0
122124,2,1,8,0,0,24,0,0,0,27,0,0
122125,1,1,0,0,0,0,0,0,0,0,0,0
122125,2,1,0,0,0,0,0,0,0,0,0,0
122126,0,1,0,21,0,0,0,0,0,0,0,0
122126,1,1,0,0,0,0,0,0,0,0,0,3
122127,0,1,0,0,17,0,0,18,0,26,0,0
122127,1,1,0,0,0,14,24,0,0,0,0,0
122128,1,1,0,0,0,0,0,0,0,0,0,0
122128,2,1,0,0,0,0,0,0,0,0,0,0
122130,1,1,0,0,0,0,0,0,0,0,0,0
122130,2,1,0,0,0,0,0,0,0,0,0,0
122131,0,1,0,0,0,0,0,0,0,0,0,0
122131,1,1,7,0,0,12,0,0,12,0,0,0
122133,0,1,0,0,0,0,0,0,0,0,0,0
122133,1,1,0,0,0,0,0,0,0,0,24,0
122134,1,1,0,0,0,0,0,0,0,0,0,0
122135,1,1,20,20,20,20,20,20,20,20,20,20
122135,2,1,10,10,10,10,10,10,10,10,10,10
122136,1,1,0,16,0,0,9,0,0,0,0,6
122137,1,1,0,0,0,0,0,0,0,0,0,0
122138,0,1,0,0,0,0,0,0,0,0,0,0
122138,1,1,0,0,0,0,0,0,0,0,0,0
122139,1,1,0,0,0,0,0,14,0,0,0,0
122139,2,1,0,0,0,0,0,0,0,0,0,0
122140,1,1,0,0,0,0,0,0,0,0,0,0
122140,2,1,32,32,32,32,32,32,32,32,32,32
122141,1,1,23,23,23,23,23,23,23,23,23,23
122141,2,1,0,0,0,0,0,0,0,0,0,0
122142,1,1,0,0,0,0,0,0,0,0,0,0
122142,2,1,0,0,0,0,0,0,0,0,0,0
122143,1,1,0,0,0,0,0,0,0,0,0,0
122143,2,1,0,0,0,0,0,0,0,0,0,0
122143,3,1,0,0,0,0,0,0,0,0,0,0
122144,1,1,0,0,30,0,0,0,0,0,0,0
122145,1,1,15,15,15,15,15,15,15,15,15,15
122146,1,1,24,0,19,0,12,0,21,0,0,0
122146,2,1,0,0,0,0,0,0,0,0,0,0
122147,1,1,0,0,0,0,0,0,0,0,0,0
122147,2,1,0,0,0,0,0,0,0,0,0,0
122148,1,1,0,0,0,0,0,0,0,0,0,0
122148,2,1,0,0,0,0,0,0,0,0,0,0
122148,3,1,10,10,10,10,10,10,10,10,10,10
122148,4,1,0,12,0,0,0,0,0,0,0,0
122148,5,1,0,0,0,0,0,0,0,0,0,0
122150,1,1,0,0,0,0,0,0,0,0,0,0
122151,1,1,0,0,0,0,0,0,0,0,0,0
122151,2,1,0,0,0,0,0,0,0,0,0,0
122152,1,1,0,0,0,0,0,0,0,0,0,0
122152,2,1,0,0,0,0,0,0,0,0,0,0
122153,1,1,0,13,20,20,0,10,0,0,10,0
122153,2,1,0,0,0,0,0,0,0,0,0,18
122154,1,1,0,0,0,0,0,0,0,0,0,0
122154,2,1,0,0,0,0,0,0,0,0,0,0
122155,1,1,8,30,14,0,4,14,6,7,11,31
122155,2,1,0,0,0,0,0,0,0,0,0,0
122156,1,1,0,0,0,0,0,0,0,0,0,0
122156,2,1,0,0,0,0,0,0,0,0,0,0
122157,1,1,0,0,0,0,0,0,0,0,0,0
122157,2,1,0,0,0,0,0,0,0,0,0,0
122157,3,1,0,0,0,0,0,0,0,0,0,0
122158,1,1,1,1,1,1,1,1,1,1,1,1
122159,1,1,17,17,17,17,17,17,17,17,17,17
122160,1,1,0,0,0,0,0,0,0,0,0,0
122161,1,1,0,0,0,0,0,0,0,0,0,0
122162,0,1,24,15,0,32,0,31,0,0,0,29
122162,1,1,0,16,0,3,0,0,0,0,0,15
122163,1,1,0,0,0,11,7,0,0,0,0,0
122164,1,1,0,0,0,0,0,0,0,0,0,0
122164,2,1,0,0,0,0,0,0,0,0,0,0
122165,1,1,0,0,0,0,0,0,0,0,0,0
122166,1,1,0,0,0,0,0,35,0,0,0,0
122166,2,1,0,0,0,0,0,0,0,0,0,0
122167,1,1,0,0,0,0,0,0,0,0,0,0
122169,1,1,0,0,0,0,0,0,0,0,0,0
122170,1,1,0,0,0,0,0,0,12,0,0,3
122170,2,1,0,0,0,0,0,0,0,0,0,0
122171,1,1,0,0,0,0,0,0,0,0,0,0
122171,2,1,0,0,0,0,0,0,0,0,0,0
122172,1,1,20,20,20,20,20,20,20,20,20,20
122172,2,1,0,0,0,0,0,0,0,0,0,0
122172,3,1,0,0,0,0,8,0,0,0,0,0
122173,1,1,0,0,0,0,0,0,0,0,0,0
122174,0,1,0,10,28,0,45,0,0,0,0,20
122174,1,1,0,0,0,0,0,0,0,0,9,10
122175,1,1,26,26,26,26,26,26,26,26,26,26
122176,1,1,0,0,0,0,0,0,0,0,0,0
122177,1,1,11,11,11,11,11,11,11,11,11,11
122178,0,1,0,0,0,0,0,0,0,0,0,0
122178,1,1,9,9,9,9,9,9,9,9,9,9
122179,1,1,0,0,6,0,12,0,0,0,0,0
122180,1,1,0,0,0,0,0,0,0,0,0,0
122180,2,1,0,0,0,0,0,6,0,0,0,0
122181,0,1,0,0,0,0,0,0,0,0,0,0
122181,1,1,0,0,0,0,0,0,0,0,0,0
122181,2,1,0,0,0,0,0,0,0,19,0,0
122181,3,1,0,0,0,0,0,0,0,0,0,0
122182,1,1,17,17,17,17,17,17,17,17,17,17
122183,1,1,0,0,0,0,0,0,0,0,0,0
122183,2,1,0,0,0,0,0,0,0,0,0,0
122184,0,1,0,14,0,0,23,0,0,19,0,26
122184,1,1,0,0,0,0,0,41,0,0,0,0
122184,2,1,0,17,0,0,0,0,0,0,0,0
122184,3,1,0,0,0,0,0,22,0,0,0,0
122185,1,1,6,0,0,0,0,0,14,0,0,0
122186,1,1,0,0,0,0,0,0,0,0,0,0
122187,0,1,24,30,0,0,0,9,0,12,30,0
122187,1,1,0,0,0,0,0,0,0,0,30,0
122188,1,1,18,18,18,18,18,18,18,18,18,18
122189,1,1,0,0,0,0,0,0,0,0,0,0
122189,2,1,0,0,0,0,0,0,0,0,0,0
122189,3,1,0,0,0,0,0,0,0,0,0,0
122190,1,1,0,0,0,0,15,0,0,0,0,0
122190,2,1,6,3,0,0,0,20,0,6,0,0
122191,1,1,0,0,0,0,0,0,0,0,0,0
122191,2,1,0,0,0,0,0,0,0,0,0,0
122191,3,1,0,0,0,0,0,0,0,0,0,0
122192,0,1,17,0,0,0,0,0,18,0,0,11
122192,1,1,10,0,0,12,23,0,0,18,0,0
122193,1,1,0,0,0,0,0,0,0,0,0,0
122193,2,1,0,0,0,0,0,0,0,0,0,0
122195,0,1,0,0,0,0,0,0,0,0,0,0
122195,1,1,0,0,0,0,0,0,0,0,18,0
122196,1,1,11,11,11,11,11,11,11,11,11,11
122197,0,1,0,0,0,0,0,0,0,0,0,0
122197,1,1,0,0,0,0,0,0,0,0,0,0
122198,0,1,0,34,11,0,0,0,21,0,0,0
122198,1,1,0,0,0,0,0,0,0,0,0,13
122199,1,1,8,8,8,8,8,8,8,8,8,8
122200,0,1,0,0,0,0,0,14,21,0,12,0
122200,1,1,12,0,0,0,0,0,0,0,0,0
122202,1,1,0,0,0,0,0,0,0,0,0,9
122202,2,1,16,0,0,0,22,0,0,14,25,0
122203,1,1,0,0,30,0,0,0,0,0,0,14
122203,2,1,23,0,0,0,11,0,0,0,0,0
122204,0,1,0,0,0,0,0,0,0,0,0,0
122204,1,1,0,0,0,0,0,0,0,0,0,0
122205,1,1,0,0,0,0,0,0,0,0,0,0
122205,2,1,0,0,0,0,0,0,0,0,0,0
122206,0,1,0,0,17,0,0,0,0,0,0,0
122206,1,1,0,0,0,0,0,10,0,0,0,0
122207,1,1,0,0,0,0,0,0,0,0,0,0
122207,2,1,0,0,0,0,0,0,0,0,0,0
122208,0,1,0,8,5,0,0,0,24,0,0,0
122208,1,1,0,19,0,15,0,0,20,22,16,0
122208,2,1,0,0,0,18,0,28,0,21,0,29
122209,1,1,0,37,18,19,0,13,24,11,19,3
122210,1,1,0,0,0,0,0,0,0,0,0,0
122210,2,1,0,0,0,0,0,0,0,0,0,0
122211,0,1,0,0,13,7,0,27,0,41,0,0
122211,1,1,17,17,17,17,17,17,17,17,17,17
122212,1,1,18,18,18,18,18,18,18,18,18,18
122213,1,1,0,0,0,0,0,0,0,0,0,0
122214,0,1,0,0,0,0,0,0,0,0,0,0
122214,1,1,0,0,0,0,0,0,0,0,0,0
122215,1,1,0,0,0,0,0,0,0,0,0,0
122215,2,1,0,0,0,0,0,0,0,0,0,0
122216,0,1,0,0,0,0,0,0,0,0,0,0
122216,1,1,0,17,0,0,0,0,0,0,0,0
122217,1,1,0,0,0,0,0,0,0,0,0,0
122218,1,1,20,27,8,15,11,27,0,2,12,34
122219,1,1,0,0,0,0,0,0,0,0,0,0
122220,0,1,0,0,0,30,0,0,0,2,0,0
122220,1,1,0,0,0,0,0,0,0,0,0,0
122220,2,1,0,0,0,0,0,0,0,0,0,0
122221,0,1,0,0,20,0,0,0,29,4,8,23
122221,1,1,0,0,0,0,0,0,0,0,0,0
122222,1,1,0,18,24,0,0,0,10,0,0,0
122223,1,1,0,0,0,20,0,0,26,0,0,0
122224,1,1,0,0,0,0,0,0,0,0,0,0
122224,2,1,0,0,0,0,0,0,0,0,0,0
122224,3,1,0,0,0,0,0,0,0,0,0,0
122225,0,1,0,0,0,0,0,0,0,0,0,0
122225,1,1,0,36,0,0,8,0,0,0,0,0
122226,0,1,0,0,12,13,0,0,0,0,24,19
122226,1,1,0,0,0,0,0,0,0,0,0,0
122227,0,1,0,0,10,0,0,0,23,0,33,0
122227,1,1,0,0,0,0,0,0,0,0,11,0
122227,2,1,0,6,0,0,6,0,0,18,0,0
122228,0,1,0,0,0,0,0,0,0,0,0,0
122228,0,2,0,16,0,0,0,0,0,0,0,0
122228,1,1,0,0,0,0,0,0,0,0,0,0
122229,1,1,0,0,0,0,0,0,0,0,0,0
122229,2,1,0,0,0,0,0,0,0,0,0,0
122230,1,1,0,0,0,0,0,0,0,0,0,0
122230,2,1,0,0,0,0,0,0,0,0,0,0
122232,1,1,14,14,14,14,14,14,14,14,14,14
122232,2,1,0,0,0,0,0,0,0,35,0,0
122233,1,1,0,0,0,0,0,0,0,0,0,0
122233,2,1,0,0,0,0,0,0,0,0,0,0
122234,0,1,6,0,24,11,20,27,0,0,0,15
122234,1,1,0,0,19,0,10,0,10,16,12,25
122236,1,1,12,12,12,12,12,12,12,12,12,12
122236,2,1,0,0,0,0,8,0,0,0,0,0
122237,0,1,0,0,33,0,18,0,9,15,0,20
122237,1,1,0,0,0,0,0,0,0,18,0,0
122238,1,1,27,27,27,27,27,27,27,27,27,27
122239,1,1,0,0,14,0,0,0,0,0,0,0
122239,2,1,0,0,0,0,0,0,0,0,0,0
122240,1,1,0,15,0,0,0,0,0,10,0,26
122240,2,1,0,0,0,0,0,0,0,0,0,0
122241,1,1,0,0,0,0,0,0,12,0,0,0
122241,2,1,0,20,33,0,35,14,14,9,14,0
122241,3,1,10,10,10,10,10,10,10,10,10,10
122242,1,1,12,12,12,12,12,12,12,12,12,12
122243,1,1,26,26,26,26,26,26,26,26,26,26
122244,1,1,0,0,0,0,0,0,0,0,0,0
122245,1,1,0,0,0,0,0,0,0,0,0,0
122245,2,1,0,0,0,0,0,0,0,0,0,0
122245,3,1,0,0,0,10,0,0,0,0,0,0
122246,1,1,29,29,29,29,29,29,29,29,29,29
122247,1,1,0,0,0,0,0,0,0,0,0,0
122247,2,1,0,0,0,0,0,0,0,0,0,0
122248,1,1,8,8,8,8,8,8,8,8,8,8
122249,1,1,0,0,0,0,0,0,0,0,0,0
122249,2,1,0,0,0,0,0,0,0,0,0,0
122250,1,1,0,0,0,0,0,0,0,0,4,0
122251,1,1,0,0,0,22,0,0,0,0,0,0
122252,0,1,0,0,0,0,0,0,0,0,0,0
122252,1,1,13,0,0,0,0,0,0,0,0,15
122253,1,1,0,0,0,0,0,0,19,0,28,0
122254,1,1,0,0,0,0,0,0,0,0,0,0
122255,1,1,0,0,0,0,0,0,0,0,0,0
122256,1,1,18,18,18,18,18,18,18,18,18,18
122256,2,1,0,0,0,0,0,0,0,0,0,0
122258,1,1,0,17,0,10,0,6,0,0,0,0
122258,2,1,0,0,0,0,0,0,0,0,0,0
122259,1,1,0,0,0,0,0,0,0,34,0,0
122259,2,1,4,0,0,0,0,0,0,0,0,6
122260,1,1,0,0,0,0,0,0,0,3,0,0
122260,2,1,0,0,0,0,0,0,0,0,0,0
122260,3,1,0,0,0,0,0,0,0,0,0,0
122261,0,1,0,0,0,0,0,0,0,0,0,0
122261,1,1,0,0,0,0,0,0,0,0,0,0
122262,0,1,0,22,0,0,0,21,0,0,0,0
122262,1,1,0,0,0,0,0,0,0,12,0,0
122263,1,1,0,0,0,0,0,0,0,0,0,0
122264,1,1,0,0,0,0,0,0,0,0,0,0
122265,1,1,0,0,0,0,17,0,0,0,0,0
122265,2,1,0,0,0,0,0,0,0,0,8,0
122266,1,1,0,0,0,0,0,0,0,0,0,0
122266,2,1,0,4,23,7,15,26,24,0,0,0
122266,3,1,0,0,0,0,18,0,0,0,38,0
122267,1,1,0,0,0,0,0,0,0,0,0,0
122267,2,1,0,0,0,0,0,0,0,0,0,0
122268,1,1,0,0,0,0,29,0,0,0,0,0
122269,0,1,2,2,2,2,2,2,2,2,2,2
122269,1,1,0,0,14,0,0,0,0,0,0,0
122270,0,1,0,0,0,0,0,23,0,0,0,0
122270,1,1,10,0,0,0,0,0,0,0,0,0
122271,1,1,0,0,0,10,0,0,0,0,0,0
122271,2,1,0,0,0,0,0,0,0,0,0,0
122275,1,1,0,0,0,0,0,0,0,0,0,0
122275,2,1,0,0,0,0,0,0,0,0,0,0
122275,3,1,0,0,0,0,0,0,0,0,0,0
122275,4,1,0,0,0,0,0,0,0,0,0,0
122275,5,1,0,0,7,0,0,0,0,0,0,0
122275,6,1,0,0,0,0,0,0,0,0,0,0
122276,1,1,0,0,0,0,18,0,0,0,0,0
122276,2,1,0,0,0,0,0,0,0,0,0,0
122277,0,1,0,0,0,0,0,0,0,0,0,0
122277,1,1,16,0,0,0,18,0,0,0,0,0
122278,1,1,11,0,0,23,0,5,0,0,17,0
122279,1,1,0,0,0,0,0,0,0,0,0,0
122280,1,1,14,14,14,14,14,14,14,14,14,14
122281,1,1,0,0,0,0,0,0,0,0,0,0
122281,2,1,0,0,0,0,0,0,0,6,0,0
122282,0,1,0,0,0,0,0,0,0,0,0,0
122282,1,1,0,0,0,0,0,0,0,0,0,0
122283,1,1,33,33,33,33,33,33,33,33,33,33
122284,1,1,11,11,11,11,11,11,11,11,11,11
122284,2,1,0,0,0,0,0,0,0,0,0,0
122285,1,1,13,13,13,13,13,13,13,13,13,13
122286,1,1,7,7,7,7,7,7,7,7,7,7
122286,2,1,0,0,0,0,0,0,0,0,0,0
122287,0,1,0,0,0,0,0,0,0,8,0,0
122287,1,1,0,0,0,0,0,0,0,0,0,0
122288,0,1,0,0,0,0,0,0,0,0,0,0
122288,1,1,0,0,0,0,0,0,0,0,0,0
122289,0,1,0,0,0,0,0,0,0,0,0,0
122289,1,1,12,0,0,0,0,0,0,0,0,0
122290,0,1,0,0,0,0,0,0,0,0,0,0
122290,1,1,0,0,7,18,0,21,16,14,16,25
122291,1,1,0,0,0,0,0,15,0,0,0,0
122292,1,1,31,31,31,31,31,31,31,31,31,31
122293,1,1,0,0,0,0,0,0,0,0,0,0
122293,2,1,0,0,0,0,0,0,0,0,0,0
122293,3,1,0,0,0,0,0,0,0,0,0,0
122293,4,1,0,0,0,0,0,0,0,0,0,0
122294,1,1,3,3,3,3,3,3,3,3,3,3
122294,2,1,0,0,0,0,0,0,0,0,0,0
122295,1,1,28,28,28,28,28,28,28,28,28,28
122295,2,1,5,0,0,0,0,0,0,0,0,0
122297,1,1,0,0,0,0,0,0,0,0,0,0
122297,2,1,0,0,0,0,0,0,0,0,0,0
122298,1,1,0,0,0,0,0,0,0,0,0,0
122299,1,1,0,0,0,0,0,0,0,0,0,0
122299,2,1,0,0,0,0,0,0,0,0,0,0
122299,3,1,0,0,0,0,0,0,0,0,0,0
122299,4,1,0,0,0,0,0,0,0,0,0,0
122300,1,1,9,9,9,9,9,9,9,9,9,9
122300,2,1,0,0,0,0,0,0,0,0,0,0
122301,1,1,21,0,31,33,0,0,8,0,0,29
122301,2,1,0,7,14,16,0,0,12,0,0,0
122302,1,1,0,0,0,0,0,0,0,0,0,0
122303,0,1,13,13,13,13,13,13,13,13,13,13
122303,1,1,0,0,0,0,0,0,0,0,0,0
122304,0,1,19,0,0,27,0,0,0,0,0,0
122304,1,1,0,0,0,0,0,0,0,0,0,0
122305,1,1,15,15,15,15,15,15,15,15,15,15
122306,1,1,0,0,0,0,0,0,0,0,0,0
122307,0,1,0,0,0,0,0,0,0,0,0,0
122307,1,1,0,11,0,0,0,0,0,0,0,0
122308,0,1,0,0,0,0,0,0,0,0,0,0
122308,1,1,17,17,17,17,17,17,17,17,17,17
122309,0,1,0,0,0,0,0,0,0,0,20,0
122309,1,1,0,0,0,0,0,0,0,0,0,0
122310,0,1,25,25,25,25,25,25,25,25,25,25
122310,1,1,0,0,0,0,21,0,0,0,0,0
122310,2,1,0,0,0,0,0,0,0,0,22,0
122311,1,1,6,0,0,0,0,0,0,0,0,0
122311,2,1,0,0,0,0,0,0,0,0,0,0
122312,0,1,0,0,0,0,0,0,0,0,50,0
122312,1,1,0,0,0,0,0,0,0,0,0,0
122313,1,1,0,0,5,0,21,0,10,9,0,29
122313,2,1,0,0,0,18,0,0,0,0,0,21
122313,3,1,0,0,0,0,0,0,0,0,0,0
122314,1,1,0,0,0,0,0,0,0,0,0,0
122315,1,1,0,0,0,0,0,0,0,0,0,0
122315,2,1,0,0,0,0,0,0,0,0,0,0
122316,1,1,0,0,0,0,22,0,0,0,0,0
122316,2,1,0,0,0,2,0,0,0,0,0,0
122317,0,1,0,0,0,0,0,28,0,0,0,0
122317,1,1,0,0,0,7,0,0,0,0,0,0
122318,1,1,33,33,33,33,33,33,33,33,33,33
122321,1,1,0,13,0,0,0,0,0,0,0,0
122321,2,1,0,0,0,0,0,0,0,0,0,0
122321,3,1,0,0,0,0,0,0,0,0,0,0
122322,1,1,0,0,0,0,0,0,0,0,0,0
122322,2,1,0,0,0,0,0,0,0,0,0,0
122322,3,1,0,0,0,0,0,0,0,0,0,0
122323,0,1,1,1,1,1,1,1,1,1,1,1
122323,1,1,0,0,0,0,20,0,0,0,0,0
122324,0,1,36,36,36,36,36,36,36,36,36,36
122324,1,1,0,0,0,0,0,0,0,0,0,0
122325,1,1,0,0,0,0,0,0,0,7,14,0
122326,0,1,0,0,0,0,0,0,0,0,0,0
122326,1,1,0,0,0,0,0,0,0,0,0,0
122327,1,1,3,3,3,3,3,3,3,3,3,3
122327,2,1,0,0,0,0,0,0,0,0,24,0
122328,1,1,0,0,0,0,6,0,0,0,0,0
122328,2,1,0,0,0,0,0,0,0,0,0,0
122328,3,1,0,0,0,0,11,0,0,0,0,0
122328,4,1,0,0,0,0,0,0,0,0,0,0
122329,1,1,0,0,0,0,0,0,0,0,0,0
122329,2,1,0,0,0,0,0,0,0,0,0,0
122330,1,1,22,0,0,0,0,9,0,0,0,0
122330,2,1,0,0,0,0,0,0,0,0,0,35
122332,1,1,0,0,0,0,0,0,0,0,0,0
122332,2,1,0,0,0,0,0,0,0,0,0,0
122333,0,1,0,0,0,0,0,21,0,0,0,0
122333,1,1,0,8,0,23,0,0,0,19,14,0
122334,1,1,11,11,11,11,11,11,11,11,11,11
122334,2,1,0,0,0,0,0,0,0,17,0,0
122335,1,1,17,17,17,17,17,17,17,17,17,17
122335,2,1,0,0,26,0,0,8,0,0,0,0
122337,1,1,0,0,0,0,0,0,0,0,0,0
122338,1,1,0,0,0,0,0,0,0,0,0,0
122338,2,1,0,0,0,0,0,0,0,0,0,0
122339,1,1,0,0,0,0,0,0,0,0,0,0
122340,1,1,0,0,0,0,0,0,0,0,0,0
122340,2,1,8,0,0,10,0,0,0,0,0,0
122341,1,1,12,18,0,7,15,10,20,17,7,6
122343,1,1,0,0,0,0,0,0,0,0,0,0
122344,1,1,0,0,0,0,0,0,0,0,0,0
122345,1,1,0,0,36,0,24,0,0,44,0,15
122345,2,1,0,0,0,0,0,0,0,0,0,0
122345,3,1,0,0,0,0,0,0,0,0,0,0
122346,1,1,0,0,0,0,0,0,0,0,0,0
122346,2,1,0,0,0,16,17,0,0,22,0,6
122347,0,1,0,0,0,0,0,0,0,0,0,0
122347,1,1,0,0,0,0,18,0,0,0,0,0
122348,0,1,0,6,0,0,0,0,0,15,0,34
122348,1,1,0,0,0,0,0,0,0,0,0,12
122349,1,1,0,0,0,0,0,0,34,0,0,0
122350,1,1,0,0,0,0,0,0,0,0,0,0