ST_CASE,VEH_NO,PER_NO,P1,P2,P3,P4,P5,P6,P7,P8,P9,P10
122350,2,1,0,0,0,0,0,0,0,0,0,0
122350,3,1,0,0,0,0,0,0,0,0,0,0
122351,1,1,0,0,0,0,0,0,0,0,0,0
122352,0,1,0,0,0,0,0,0,0,0,0,57
122352,1,1,34,0,28,0,0,0,25,0,14,25
122353,0,1,37,22,8,0,0,15,28,33,0,0
122353,1,1,0,0,0,0,0,0,0,0,0,0
122354,1,1,0,0,0,0,0,0,0,0,0,0
122354,2,1,0,0,0,0,0,0,0,0,0,0
122355,0,1,0,0,0,0,0,0,0,0,0,0
122355,1,1,0,0,0,0,0,0,0,0,0,0
122356,1,1,1,1,1,1,1,1,1,1,1,1
122357,0,1,0,0,0,0,0,0,0,0,0,0
122357,1,1,0,0,0,0,0,0,0,0,0,0
122358,1,1,0,0,0,0,0,0,0,0,0,0
122358,2,1,0,0,8,0,2,0,0,10,0,0
122359,1,1,0,7,0,0,0,0,0,0,0,0
122360,0,1,28,33,31,14,24,13,21,24,11,21
122360,1,1,0,0,0,0,0,0,0,0,0,8
122361,1,1,21,21,21,21,21,21,21,21,21,21
122362,1,1,37,0,37,0,0,0,0,0,0,15
122362,2,1,11,0,0,0,0,0,0,0,0,0
122363,1,1,0,0,0,0,0,0,0,0,0,0
122364,1,1,0,0,0,10,0,0,0,0,11,0
122364,2,1,0,0,0,0,0,0,0,0,0,0
122365,0,1,0,0,0,0,23,36,0,13,33,0
122365,1,1,0,0,0,0,11,15,16,0,0,0
122365,2,1,15,17,0,0,15,0,0,0,11,0
122365,3,1,34,0,0,7,7,11,0,10,12,0
122365,4,1,0,0,0,22,16,16,0,0,0,0
122366,1,1,0,0,0,0,0,0,0,0,0,0
122368,0,1,0,0,0,0,0,0,0,0,22,0
122368,1,1,0,0,0,0,0,0,0,0,0,0
122369,1,1,0,24,0,0,0,0,0,0,0,0
122369,2,1,0,0,0,0,0,0,0,0,0,0
122370,1,1,0,0,0,0,0,0,0,0,0,0
122370,2,1,0,0,0,0,0,0,0,0,0,0
122371,0,1,28,0,0,42,0,14,0,12,35,0
122371,1,1,0,0,0,0,0,0,0,0,0,0
122372,1,1,0,0,0,0,0,0,0,0,0,0
122373,0,1,0,19,0,0,0,0,0,0,0,0
122373,1,1,0,0,0,0,0,0,0,0,0,0
122374,0,1,0,0,0,0,0,0,0,0,0,0
122374,1,1,0,0,0,0,0,0,0,0,0,0
122375,1,1,0,0,0,0,0,0,0,0,0,0
122376,0,1,0,0,0,0,0,0,0,0,0,0
122377,1,1,0,0,0,0,0,0,0,0,0,0
122377,2,1,0,0,0,0,20,0,30,0,0,0
122378,1,1,21,21,21,21,21,21,21,21,21,21
122379,0,1,14,13,10,14,8,16,24,12,14,7
122379,1,1,0,0,0,0,31,0,0,0,0,0
122381,1,1,0,0,0,0,0,0,0,0,0,0
122381,2,1,0,0,0,0,0,0,0,0,0,0
122382,0,1,0,0,0,0,0,0,0,0,0,0
122383,0,1,0,0,0,0,0,0,0,0,0,0
122383,1,1,0,0,0,36,0,0,0,0,0,0
122384,1,1,0,0,0,0,0,0,0,0,0,0
122385,0,1,0,0,14,24,0,0,0,0,0,0
122385,1,1,0,0,0,0,0,0,0,0,0,0
122386,1,1,17,0,0,19,33,0,0,0,0,0
122388,1,1,15,11,31,25,15,15,16,25,27,30
122389,1,1,0,0,0,0,12,0,0,0,0,0
122389,2,1,0,0,0,0,3,0,0,0,21,0
122390,0,1,32,32,32,32,32,32,32,32,32,32
122390,1,1,8,8,8,8,8,8,8,8,8,8
122390,2,1,24,18,0,0,0,0,21,0,0,10
122390,3,1,3,3,3,3,3,3,3,3,3,3
122391,1,1,27,27,27,27,27,27,27,27,27,27
122391,2,1,0,0,0,0,0,0,0,0,0,0
122392,1,1,0,0,0,0,0,0,0,0,0,0
122392,2,1,19,0,0,0,0,0,0,0,0,0
122393,1,1,0,0,0,0,0,0,0,0,0,0
122393,2,1,0,0,0,0,0,0,0,0,0,0
122394,0,1,0,0,0,0,0,0,0,0,0,0
122394,1,1,0,0,0,0,0,0,0,29,0,0
122395,1,1,0,0,0,0,0,0,0,0,0,0
122395,2,1,0,0,0,0,0,0,0,0,0,0
122395,3,1,0,0,0,0,0,0,0,0,0,0
122396,1,1,0,0,0,9,0,12,11,0,0,0
122396,2,1,0,0,0,0,0,0,0,0,0,0
122396,3,1,0,0,0,0,0,0,0,0,0,0
122397,1,1,0,0,3,9,0,0,0,0,0,0
122398,0,1,19,19,19,19,19,19,19,19,19,19
122398,1,1,0,0,0,0,0,0,0,0,20,0
122399,0,1,1,1,1,1,1,1,1,1,1,1
122399,1,1,0,19,0,0,0,0,0,0,0,0
122400,1,1,38,38,38,38,38,38,38,38,38,38
122401,0,1,0,0,0,0,0,0,0,0,0,0
122401,1,1,0,0,0,0,0,0,0,0,0,0
122402,0,1,0,0,0,0,0,0,0,0,0,0
122402,0,2,0,0,0,0,0,0,0,0,0,0
122402,1,1,15,16,21,19,8,18,9,7,25,0
122403,1,1,18,18,18,18,18,18,18,18,18,18
122404,1,1,3,3,3,3,3,3,3,3,3,3
122404,2,1,0,0,0,0,0,0,0,0,0,0
122404,3,1,0,0,0,0,0,0,0,0,0,0
122404,4,1,0,0,0,0,0,0,0,0,0,0
122405,0,1,0,0,0,0,0,0,0,0,4,0
122405,1,1,0,0,0,0,0,0,0,0,0,0
122406,0,1,0,0,0,0,0,0,0,0,0,0
122406,1,1,0,0,0,0,0,0,0,0,0,0
122407,1,1,0,0,0,0,0,0,0,0,0,0
122407,2,1,0,0,0,0,0,0,0,0,0,0
122407,3,1,0,0,0,0,0,0,0,0,0,0
122408,1,1,0,0,0,6,0,0,0,0,0,0
122408,2,1,0,0,0,0,0,11,0,0,28,27
122409,1,1,0,0,0,0,0,0,0,0,0,0
122409,2,1,0,0,0,0,0,0,0,0,0,0
122410,0,1,30,0,0,24,0,10,20,0,0,44
122410,1,1,0,0,0,0,0,26,0,7,0,0
122411,0,1,0,0,0,0,0,0,0,0,0,11
122411,1,1,0,0,0,0,0,0,0,0,0,0
122412,0,1,25,25,25,25,25,25,25,25,25,25
122412,1,1,0,25,25,0,0,19,0,19,23,14
122413,1,1,0,0,0,0,0,0,0,0,6,0
122413,2,1,0,0,0,0,0,0,0,0,0,0
122414,1,1,0,0,0,0,0,0,0,0,0,0
122414,2,1,14,14,14,14,14,14,14,14,14,14
122415,1,1,16,10,34,24,11,11,29,10,32,21
122415,2,1,0,0,13,0,0,0,0,0,12,0
122416,0,1,0,0,0,0,0,0,0,0,0,0
122416,1,1,0,0,0,0,0,0,7,0,0,0
122417,1,1,0,0,0,0,0,0,0,0,0,0
122418,1,1,9,9,9,9,9,9,9,9,9,9
122419,1,1,0,0,0,0,0,0,0,0,0,0
122419,2,1,3,3,3,3,3,3,3,3,3,3
122420,1,1,0,0,0,0,0,0,0,0,5,0
122420,2,1,0,0,0,0,0,0,0,0,0,0
122421,1,1,0,0,0,0,0,0,0,0,0,0
122422,0,1,0,0,0,0,0,0,0,0,0,0
122422,1,1,0,0,0,0,16,0,0,0,0,0
122423,1,1,14,14,14,14,14,14,14,14,14,14
122424,1,1,36,36,36,36,36,36,36,36,36,36
122425,0,1,16,16,16,16,16,16,16,16,16,16
122425,1,1,0,0,0,0,25,0,0,8,19,0
122426,1,1,14,0,0,0,14,0,0,0,0,0
122426,2,1,0,0,0,0,0,0,0,0,0,0
122427,0,1,0,0,0,0,0,0,0,0,0,0
122427,1,1,0,0,0,0,0,0,0,0,0,0
122428,1,1,8,8,8,8,8,8,8,8,8,8
122428,2,1,0,0,0,0,0,0,0,0,0,0
122429,1,1,7,7,7,7,7,7,7,7,7,7
122429,2,1,0,0,0,0,0,0,0,0,0,0
122430,1,1,0,0,0,0,0,0,0,0,0,0
122430,2,1,0,0,0,0,0,0,0,0,0,0
122431,1,1,0,26,0,0,17,0,0,0,0,0
122431,2,1,0,0,7,5,13,5,0,12,0,0
122432,0,1,0,0,0,0,0,0,0,0,0,0
122432,1,1,0,0,0,0,18,0,0,0,0,0
122433,1,1,20,20,20,20,20,20,20,20,20,20
122434,0,1,18,18,18,18,18,18,18,18,18,18
122434,1,1,0,0,0,0,0,0,0,0,0,0
122435,1,1,0,0,0,0,0,0,2,36,0,0
122435,2,1,0,0,0,0,0,0,0,0,0,0
122436,1,1,0,0,0,0,0,0,0,0,0,0
122436,2,1,0,0,0,0,0,0,0,0,0,0
122438,1,1,0,0,0,0,0,0,0,0,0,0
122438,2,1,0,0,0,0,0,0,0,0,0,0
122439,1,1,0,0,0,0,0,0,0,0,0,0
122439,2,1,0,0,0,0,0,0,0,0,0,0
122440,1,1,9,9,9,9,9,9,9,9,9,9
122440,2,1,0,0,0,0,0,0,0,0,0,0
122440,3,1,0,0,0,0,0,0,0,0,0,21
122440,4,1,13,0,0,0,0,0,0,0,0,0
122441,0,1,0,0,39,0,0,0,0,0,24,0
122441,1,1,0,0,0,0,0,0,0,0,0,0
122442,1,1,19,0,0,0,0,0,0,0,0,0
122443,1,1,0,0,0,0,0,0,0,0,0,0
122443,2,1,39,0,0,0,0,0,25,0,0,0
122443,3,1,0,0,0,0,0,0,0,0,0,0
122444,1,1,23,23,23,23,23,23,23,23,23,23
122445,1,1,0,0,13,0,11,0,0,0,0,0
122446,1,1,29,0,0,14,0,0,0,14,17,0
122447,1,1,0,23,0,0,0,0,0,0,0,0
122447,2,1,0,0,0,4,0,0,0,10,0,0
122447,3,1,0,0,23,0,11,0,0,0,0,12
122448,1,1,0,0,0,0,0,0,0,0,0,0
122449,0,1,36,0,0,0,0,0,23,0,0,0
122449,1,1,0,0,0,0,0,0,30,0,0,0
122450,1,1,19,0,39,0,0,0,16,0,0,18
122450,2,1,0,0,0,0,0,12,0,0,0,0
122452,0,1,0,0,0,0,0,0,0,0,0,22
122452,1,1,0,0,0,0,0,0,0,0,0,0
122453,1,1,0,0,0,0,0,0,0,0,0,0
122453,2,1,0,0,0,0,0,0,0,0,0,0
122454,1,1,31,31,31,31,31,31,31,31,31,31
122456,1,1,0,0,0,0,0,0,24,0,0,0
122456,2,1,20,20,20,20,20,20,20,20,20,20
122456,3,1,0,0,18,0,0,0,0,0,0,0
122456,4,1,0,0,0,0,0,0,0,0,0,0
122457,0,1,52,52,52,52,52,52,52,52,52,52
122457,1,1,0,0,0,0,0,0,0,0,0,0
122458,1,1,16,16,16,16,16,16,16,16,16,16
122459,1,1,14,0,0,17,0,0,0,16,16,30
122459,2,1,0,0,0,0,0,0,0,0,0,0
122460,0,1,18,0,0,0,20,0,40,27,0,0
122460,1,1,0,0,14,0,0,0,39,0,0,0
122461,1,1,0,0,0,0,0,0,0,0,0,0
122461,2,1,0,0,0,0,0,0,0,0,0,0
122463,0,1,0,0,0,0,0,0,0,0,0,0
122463,1,1,0,0,0,0,0,0,0,0,0,0
122464,1,1,0,0,0,0,0,0,0,0,0,0
122465,1,1,12,12,12,12,12,12,12,12,12,12
122466,1,1,0,0,0,0,0,0,0,0,0,0
122466,2,1,0,0,0,0,0,0,0,0,0,0
122467,1,1,0,0,0,0,0,12,0,0,9,0
122468,1,1,20,20,20,20,20,20,20,20,20,20
122468,2,1,0,0,0,0,0,0,0,0,0,0
122469,1,1,0,0,0,0,0,0,0,0,0,0
122469,2,1,0,0,0,0,0,0,0,0,0,0
122470,1,1,18,0,0,0,0,0,22,0,0,0
122470,2,1,14,0,0,18,0,9,14,4,0,7
122471,1,1,0,0,0,0,0,0,0,0,0,0
122472,1,1,0,0,0,0,0,0,0,0,0,0
122473,0,1,0,0,0,0,0,0,0,0,0,0
122473,1,1,0,0,0,0,0,0,0,0,0,0
122474,1,1,13,13,13,13,13,13,13,13,13,13
122475,1,1,29,29,29,29,29,29,29,29,29,29
122475,2,1,0,0,0,0,0,0,0,0,0,0
122476,1,1,0,0,0,0,0,0,0,0,0,0
122476,2,1,0,0,0,0,7,0,0,0,10,0
122477,1,1,12,12,12,12,12,12,12,12,12,12
122477,2,1,0,0,0,0,0,0,0,0,0,0
122478,1,1,18,18,18,18,18,18,18,18,18,18
122479,1,1,26,26,26,26,26,26,26,26,26,26
122480,1,1,0,0,0,0,0,0,0,0,0,0
122481,1,1,0,0,0,0,0,0,0,0,0,0
122482,1,1,0,0,0,0,0,0,0,0,0,0
122482,2,1,0,0,0,0,0,0,0,0,0,0
122483,1,1,0,0,0,0,0,0,0,0,0,0
122484,1,1,9,9,9,9,9,9,9,9,9,9
122484,2,1,0,0,0,0,0,0,17,0,0,0
122485,0,1,24,0,0,20,0,23,13,0,0,19
122485,1,1,0,0,0,0,19,0,0,0,0,16
122486,1,1,0,0,0,0,12,0,0,0,0,0
122486,2,1,0,0,0,0,0,0,0,0,0,0
122487,0,1,0,0,0,0,0,0,0,0,0,0
122487,0,2,0,0,0,0,0,0,0,0,0,0
122487,0,3,0,0,0,0,0,0,0,0,0,0
122487,0,4,0,0,0,0,0,0,0,0,0,0
122487,1,1,0,0,0,0,0,0,0,0,0,0
122488,0,1,0,0,0,0,0,0,0,0,0,0
122488,1,1,0,0,0,0,30,0,0,0,0,0
122489,0,1,0,0,0,0,0,0,0,0,0,0
122489,1,1,0,0,0,0,0,0,0,0,0,0
122490,1,1,0,0,0,0,6,0,20,0,0,0
122490,2,1,16,0,0,0,0,0,13,0,0,0
122492,1,1,16,16,16,16,16,16,16,16,16,16
122493,1,1,0,0,0,0,0,0,0,0,0,0
122493,2,1,0,0,0,0,0,0,0,0,0,0
122494,1,1,0,0,0,0,0,0,7,0,0,30
122494,2,1,0,0,12,0,0,7,0,0,0,0
122495,0,1,0,0,15,0,0,0,0,0,0,0
122495,1,1,18,9,15,14,11,10,0,0,17,0
122496,1,1,0,0,0,0,0,0,0,0,0,0
122496,2,1,0,0,0,27,0,0,0,0,0,19
122497,1,1,0,0,0,0,0,0,0,0,0,0
122498,1,1,22,22,22,22,22,22,22,22,22,22
122499,1,1,0,0,0,0,0,0,0,0,0,0
122499,2,1,0,0,0,0,0,0,0,0,0,0
122500,1,1,0,0,0,0,0,0,17,0,0,0
122500,2,1,0,0,0,0,0,0,0,0,0,0
122501,1,1,10,10,10,10,10,10,10,10,10,10
122502,0,1,0,0,0,0,0,0,0,0,0,0
122502,0,2,0,0,0,0,0,0,0,0,0,0
122502,1,1,0,0,0,14,0,0,0,0,14,0
122504,1,1,12,12,12,12,12,12,12,12,12,12
122504,2,1,0,0,0,0,0,0,0,0,0,0
122504,3,1,0,0,0,0,0,0,0,0,0,0
122504,4,1,0,0,18,0,10,0,0,0,0,0
122505,0,1,0,0,0,0,0,0,0,0,0,0
122505,1,1,11,0,8,17,0,4,6,22,20,40
122506,1,1,0,0,0,0,0,0,0,0,0,0
122507,0,1,1,1,1,1,1,1,1,1,1,1
122507,1,1,0,0,0,0,0,14,0,0,0,0
122508,1,1,27,27,27,27,27,27,27,27,27,27
122508,2,1,0,0,0,0,0,0,0,0,0,0
122508,3,1,0,0,0,0,0,5,0,5,0,0
122509,1,1,26,26,26,26,26,26,26,26,26,26
122511,1,1,0,0,18,9,22,16,0,25,16,0
122512,0,1,11,0,34,0,9,0,0,4,0,0
122512,1,1,0,0,0,0,0,0,0,12,0,0
122513,1,1,0,0,0,0,0,0,0,0,0,0
122513,2,1,0,0,0,0,0,0,0,0,0,0
122514,0,1,0,0,0,0,0,0,0,0,0,0
122514,1,1,0,0,0,0,0,0,0,0,0,0
122515,1,1,0,0,0,0,0,0,0,0,0,0
122515,2,1,0,0,0,0,0,0,0,0,0,0
122515,3,1,0,0,0,0,0,0,0,0,0,0
122516,1,1,0,0,0,0,0,0,0,0,0,0
122517,1,1,18,20,0,0,0,0,16,0,0,0
122517,2,1,0,0,0,0,0,0,0,0,0,0
122518,0,1,0,0,0,0,0,0,0,0,0,0
122518,1,1,0,0,0,0,0,0,0,0,0,0
122519,0,1,0,0,0,0,0,0,0,0,0,0
122519,1,1,0,22,0,0,0,0,0,0,0,0
122521,1,1,0,0,0,0,0,0,0,0,0,0
122522,1,1,0,0,0,22,0,0,0,0,0,0
122522,2,1,0,0,0,0,0,0,0,0,0,0
122522,3,1,0,0,17,0,0,0,0,0,0,0
122523,1,1,21,21,21,21,21,21,21,21,21,21
122523,2,1,0,0,0,0,0,0,0,0,0,15
122523,3,1,0,0,0,0,0,0,0,0,0,0
122524,1,1,13,13,13,13,13,13,13,13,13,13
122525,1,1,0,0,0,0,0,0,0,0,0,0
122525,2,1,0,0,0,0,0,0,0,0,0,0
122526,0,1,0,0,0,0,0,0,0,0,0,0
122526,1,1,0,0,0,0,0,0,0,0,0,0
122527,0,1,0,0,0,0,0,0,0,0,0,0
122527,1,1,0,0,0,0,0,0,0,0,0,0
122528,1,1,0,0,0,0,14,0,0,0,0,0
122528,2,1,0,0,0,0,0,0,0,0,0,0
122529,1,1,0,0,0,0,0,0,0,0,0,0
122529,2,1,0,0,0,18,0,0,0,0,0,0
122530,0,1,0,0,0,0,0,0,0,0,0,0
122530,1,1,0,0,0,0,0,0,0,0,14,0
122531,0,1,0,23,41,0,12,19,0,25,0,8
122531,1,1,0,0,0,0,0,0,11,0,0,0
122532,0,1,8,8,8,8,8,8,8,8,8,8
122532,1,1,0,0,0,0,0,0,11,0,0,0
122534,1,1,6,0,0,0,0,0,15,0,0,0
122534,2,1,0,0,0,0,0,0,0,0,0,0
122535,1,1,0,0,0,0,0,0,0,0,0,0
122535,2,1,0,0,0,15,0,0,0,0,0,0
122536,0,1,0,0,0,0,0,0,0,0,0,0
122536,1,1,0,0,0,0,0,0,0,0,0,0
122537,1,1,0,0,0,0,15,0,15,18,0,0
122537,2,1,0,0,0,0,0,0,0,0,0,0
122538,1,1,0,0,0,0,0,0,0,0,0,0
122538,2,1,0,0,0,0,0,0,0,0,0,0
122539,1,1,0,0,0,0,0,0,0,0,0,0
122541,1,1,0,0,0,0,0,0,0,0,0,0
122542,0,1,0,0,0,0,0,13,26,25,0,0
122542,1,1,0,0,0,0,0,0,0,0,0,0
122543,1,1,0,0,0,0,0,0,0,0,0,0
122543,2,1,0,0,0,0,0,0,0,0,0,0
122544,1,1,0,0,0,0,0,0,20,0,0,13
122545,0,1,0,0,0,0,0,0,0,0,0,0
122545,1,1,22,0,0,13,0,0,0,0,0,12
122546,1,1,0,0,0,0,0,0,0,0,0,0
122546,2,1,0,0,0,0,0,0,0,0,0,0
122547,1,1,21,0,0,0,0,0,0,0,0,0
122547,2,1,14,14,14,14,14,14,14,14,14,14
122548,0,1,0,0,0,0,0,0,0,0,0,0
122548,1,1,3,3,3,3,3,3,3,3,3,3
122549,0,1,10,10,10,10,10,10,10,10,10,10
122549,1,1,0,0,0,0,0,0,0,0,0,0
122550,1,1,0,0,0,0,0,0,0,0,0,0
122551,1,1,0,0,0,10,0,0,0,0,0,0
122551,2,1,0,0,0,0,0,0,22,0,0,0
122552,1,1,17,17,17,17,17,17,17,17,17,17
122553,0,1,0,0,0,0,0,0,0,0,0,0
122553,1,1,0,30,0,0,0,0,0,0,0,0
122554,1,1,0,0,0,0,0,0,0,0,0,0
122554,2,1,0,0,0,0,0,0,0,0,0,0
122554,3,1,0,0,0,0,0,0,0,0,0,0
122555,0,1,0,0,0,0,0,0,0,0,0,0
122555,1,1,0,0,0,0,0,0,0,0,0,0
122556,1,1,0,0,0,0,0,0,0,8,0,0
122556,2,1,0,0,0,0,0,0,9,0,0,0
122557,1,1,0,0,0,0,0,0,0,0,0,0
122557,2,1,0,0,0,0,0,0,0,0,0,0
122558,1,1,0,0,0,0,0,0,0,0,0,0
122558,2,1,0,0,0,0,0,0,0,0,0,0
122559,1,1,0,0,0,0,0,0,0,0,0,0
122559,2,1,0,0,0,0,0,0,0,0,0,0
122559,3,1,0,0,0,0,0,0,2,0,0,0
122559,4,1,0,0,0,0,0,0,0,0,0,0
122560,1,1,17,17,17,17,17,17,17,17,17,17
122561,0,1,11,11,11,11,11,11,11,11,11,11
122561,1,1,0,0,0,0,0,0,0,0,0,0
122561,2,1,0,0,0,0,0,0,0,0,16,0
122562,0,1,25,0,11,0,0,23,0,0,22,29
122562,1,1,0,0,0,0,0,0,0,0,0,0
122563,0,1,0,6,0,0,0,0,0,0,0,0
122563,1,1,17,0,25,0,0,0,0,0,0,0
122564,1,1,2,2,2,2,2,2,2,2,2,2
122564,2,1,0,0,0,0,0,0,0,0,0,0
122564,3,1,0,0,0,0,0,30,23,0,0,0
122565,0,1,0,0,0,0,0,0,0,0,0,0
122565,1,1,0,0,0,0,0,0,0,0,0,0
122566,0,1,0,0,0,0,0,0,0,0,0,0
122566,1,1,21,21,21,21,21,21,21,21,21,21
122567,1,1,0,0,0,0,0,0,0,0,0,0
122567,2,1,0,0,0,9,0,0,19,0,22,12
122568,1,1,16,0,0,0,0,0,0,0,0,0
122568,2,1,0,0,0,0,11,0,16,0,0,0
122569,0,1,0,0,0,0,0,0,0,0,0,0
122569,1,1,0,0,0,0,0,0,0,0,0,0
122570,1,1,0,0,0,0,0,0,0,0,0,0
122571,1,1,0,0,0,0,0,0,0,0,0,0
122572,0,1,0,0,0,0,0,0,0,0,0,0
122572,1,1,0,0,23,0,0,0,0,0,0,0
122573,1,1,0,0,0,0,0,0,0,0,0,0
122574,1,1,0,0,0,0,0,0,0,0,0,0
122574,2,1,0,15,0,5,0,0,0,0,0,0
122575,1,1,0,0,0,0,0,0,0,0,0,0
122575,2,1,0,0,0,0,0,0,0,0,0,0
122577,1,1,0,11,0,0,0,0,0,0,0,16
122577,2,1,0,0,0,0,0,0,0,0,0,0
122577,3,1,20,0,0,0,0,0,0,0,0,0
122578,0,1,0,11,0,0,0,0,31,0,16,0
122578,1,1,0,0,0,0,0,0,0,0,0,0
122580,1,1,22,22,22,22,22,22,22,22,22,22
122581,1,1,16,16,16,16,16,16,16,16,16,16
122582,0,1,0,0,0,0,0,0,0,0,0,0
122582,1,1,0,0,0,0,0,0,0,0,0,0
122583,0,1,0,0,0,0,0,0,0,0,0,0
122583,1,1,0,0,0,0,0,0,0,0,0,0
122584,1,1,0,0,0,0,0,0,0,0,0,0
122584,2,1,0,0,0,0,3,0,0,0,15,0
122586,0,1,19,19,19,19,19,19,19,19,19,19
122586,1,1,0,0,0,0,0,0,0,0,0,0
122587,0,1,0,0,0,0,0,0,0,0,0,0
122587,1,1,0,0,0,0,0,0,0,0,0,0
122587,2,1,0,15,3,0,25,0,0,0,0,0
122588,1,1,0,14,0,0,0,0,0,0,20,0
122588,2,1,0,18,0,0,0,0,0,0,0,0
122588,3,1,0,0,0,0,0,0,0,0,0,0
122589,1,1,16,16,16,16,16,16,16,16,16,16
122589,2,1,38,0,20,0,0,0,0,0,0,19
122590,1,1,0,0,0,0,0,0,0,0,0,0
122591,0,1,0,0,0,12,0,0,43,0,0,0
122591,1,1,0,0,0,0,0,0,0,0,18,0
122592,0,1,8,8,8,8,8,8,8,8,8,8
122592,1,1,0,0,0,0,0,0,0,0,0,0
122593,1,1,0,0,21,0,0,0,0,0,0,0
122594,1,1,0,0,0,0,26,0,0,31,3,15
122595,0,1,0,0,0,0,0,0,0,0,0,0
122595,1,1,0,0,0,0,0,0,0,0,0,0
122595,2,1,0,0,0,0,0,0,0,0,0,0
122596,0,1,0,0,0,0,0,0,0,0,0,0
122596,1,1,0,0,0,0,0,0,0,0,0,0
122597,1,1,0,0,0,0,0,0,0,0,0,0
122598,1,1,49,49,49,49,49,49,49,49,49,49
122600,1,1,0,0,0,0,0,0,0,0,0,0
122600,2,1,0,0,0,0,0,0,0,0,0,0
122600,3,1,0,0,0,0,0,0,0,0,0,0
122600,4,1,0,0,0,0,0,0,0,0,0,0
122601,0,1,3,3,3,3,3,3,3,3,3,3
122601,1,1,0,0,0,0,0,0,0,11,0,0
122602,1,1,27,0,0,0,0,0,0,0,0,0
122602,2,1,0,0,6,0,0,0,8,0,0,0
122602,3,1,0,0,0,0,0,0,0,0,0,0
122603,0,1,25,25,25,25,25,25,25,25,25,25
122603,1,1,23,14,23,18,0,28,0,21,0,27
122604,1,1,2,2,2,2,2,2,2,2,2,2
122604,2,1,0,23,0,9,0,0,0,0,0,0
122605,1,1,0,0,0,0,0,0,0,0,0,0
122605,2,1,0,0,0,0,0,0,0,0,0,0
122606,0,1,0,0,0,0,0,0,0,0,0,0
122606,0,2,0,0,0,22,0,0,0,0,0,0
122606,0,3,0,0,0,25,0,0,0,0,0,0
122606,0,4,0,0,0,0,0,0,0,0,0,0
122606,0,5,0,0,0,0,0,0,0,0,0,22
122606,0,6,0,0,0,0,0,0,0,0,0,0
122606,0,7,0,24,0,13,0,0,0,0,0,0
122606,0,8,0,0,0,0,0,0,0,0,0,0
122606,1,1,0,0,0,14,0,8,0,0,14,0
122607,1,1,21,0,0,18,0,0,0,18,25,26
122607,2,1,0,0,0,0,0,0,0,0,0,0
122608,1,1,0,0,0,0,0,0,0,0,0,0
122608,2,1,0,0,0,0,0,0,0,0,0,0
122609,0,1,0,16,23,14,12,16,12,31,37,0
122609,1,1,0,14,0,0,0,0,0,12,0,0
122610,1,1,0,0,0,0,0,0,0,0,0,0
122610,2,1,0,0,0,0,0,0,23,0,0,0
122611,1,1,0,0,0,0,0,0,0,0,0,0
122611,2,1,0,0,0,0,0,0,0,0,0,0
122611,3,1,0,0,0,0,0,0,0,0,0,0
122612,1,1,15,15,15,15,15,15,15,15,15,15
122612,2,1,0,10,0,0,0,16,0,0,14,16
122613,1,1,2,2,2,2,2,2,2,2,2,2
122613,2,1,0,0,0,0,0,0,0,0,0,0
122613,3,1,0,0,0,0,0,5,0,0,0,0
122614,1,1,15,15,15,15,15,15,15,15,15,15
122615,1,1,0,0,0,0,0,0,0,0,0,0
122615,2,1,0,0,0,0,0,0,0,0,0,0
122616,1,1,0,0,0,0,0,0,14,0,0,27
122617,1,1,0,0,15,0,23,22,19,23,0,0
122618,0,1,0,46,0,26,24,0,17,16,24,12
122618,1,1,0,0,0,0,0,0,0,0,0,0
122619,0,1,0,0,0,0,0,0,0,0,0,0
122619,1,1,0,0,0,0,0,0,0,0,0,0
122620,1,1,11,11,11,11,11,11,11,11,11,11
122621,1,1,23,23,23,23,23,23,23,23,23,23
122621,2,1,0,0,0,0,0,0,0,0,0,0
122622,1,1,9,41,5,14,0,22,28,5,7,12
122623,0,1,0,0,0,0,0,0,0,0,0,0
122623,0,2,0,13,17,0,0,0,0,0,0,0
122623,1,1,0,0,0,0,0,0,0,0,0,0
122624,1,1,11,0,0,16,3,28,13,14,11,7
122625,0,1,0,0,0,0,0,0,0,0,24,0
122625,1,1,0,0,0,0,0,0,0,0,0,0
122626,1,1,0,0,0,0,0,0,0,0,0,0
122626,2,1,0,0,0,0,0,0,0,0,0,0
122627,0,1,0,0,0,0,0,0,0,0,0,0
122627,1,1,0,0,0,0,0,0,0,0,0,0
122628,1,1,14,14,14,14,14,14,14,14,14,14
122629,1,1,11,11,11,11,11,11,11,11,11,11
122630,1,1,0,0,0,0,10,0,0,0,0,0
122631,1,1,0,0,0,0,0,0,0,0,0,0
122631,2,1,0,0,0,0,0,0,0,0,0,0
122631,3,1,5,0,0,0,0,0,11,0,27,0
122632,1,1,1,1,1,1,1,1,1,1,1,1
122632,2,1,0,0,0,0,0,0,0,0,3,0
122635,0,1,25,25,25,25,25,25,25,25,25,25
122635,1,1,0,0,0,0,0,0,0,0,0,0
122636,1,1,0,0,0,0,0,0,0,0,0,0
122637,1,1,0,0,0,0,0,0,0,0,0,0
122637,2,1,0,0,0,0,0,0,0,0,20,0
122639,1,1,0,0,0,0,0,0,0,0,0,0
122641,1,1,0,0,0,0,0,0,0,0,0,0
122641,2,1,0,0,0,0,0,0,0,0,0,0