ST_CASE,VEH_NO,PER_NO,P1,P2,P3,P4,P5,P6,P7,P8,P9,P10
130083,2,1,0,11,0,35,0,0,0,0,0,24
130084,0,1,0,0,0,0,0,0,0,0,0,0
130084,1,1,0,9,11,0,0,7,30,16,28,0
130085,1,1,0,0,0,0,0,0,0,0,0,0
130086,1,1,11,0,0,0,0,0,0,0,0,0
130086,2,1,0,0,0,0,0,0,0,0,0,0
130087,1,1,0,12,0,0,0,0,0,0,0,0
130087,2,1,0,0,0,0,13,0,0,8,0,0
130088,0,1,0,0,0,0,0,0,0,0,0,0
130088,1,1,0,0,0,7,0,0,18,4,0,0
130089,1,1,0,0,0,0,0,0,0,0,0,0
130090,1,1,18,30,0,0,21,0,22,29,0,33
130091,1,1,0,0,0,0,0,0,0,0,0,23
130092,0,1,0,0,0,0,0,0,0,0,0,0
130092,1,1,7,0,0,0,0,0,0,0,0,0
130093,1,1,1,7,10,0,6,29,19,26,38,17
130093,2,1,0,0,0,0,0,0,0,0,0,0
130094,1,1,16,17,0,0,23,0,12,0,28,8
130095,1,1,0,0,0,0,0,0,0,0,0,0
130095,2,1,0,0,0,0,0,0,0,0,0,0
130096,1,1,0,0,0,0,0,0,0,0,0,0
130097,1,1,0,32,0,0,0,0,0,0,0,0
130098,1,1,28,28,28,28,28,28,28,28,28,28
130099,0,1,0,0,0,0,0,0,0,0,0,0
130099,1,1,0,0,0,0,0,0,0,0,0,0
130100,1,1,11,34,26,0,12,25,17,13,19,17
130101,1,1,0,16,0,0,0,0,0,0,0,0
130101,2,1,0,0,0,11,0,0,0,0,0,0
130102,0,1,21,21,21,21,21,21,21,21,21,21
130102,1,1,9,20,0,18,5,0,0,0,0,0
130103,1,1,38,0,0,23,0,0,0,0,0,0
130103,2,1,0,0,0,0,0,0,0,0,0,0
130104,1,1,0,0,18,0,0,0,0,0,18,0
130105,1,1,0,0,0,0,0,0,0,0,0,0
130105,2,1,0,0,0,0,0,0,0,0,0,0
130106,1,1,18,18,18,18,18,18,18,18,18,18
130107,1,1,0,0,7,0,0,0,0,0,0,0
130107,2,1,0,0,0,0,0,0,19,0,0,0
130108,1,1,0,29,16,0,0,0,0,0,0,0
130109,1,1,27,0,0,0,0,0,0,0,13,0
130109,2,1,0,0,0,0,0,0,0,0,0,0
130110,1,1,24,24,24,24,24,24,24,24,24,24
130111,1,1,0,0,0,0,0,0,0,0,0,0
130112,1,1,0,0,0,0,0,0,0,0,0,0
130113,1,1,0,0,0,0,0,0,0,0,0,0
130113,2,1,0,0,0,0,0,0,0,0,0,0
130114,1,1,0,0,15,0,0,0,0,0,0,27
130115,1,1,0,0,0,0,0,0,0,0,0,0
130116,1,1,0,0,0,0,0,0,0,0,0,0
130116,2,1,0,0,0,12,0,0,0,0,0,0
130117,1,1,0,0,0,0,0,0,0,0,0,0
130118,1,1,25,25,25,25,25,25,25,25,25,25
130118,2,1,0,0,0,0,0,0,0,0,0,0
130119,1,1,0,0,15,20,0,0,3,0,0,0
130120,1,1,0,0,0,0,0,0,0,0,0,0
130120,2,1,0,0,0,0,0,0,0,0,0,0
130121,1,1,0,0,0,0,0,0,0,0,0,0
130121,2,1,0,0,0,0,0,0,0,0,0,0
130122,1,1,0,0,0,0,0,0,0,0,0,0
130122,2,1,0,0,10,0,0,0,0,0,0,0
130123,1,1,0,0,0,0,0,0,0,0,0,0
130123,2,1,0,0,0,0,0,0,0,0,0,0
130123,3,1,0,0,0,0,0,0,0,0,0,0
130124,0,1,0,19,7,0,0,19,0,0,24,0
130124,1,1,0,0,16,0,0,0,0,0,0,0
130125,1,1,0,0,0,0,0,0,0,0,0,0
130125,2,1,0,0,0,0,0,0,0,0,0,0
130126,0,1,33,19,0,29,15,0,0,0,0,0
130126,1,1,0,0,0,0,17,0,0,0,0,0
130127,1,1,0,0,10,36,26,0,0,0,0,10
130128,1,1,9,9,9,9,9,9,9,9,9,9
130129,1,1,0,0,0,0,0,0,0,0,0,0
130129,2,1,0,0,0,0,0,0,0,0,0,0
130130,1,1,0,0,0,0,0,0,0,0,0,0
130130,2,1,0,0,0,0,0,0,0,0,0,0
130131,0,1,22,22,22,22,22,22,22,22,22,22
130131,1,1,0,0,0,0,0,0,0,0,0,0
130132,1,1,0,0,0,0,0,0,0,0,0,0
130132,2,1,0,0,0,0,25,0,0,0,0,0
130133,1,1,0,0,0,0,17,0,0,0,0,0
130133,2,1,0,0,0,0,0,0,0,0,0,0
130134,1,1,0,0,0,0,0,0,0,0,0,0
130134,2,1,0,0,0,0,0,0,0,0,0,0
130135,1,1,28,28,28,28,28,28,28,28,28,28
130135,2,1,24,29,32,0,14,7,34,11,17,24
130136,1,1,0,30,39,0,0,0,0,26,3,0
130136,2,1,21,0,0,0,0,10,0,0,0,0
130136,3,1,0,10,0,0,0,16,0,0,0,30
130137,1,1,8,0,0,0,12,0,0,0,0,0
130137,2,1,0,0,0,0,0,0,0,0,0,10
130137,3,1,0,0,0,0,0,0,0,0,0,0
130138,1,1,0,0,0,0,0,0,0,0,0,0
130138,2,1,0,0,0,0,0,0,0,0,0,0
130139,1,1,0,0,0,0,0,0,0,0,0,0
130140,1,1,7,26,26,23,18,21,16,11,31,20
130140,2,1,0,11,0,0,0,0,0,25,0,0
130141,0,1,30,34,13,3,20,29,12,24,14,34
130141,1,1,0,0,0,0,0,0,0,25,0,0
130142,0,1,0,0,0,0,0,0,0,0,0,0
130142,1,1,0,0,0,0,0,0,0,0,0,0
130143,0,1,0,0,0,15,6,0,0,0,5,0
130143,1,1,0,0,0,0,0,0,0,0,0,0
130143,2,1,0,0,0,0,0,0,0,15,0,0
130144,1,1,0,0,0,0,0,0,0,0,0,0
130145,0,1,0,0,0,24,0,0,13,0,0,8
130145,0,2,0,0,0,0,2,0,0,20,30,15
130145,1,1,0,23,0,0,0,0,0,0,0,0
130146,0,1,0,0,0,14,0,16,0,0,14,0
130146,1,1,0,9,0,0,0,0,0,0,0,0
130147,1,1,0,0,0,0,0,0,0,0,0,0
130147,2,1,0,0,0,0,0,0,0,0,0,0
130148,1,1,0,0,0,0,12,0,0,0,0,0
130148,2,1,0,0,0,0,0,0,0,0,0,0
130149,1,1,19,0,10,12,4,0,0,19,11,0
130149,2,1,0,0,0,0,0,0,0,0,0,0
130150,1,1,0,0,0,0,0,0,0,0,0,0
130151,0,1,10,14,12,0,14,0,0,0,0,0
130151,1,1,0,0,0,0,0,0,0,0,0,0
130152,1,1,0,0,0,0,0,0,0,0,0,0
130153,1,1,0,0,0,0,0,0,0,0,0,0
130154,1,1,0,0,0,0,0,0,0,0,0,0
130154,2,1,43,0,0,0,0,0,0,0,0,0
130155,0,1,0,0,0,0,26,0,0,0,0,0
130155,0,2,0,0,0,0,0,0,0,0,0,0
130155,1,1,0,0,0,0,0,0,0,0,0,0
130156,0,1,0,0,0,0,0,0,0,0,0,0
130156,1,1,0,0,0,29,0,0,0,0,0,0
130157,0,1,8,8,8,8,8,8,8,8,8,8
130157,1,1,0,0,0,0,0,0,0,0,0,0
130158,1,1,0,0,0,0,0,0,0,0,0,0
130158,2,1,0,0,0,0,0,0,0,0,0,0
130159,1,1,18,18,18,18,18,18,18,18,18,18
130159,2,1,0,0,0,0,0,0,20,0,0,0
130160,1,1,20,20,20,20,20,20,20,20,20,20
130161,0,1,36,16,17,0,32,0,0,0,0,0
130161,1,1,0,0,0,0,0,0,0,0,0,0
130162,0,1,33,33,33,33,33,33,33,33,33,33
130162,1,1,0,0,0,0,0,0,0,0,0,0
130163,1,1,0,0,0,0,0,0,0,0,0,0
130163,2,1,0,0,0,0,0,0,0,0,0,0
130164,1,1,0,0,14,0,0,0,0,37,0,5
130165,0,1,31,19,14,0,6,0,0,16,0,26
130165,1,1,0,0,0,0,0,0,0,0,0,0
130166,1,1,0,0,0,0,0,0,0,0,0,0
130167,1,1,0,29,30,16,0,28,0,0,0,0
130168,0,1,0,0,0,0,0,0,0,0,0,0
130168,1,1,0,10,0,0,0,0,15,0,0,0
130169,0,1,0,8,25,0,15,0,0,20,28,0
130169,1,1,0,0,0,0,0,0,0,0,0,0
130170,0,1,0,0,0,0,0,0,0,0,0,0
130170,1,1,0,0,0,0,0,0,0,0,0,0
130171,1,1,18,18,18,18,18,18,18,18,18,18
130172,1,1,22,22,22,22,22,22,22,22,22,22
130173,0,1,19,19,19,19,19,19,19,19,19,19
130173,1,1,0,19,0,0,0,0,0,7,0,0
130174,0,1,22,22,22,22,22,22,22,22,22,22
130174,1,1,0,0,0,0,0,0,0,0,0,0
130175,1,1,0,0,0,0,0,0,0,0,0,0
130176,0,1,0,0,0,0,0,0,0,0,0,0
130176,1,1,8,8,8,8,8,8,8,8,8,8
130177,1,1,0,19,0,0,0,0,32,0,0,0
130177,2,1,0,0,0,0,0,0,0,0,0,0
130178,0,1,39,39,39,39,39,39,39,39,39,39
130178,1,1,0,39,15,30,0,0,15,0,18,0
130179,1,1,0,0,0,0,0,0,0,0,0,0
130179,2,1,0,0,0,0,0,0,0,0,0,0
130180,1,1,0,0,0,0,0,20,0,0,0,0
130181,1,1,9,0,5,0,0,0,23,0,0,0
130181,2,1,0,0,0,0,0,0,0,0,0,0
130182,1,1,0,0,0,12,0,0,0,0,0,0
130182,2,1,17,0,0,0,0,0,0,0,0,0
130183,1,1,0,0,0,0,0,0,0,0,0,0
130183,2,1,0,0,0,0,0,0,0,0,0,0
130184,0,1,11,11,11,11,11,11,11,11,11,11
130184,1,1,0,0,0,0,0,0,0,0,0,0
130185,1,1,14,14,14,14,14,14,14,14,14,14
130186,1,1,0,0,0,0,0,0,25,0,0,0
130187,1,1,0,0,0,0,0,0,0,0,0,0
130187,2,1,0,14,8,0,0,0,0,0,0,0
130188,1,1,0,5,25,15,29,16,23,12,0,23
130189,0,1,39,27,29,10,24,0,0,20,11,13
130189,1,1,0,0,21,0,0,0,0,0,0,0
130190,1,1,0,30,0,0,0,0,0,19,0,0
130191,1,1,0,0,0,6,0,0,0,0,0,0
130191,2,1,0,10,0,0,0,0,0,0,0,0
130191,3,1,9,0,0,0,0,0,0,0,0,0
130191,4,1,14,18,18,25,13,28,7,6,15,11
130192,1,1,0,0,0,14,0,0,0,0,0,0
130192,2,1,0,0,0,0,0,0,0,0,0,0
130193,1,1,15,15,15,15,15,15,15,15,15,15
130194,0,1,0,0,0,0,0,0,0,0,0,0
130194,1,1,0,0,0,0,0,0,0,0,0,0
130195,0,1,0,8,0,0,20,0,15,0,8,0
130195,1,1,0,4,0,0,0,0,0,17,0,0
130195,2,1,0,0,0,0,17,0,23,0,0,0
130196,1,1,0,0,0,0,0,0,0,0,0,0
130197,1,1,0,0,0,0,0,0,0,0,0,0
130197,2,1,0,0,0,0,0,0,0,0,0,0
130197,3,1,0,0,22,0,0,0,0,0,0,0
130198,0,1,0,0,0,0,0,0,0,0,0,0
130198,1,1,0,0,0,0,0,0,0,0,0,0
130199,1,1,0,0,0,0,0,0,0,11,0,0
130200,1,1,0,0,0,16,0,0,0,0,0,0
130200,2,1,0,0,0,0,0,0,0,0,0,0
130201,0,1,0,0,0,0,0,0,0,0,0,0
130201,1,1,0,0,0,0,0,0,0,0,0,0
130202,1,1,0,0,0,0,0,0,0,0,0,0
130202,2,1,0,0,0,0,0,0,0,0,0,0
130203,1,1,3,3,3,3,3,3,3,3,3,3
130204,0,1,0,0,0,0,0,0,0,0,0,0
130204,1,1,0,0,0,0,0,0,0,0,0,0
130205,1,1,0,16,0,0,0,0,0,0,0,0
130206,0,1,0,20,27,8,24,0,21,0,0,14
130206,1,1,0,0,0,0,0,0,0,0,0,0
130207,1,1,0,0,0,0,16,0,0,0,0,0
130208,1,1,0,0,0,0,0,0,0,0,0,0
130208,2,1,0,0,0,0,0,0,0,0,0,0
130209,0,1,0,0,0,0,0,0,0,0,0,0
130209,0,2,0,0,0,0,0,0,0,0,18,0
130209,1,1,0,0,0,0,0,0,0,0,16,0
130210,0,1,0,0,0,0,0,0,0,0,0,0
130210,1,1,0,0,0,0,0,10,0,10,0,0
130211,0,1,0,0,0,0,0,0,0,0,0,0
130211,1,1,13,13,13,13,13,13,13,13,13,13
130212,1,1,0,0,0,22,0,0,0,0,0,0
130212,2,1,0,0,0,0,0,0,0,0,0,12
130213,1,1,0,0,0,16,0,0,0,0,0,0
130214,0,1,37,37,37,37,37,37,37,37,37,37
130214,1,1,0,0,0,0,0,0,0,0,0,0
130215,1,1,0,0,0,0,0,0,0,0,0,0
130216,1,1,0,0,0,17,0,0,0,0,0,0
130216,2,1,0,0,0,0,0,0,0,0,0,0
130217,1,1,0,0,0,0,0,0,0,0,0,0
130218,1,1,0,0,0,0,0,0,0,0,0,0
130219,1,1,21,12,12,6,21,8,10,9,22,11
130220,0,1,0,0,0,0,0,0,0,0,21,0
130220,1,1,0,0,0,0,0,0,0,0,13,0
130221,1,1,0,0,0,0,0,0,0,0,0,0
130221,2,1,0,0,0,0,0,0,0,0,0,0
130222,0,1,18,18,18,18,18,18,18,18,18,18
130222,1,1,0,0,0,0,0,0,5,0,0,0
130223,1,1,13,12,18,16,0,26,22,15,27,38
130224,1,1,16,16,16,16,16,16,16,16,16,16
130224,2,1,0,9,0,0,0,0,0,0,0,0
130225,1,1,0,0,0,0,0,0,0,0,0,0
130226,0,1,0,0,0,0,0,0,0,0,0,0
130226,1,1,27,0,25,19,10,0,30,22,20,8
130227,0,1,0,0,2,0,0,0,0,18,0,0
130227,1,1,0,0,0,0,0,0,8,0,0,0
130228,1,1,0,0,0,0,0,0,0,0,0,0
130228,2,1,0,0,0,0,0,0,0,0,0,0
130229,0,1,0,0,0,0,0,0,0,0,0,0
130229,1,1,0,0,0,0,0,0,0,0,0,0
130230,1,1,0,0,0,0,0,0,0,0,0,0
130231,1,1,0,0,0,0,0,0,0,0,0,0
130232,0,1,14,0,0,16,11,0,10,0,14,35
130232,1,1,0,0,0,0,21,0,0,0,0,0
130233,1,1,0,0,0,0,0,0,0,0,0,32
130234,0,1,0,0,0,0,0,0,0,0,0,0
130234,1,1,0,0,0,0,0,0,0,0,0,0
130235,1,1,0,0,0,0,0,0,0,0,0,0
130235,2,1,0,0,0,0,0,0,0,0,18,0
130236,1,1,0,0,0,0,0,0,0,0,0,0
130236,2,1,0,0,0,0,0,0,9,0,22,0
130237,0,1,0,0,0,0,0,7,0,23,0,0
130237,1,1,0,0,0,0,0,0,0,0,0,0
130238,0,1,0,0,0,0,0,15,13,0,0,33
130238,1,1,0,0,0,9,0,0,0,0,0,0
130239,0,1,9,9,9,9,9,9,9,9,9,9
130239,0,2,1,1,1,1,1,1,1,1,1,1
130239,1,1,0,11,0,0,0,0,0,0,0,0
130240,1,1,0,0,0,0,0,0,0,0,0,0
130241,1,1,0,0,0,0,0,0,0,0,0,0
130242,1,1,0,0,0,0,0,0,0,0,0,0
130243,1,1,0,0,0,0,0,0,0,0,0,0
130244,1,1,0,0,0,0,0,0,0,0,0,0
130245,1,1,0,0,22,14,6,0,0,0,0,0
130246,1,1,7,7,7,7,7,7,7,7,7,7
130247,1,1,18,18,18,18,18,18,18,18,18,18
130248,1,1,0,0,0,0,0,0,0,0,0,0
130249,1,1,0,0,0,0,0,0,0,0,0,0
130250,1,1,18,18,18,18,18,18,18,18,18,18
130251,1,1,0,0,0,0,0,0,0,0,0,0
130252,1,1,0,0,0,0,0,0,0,0,0,0
130252,2,1,0,0,0,0,0,0,0,0,0,11
130252,3,1,0,0,0,0,0,0,15,0,0,0
130253,1,1,0,0,0,17,3,25,5,0,14,13
130254,1,1,0,0,0,0,0,0,0,0,0,0
130254,2,1,0,0,0,0,0,0,0,0,0,0
130255,1,1,0,0,0,0,0,0,0,0,0,0
130255,2,1,0,0,0,0,0,0,0,0,0,0
130255,3,1,0,0,0,0,0,0,0,0,0,0
130256,1,1,0,0,0,0,0,0,0,0,0,0
130257,1,1,0,0,0,0,0,0,0,0,0,0
130259,0,1,8,8,8,8,8,8,8,8,8,8
130259,1,1,0,0,0,0,0,0,0,0,0,0
130260,1,1,0,0,0,0,0,0,0,0,0,0
130260,2,1,0,0,0,0,0,0,0,0,0,0
130261,1,1,0,0,0,0,0,0,0,0,0,0
130261,2,1,0,0,0,0,0,0,0,0,0,0
130262,1,1,0,0,0,0,0,0,0,0,0,0
130262,2,1,0,0,0,0,0,0,0,0,0,0
130263,0,1,42,42,42,42,42,42,42,42,42,42
130263,1,1,4,4,4,4,4,4,4,4,4,4
130264,1,1,0,0,0,0,0,0,0,0,0,0
130265,1,1,0,0,0,0,0,0,0,0,0,0
130265,2,1,0,0,0,0,0,0,0,0,0,0
130265,3,1,0,0,0,0,0,0,0,0,0,0
130266,1,1,0,0,0,0,0,28,0,0,0,36
130267,0,1,33,15,0,0,26,0,26,36,22,36
130267,1,1,0,0,0,0,0,0,0,0,0,0
130267,2,1,0,0,0,0,0,0,0,0,0,0
130267,3,1,0,0,19,0,0,0,0,0,0,0
130267,4,1,0,0,0,0,0,0,0,0,0,0
130268,1,1,0,0,0,0,0,0,0,0,0,0
130269,1,1,0,0,0,0,0,0,0,0,0,0
130270,1,1,0,0,0,0,0,0,0,0,0,0
130270,2,1,0,0,0,0,0,0,0,0,0,0
130271,0,1,0,0,0,0,0,0,0,0,0,0
130271,1,1,0,0,0,0,0,0,0,0,0,0
130272,1,1,0,0,0,0,0,0,0,0,0,0
130273,1,1,0,0,0,0,0,0,0,0,8,0
130273,2,1,0,0,0,0,10,0,0,22,0,0
130273,3,1,0,0,14,0,0,0,0,14,0,0
130274,1,1,0,20,0,21,0,0,0,0,0,0
130275,0,1,0,0,0,0,0,0,0,0,0,0
130275,1,1,0,0,11,31,0,0,0,25,0,0
130276,1,1,0,0,0,0,0,0,0,0,0,0
130277,1,1,6,0,0,0,15,0,0,0,0,0
130278,1,1,0,0,0,0,0,0,0,0,0,0
130278,2,1,0,0,0,15,0,0,0,0,0,0
130279,1,1,0,0,0,28,0,0,13,0,0,0
130279,2,1,0,0,0,0,0,0,0,0,14,0
130280,1,1,0,0,0,0,0,0,0,0,0,0
130280,2,1,0,0,0,0,0,0,0,0,0,0
130281,1,1,0,0,0,0,0,0,0,0,0,0
130281,2,1,0,0,0,0,0,0,0,0,0,0
130281,3,1,0,0,15,0,0,0,0,0,0,0
130282,1,1,0,0,0,0,0,0,36,0,0,0
130283,1,1,15,15,15,15,15,15,15,15,15,15
130284,0,1,21,31,25,35,5,37,10,25,14,21
130284,1,1,0,0,0,0,0,0,9,0,0,0
130284,2,1,0,0,6,0,0,0,0,0,0,0
130285,0,1,31,0,32,4,0,0,0,17,8,13
130285,1,1,0,0,2,22,13,15,29,0,29,10
130286,0,1,6,6,6,6,6,6,6,6,6,6
130286,1,1,0,0,0,0,0,0,15,0,0,0
130287,0,1,0,3,0,0,13,0,0,18,0,0
130287,1,1,0,0,0,0,0,0,0,0,0,0
130288,1,1,0,0,0,0,0,0,0,0,0,0
130288,2,1,0,0,0,0,0,0,0,0,0,0
130289,1,1,6,0,16,9,20,11,18,34,16,24
130290,1,1,0,0,0,0,0,0,0,0,0,0
130291,0,1,21,21,21,21,21,21,21,21,21,21
130291,1,1,0,0,0,0,0,0,0,0,0,0
130293,0,1,0,0,0,0,0,0,0,0,0,0
130293,1,1,0,0,0,0,0,10,11,0,22,0
130294,1,1,0,0,0,0,0,0,0,0,0,0
130295,1,1,3,3,3,3,3,3,3,3,3,3
130296,1,1,0,0,0,0,0,0,0,0,0,0
130296,2,1,0,0,13,0,0,0,0,0,0,0
130297,1,1,0,0,0,0,0,0,0,0,0,0
130297,2,1,0,0,0,0,0,0,0,0,0,0
130298,1,1,0,0,0,0,0,0,0,0,0,0
130298,2,1,0,0,0,0,0,0,0,0,0,0
130299,1,1,0,26,0,12,0,0,0,0,0,0
130299,2,1,25,25,25,25,25,25,25,25,25,25
130300,1,1,12,16,21,13,4,0,6,0,30,23
130301,1,1,0,0,0,5,0,0,0,0,0,0
130302,1,1,0,18,3,0,0,0,0,0,0,0
130303,1,1,0,0,14,0,0,0,0,0,0,0
130304,1,1,0,0,0,0,0,0,0,0,0,0
130305,1,1,0,24,0,0,0,0,0,0,0,0
130305,2,1,0,0,0,0,0,0,0,0,0,0
130306,1,1,0,0,0,0,0,0,0,0,0,0
130306,2,1,0,0,0,0,0,0,0,0,0,0
130307,1,1,0,0,0,0,0,0,0,0,0,0
130307,2,1,0,0,0,0,0,0,0,0,0,0
130308,1,1,0,0,0,0,0,0,0,0,0,0
130308,2,1,0,0,0,0,0,0,0,0,0,0
130309,0,1,0,11,9,0,8,34,0,31,0,0
130309,1,1,0,0,0,0,0,0,0,0,0,5
130310,0,1,0,0,0,12,0,0,0,0,0,0
130310,1,1,0,0,0,0,0,0,0,0,0,0
130311,1,1,0,25,0,0,0,0,0,0,0,13
130311,2,1,0,0,0,0,0,0,0,0,0,0
130312,1,1,0,0,0,0,0,0,0,0,0,0
130312,2,1,0,0,0,0,0,0,0,0,0,0
130313,0,1,0,11,12,0,0,34,0,0,0,24
130313,1,1,0,0,0,0,0,0,0,0,0,0
130314,1,1,0,0,0,0,0,0,0,0,0,0
130315,1,1,0,0,0,0,0,0,0,0,0,0
130315,2,1,0,0,0,0,0,0,0,0,0,0
130315,3,1,0,10,0,0,0,0,5,0,0,0
130316,1,1,0,0,0,0,0,0,0,0,0,0
130316,2,1,0,0,0,0,0,0,0,0,0,0
130317,1,1,0,0,0,0,0,0,0,0,0,0
130318,1,1,0,0,0,0,0,0,0,0,0,0
130319,0,1,16,16,16,16,16,16,16,16,16,16
130319,0,2,13,41,31,22,16,13,23,44,17,17
130319,1,1,0,0,0,0,0,0,0,2,0,0
130320,1,1,0,0,0,0,0,0,0,0,0,0
130320,2,1,0,0,0,0,0,0,0,0,0,0
130321,1,1,0,23,0,11,0,0,10,13,0,7
130321,2,1,0,0,0,0,0,0,0,0,0,0
130322,1,1,0,0,0,0,0,0,0,0,0,0
130322,2,1,0,0,0,0,0,0,0,0,0,0
130323,1,1,0,0,0,0,0,0,0,0,0,0
130323,2,1,0,0,0,0,0,0,0,0,0,0
130324,1,1,14,10,10,28,16,22,12,26,19,22
130325,1,1,0,0,0,0,0,0,0,0,0,0
130325,2,1,40,40,40,40,40,40,40,40,40,40
130326,1,1,27,27,27,27,27,27,27,27,27,27
130327,1,1,0,0,0,0,0,0,0,0,0,0
130328,1,1,0,0,0,0,0,0,0,0,0,0
130328,2,1,0,12,0,0,19,0,0,0,0,0
130329,1,1,0,0,0,0,0,0,0,0,0,0
130330,1,1,0,0,0,0,0,0,0,0,0,0
130331,1,1,0,0,0,0,0,0,12,0,0,0
130331,2,1,0,0,0,0,0,0,0,0,0,0
130331,3,1,0,0,0,0,0,0,0,0,0,0
130332,1,1,24,24,24,24,24,24,24,24,24,24
130333,0,1,0,0,0,0,0,0,0,0,0,0
130333,1,1,0,0,0,0,24,0,15,0,0,0
130334,0,1,0,0,0,0,0,0,0,15,0,0
130334,0,2,0,0,0,0,0,0,0,0,0,0
130334,1,1,0,0,0,0,0,0,16,0,0,0
130335,1,1,18,10,14,24,0,0,6,10,0,9
130336,0,1,0,0,0,0,0,0,0,0,0,0
130336,1,1,0,0,0,0,0,0,0,0,0,0
130337,1,1,11,11,11,11,11,11,11,11,11,11
130338,0,1,12,12,12,12,12,12,12,12,12,12
130338,1,1,6,6,6,6,6,6,6,6,6,6
130339,1,1,0,7,18,25,6,5,15,3,10,20
130339,2,1,0,0,0,0,0,0,0,0,0,0
130340,1,1,0,0,0,0,0,0,0,0,0,0
130341,1,1,0,0,0,0,0,0,0,0,0,0
130341,2,1,0,0,0,0,0,0,0,0,12,0
130342,1,1,29,27,9,37,8,14,0,25,16,13
130343,1,1,0,0,0,0,0,0,0,0,0,0
130344,1,1,0,0,0,0,0,0,0,0,0,0
130344,2,1,0,0,0,0,0,0,0,0,0,0
130344,3,1,0,0,0,0,0,0,0,0,0,0
130345,1,1,0,0,0,0,0,0,0,0,0,6
130345,2,1,0,0,23,0,0,0,0,0,0,0
130346,1,1,0,0,0,0,21,0,0,0,0,0
130347,0,1,0,0,0,0,0,0,0,0,0,0
130347,1,1,0,0,0,0,0,0,0,0,0,0
130348,1,1,15,14,8,15,19,11,22,24,21,40
130349,1,1,0,0,0,0,0,0,0,0,0,0
130350,1,1,12,12,12,12,12,12,12,12,12,12
130351,1,1,0,39,0,0,0,0,0,22,17,0
130352,0,1,41,0,9,22,27,0,0,18,41,12
130352,1,1,0,0,0,0,0,0,0,0,0,0
130354,1,1,0,0,0,0,0,0,0,0,0,0
130354,2,1,0,0,0,0,0,0,0,0,0,0
130356,1,1,0,0,0,0,0,0,0,0,0,0
130357,1,1,0,0,0,0,0,0,0,0,0,0
130358,1,1,0,0,0,0,0,0,0,0,0,0
130358,2,1,0,0,0,0,0,0,0,0,0,0
130359,1,1,32,27,12,0,0,0,0,0,11,0
130359,2,1,0,0,0,0,0,0,0,0,0,0
130359,3,1,0,0,0,0,4,9,0,0,0,0
130360,0,1,0,0,0,0,0,0,0,19,0,0
130360,1,1,0,0,0,0,0,0,0,0,0,0
130361,1,1,0,0,0,0,0,0,0,0,0,0
130361,2,1,0,0,0,0,0,0,0,0,0,0
130362,1,1,0,0,0,0,0,0,0,0,0,0
130363,1,1,0,0,0,0,0,0,0,0,19,0
130364,1,1,0,0,0,16,21,13,12,7,0,0
130364,2,1,0,0,0,0,0,0,0,0,0,0
130365,1,1,0,7,7,0,13,0,10,11,18,0
130366,1,1,0,0,0,0,0,0,0,0,0,0
130367,1,1,6,6,6,6,6,6,6,6,6,6
130368,1,1,0,0,0,0,0,0,0,0,0,0
130369,1,1,18,7,20,0,8,9,11,22,0,9
130370,1,1,17,0,0,0,0,0,0,0,0,0
130370,2,1,0,30,0,22,0,0,0,0,0,0
130370,3,1,0,0,0,0,0,0,0,0,13,0
130371,1,1,0,0,0,0,0,0,0,0,0,0
130372,1,1,20,20,20,20,20,20,20,20,20,20
130373,1,1,0,0,0,0,0,0,0,0,0,0
130375,1,1,0,40,0,11,20,46,23,0,0,0
130376,1,1,0,0,10,0,0,0,0,0,0,0
130376,2,1,0,0,0,0,0,0,0,0,0,0
130377,0,1,33,12,25,11,9,22,34,23,34,2
130377,1,1,0,0,0,3,0,0,0,0,0,0
130378,1,1,0,0,0,0,0,0,0,0,0,0
130378,2,1,0,0,0,0,0,0,0,0,0,0
130380,1,1,0,0,0,0,0,0,0,0,0,0
130381,1,1,27,8,0,0,6,0,29,0,8,0
130382,1,1,0,15,0,14,0,0,12,16,15,29
130383,1,1,0,0,0,0,5,5,0,0,0,0
130384,1,1,11,11,8,11,10,17,7,0,14,0
130385,0,1,32,0,30,28,0,10,7,0,13,22
130385,1,1,39,0,0,0,0,0,0,0,0,0
130386,0,1,0,31,20,12,30,0,17,21,0,0
130386,1,1,0,0,0,0,0,0,0,8,0,0
130387,1,1,23,30,12,9,4,16,33,8,14,20
130387,2,1,0,0,19,0,15,0,0,36,7,0
130388,1,1,0,0,0,0,0,0,0,0,0,0
130388,2,1,0,0,0,0,0,0,0,0,0,0
130389,1,1,0,0,0,0,0,0,0,0,0,0
130389,2,1,0,19,0,0,0,14,11,0,30,0
130390,1,1,18,18,18,18,18,18,18,18,18,18
130391,1,1,0,0,0,0,0,0,0,0,0,0
130391,2,1,0,0,0,0,0,0,0,0,0,0
130392,1,1,0,0,0,0,0,0,0,0,0,17
130392,2,1,0,0,32,0,0,0,0,0,0,0
130393,1,1,0,0,0,0,0,0,0,0,0,0
130393,2,1,0,0,0,0,0,0,0,0,0,0
130393,3,1,0,0,0,0,0,0,0,0,0,0
130394,1,1,11,11,0,24,0,14,16,0,0,0
130395,1,1,0,0,0,0,20,0,0,0,0,0
130395,2,1,0,0,0,0,0,0,0,0,0,0