ST_CASE,VEH_NO,PER_NO,P1,P2,P3,P4,P5,P6,P7,P8,P9,P10
130396,0,1,0,0,0,0,0,0,0,0,0,0
130396,1,1,0,0,0,15,0,0,0,0,0,0
130397,1,1,0,0,0,0,0,0,0,0,0,0
130398,1,1,0,0,0,0,0,0,0,15,0,0
130398,2,1,0,0,0,0,0,0,0,0,0,0
130399,1,1,0,0,0,0,0,0,0,0,0,0
130400,1,1,0,0,0,0,0,0,0,0,0,6
130400,2,1,0,0,0,0,0,0,0,0,0,0
130401,1,1,0,0,0,0,0,0,0,0,0,0
130402,0,1,25,25,25,25,25,25,25,25,25,25
130402,1,1,7,0,38,9,21,6,13,18,12,0
130403,1,1,12,12,12,12,12,12,12,12,12,12
130404,1,1,0,0,0,0,0,0,0,0,0,0
130405,1,1,0,11,7,0,0,14,0,13,11,0
130405,2,1,0,0,0,0,0,0,0,0,0,0
130406,1,1,0,0,0,0,0,0,0,0,0,0
130406,2,1,0,0,0,0,0,0,0,0,0,0
130407,1,1,0,0,0,0,0,0,0,0,0,0
130407,2,1,0,0,0,0,0,0,0,0,0,0
130408,1,1,0,0,0,0,0,0,0,0,0,0
130408,2,1,25,0,0,0,0,0,0,0,0,0
130409,1,1,21,21,21,21,21,21,21,21,21,21
130410,1,1,0,21,0,0,0,0,0,16,0,0
130410,2,1,0,0,0,0,0,0,0,0,0,0
130410,3,1,0,0,0,0,0,0,0,0,0,0
130411,1,1,0,0,0,0,0,0,0,0,0,0
130411,2,1,0,0,0,0,0,0,0,0,0,0
130411,3,1,0,0,0,0,0,0,0,0,0,0
130412,0,1,0,0,0,0,0,0,23,0,24,26
130412,1,1,0,0,0,0,0,0,5,0,17,0
130413,1,1,0,0,0,0,0,0,0,0,0,0
130413,2,1,0,0,0,0,0,0,0,0,0,0
130414,1,1,0,0,0,0,0,0,0,0,0,0
130415,1,1,0,0,0,0,0,0,0,0,0,0
130415,2,1,0,0,0,0,0,0,0,0,0,0
130415,3,1,0,0,0,0,0,0,0,0,0,0
130416,1,1,0,0,0,0,0,0,0,0,0,0
130416,2,1,0,9,0,0,0,0,0,0,0,0
130416,3,1,0,0,0,0,0,0,10,0,0,0
130417,1,1,0,0,0,0,0,0,0,0,24,0
130418,1,1,0,0,0,0,0,0,0,0,0,0
130418,2,1,0,0,0,0,0,0,0,0,0,0
130418,3,1,0,0,0,0,0,0,0,0,0,0
130419,1,1,0,0,13,0,0,0,0,0,0,0
130419,2,1,0,0,0,12,0,0,0,31,0,0
130420,1,1,0,0,0,0,0,0,0,0,0,0
130420,2,1,0,0,0,0,0,0,0,0,0,0
130421,1,1,0,0,0,0,0,0,0,0,0,0
130421,2,1,0,0,0,0,0,0,0,0,38,0
130421,3,1,0,26,17,0,0,0,0,0,0,0
130422,0,1,0,0,0,0,24,14,0,0,13,0
130422,1,1,0,0,0,0,0,22,0,0,3,0
130423,1,1,0,0,0,0,0,0,0,0,0,0
130423,2,1,0,0,0,0,0,0,0,0,0,0
130424,1,1,0,0,0,0,0,0,0,0,0,0
130425,1,1,0,0,0,0,0,0,0,0,0,0
130425,2,1,0,0,0,0,0,0,0,0,0,0
130425,3,1,0,0,0,24,0,0,0,0,0,0
130426,1,1,4,0,0,10,0,26,0,21,0,0
130427,1,1,0,20,0,0,3,16,0,0,0,0
130427,2,1,0,25,0,0,0,0,18,0,15,0
130428,1,1,18,18,18,18,18,18,18,18,18,18
130429,1,1,0,0,0,0,0,0,0,0,0,0
130429,2,1,0,0,0,0,0,0,0,0,0,0
130430,0,1,0,0,0,0,0,10,0,0,0,0
130430,1,1,0,0,0,0,0,0,0,0,0,0
130431,0,1,36,0,23,9,0,21,26,19,20,26
130431,1,1,0,0,0,0,0,0,0,0,0,0
130432,1,1,0,0,0,0,0,0,0,0,0,0
130432,2,1,0,0,0,0,0,0,0,0,0,3
130433,1,1,0,0,0,0,0,0,0,0,0,0
130433,2,1,8,8,8,8,8,8,8,8,8,8
130434,0,1,0,0,24,0,0,27,0,11,0,0
130434,1,1,0,0,0,9,0,0,0,0,0,0
130435,1,1,0,0,0,0,18,0,0,0,11,0
130436,1,1,0,0,0,0,0,0,0,0,0,0
130436,2,1,0,0,0,0,0,0,0,0,0,0
130438,1,1,0,0,0,0,0,0,0,0,0,0
130438,2,1,0,0,0,0,0,0,0,0,0,0
130439,0,1,0,19,23,0,0,0,0,0,0,0
130439,1,1,0,0,0,0,0,0,0,0,0,0
130440,0,1,19,18,0,21,29,0,20,0,0,33
130440,1,1,0,0,0,0,0,0,0,0,0,0
130441,1,1,6,6,6,6,6,6,6,6,6,6
130441,2,1,0,7,0,0,0,0,9,0,0,0
130441,3,1,0,0,0,0,0,0,0,0,0,0
130442,1,1,0,0,0,0,0,0,0,0,0,0
130442,2,1,0,20,0,18,0,0,0,10,0,28
130443,1,1,0,0,0,16,0,0,14,0,0,0
130443,2,1,20,0,0,17,22,17,0,0,0,0
130444,1,1,0,0,0,0,0,0,0,0,0,0
130444,2,1,0,0,18,0,0,0,0,0,0,0
130445,0,1,0,0,0,0,0,0,0,0,0,0
130445,1,1,0,0,0,0,0,0,0,0,0,0
130446,1,1,0,0,0,0,0,0,0,0,0,0
130446,2,1,0,0,0,0,0,0,0,13,0,0
130447,1,1,0,0,0,0,0,0,0,0,0,0
130447,2,1,17,17,17,17,17,17,17,17,17,17
130448,1,1,0,0,0,0,0,0,0,0,0,0
130448,2,1,0,0,0,0,0,0,0,0,0,0
130448,3,1,0,0,0,0,0,0,0,0,0,0
130449,1,1,0,0,0,0,0,0,0,0,0,0
130449,2,1,0,0,0,0,0,0,0,0,0,0
130450,0,1,0,0,0,0,0,0,0,0,0,0
130450,1,1,0,0,0,0,0,8,0,0,0,0
130451,1,1,0,0,0,0,0,0,0,0,0,0
130451,2,1,0,0,0,0,0,0,0,0,0,0
130452,1,1,0,0,0,0,0,0,0,0,0,0
130452,2,1,0,0,0,0,0,0,0,0,0,0
130453,1,1,22,17,0,14,0,0,0,0,0,0
130455,1,1,20,20,20,20,20,20,20,20,20,20
130456,0,1,0,0,0,0,0,25,0,8,23,0
130456,1,1,0,0,0,0,0,0,0,0,0,0
130457,1,1,12,0,0,32,11,0,0,21,0,0
130457,2,1,0,0,0,0,0,0,0,0,0,0
130458,1,1,0,20,22,27,7,0,0,10,0,18
130459,1,1,0,0,0,14,0,0,0,0,0,0
130460,1,1,0,0,0,0,0,0,0,0,0,0
130461,1,1,23,14,42,0,0,14,15,30,17,0
130462,1,1,0,0,0,0,15,0,0,0,21,0
130463,1,1,0,0,0,0,0,0,0,0,0,0
130463,2,1,0,0,0,0,5,0,0,0,0,0
130464,1,1,0,0,0,0,0,0,0,0,0,0
130465,1,1,0,0,0,0,0,0,0,0,0,0
130466,1,1,22,22,22,22,22,22,22,22,22,22
130466,2,1,0,0,0,0,0,0,10,14,0,0
130466,3,1,0,11,0,0,0,5,0,0,0,0
130467,0,1,9,0,0,0,18,0,0,9,0,31
130467,1,1,0,0,0,10,0,0,0,7,0,0
130468,1,1,0,0,0,0,0,0,0,0,0,5
130468,2,1,0,0,21,0,0,0,0,0,0,11
130468,3,1,0,0,0,0,24,0,0,0,0,0
130469,1,1,0,0,13,10,0,8,0,14,8,19
130469,2,1,0,0,0,0,0,0,0,0,0,0
130470,1,1,19,19,19,19,19,19,19,19,19,19
130470,2,1,0,0,0,0,0,0,0,0,0,0
130471,1,1,22,22,22,22,22,22,22,22,22,22
130472,0,1,0,0,0,0,0,0,0,0,0,0
130472,1,1,0,0,0,25,0,12,0,17,21,0
130473,1,1,12,12,12,12,12,12,12,12,12,12
130474,1,1,6,6,6,6,6,6,6,6,6,6
130474,2,1,0,0,0,0,0,0,0,0,0,0
130475,1,1,0,0,0,0,0,0,0,0,0,0
130475,2,1,0,0,0,0,0,0,0,0,0,0
130476,1,1,0,0,0,0,0,0,0,0,0,0
130476,2,1,0,0,0,0,0,0,0,0,0,0
130477,1,1,30,23,23,0,12,8,14,11,10,4
130478,1,1,10,0,0,0,0,0,0,0,0,0
130478,2,1,0,0,0,0,0,0,0,0,0,0
130479,1,1,0,5,0,0,0,0,0,0,0,0
130479,2,1,0,0,0,0,0,0,0,0,0,0
130480,1,1,0,0,0,0,0,0,0,0,0,0
130480,2,1,2,2,2,2,2,2,2,2,2,2
130481,1,1,0,0,0,0,0,0,0,0,0,0
130481,2,1,0,0,0,0,0,0,0,0,0,0
130482,0,1,0,0,0,30,0,0,0,0,0,0
130482,1,1,0,0,0,0,0,0,0,0,0,0
130483,1,1,0,0,0,0,0,0,0,0,0,0
130483,2,1,0,0,0,0,0,0,0,0,0,0
130484,1,1,15,15,15,15,15,15,15,15,15,15
130485,0,1,15,0,0,0,0,0,19,0,0,0
130485,1,1,0,0,0,0,0,0,24,0,0,0
130486,1,1,0,0,0,0,13,0,0,0,0,0
130486,2,1,0,0,0,0,0,0,0,0,0,0
130487,1,1,0,0,21,0,11,26,0,8,0,9
130487,2,1,0,0,0,0,0,0,0,0,0,0
130488,1,1,15,16,9,15,0,25,0,8,0,0
130488,2,1,0,0,0,0,0,0,0,0,0,0
130489,1,1,19,19,19,19,19,19,19,19,19,19
130490,1,1,0,0,0,0,0,0,0,0,0,0
130490,2,1,0,0,0,0,0,0,0,0,0,0
130491,1,1,21,0,0,33,0,9,0,0,0,0
130492,0,1,0,0,0,0,0,0,18,26,0,25
130492,1,1,0,0,0,0,0,10,19,0,10,0
130493,1,1,11,0,0,0,0,0,0,0,0,0
130494,1,1,0,0,0,0,14,22,15,0,24,12
130494,2,1,23,0,0,0,0,0,0,13,0,0
130495,0,1,13,35,21,24,15,13,12,28,15,16
130495,1,1,27,27,27,27,27,27,27,27,27,27
130496,1,1,0,0,0,0,0,0,0,0,0,0
130496,2,1,0,0,0,0,0,0,0,0,0,0
130497,1,1,0,0,0,0,0,0,4,0,0,0
130498,0,1,34,0,0,13,24,29,0,19,22,0
130498,1,1,0,0,0,0,0,0,0,0,0,0
130498,2,1,0,0,0,19,0,38,0,0,0,0
130499,1,1,26,26,26,26,26,26,26,26,26,26
130499,2,1,0,0,15,0,0,19,0,21,0,0
130499,3,1,0,0,0,0,9,0,0,0,9,2
130499,4,1,0,0,5,7,23,0,0,0,0,0
130499,5,1,0,0,0,0,0,0,0,18,0,15
130500,0,1,0,0,0,26,0,0,0,0,0,0
130500,1,1,0,0,0,0,0,0,0,0,0,0
130501,1,1,0,0,14,14,0,0,0,0,0,0
130502,0,1,14,22,10,19,19,17,16,19,8,20
130502,1,1,0,0,0,0,0,0,0,0,0,0
130502,2,1,0,0,0,0,0,0,0,0,0,0
130503,1,1,0,0,0,0,0,0,0,0,0,0
130504,1,1,23,0,12,0,0,0,23,0,11,0
130505,0,1,0,0,0,0,0,0,0,0,0,0
130505,1,1,0,10,0,0,0,25,0,0,0,0
130506,1,1,0,0,0,0,0,0,0,0,0,0
130507,1,1,0,0,0,0,0,8,0,38,31,0
130507,2,1,0,25,0,35,16,0,11,0,34,0
130507,3,1,0,0,0,0,0,0,0,0,0,0
130508,1,1,0,0,0,0,0,0,0,0,0,0
130508,2,1,0,0,0,0,0,0,0,0,0,0
130509,0,1,18,0,15,32,8,0,0,25,0,15
130509,1,1,0,22,12,33,19,12,21,13,0,0
130510,1,1,0,0,0,0,10,0,0,0,0,0
130510,2,1,0,0,0,0,0,0,0,0,0,0
130511,1,1,0,21,41,0,23,21,18,25,36,0
130512,1,1,16,16,16,16,16,16,16,16,16,16
130512,2,1,0,0,0,0,0,0,0,0,0,0
130513,1,1,0,0,0,0,0,0,0,0,0,0
130514,1,1,0,0,0,0,0,0,0,0,0,0
130515,0,1,0,0,0,0,0,0,0,0,0,0
130515,1,1,10,20,6,17,0,0,0,9,0,0
130516,1,1,0,0,0,30,13,18,4,0,0,0
130517,1,1,0,0,0,0,0,0,0,0,0,0
130517,2,1,0,0,0,0,0,0,0,0,0,0
130518,1,1,0,0,0,0,0,0,0,0,0,0
130519,1,1,17,17,17,17,17,17,17,17,17,17
130520,1,1,1,1,1,1,1,1,1,1,1,1
130520,2,1,0,0,0,0,0,0,0,0,0,0
130521,1,1,0,0,0,0,0,0,0,0,0,0
130522,1,1,0,0,0,0,0,0,0,0,0,0
130523,1,1,16,16,16,16,16,16,16,16,16,16
130524,1,1,0,0,0,0,0,0,0,0,0,0
130524,2,1,0,0,0,0,0,0,0,0,0,0
130525,1,1,6,6,6,6,6,6,6,6,6,6
130525,2,1,0,0,0,0,0,0,0,0,0,0
130526,1,1,21,31,19,9,26,28,27,23,14,25
130527,1,1,17,0,16,0,11,0,0,24,0,2
130528,1,1,0,0,0,0,0,0,0,0,0,0
130529,1,1,0,0,0,0,0,0,0,0,0,0
130529,2,1,0,0,0,0,0,0,0,0,0,0
130530,1,1,0,0,0,0,0,0,15,0,0,0
130531,1,1,27,27,27,27,27,27,27,27,27,27
130532,0,1,0,10,20,0,17,29,47,0,31,11
130532,1,1,0,0,0,0,0,22,0,0,0,0
130533,1,1,0,0,0,0,0,0,0,0,0,0
130533,2,1,0,0,0,0,0,0,0,0,0,0
130533,3,1,0,0,0,0,0,0,0,0,0,15
130533,4,1,0,0,0,0,0,0,0,0,0,0
130534,1,1,25,25,25,25,25,25,25,25,25,25
130535,1,1,0,0,0,0,0,0,0,0,0,0
130535,2,1,0,0,0,0,0,0,0,0,0,0
130536,1,1,0,0,0,0,0,0,0,0,0,0
130536,2,1,0,0,0,0,0,0,0,0,0,17
130537,1,1,0,0,0,0,0,0,0,0,0,0
130537,2,1,0,0,0,0,0,0,0,0,0,0
130538,1,1,25,25,25,25,25,25,25,25,25,25
130538,2,1,0,0,0,0,13,0,0,0,0,0
130539,1,1,16,0,0,0,0,0,0,0,0,0
130539,2,1,0,0,0,0,0,0,0,0,0,0
130540,1,1,13,13,13,13,13,13,13,13,13,13
130541,1,1,0,0,0,0,0,0,0,0,0,0
130541,2,1,0,0,0,0,0,0,0,0,0,0
130542,1,1,0,25,0,19,16,32,10,0,0,23
130543,1,1,0,0,7,0,25,0,0,0,0,0
130543,2,1,0,0,0,0,0,0,0,0,0,23
130544,1,1,0,0,0,0,0,0,0,0,0,0
130544,2,1,0,0,0,0,0,0,0,0,0,0
130545,1,1,0,0,0,0,0,0,0,0,0,0
130545,2,1,0,33,0,0,0,0,0,0,0,0
130546,1,1,0,0,0,0,0,0,0,0,0,0
130546,2,1,0,0,0,0,0,0,0,0,0,0
130547,0,1,32,32,32,32,32,32,32,32,32,32
130547,1,1,6,17,32,0,0,0,30,0,8,23
130548,1,1,22,22,22,22,22,22,22,22,22,22
130549,1,1,1,1,1,1,1,1,1,1,1,1
130550,1,1,14,14,22,14,10,9,9,19,15,24
130550,2,1,1,1,1,1,1,1,1,1,1,1
130551,1,1,11,0,4,20,0,16,17,31,3,0
130551,2,1,0,0,0,0,0,0,0,0,0,0
130552,1,1,9,0,0,0,0,0,0,0,0,0
130553,1,1,8,0,0,0,0,0,0,0,0,0
130553,2,1,0,0,0,0,0,0,0,0,0,0
130554,1,1,0,0,0,0,0,0,0,0,0,0
130554,2,1,0,0,0,0,0,0,0,0,0,0
130555,0,1,0,0,0,0,0,0,0,0,0,0
130555,1,1,0,1,0,10,0,0,0,0,13,0
130556,1,1,0,0,0,0,0,0,0,0,0,0
130557,0,1,31,27,16,13,15,16,35,0,32,21
130557,1,1,0,0,0,0,0,0,0,0,0,0
130558,0,1,19,19,19,19,19,19,19,19,19,19
130558,1,1,0,0,7,19,0,0,0,0,0,20
130559,1,1,0,0,0,0,0,0,0,0,0,0
130559,2,1,0,0,0,0,0,0,0,0,0,0
130560,1,1,0,0,0,0,0,0,0,0,0,0
130561,1,1,0,0,0,0,0,0,0,0,0,0
130561,2,1,0,0,0,0,0,0,22,0,0,0
130561,3,1,0,0,0,0,0,0,0,0,0,0
130561,4,1,0,0,0,0,0,0,0,15,0,0
130562,0,1,0,0,0,0,0,0,0,14,0,0
130562,0,2,0,0,25,0,0,0,19,43,0,0
130562,0,3,0,0,0,25,0,0,0,0,0,0
130562,1,1,0,0,0,0,0,0,0,0,0,0
130562,2,1,7,7,7,7,7,7,7,7,7,7
130562,3,1,0,8,0,0,0,21,0,0,0,0
130562,4,1,0,0,0,0,0,11,11,0,0,0
130563,1,1,0,0,0,0,0,0,0,0,0,0
130563,2,1,0,0,0,0,0,0,0,0,0,0
130564,0,1,0,0,0,0,0,0,0,0,0,0
130564,1,1,0,0,0,0,0,0,37,0,0,0
130565,1,1,0,0,25,0,22,25,17,19,0,0
130565,2,1,0,0,0,0,0,0,0,0,0,0
130566,0,1,9,9,9,9,9,9,9,9,9,9
130566,0,2,14,0,31,8,0,0,19,0,0,24
130567,1,1,0,0,0,0,16,0,0,0,0,0
130568,1,1,0,8,0,0,0,0,0,0,0,12
130569,1,1,15,0,0,0,0,0,0,0,0,0
130570,1,1,10,10,10,10,10,10,10,10,10,10
130570,2,1,0,0,0,0,0,0,0,0,0,0
130571,1,1,0,0,29,0,21,0,0,0,6,10
130571,2,1,0,0,7,0,0,28,26,0,43,0
130572,1,1,11,11,11,11,11,11,11,11,11,11
130573,1,1,0,0,0,0,0,0,0,0,0,0
130573,2,1,0,0,0,0,0,0,0,0,0,0
130574,0,1,0,0,0,0,0,0,0,0,0,0
130574,1,1,0,0,21,9,42,27,17,0,0,27
130575,1,1,21,0,0,20,0,0,18,6,8,2
130576,1,1,0,0,0,0,0,0,0,0,0,0
130576,2,1,0,0,0,0,0,0,0,0,0,0
130577,1,1,0,0,0,0,0,0,0,0,0,0
130578,1,1,0,0,7,0,0,0,0,0,2,0
130579,1,1,0,0,0,0,18,0,0,0,0,0
130579,2,1,0,0,0,0,0,0,0,0,0,0
130580,0,1,4,4,4,4,4,4,4,4,4,4
130580,1,1,19,0,0,0,0,0,0,19,0,0
130581,1,1,0,0,0,0,0,0,0,0,0,0
130581,2,1,0,0,0,0,0,0,0,0,0,0
130582,0,1,0,28,0,35,15,24,0,0,0,0
130582,1,1,0,0,0,0,0,0,0,0,0,0
130582,2,1,0,0,0,0,0,20,0,0,0,8
130583,0,1,0,0,0,0,0,0,0,0,0,0
130583,0,2,2,2,2,2,2,2,2,2,2,2
130583,1,1,0,0,0,0,0,0,0,0,0,0
130584,1,1,0,0,0,0,27,14,0,7,0,0
130585,0,1,6,27,34,11,0,11,11,35,10,16
130585,1,1,0,0,0,0,0,0,0,0,0,0
130586,0,1,13,13,13,13,13,13,13,13,13,13
130586,2,1,0,0,0,0,21,4,0,17,0,0
130587,1,1,0,0,0,0,0,0,0,0,0,0
130587,2,1,0,0,0,0,0,0,0,0,0,0
130588,1,1,0,18,10,15,0,0,0,0,21,0
130589,0,1,0,0,0,0,0,0,0,0,0,0
130589,1,1,0,0,0,0,0,0,0,0,0,0
130590,1,1,21,21,21,21,21,21,21,21,21,21
130591,1,1,0,0,0,0,0,0,0,0,0,0
130591,2,1,0,0,0,0,0,0,0,0,0,0
130592,1,1,0,0,0,0,0,0,0,0,0,0
130592,2,1,0,0,0,0,0,0,0,0,0,0
130593,1,1,0,0,0,0,0,0,17,0,0,0
130593,2,1,0,0,0,0,0,0,0,0,0,0
130594,1,1,0,0,0,0,0,0,0,0,0,0
130594,2,1,0,0,0,0,0,0,0,0,0,0
130595,1,1,0,0,0,0,0,0,0,0,0,0
130595,2,1,0,0,0,0,0,0,0,0,0,0
130596,1,1,27,0,13,11,0,0,0,0,0,0
130598,1,1,11,11,20,23,7,10,14,12,31,15
130598,2,1,0,17,0,0,0,0,0,0,0,0
130599,1,1,0,0,0,0,0,0,0,0,0,0
130599,2,1,0,0,0,0,0,0,0,0,0,0
130600,1,1,0,0,0,0,0,0,0,0,0,0
130601,1,1,7,28,15,10,25,0,0,21,27,16
130601,2,1,0,0,0,0,0,0,0,0,0,0
130601,3,1,0,0,10,0,0,0,0,21,4,0
130603,0,1,0,0,0,0,0,0,0,0,0,0
130603,1,1,0,0,0,0,11,0,0,0,0,0
130604,1,1,0,0,0,18,0,0,23,20,0,0
130604,2,1,8,8,8,8,8,8,8,8,8,8
130605,0,1,0,0,0,0,0,0,0,0,0,0
130605,2,1,4,0,0,0,0,14,13,0,0,27
130606,1,1,21,21,21,21,21,21,21,21,21,21
130607,1,1,0,0,0,0,0,0,0,0,0,0
130608,1,1,0,0,5,0,0,0,19,0,0,0
130609,1,1,0,0,0,0,0,0,0,0,0,0
130610,1,1,13,17,0,9,22,13,7,11,21,14
130611,1,1,0,0,0,0,0,0,0,0,0,0
130611,2,1,0,0,0,0,0,0,0,0,0,0
130612,1,1,0,0,0,0,0,0,0,0,0,0
130612,2,1,0,0,0,0,0,0,0,0,0,0
130613,1,1,27,27,27,27,27,27,27,27,27,27
130613,2,1,4,0,0,0,0,0,0,0,0,0
130614,1,1,8,0,0,0,0,0,0,0,0,0
130615,0,1,0,0,0,0,0,0,0,0,0,0
130615,1,1,8,8,8,8,8,8,8,8,8,8
130616,1,1,0,0,0,0,0,0,0,0,0,0
130617,1,1,0,0,0,0,0,0,0,0,0,0
130618,1,1,0,0,0,0,0,0,0,0,0,18
130618,2,1,0,0,0,0,0,0,0,0,0,0
130619,1,1,0,0,0,0,0,0,0,0,0,0
130620,0,1,0,0,0,0,0,0,0,13,23,18
130620,1,1,0,0,0,21,0,0,0,25,0,0
130621,1,1,0,0,0,0,0,0,0,0,0,0
130622,1,1,0,0,0,0,0,0,0,0,0,0
130623,1,1,0,16,3,0,0,0,0,34,0,15
130624,1,1,0,0,0,0,0,0,16,10,0,0
130624,2,1,0,0,0,0,0,0,0,0,0,0
130625,1,1,0,0,0,0,0,0,0,0,0,0
130626,1,1,0,0,0,0,0,0,0,0,0,0
130627,1,1,13,13,13,13,13,13,13,13,13,13
130628,1,1,14,14,14,14,14,14,14,14,14,14
130628,2,1,0,0,0,0,0,0,0,0,0,0
130629,1,1,0,13,12,0,0,20,10,5,0,16
130629,2,1,0,0,0,0,0,0,0,0,0,0
130630,1,1,12,12,12,12,12,12,12,12,12,12
130631,1,1,0,0,0,0,0,0,0,0,0,0
130632,0,1,0,0,0,16,0,0,0,0,0,0
130632,1,1,0,0,17,4,30,0,0,14,17,0
130633,1,1,28,17,15,31,24,15,21,13,10,19
130634,1,1,0,0,16,21,0,0,0,0,12,0
130634,2,1,0,0,21,0,0,0,0,0,0,0
130635,1,1,0,0,0,0,0,0,0,0,0,0
130636,1,1,0,0,0,0,0,0,0,0,0,0
130636,2,1,0,0,0,0,0,0,0,6,0,0
130637,1,1,11,11,11,11,11,11,11,11,11,11
130638,1,1,0,0,0,0,0,0,0,0,0,0
130639,1,1,0,10,23,0,0,34,0,24,0,0
130640,1,1,0,0,0,0,3,0,0,0,0,31
130640,2,1,0,0,0,0,3,0,0,0,0,0
130640,3,1,0,0,0,0,0,0,0,0,0,0
130640,4,1,0,0,0,0,0,0,0,0,0,0
130640,5,1,0,0,0,31,0,0,0,0,0,0
130640,6,1,0,0,0,0,0,0,0,0,0,0
130641,1,1,0,0,0,0,0,0,0,0,0,0
130642,1,1,22,9,9,0,8,0,15,0,0,0
130643,1,1,10,10,10,10,10,10,10,10,10,10
130644,1,1,0,0,0,0,0,0,0,0,0,0
130645,1,1,0,0,0,0,0,0,0,0,0,0
130646,1,1,0,0,19,0,0,0,0,0,5,0
130646,2,1,0,0,0,0,0,0,0,11,0,0
130647,1,1,0,0,0,0,0,0,0,0,0,0
130647,2,1,0,0,0,0,0,0,0,0,0,0
130648,0,1,25,0,17,25,0,20,26,0,0,0
130648,1,1,7,0,0,15,0,22,6,0,7,4
130649,1,1,25,25,25,25,25,25,25,25,25,25
130650,0,1,7,7,7,7,7,7,7,7,7,7
130650,1,1,0,0,0,0,6,0,0,0,0,0
130651,1,1,29,29,29,29,29,29,29,29,29,29
130652,1,1,0,0,0,26,0,0,0,0,0,0
130652,2,1,25,0,0,0,0,0,0,0,0,0
130653,1,1,0,0,0,0,0,0,0,0,0,0
130654,1,1,0,29,29,0,0,0,19,0,0,0
130654,2,1,0,0,0,0,0,0,0,0,0,0
130655,1,1,0,0,0,9,0,0,0,11,16,0
130655,2,1,0,0,0,10,17,0,0,0,0,0
130656,1,1,0,0,0,0,0,0,0,0,0,0
130656,2,1,0,0,0,0,0,0,0,0,0,0
130657,1,1,0,0,0,0,0,0,0,0,0,0
130657,2,1,0,0,0,0,0,0,0,0,0,0
130658,1,1,0,10,0,29,0,11,0,15,0,16
130659,0,1,23,19,0,0,0,0,10,14,24,14
130659,1,1,0,0,0,0,0,0,0,0,0,0
130660,1,1,0,0,0,0,0,0,0,0,0,0
130661,1,1,13,13,13,13,13,13,13,13,13,13
130662,1,1,0,0,13,0,0,0,0,0,0,0
130663,1,1,11,11,11,11,11,11,11,11,11,11
130663,2,1,0,0,0,0,0,0,0,0,0,0
130664,1,1,0,0,0,0,0,0,0,0,0,0
130664,2,1,0,0,0,0,0,0,0,0,0,0
130665,0,1,20,20,20,20,20,20,20,20,20,20
130665,1,1,0,0,0,0,0,0,0,0,0,0
130666,1,1,0,0,0,0,0,0,0,0,0,0
130667,1,1,0,0,0,0,9,0,23,24,0,28
130668,1,1,6,6,6,6,6,6,6,6,6,6
130669,0,1,0,0,0,0,0,0,0,0,0,0
130669,1,1,0,0,0,0,0,0,0,0,0,0
130670,1,1,15,17,16,3,0,0,0,0,9,0
130670,2,1,0,0,3,0,0,0,0,0,0,0
130671,1,1,0,0,0,0,0,26,0,0,0,0
130671,2,1,0,0,0,0,0,0,0,0,0,0
130671,3,1,0,0,0,0,0,0,0,0,0,0
130672,1,1,0,0,0,0,0,0,0,0,0,0
130672,2,1,0,0,0,0,0,0,0,0,0,0
130673,1,1,0,0,0,0,0,0,0,0,0,0
130673,2,1,0,0,0,0,0,0,24,24,0,0
130674,0,1,0,0,0,0,0,0,0,0,0,0
130675,1,1,1,1,1,1,1,1,1,1,1,1
130676,1,1,21,21,21,21,21,21,21,21,21,21
130677,1,1,0,0,0,0,0,0,0,0,0,0
130678,1,1,0,0,0,0,0,11,0,0,0,0
130678,2,1,24,19,0,0,0,0,0,0,0,0
130679,1,1,19,22,10,9,42,0,30,12,20,18
130680,0,1,18,18,18,18,18,18,18,18,18,18
130680,1,1,0,10,18,0,0,0,0,0,0,0
130681,1,1,0,0,13,0,0,0,0,0,0,11
130682,0,1,13,0,24,0,0,0,0,14,0,0
130682,1,1,0,0,0,0,7,0,0,0,0,0
130683,1,1,0,8,27,0,0,0,0,0,0,0
130684,1,1,2,2,2,2,2,2,2,2,2,2
130685,1,1,0,0,0,0,0,0,0,9,0,0
130686,1,1,0,0,0,0,29,0,0,0,0,0
130687,1,1,0,0,0,0,0,0,0,0,0,0
130688,1,1,18,18,18,18,18,18,18,18,18,18
130689,0,1,0,0,0,0,0,0,0,0,0,0
130689,0,2,0,0,0,0,0,0,0,0,0,0
130689,1,1,0,0,0,0,0,0,0,0,0,0
130690,1,1,0,15,0,0,0,0,0,0,0,7
130690,2,1,0,0,0,0,0,0,0,0,0,0
130691,1,1,7,9,30,12,31,7,17,9,21,18
130692,1,1,0,19,0,0,0,19,3,0,5,12
130692,2,1,0,0,0,0,0,0,0,0,0,0
130693,1,1,0,0,0,12,0,0,0,0,0,0
130694,0,1,0,0,0,0,0,0,0,0,0,0
130694,1,1,0,0,0,0,0,0,0,0,0,0
130695,1,1,0,0,0,0,0,0,0,0,0,6
130695,2,1,1,1,1,1,1,1,1,1,1,1
130696,1,1,0,0,0,0,0,0,0,0,0,0
130696,2,1,0,0,0,0,0,0,0,0,0,0
130697,1,1,21,0,30,10,28,28,15,11,3,13