ST_CASE,VEH_NO,PER_NO,P1,P2,P3,P4,P5,P6,P7,P8,P9,P10
130698,1,1,0,0,0,0,0,0,0,0,0,0
130699,1,1,0,0,0,0,0,0,0,0,0,0
130699,2,1,0,0,0,0,0,0,0,0,0,0
130700,1,1,0,0,0,0,0,0,0,0,0,0
130701,1,1,4,4,4,4,4,4,4,4,4,4
130702,1,1,0,0,0,0,0,0,0,0,0,0
130703,1,1,0,0,0,0,0,0,5,26,23,0
130704,0,1,6,9,10,18,0,0,24,0,0,0
130704,1,1,0,0,0,0,0,0,0,0,0,0
130705,1,1,37,0,0,22,0,0,20,23,22,15
130706,0,1,0,0,0,0,0,0,0,0,0,0
130706,1,1,19,19,19,19,19,19,19,19,19,19
130707,0,1,13,13,13,13,13,13,13,13,13,13
130707,1,1,0,0,0,0,0,0,0,0,0,0
130708,1,1,0,0,0,12,0,20,0,0,0,0
130708,2,1,0,0,0,0,0,0,0,0,0,14
130708,3,1,0,0,12,0,0,0,0,0,0,0
130709,1,1,0,0,0,0,0,0,0,0,0,0
130710,1,1,10,10,10,10,10,10,10,10,10,10
130710,2,1,0,0,0,0,0,0,0,0,0,0
130711,1,1,0,0,0,0,0,0,0,0,0,0
130711,2,1,0,0,0,0,0,0,0,0,0,0
130712,1,1,0,0,0,0,0,0,0,0,0,0
130712,2,1,0,0,0,0,0,0,0,0,0,0
130712,3,1,0,0,0,0,0,0,0,0,0,0
130713,1,1,21,14,0,0,0,0,12,12,19,7
130714,1,1,0,0,0,0,0,0,0,0,0,0
130714,2,1,0,0,0,0,0,0,0,0,0,0
130715,1,1,0,0,0,0,0,0,0,0,0,0
130715,2,1,0,0,0,0,0,0,0,0,0,0
130716,1,1,0,0,0,0,0,0,0,0,0,0
130717,1,1,0,0,0,0,0,0,0,0,0,0
130717,2,1,0,0,0,0,26,0,0,0,0,1
130718,1,1,0,0,0,0,0,0,0,0,0,0
130719,1,1,0,0,0,0,0,0,0,0,0,0
130719,2,1,0,0,0,0,0,0,0,0,0,0
130720,1,1,0,0,0,0,0,0,0,0,0,0
130720,2,1,0,0,0,0,0,0,0,11,0,0
130722,1,1,0,24,0,13,0,9,0,0,24,0
130723,1,1,0,0,0,0,0,0,0,0,0,0
130723,2,1,0,0,0,0,0,0,0,0,0,0
130724,0,1,0,0,6,32,10,15,22,19,0,0
130724,1,1,0,0,0,0,0,0,0,0,0,0
130725,0,1,0,0,0,0,0,0,0,0,0,0
130725,1,1,0,0,0,0,0,0,0,0,0,0
130726,0,1,32,13,0,0,0,14,25,0,0,0
130726,1,1,16,0,0,0,0,0,0,0,0,0
130727,1,1,0,0,18,17,0,0,12,0,0,0
130728,1,1,0,0,21,0,0,0,0,0,0,0
130728,2,1,0,0,29,0,0,0,0,0,0,0
130729,1,1,0,0,0,0,0,0,0,0,0,0
130729,2,1,0,0,0,0,0,0,0,0,0,0
130730,1,1,0,0,0,0,0,0,0,0,0,0
130731,0,1,0,0,0,18,11,0,0,14,19,0
130731,1,1,0,0,0,0,0,0,0,0,0,0
130732,1,1,0,0,0,0,0,0,0,0,19,0
130732,2,1,0,0,0,0,0,0,0,0,0,0
130732,3,1,0,0,0,0,0,0,0,0,0,0
130733,0,1,0,0,0,0,0,0,0,0,0,0
130733,1,1,11,8,19,5,0,0,17,0,0,0
130734,1,1,0,0,0,20,0,0,0,0,0,0
130735,1,1,0,0,0,0,0,0,0,0,0,0
130736,1,1,0,0,0,0,0,0,0,0,0,0
130736,2,1,0,13,0,0,0,0,0,0,0,0
130737,1,1,0,0,0,0,0,12,0,0,0,0
130737,2,1,0,0,0,0,0,0,0,0,0,0
130737,3,1,0,0,0,0,0,21,0,0,0,0
130737,4,1,0,0,0,0,0,0,0,0,0,0
130737,5,1,0,0,0,0,0,0,0,0,0,0
130738,1,1,14,14,14,14,14,14,14,14,14,14
130739,1,1,20,19,0,0,0,0,0,0,0,0
130739,2,1,0,0,0,0,0,0,0,0,0,0
130740,1,1,0,0,0,23,0,0,0,22,0,0
130741,1,1,0,0,0,0,28,0,0,0,0,0
130742,1,1,8,0,23,0,0,48,0,0,7,14
130743,1,1,0,0,0,0,0,0,0,0,0,0
130743,2,1,0,0,0,0,0,0,0,0,0,0
130743,3,1,0,0,0,0,0,0,0,0,0,0
130744,1,1,10,10,10,10,10,10,10,10,10,10
130745,1,1,0,0,0,0,0,0,0,0,0,0
130746,1,1,0,0,0,0,0,0,0,0,0,0
130746,2,1,0,0,0,0,10,0,0,0,0,0
130747,1,1,26,26,26,26,26,26,26,26,26,26
130748,0,1,0,0,21,26,0,0,0,0,0,0
130748,1,1,6,25,0,27,0,11,0,13,0,0
130749,1,1,0,24,0,0,0,0,0,0,0,0
130749,2,1,0,0,0,0,0,0,0,0,0,0
130750,0,1,0,0,0,0,0,0,0,0,0,0
130750,1,1,0,15,0,0,0,15,16,0,20,0
130751,1,1,0,0,0,0,12,0,0,0,0,0
130751,2,1,0,0,0,0,0,0,21,0,0,0
130751,3,1,14,0,0,0,0,0,0,0,14,28
130751,4,1,0,0,0,0,0,0,0,0,0,0
130751,5,1,0,0,0,0,0,0,0,0,0,0
130752,1,1,0,0,0,0,0,0,0,0,0,0
130753,0,1,15,0,0,0,0,3,11,0,20,0
130753,1,1,0,0,0,0,0,0,0,0,0,0
130754,1,1,23,23,23,23,23,23,23,23,23,23
130755,1,1,0,0,8,8,0,0,0,8,0,14
130755,2,1,0,7,0,0,0,0,0,0,0,0
130756,1,1,0,0,0,0,0,0,0,0,0,0
130756,2,1,0,0,0,0,0,0,0,0,0,0
130757,1,1,0,0,0,0,0,0,0,0,0,0
130757,2,1,0,0,0,0,0,0,0,0,0,14
130758,1,1,0,0,0,0,0,0,0,0,0,0
130758,2,1,0,0,0,0,0,0,0,0,0,0
130759,0,1,0,0,0,0,0,0,0,0,0,0
130759,1,1,1,1,1,1,1,1,1,1,1,1
130760,1,1,0,0,0,0,0,0,0,0,0,0
130760,2,1,0,0,0,0,0,0,0,0,0,0
130761,1,1,0,0,0,0,0,0,0,0,0,0
130761,2,1,4,4,4,4,4,4,4,4,4,4
130762,1,1,0,11,0,0,0,0,0,0,0,0
130763,1,1,0,0,0,31,0,11,0,0,0,13
130763,2,1,0,0,0,0,0,0,0,7,0,0
130764,1,1,0,0,0,0,0,0,0,0,0,0
130764,2,1,17,0,0,0,0,0,0,7,0,0
130765,1,1,0,0,0,0,0,0,0,10,0,0
130765,2,1,0,0,0,0,0,0,0,0,0,0
130765,3,1,0,0,0,0,0,15,0,0,0,0
130766,0,1,0,0,0,0,18,0,0,0,14,0
130766,1,1,0,0,0,14,0,0,0,0,0,5
130767,1,1,0,0,0,0,0,0,6,0,0,0
130768,0,1,0,0,0,0,0,0,0,0,0,0
130768,1,1,0,0,0,0,12,0,0,0,0,0
130769,1,1,0,17,0,0,0,0,0,0,0,0
130769,2,1,0,0,0,0,0,0,0,0,0,0
130770,1,1,0,0,0,9,0,0,0,0,0,0
130771,1,1,0,0,0,0,0,0,0,0,0,0
130771,2,1,0,0,0,0,0,8,0,0,0,0
130772,1,1,16,0,0,7,0,0,0,0,0,0
130772,2,1,15,0,0,0,0,0,0,0,18,0
130773,0,1,15,0,10,0,32,0,0,0,6,34
130773,1,1,19,19,19,19,19,19,19,19,19,19
130774,1,1,0,0,0,0,0,0,0,0,0,29
130774,2,1,0,0,0,0,0,0,0,0,0,0
130775,1,1,0,0,0,0,0,0,0,7,0,0
130775,2,1,0,0,0,0,0,11,0,0,28,0
130776,0,1,0,0,0,0,0,0,0,0,15,0
130776,1,1,0,0,0,0,0,8,0,0,0,25
130777,1,1,16,2,0,0,13,0,20,5,0,0
130777,2,1,0,0,0,0,0,0,3,10,0,0
130778,1,1,0,0,0,0,0,0,0,0,0,0
130779,1,1,0,0,0,0,0,0,0,0,23,0
130779,2,1,0,0,14,0,0,0,12,0,0,0
130780,1,1,0,0,0,0,0,0,0,0,0,0
130781,0,1,5,5,5,5,5,5,5,5,5,5
130781,1,1,0,0,0,0,0,0,0,0,0,0
130782,1,1,18,18,18,18,18,18,18,18,18,18
130783,1,1,12,12,12,12,12,12,12,12,12,12
130784,1,1,0,8,18,20,17,10,12,8,15,27
130785,1,1,0,16,0,0,0,0,11,26,0,0
130785,2,1,0,0,0,0,0,0,0,0,0,0
130786,0,1,0,31,33,22,17,20,0,28,0,15
130786,1,1,0,0,0,0,0,0,0,0,0,0
130787,1,1,26,26,26,26,26,26,26,26,26,26
130787,2,1,0,0,0,0,8,0,0,0,0,0
130788,1,1,0,0,0,0,0,0,0,0,0,0
130788,2,1,0,0,0,0,0,0,0,0,0,0
130789,1,1,0,0,0,0,0,0,0,0,0,0
130790,1,1,0,0,0,0,0,0,0,0,0,0
130790,2,1,0,0,0,0,0,0,0,7,0,0
130790,3,1,0,0,0,16,0,0,13,0,0,0
130790,4,1,15,0,0,0,0,0,0,0,0,0
130790,5,1,0,5,0,0,0,0,0,0,0,0
130791,1,1,0,0,0,0,0,0,0,0,0,0
130791,2,1,0,0,0,0,0,0,0,0,0,0
130792,1,1,0,0,0,0,0,0,0,0,0,0
130792,2,1,0,0,0,0,0,12,0,0,0,0
130793,1,1,0,0,0,0,0,0,22,0,0,25
130793,2,1,0,0,0,0,0,0,0,0,0,0
130794,1,1,5,5,5,5,5,5,5,5,5,5
130794,2,1,0,0,0,0,0,0,0,0,0,0
130794,3,1,0,0,0,0,0,0,0,0,8,0
130795,1,1,13,13,13,13,13,13,13,13,13,13
130796,1,1,0,0,0,0,0,0,0,0,0,0
130797,1,1,30,30,30,30,30,30,30,30,30,30
130798,1,1,0,0,0,0,0,0,0,0,0,0
130798,2,1,3,3,3,3,3,3,3,3,3,3
130799,1,1,19,19,19,19,19,19,19,19,19,19
130800,1,1,0,0,0,0,0,0,0,0,0,0
130800,2,1,0,0,0,0,0,0,0,0,0,0
130801,1,1,0,0,0,0,0,0,0,0,0,0
130801,2,1,0,0,0,0,0,0,0,0,0,0
130801,3,1,14,14,14,14,14,14,14,14,14,14
130801,4,1,0,0,0,0,0,0,0,24,0,0
130801,5,1,0,0,0,0,0,0,0,0,0,0
130802,1,1,9,9,0,7,0,0,0,29,0,0
130803,0,1,0,0,0,0,0,0,0,0,0,0
130803,1,1,43,14,0,18,24,7,11,9,44,31
130804,1,1,0,0,0,0,0,0,0,0,0,0
130804,2,1,0,0,2,0,0,6,0,0,0,13
130805,1,1,0,0,0,0,0,0,0,0,13,0
130806,1,1,0,7,0,0,7,12,9,0,0,0
130806,2,1,12,0,0,0,0,0,0,0,0,0
130807,1,1,19,0,0,0,0,13,0,16,0,0
130808,1,1,0,0,0,0,0,0,0,0,0,0
130808,2,1,0,0,0,0,0,0,0,0,0,0
130809,1,1,2,2,2,2,2,2,2,2,2,2
130809,2,1,0,0,0,0,0,0,0,0,0,0
130810,1,1,0,0,0,0,0,0,0,0,0,0
130810,2,1,0,0,0,0,0,0,0,0,0,0
130811,1,1,0,0,0,0,0,0,0,0,0,0
130812,1,1,18,0,0,17,19,11,8,16,0,15
130813,1,1,0,0,0,0,0,0,0,0,0,0
130813,2,1,0,0,0,0,0,0,0,0,0,0
130813,3,1,0,0,0,0,0,0,0,0,0,0
130814,0,1,0,0,0,27,0,19,0,5,0,0
130814,1,1,0,0,0,0,0,0,0,0,0,0
130814,3,1,0,4,0,0,0,0,0,0,0,0
130814,4,1,0,0,0,0,0,0,0,0,0,0
130814,5,1,0,0,11,17,0,0,0,0,0,0
130815,1,1,0,0,0,0,0,0,0,0,0,0
130815,2,1,0,0,0,0,0,0,0,0,0,0
130816,0,1,0,0,0,0,0,0,0,0,0,0
130816,1,1,17,0,0,0,0,0,0,0,0,0
130817,1,1,15,16,29,26,9,28,24,0,22,20
130818,0,1,0,0,30,0,20,0,0,0,0,9
130818,1,1,0,0,0,0,0,0,0,0,21,13
130819,1,1,1,1,1,1,1,1,1,1,1,1
130820,1,1,0,0,0,0,0,0,0,0,0,0
130820,2,1,0,0,0,0,0,0,0,0,0,0
130821,1,1,0,0,0,0,0,0,0,0,0,0
130822,1,1,16,16,16,16,16,16,16,16,16,16
130823,1,1,21,21,21,21,21,21,21,21,21,21
130823,2,1,0,0,0,0,0,0,0,0,0,0
130824,1,1,23,23,23,23,23,23,23,23,23,23
130825,1,1,0,0,0,0,0,0,0,0,0,0
130826,0,1,20,20,20,20,20,20,20,20,20,20
130826,1,1,0,0,0,0,0,0,0,0,0,0
130827,0,1,0,0,14,0,0,26,0,0,0,39
130827,1,1,5,0,0,25,16,9,44,0,0,10
130828,1,1,13,13,13,13,13,13,13,13,13,13
130828,2,1,0,0,0,0,0,0,0,0,0,0
130829,1,1,0,0,0,0,21,0,0,10,21,0
130830,1,1,0,0,0,0,0,0,0,0,0,0
130830,2,1,0,0,11,0,0,0,0,15,0,0
130831,0,1,2,2,2,2,2,2,2,2,2,2
130831,1,1,0,0,0,0,0,0,0,0,0,0
130832,1,1,0,0,0,0,0,0,16,0,0,0
130832,2,1,28,28,28,28,28,28,28,28,28,28
130833,1,1,0,0,0,0,0,0,0,0,0,0
130833,2,1,0,0,0,0,0,0,0,0,0,0
130834,1,1,0,0,12,0,17,0,0,0,0,0
130834,2,1,22,0,0,0,0,0,0,0,0,0
130835,1,1,0,0,0,0,0,0,0,0,0,0
130836,1,1,19,19,22,7,13,5,8,19,0,0
130837,1,1,0,0,4,0,0,0,0,0,0,0
130837,2,1,40,40,40,40,40,40,40,40,40,40
130838,1,1,0,0,0,0,0,0,0,0,0,0
130838,2,1,0,0,0,0,0,0,0,0,0,0
130839,1,1,0,0,0,0,0,0,0,0,0,0
130839,2,1,0,0,0,0,0,0,0,0,0,0
130840,1,1,0,0,0,0,0,0,0,0,0,0
130840,2,1,0,0,0,0,0,0,9,0,0,0
130841,1,1,0,0,0,0,0,0,0,0,0,0
130841,2,1,0,12,10,0,0,0,0,0,0,0
130841,3,1,0,0,0,0,0,0,0,0,0,0
130841,4,1,0,0,0,12,0,0,0,0,0,0
130842,1,1,0,12,0,0,0,0,4,16,0,0
130843,0,1,14,0,0,0,39,28,12,0,29,20
130843,1,1,22,0,0,27,9,0,4,12,0,0
130844,1,1,0,0,8,0,0,0,0,0,0,0
130845,1,1,5,0,33,0,0,9,0,0,21,0
130846,1,1,0,6,0,0,0,0,22,0,0,0
130846,2,1,0,0,0,0,0,0,0,0,0,0
130847,1,1,0,0,0,0,0,0,0,0,0,0
130847,2,1,0,0,0,0,0,0,0,0,0,0
130848,1,1,0,0,0,0,0,0,0,0,0,0
130848,2,1,0,0,0,0,0,0,0,0,0,0
130849,1,1,0,0,0,0,0,0,0,0,0,0
130850,1,1,0,0,0,0,0,0,0,0,0,0
130851,1,1,0,0,0,0,0,0,0,0,0,0
130851,2,1,19,0,0,0,0,14,0,0,0,0
130852,1,1,18,18,18,18,18,18,18,18,18,18
130852,2,1,0,6,0,0,0,0,0,0,0,0
130853,1,1,0,6,15,0,0,0,0,0,0,0
130853,2,1,22,0,0,0,0,0,0,0,0,0
130853,3,1,0,0,0,0,0,0,0,0,0,0
130854,0,1,0,0,0,0,0,0,0,0,0,0
130854,1,1,0,0,0,0,0,0,0,0,0,0
130855,1,1,0,0,0,0,0,19,0,0,0,0
130855,2,1,0,0,0,0,0,0,0,0,0,0
130856,1,1,0,0,0,0,0,0,0,0,0,0
130856,2,1,0,0,0,0,0,0,0,0,0,0
130857,1,1,0,0,0,0,0,0,0,0,0,0
130857,2,1,0,0,0,0,0,0,0,0,0,0
130858,1,1,0,0,0,0,8,0,0,0,0,0
130859,0,1,0,0,10,0,0,18,31,0,0,0
130859,1,1,0,0,0,23,17,5,0,0,13,0
130860,1,1,0,0,0,0,0,0,0,0,0,0
130861,1,1,0,0,0,0,0,0,0,0,0,0
130861,2,1,0,0,0,0,0,0,0,0,0,0
130862,1,1,0,0,0,0,0,0,0,0,0,0
130862,2,1,0,0,0,0,0,0,0,0,0,0
130862,3,1,0,0,0,0,0,0,0,0,0,0
130862,4,1,0,0,0,0,0,0,0,0,0,0
130863,1,1,0,0,0,0,0,0,0,0,0,0
130864,1,1,0,0,0,0,0,0,0,0,0,0
130865,1,1,0,0,0,0,0,0,0,0,0,0
130865,2,1,0,0,0,0,0,17,0,0,0,0
130866,1,1,0,0,0,0,0,0,0,0,0,0
130866,2,1,0,0,0,0,0,0,0,0,0,0
130867,1,1,0,0,0,0,0,0,0,0,0,0
130868,0,1,17,17,17,17,17,17,17,17,17,17
130868,1,1,0,0,0,0,0,0,0,0,0,0
130869,0,1,21,21,21,21,21,21,21,21,21,21
130869,1,1,0,0,0,0,0,0,0,0,0,0
130870,1,1,0,0,0,0,0,0,0,0,0,0
130871,1,1,16,23,19,19,45,23,12,32,20,12
130872,0,1,0,0,0,0,0,0,0,0,0,0
130872,1,1,0,0,0,17,20,3,0,8,0,32
130873,1,1,0,0,0,0,0,0,0,0,0,0
130873,2,1,0,0,0,0,0,0,0,0,0,0
130873,3,1,0,0,0,0,0,0,0,0,0,0
130874,1,1,14,14,14,14,14,14,14,14,14,14
130874,2,1,17,17,17,17,17,17,17,17,17,17
130875,1,1,0,0,0,0,13,0,0,19,6,0
130876,1,1,5,0,0,0,0,0,12,0,5,0
130877,1,1,0,0,0,0,0,0,0,0,0,0
130878,1,1,0,0,0,0,0,0,0,0,0,0
130878,2,1,0,0,28,0,0,0,0,0,0,0
130879,1,1,0,0,0,5,0,0,0,0,0,0
130879,2,1,0,0,0,0,0,0,0,0,0,0
130880,0,1,0,0,0,0,0,18,3,0,0,0
130880,1,1,0,0,0,0,0,0,0,0,0,0
130880,2,1,0,0,0,0,26,0,0,0,14,0
130880,3,1,0,0,0,0,26,0,0,0,0,20
130881,1,1,0,0,0,0,0,0,0,0,0,0
130882,1,1,10,10,10,10,10,10,10,10,10,10
130883,1,1,0,8,0,0,18,19,0,18,15,0
130884,1,1,0,0,0,0,0,0,0,0,0,0
130885,1,1,0,10,0,0,14,8,10,0,23,17
130885,2,1,6,0,0,21,0,11,17,0,0,0
130885,3,1,0,0,0,0,0,0,0,0,0,0
130886,1,1,0,6,14,0,17,12,10,12,52,0
130887,1,1,14,14,14,14,14,14,14,14,14,14
130887,2,1,0,0,0,0,0,0,14,0,24,0
130888,1,1,0,0,0,0,0,0,0,0,0,0
130888,2,1,0,0,0,0,0,0,0,0,0,0
130889,1,1,0,0,0,0,0,0,0,0,0,0
130890,1,1,0,0,0,0,0,0,0,0,0,0
130890,2,1,0,0,0,0,0,0,0,0,0,0
130891,1,1,0,0,0,0,0,0,0,0,0,0
130891,2,1,0,0,0,0,0,0,0,0,0,0
130891,3,1,0,0,0,0,0,0,0,0,0,0
130892,1,1,26,0,11,0,19,32,8,16,21,0
130892,2,1,0,0,0,0,0,0,0,0,0,0
130892,3,1,0,0,0,10,0,16,0,0,32,0
130892,4,1,17,23,12,0,21,24,17,0,0,21
130893,0,1,0,0,0,0,0,7,0,0,7,0
130893,0,2,28,0,19,4,22,6,29,12,18,11
130893,1,1,0,0,0,0,0,0,0,0,0,5
130894,1,1,0,0,0,0,0,0,0,0,0,0
130894,2,1,0,0,0,0,0,0,0,0,0,0
130895,1,1,15,15,15,15,15,15,15,15,15,15
130896,0,1,0,0,0,0,0,0,0,0,0,0
130896,1,1,0,0,0,0,0,0,21,0,0,0
130897,0,1,0,0,0,0,0,0,0,0,0,0
130897,1,1,0,0,0,0,0,0,0,0,0,0
130898,1,1,23,23,23,23,23,23,23,23,23,23
130898,2,1,0,0,0,0,0,0,0,0,0,0
130899,1,1,25,0,9,0,0,0,0,12,28,0
130900,1,1,10,13,0,0,0,0,0,0,0,0
130901,1,1,0,0,0,0,0,0,0,0,0,0
130902,0,1,0,0,0,0,0,18,32,0,0,4
130902,1,1,0,0,0,0,0,0,0,0,16,0
130903,1,1,19,19,19,19,19,19,19,19,19,19
130904,1,1,0,4,0,8,0,0,0,0,15,0
130904,2,1,0,0,0,0,0,0,0,0,0,0
130904,3,1,0,0,0,0,0,0,0,0,0,0
130905,1,1,0,0,19,13,18,0,0,0,0,0
130906,1,1,0,0,0,0,0,0,0,0,0,0
130906,2,1,0,0,0,0,0,0,0,0,0,0
130907,1,1,0,0,0,0,0,0,0,0,0,0
130907,2,1,0,0,0,0,0,0,0,0,0,0
130908,1,1,0,0,0,0,0,0,0,0,0,0
130909,1,1,0,0,0,0,0,9,0,0,0,0
130909,2,1,0,0,0,0,0,0,0,0,0,0
130910,1,1,0,0,0,0,0,0,0,0,0,0
130911,1,1,17,17,17,17,17,17,17,17,17,17
130912,1,1,29,0,10,0,28,25,20,0,16,0
130913,1,1,22,22,22,22,22,22,22,22,22,22
130913,2,1,0,0,0,0,0,0,0,27,0,0
130914,1,1,0,0,0,0,24,0,0,0,0,0
130914,2,1,0,0,0,0,0,0,0,0,0,0
130915,1,1,0,0,0,0,0,0,0,0,0,0
130915,2,1,0,0,0,0,0,0,4,0,0,0
130916,1,1,0,0,0,0,0,0,0,0,0,0
130916,2,1,0,0,0,0,0,0,0,0,0,0
130916,3,1,0,0,0,0,0,0,0,0,0,0
130917,0,1,0,0,0,0,0,0,0,0,0,0
130917,1,1,0,0,0,0,0,0,0,0,0,0
130917,2,1,0,19,0,0,17,4,35,4,12,27
130917,3,1,0,0,0,15,0,0,0,0,0,0
130917,4,1,10,0,0,0,6,0,0,0,0,0
130918,0,1,0,0,0,11,0,0,0,0,0,0
130918,1,1,0,0,0,0,11,0,0,0,0,0
130918,2,1,0,0,10,0,0,0,0,0,29,12
130919,1,1,9,9,9,9,9,9,9,9,9,9
130919,2,1,2,0,0,0,0,0,0,0,0,0
130920,1,1,0,0,0,0,0,0,0,0,0,0
130921,1,1,1,1,1,1,1,1,1,1,1,1
130922,1,1,0,0,0,0,0,0,16,0,28,12
130922,2,1,0,0,0,0,0,0,0,0,0,0
130923,1,1,27,27,27,27,27,27,27,27,27,27
130923,2,1,0,0,0,0,0,0,0,0,0,0
130924,1,1,0,0,0,0,0,0,0,0,0,0
130924,2,1,0,0,0,0,0,0,0,0,0,0
130924,3,1,0,0,0,0,0,0,0,0,5,0
130925,1,1,0,0,0,0,0,0,0,0,0,0
130926,1,1,0,26,22,0,0,0,0,0,0,0
130926,2,1,0,0,0,0,0,0,0,0,0,0
130927,1,1,24,15,12,0,8,0,6,8,10,16
130929,1,1,0,0,0,26,12,0,0,0,0,0
130929,2,1,0,0,0,0,0,0,0,0,0,0
130930,1,1,0,3,0,0,12,0,17,0,0,0
130931,0,1,22,23,0,0,0,7,0,0,0,0
130931,1,1,0,0,0,0,0,52,0,0,0,0
130932,1,1,0,0,0,0,0,0,0,0,0,0
130933,1,1,12,12,12,12,12,12,12,12,12,12
130933,2,1,10,10,10,10,10,10,10,10,10,10
130933,3,1,0,0,10,0,0,14,0,0,0,0
130934,1,1,19,0,0,0,0,0,0,0,0,0
130934,2,1,0,0,0,23,0,0,0,0,0,0
130935,1,1,0,0,0,0,0,0,0,0,21,0
130936,1,1,25,25,25,25,25,25,25,25,25,25
130937,1,1,0,0,0,0,0,0,0,0,0,0
130938,1,1,0,0,0,0,0,13,0,0,0,0
130938,2,1,0,0,0,0,20,0,0,0,0,0
130939,1,1,0,12,23,11,27,38,0,16,27,19
130940,0,1,20,0,0,0,0,0,0,0,24,41
130940,1,1,0,0,0,0,0,0,0,0,0,0
130942,1,1,45,7,16,14,18,12,0,4,0,0
130943,2,1,0,0,0,0,0,0,0,0,0,0
130943,3,1,0,0,0,0,0,0,0,0,0,0
130944,1,1,23,23,23,23,23,23,23,23,23,23
130944,2,1,0,0,0,0,0,0,0,0,0,0
130945,0,1,0,0,0,0,26,0,16,0,0,0
130945,1,1,0,8,0,0,0,0,0,0,0,0
130946,1,1,0,0,0,0,11,0,0,17,0,0
130947,1,1,0,0,0,0,0,0,0,0,0,0
130947,2,1,0,0,0,0,0,0,0,0,0,0
130948,1,1,0,0,0,0,0,0,0,0,0,0
130948,2,1,0,0,0,0,0,0,0,0,0,0
130949,1,1,0,0,0,0,0,0,0,0,0,0
130949,2,1,0,0,0,0,0,0,0,0,0,0
130950,1,1,12,0,0,24,10,0,16,0,0,0
130950,2,1,0,0,0,0,0,0,0,0,0,0
130951,1,1,0,32,0,4,0,15,9,12,19,0
130952,1,1,0,0,0,0,0,0,7,0,0,0
130953,0,1,11,11,11,11,11,11,11,11,11,11
130953,1,1,0,0,0,0,25,14,0,0,0,0
130954,1,1,0,0,0,0,0,0,0,0,0,0
130954,2,1,0,0,0,0,0,0,0,0,0,0
130955,1,1,13,13,13,13,13,13,13,13,13,13
130956,1,1,0,0,0,0,0,0,0,0,0,0
130956,2,1,0,0,0,0,0,0,0,0,0,0
130956,3,1,0,0,0,0,0,0,0,0,0,0
130957,1,1,0,0,0,0,0,0,0,0,0,0
130957,2,1,0,0,0,0,0,0,0,0,8,0
130958,0,1,18,0,0,0,0,0,13,0,0,8
130958,1,1,0,0,18,0,4,17,0,0,0,0
130959,0,1,25,25,25,25,25,25,25,25,25,25
130959,1,1,0,0,0,0,0,0,0,0,0,0
130960,1,1,5,5,5,5,5,5,5,5,5,5
130962,1,1,0,0,0,0,0,0,0,0,0,0
130963,1,1,0,0,25,0,0,10,0,0,29,27
130964,1,1,0,0,0,0,0,0,0,0,0,0
130965,1,1,0,0,0,0,0,0,0,0,0,0
130965,2,1,0,0,0,0,0,0,0,0,0,0
130965,3,1,0,0,0,9,0,0,0,0,0,0
130966,1,1,4,4,4,4,4,4,4,4,4,4
130966,2,1,8,0,0,20,0,0,0,15,0,0
130967,0,1,0,0,0,0,0,0,0,0,0,0
130967,1,1,0,22,0,0,0,6,0,0,0,0
130968,0,1,17,31,16,33,0,15,21,14,14,14
130968,1,1,0,0,0,0,0,0,0,0,0,0
130969,1,1,0,0,0,0,0,0,0,0,0,0
130969,2,1,0,0,0,0,0,0,0,0,0,0
130970,1,1,0,0,0,0,0,0,0,0,0,0
130971,0,1,0,0,0,0,0,0,0,0,0,0
130971,1,1,0,0,0,0,0,0,0,0,0,0
130972,0,1,0,0,0,0,0,38,3,20,0,0
130972,1,1,0,0,0,6,0,0,0,0,0,0
130973,1,1,23,23,23,23,23,23,23,23,23,23
130973,2,1,0,0,19,9,7,0,0,0,0,0
130974,0,1,37,37,37,37,37,37,37,37,37,37
130974,1,1,29,17,0,27,0,16,19,0,0,0
130975,0,1,0,0,0,0,0,0,0,0,0,0
130975,1,1,0,0,0,0,0,0,0,0,0,0
130976,0,1,36,16,31,19,23,14,19,19,15,31
130976,1,1,0,0,0,0,0,0,0,0,0,22
130977,0,1,0,0,0,0,0,0,0,0,0,0
130977,1,1,0,0,0,0,0,0,0,0,0,0
130978,0,1,0,0,0,0,0,0,0,0,0,0
130978,1,1,0,0,0,0,0,0,0,0,0,0
130979,0,1,0,0,0,8,0,16,0,27,0,0
130979,1,1,0,0,0,13,21,0,15,34,0,0
130980,1,1,0,0,0,0,0,0,0,0,0,0
130980,2,1,0,5,0,13,0,12,0,0,0,17
130981,1,1,6,6,6,6,6,6,6,6,6,6
130982,0,1,0,0,0,0,0,0,0,0,0,0
130982,1,1,13,19,14,18,22,0,16,0,17,17
130983,1,1,0,0,20,0,0,0,0,36,0,0
130983,2,1,0,0,0,0,0,0,16,0,0,0
130984,1,1,18,18,18,18,18,18,18,18,18,18
130985,1,1,0,0,0,0,0,0,0,0,0,0
130985,2,1,0,0,0,0,0,0,0,0,0,0
130986,1,1,12,12,12,12,12,12,12,12,12,12
130987,0,1,0,0,0,0,7,16,0,0,0,0
130987,1,1,25,0,0,0,19,0,0,13,0,0
130987,2,1,4,4,4,4,4,4,4,4,4,4
130988,1,1,0,0,0,0,0,0,0,0,0,0