ST_CASE,VEH_NO,PER_NO,P1,P2,P3,P4,P5,P6,P7,P8,P9,P10
130988,2,1,0,0,0,0,0,0,0,0,0,0
130989,1,1,0,0,0,0,0,0,0,0,0,0
130989,2,1,0,0,0,0,0,0,0,0,0,0
130990,1,1,0,2,0,0,0,9,12,2,0,36
130990,2,1,0,0,0,0,0,0,0,0,0,0
130991,1,1,14,0,25,0,0,0,22,14,0,21
130992,0,1,0,0,23,0,0,0,0,29,0,0
130992,1,1,0,0,0,0,9,0,0,0,0,0
130993,0,1,0,26,0,0,0,0,0,0,0,0
130993,1,1,0,0,0,0,0,0,0,0,0,0
130994,1,1,11,11,11,11,11,11,11,11,11,11
130994,2,1,6,0,18,7,24,12,5,16,4,0
130995,1,1,0,0,0,0,0,0,0,0,0,0
130996,1,1,16,16,16,16,16,16,16,16,16,16
130997,1,1,0,0,0,0,0,0,0,0,0,0
130998,0,1,1,1,1,1,1,1,1,1,1,1
130998,1,1,0,0,0,0,0,0,0,0,0,0
130999,1,1,0,0,0,28,0,0,0,0,0,0
130999,2,1,0,0,0,0,0,0,0,0,0,0
131000,1,1,25,22,0,14,0,0,12,16,18,17
131000,2,1,0,0,0,0,0,0,0,0,0,0
131001,1,1,0,20,0,0,0,0,0,0,0,0
131001,2,1,0,0,0,0,0,0,0,0,0,0
131001,3,1,0,0,0,0,0,0,0,0,0,0
131002,1,1,37,0,0,0,0,0,0,0,0,0
131002,2,1,0,0,0,0,0,0,0,0,3,0
131003,1,1,0,0,0,0,0,0,0,0,0,0
131003,2,1,0,0,0,0,0,0,0,0,0,0
131004,1,1,0,0,0,0,0,0,14,0,0,0
131005,1,1,16,16,16,16,16,16,16,16,16,16
131006,1,1,0,0,0,0,0,0,0,0,0,0
131006,2,1,0,0,0,0,0,0,0,0,0,0
131007,1,1,0,0,0,0,0,0,0,0,0,0
131007,2,1,0,0,0,0,0,0,0,0,0,0
131008,1,1,0,0,0,0,0,0,0,0,0,0
131009,0,1,43,18,0,0,0,3,31,0,0,31
131009,1,1,0,0,0,0,0,0,0,18,29,0
131010,1,1,0,6,0,0,0,0,0,0,0,0
131011,1,1,7,7,7,7,7,7,7,7,7,7
131011,2,1,7,7,7,7,7,7,7,7,7,7
131012,1,1,22,22,22,22,22,22,22,22,22,22
131013,0,1,29,29,29,29,29,29,29,29,29,29
131013,1,1,0,0,0,0,0,0,15,0,11,0
131013,2,1,0,0,0,0,0,0,0,0,0,0
131013,3,1,0,0,0,0,0,0,0,0,0,0
131014,1,1,23,23,23,23,23,23,23,23,23,23
131015,1,1,0,0,0,24,0,0,0,23,0,21
131016,1,1,0,0,5,22,0,24,4,0,30,0
131016,2,1,0,0,0,0,0,0,0,0,0,0
131017,1,1,0,0,0,0,0,0,0,0,0,0
131017,2,1,0,0,0,0,0,9,0,0,0,0
131018,1,1,0,0,0,0,0,0,0,0,0,0
131018,2,1,0,0,0,0,29,0,0,0,0,0
131018,3,1,0,0,0,0,0,0,0,0,0,0
131018,4,1,0,0,0,8,0,0,0,0,0,0
131020,1,1,0,0,0,0,0,6,0,0,0,0
131021,1,1,0,0,0,0,0,0,0,0,0,0
131021,2,1,0,0,0,0,0,0,0,0,0,0
131022,1,1,0,0,0,0,0,0,0,0,0,0
131023,1,1,14,0,12,0,0,0,0,0,0,0
131024,1,1,0,0,0,10,0,0,0,18,10,0
131024,2,1,0,0,0,0,0,0,0,0,0,0
131025,1,1,0,11,0,0,0,0,0,0,0,0
131026,1,1,21,21,21,21,21,21,21,21,21,21
131027,0,1,0,24,16,27,9,30,0,0,0,0
131027,1,1,0,0,0,0,0,0,0,0,0,0
131028,1,1,0,0,0,0,0,0,0,0,0,15
131029,1,1,21,42,0,0,23,0,0,9,0,0
131030,0,1,0,19,0,0,0,0,0,0,0,0
131030,1,1,0,0,0,0,0,0,0,0,0,0
131031,1,1,0,0,15,0,0,13,0,0,0,0
131031,2,1,0,0,0,0,0,0,0,0,0,0
131032,1,1,22,22,22,22,22,22,22,22,22,22
131033,1,1,0,0,0,0,0,0,0,0,0,0
131033,2,1,0,0,0,0,0,0,0,0,0,0
131034,1,1,35,37,17,35,0,10,0,0,0,10
131034,2,1,13,13,13,13,13,13,13,13,13,13
131035,1,1,0,0,0,0,0,0,0,0,0,0
131036,1,1,0,0,20,0,0,0,0,0,0,0
131036,2,1,0,0,0,0,0,0,0,0,0,0
131037,0,1,24,24,24,24,24,24,24,24,24,24
131037,1,1,0,0,0,4,0,0,0,0,0,0
131038,1,1,0,0,0,0,0,0,0,0,10,0
131038,2,1,0,0,0,0,0,0,0,0,0,0
131039,1,1,0,0,0,0,0,0,0,0,0,0
131039,2,1,0,0,0,0,0,0,0,0,0,0
131040,0,1,16,25,0,0,0,0,0,0,0,0
131040,1,1,0,0,11,14,19,12,10,0,22,12
131041,1,1,0,0,0,0,0,0,0,0,0,0
131041,2,1,0,0,0,0,0,0,0,0,0,0
131041,3,1,22,0,0,0,0,0,0,0,0,0
131042,1,1,0,0,0,0,0,0,0,0,0,0
131043,1,1,0,0,0,0,0,10,0,0,0,0
131044,1,1,0,0,0,0,0,0,0,0,0,0
131044,2,1,0,0,23,0,18,0,28,0,0,0
131044,3,1,0,0,0,0,0,0,0,0,0,0
131045,0,1,0,0,0,0,0,0,0,0,0,0
131045,1,1,0,0,0,0,4,0,0,0,0,0
131046,1,1,7,7,7,7,7,7,7,7,7,7
131046,2,1,0,0,0,0,0,0,0,0,0,0
131047,1,1,0,12,10,0,8,20,0,21,0,39
131048,1,1,0,0,0,0,0,0,0,0,0,0
131049,1,1,0,0,0,0,0,0,0,0,0,0
131049,2,1,0,0,0,0,0,0,0,0,0,0
131050,1,1,0,0,0,0,0,0,28,18,0,10
131051,0,1,0,0,0,0,0,0,0,0,0,0
131051,1,1,0,0,9,0,0,0,0,0,0,0
131052,0,1,0,0,0,0,0,0,0,0,0,0
131052,1,1,0,0,0,0,0,0,0,0,0,0
131053,1,1,0,0,0,0,0,0,0,0,0,0
131053,2,1,0,0,0,0,0,0,0,0,0,0
131054,1,1,0,0,0,0,0,0,0,0,0,0
131054,2,1,0,0,0,0,0,0,0,0,0,0
131055,1,1,0,0,0,11,0,0,34,0,3,0
131056,1,1,0,0,0,0,0,0,0,0,0,0
131056,2,1,0,0,0,0,0,0,0,0,0,0
131057,0,1,0,0,0,0,20,0,0,38,0,0
131057,1,1,0,13,0,0,0,0,0,0,0,0
131058,1,1,0,22,0,0,0,0,7,0,0,0
131059,0,1,1,1,1,1,1,1,1,1,1,1
131059,1,1,0,0,0,0,0,0,0,0,0,18
131061,1,1,6,6,6,6,6,6,6,6,6,6
131061,2,1,0,0,0,0,0,0,0,0,0,0
131062,1,1,0,0,0,0,31,0,0,0,0,19
131062,2,1,17,17,17,17,17,17,17,17,17,17
131063,1,1,0,0,0,0,0,0,0,0,0,0
131063,2,1,0,0,0,0,0,0,0,0,0,0
131064,0,1,25,0,0,0,0,0,0,18,0,10
131064,1,1,0,0,0,0,0,0,0,0,0,0
131065,0,1,25,25,25,25,25,25,25,25,25,25
131065,1,1,0,0,0,0,0,0,0,0,0,0
131066,1,1,25,25,25,25,25,25,25,25,25,25
131067,1,1,0,0,0,0,0,0,0,0,0,0
131068,1,1,0,0,0,0,0,0,0,0,0,0
131068,2,1,0,0,0,0,11,0,0,0,0,0
131069,1,1,13,13,13,13,13,13,13,13,13,13
131069,2,1,0,0,0,0,0,0,0,0,0,0
131069,3,1,0,0,0,0,0,0,0,0,0,0
131070,1,1,26,10,0,29,0,0,0,0,0,0
131070,2,1,0,0,0,0,0,0,0,0,0,0
131071,1,1,0,0,0,0,0,0,0,0,0,0
131072,1,1,0,0,0,0,4,0,20,0,0,10
131073,0,1,0,0,0,0,0,0,0,0,0,0
131073,1,1,0,0,0,0,0,0,0,0,0,0
131074,1,1,11,18,23,15,12,18,15,21,27,19
131075,1,1,27,14,10,3,22,11,15,7,23,14
131076,1,1,0,0,0,0,0,0,0,0,0,0
131077,1,1,40,40,40,40,40,40,40,40,40,40
131078,1,1,4,4,4,4,4,4,4,4,4,4
131079,1,1,0,0,0,0,0,0,0,0,0,0
131079,2,1,0,0,0,0,0,0,0,0,0,0
131080,1,1,0,0,0,0,0,14,0,6,0,18
131081,1,1,0,0,0,0,0,0,0,0,0,0
131082,0,1,22,11,4,0,0,0,0,0,0,0
131082,1,1,2,2,2,2,2,2,2,2,2,2
131083,1,1,21,0,30,0,0,0,0,0,0,0
131084,1,1,0,0,0,0,0,0,0,0,0,0
131084,2,1,0,0,0,0,0,0,0,0,0,0
131085,1,1,0,0,0,0,0,0,0,0,0,0
131085,2,1,0,0,0,0,0,0,0,0,0,0
131085,3,1,0,0,0,0,0,0,16,0,0,0
131086,0,1,0,0,0,8,29,21,0,18,0,24
131086,1,1,0,0,0,0,20,15,0,0,0,0
131087,0,1,0,0,0,0,0,0,0,0,0,0
131087,1,1,0,0,0,0,0,0,0,0,0,0
131088,1,1,12,12,12,12,12,12,12,12,12,12
131089,1,1,0,0,0,0,0,0,0,0,0,0
131089,2,1,0,0,0,0,0,0,0,0,0,0
131090,1,1,0,0,0,0,0,0,0,0,0,0
131091,1,1,10,10,10,10,10,10,10,10,10,10
131092,1,1,0,0,0,0,0,0,0,0,0,0
131092,2,1,21,0,0,0,0,16,0,11,0,14
131092,3,1,0,0,0,0,0,0,0,0,0,0
131092,4,1,0,0,0,0,0,0,0,0,20,0
131092,5,1,20,20,20,20,20,20,20,20,20,20
131092,6,1,0,12,0,0,0,0,0,0,0,0
131092,7,1,0,0,0,0,0,20,0,0,12,0
131093,1,1,0,0,0,0,0,0,0,0,0,0
131093,2,1,0,0,11,0,0,0,0,0,0,0
131094,1,1,0,0,12,0,0,0,0,0,0,0
131094,2,1,0,0,0,0,0,0,0,0,0,0
131095,1,1,0,0,0,0,0,0,0,0,0,0
131095,2,1,0,0,0,0,0,0,0,0,0,0
131096,1,1,13,13,13,13,13,13,13,13,13,13
131096,2,1,0,0,0,0,0,0,0,0,6,0
131096,3,1,0,0,0,0,0,0,0,0,0,0
131097,1,1,0,0,0,0,0,0,0,0,0,0
131098,0,1,0,0,0,0,0,0,0,0,0,0
131098,1,1,21,21,21,21,21,21,21,21,21,21
131099,1,1,0,0,0,0,0,0,0,0,0,0
131100,1,1,19,19,19,19,19,19,19,19,19,19
131100,2,1,0,0,0,0,0,0,0,0,0,0
131100,3,1,0,0,0,0,0,0,0,0,0,0
131100,4,1,0,0,0,0,0,0,0,0,0,11
131100,5,1,0,0,0,0,0,0,0,0,0,0
131101,1,1,0,0,0,0,0,0,0,0,0,0
131101,2,1,0,0,23,0,0,0,0,0,0,0
131101,3,1,0,0,0,0,0,0,0,0,0,0
131102,1,1,20,20,20,20,20,20,20,20,20,20
131103,0,1,0,0,23,0,0,27,0,0,19,0
131103,1,1,0,0,0,0,0,0,0,0,0,0
131104,0,1,0,0,0,0,0,0,0,0,0,0
131104,1,1,0,0,0,0,0,0,0,0,0,0
131105,1,1,4,4,4,4,4,4,4,4,4,4
131105,2,1,0,14,0,0,0,13,0,28,0,0
131105,3,1,28,0,0,0,0,0,0,0,0,0
131106,1,1,17,17,17,17,17,17,17,17,17,17
131107,1,1,7,13,8,21,24,25,20,14,12,14
131107,2,1,0,12,10,17,0,17,13,0,19,12
131107,3,1,1,1,1,1,1,1,1,1,1,1
131108,1,1,0,0,0,0,0,0,0,0,0,0
131108,2,1,0,0,0,0,0,0,0,0,0,0
131109,0,1,0,0,0,0,0,13,40,0,0,0
131109,1,1,0,0,0,0,4,7,33,18,0,0
131110,1,1,9,0,0,13,42,11,12,0,0,7
131111,1,1,0,0,0,0,0,0,0,0,0,0
131112,0,1,0,0,0,0,10,0,0,26,0,21
131112,1,1,0,0,0,0,0,0,0,0,0,0
131113,1,1,25,0,0,0,0,0,0,0,0,27
131113,2,1,0,0,0,0,0,0,0,0,0,0
131114,1,1,0,0,0,0,0,0,0,0,0,0
131114,2,1,0,0,0,0,0,0,0,0,0,0
131114,3,1,0,0,0,0,0,0,0,0,13,31
131115,1,1,0,0,0,0,0,0,0,0,0,0
131116,0,1,0,37,0,0,20,41,0,0,0,0
131116,1,1,0,0,0,0,0,0,0,0,0,0
131117,1,1,0,0,0,0,0,0,0,0,0,0
131118,1,1,17,37,15,0,31,0,16,29,10,0
131119,1,1,0,0,0,0,0,0,0,0,0,0
131119,2,1,0,0,0,0,0,0,0,0,0,0
131120,1,1,0,0,0,0,21,0,8,0,15,17
131120,2,1,0,13,16,0,0,23,0,0,7,13
131121,1,1,0,0,0,0,0,0,0,0,0,0
131121,2,1,0,0,0,0,0,0,0,0,0,0
131122,0,1,0,0,13,0,0,0,26,17,0,11
131122,1,1,0,0,0,0,0,0,0,0,0,0
131123,1,1,0,0,0,0,9,0,0,0,0,0
131124,1,1,0,0,0,0,0,0,0,0,0,0
131125,1,1,0,0,0,0,0,0,0,0,0,0
131125,2,1,0,0,0,0,0,0,0,0,0,0
131126,0,1,11,11,11,11,11,11,11,11,11,11
131126,1,1,0,0,0,0,0,0,0,0,0,0
131127,1,1,0,10,14,8,17,14,12,0,22,0
131127,2,1,0,0,0,5,0,0,0,0,14,0
131127,3,1,0,0,0,15,0,0,0,0,0,0
131128,1,1,0,0,0,0,0,0,0,0,0,0
131129,1,1,0,0,0,0,0,0,0,0,0,0
131129,2,1,0,0,23,15,0,0,0,13,0,0
131129,3,1,26,0,0,0,0,0,0,0,0,0
131130,1,1,0,0,0,0,0,0,0,0,0,0
131130,2,1,0,0,0,0,0,0,0,0,0,0
131130,3,1,0,0,0,0,0,0,0,15,0,0
131130,4,1,0,0,0,0,0,0,0,0,0,0
131131,1,1,0,0,0,0,0,0,0,0,0,0
131131,2,1,0,0,0,40,0,0,0,0,0,0
131132,1,1,0,0,0,0,0,0,0,0,0,0
131132,2,1,0,0,0,0,0,0,0,0,0,0
131133,1,1,0,0,0,0,0,0,0,0,0,0
131133,2,1,0,0,3,0,0,0,0,0,0,0
131134,1,1,0,0,0,0,0,0,0,0,0,0
131135,0,1,0,0,0,0,0,0,0,0,0,0
131135,1,1,0,0,0,0,0,0,0,0,0,0
131136,1,1,0,0,0,0,0,0,0,0,0,16
131137,1,1,28,28,28,28,28,28,28,28,28,28
131138,1,1,0,0,31,0,0,0,0,10,0,17
131139,1,1,0,0,0,0,0,0,0,0,20,0
131139,2,1,0,0,0,0,0,0,0,0,0,0
131140,1,1,0,0,0,0,0,22,0,0,0,0
131141,1,1,20,0,0,0,0,0,0,0,0,0
131141,2,1,0,0,0,0,0,0,0,6,0,0
131142,1,1,0,0,0,0,12,0,0,0,0,0
131142,2,1,0,0,0,0,0,0,0,0,0,0
131143,1,1,15,15,15,15,15,15,15,15,15,15
131144,0,1,0,0,0,0,0,0,0,0,0,0
131144,0,2,0,0,0,0,0,0,0,0,0,0
131144,1,1,0,0,0,0,0,0,0,0,0,0
131145,0,1,0,0,0,0,11,0,11,8,11,21
131145,1,1,0,0,0,0,0,0,0,0,0,0
131146,1,1,32,32,32,32,32,32,32,32,32,32
131147,1,1,0,0,0,5,11,17,0,0,15,0
131148,0,1,0,0,0,0,0,0,0,17,17,0
131148,0,2,34,26,0,8,0,0,0,0,0,0
131148,0,3,0,0,0,5,0,0,0,0,23,0
131148,1,1,0,0,0,0,0,0,0,0,0,0
131149,1,1,0,0,0,0,0,0,0,0,0,0
131149,2,1,0,0,0,0,0,0,0,0,0,0
131150,1,1,21,21,21,21,21,21,21,21,21,21
131151,1,1,0,0,0,0,0,0,0,0,0,0
131151,2,1,19,21,0,0,12,0,0,0,14,0
131152,1,1,0,0,15,0,0,12,0,0,0,20
131153,1,1,22,22,22,22,22,22,22,22,22,22
131154,1,1,0,0,0,0,0,0,0,0,0,0
131155,1,1,19,19,19,19,19,19,19,19,19,19
131156,0,1,7,7,7,7,7,7,7,7,7,7
131156,1,1,0,0,0,0,0,0,0,0,0,0
131156,2,1,0,0,0,0,8,18,0,0,0,10
131156,3,1,0,28,20,16,0,15,16,25,0,0
131156,4,1,10,0,16,8,18,0,16,0,6,0
131156,5,1,21,13,21,6,0,6,16,26,24,21
131157,1,1,0,0,0,0,0,0,0,0,0,0
131158,1,1,20,20,20,20,20,20,20,20,20,20
131159,1,1,0,19,0,0,0,0,38,0,16,0
131160,1,1,0,0,0,0,0,0,0,0,0,0
131161,1,1,14,26,6,18,25,24,22,0,26,0
131162,1,1,0,0,0,0,0,0,0,0,0,0
131162,2,1,0,0,0,0,0,0,0,0,0,0
131162,3,1,0,0,0,0,0,0,0,0,0,0
131163,0,1,0,16,0,10,0,0,11,0,24,29
131163,1,1,0,0,0,0,0,0,8,0,0,0
131164,1,1,23,23,23,23,23,23,23,23,23,23
131165,1,1,0,0,0,0,0,0,0,0,0,0
131165,2,1,0,0,0,0,0,0,0,0,0,0
131166,1,1,0,0,8,13,0,0,0,0,0,0
131167,1,1,0,0,0,0,0,0,0,0,0,0
131167,2,1,7,0,0,0,0,0,0,0,0,6
131168,0,1,0,0,0,0,0,0,0,6,0,0
131168,0,2,1,1,1,1,1,1,1,1,1,1
131168,1,1,0,0,0,0,0,0,0,0,0,0
131168,2,1,0,0,0,0,0,0,0,0,0,0
131169,1,1,0,0,0,0,0,0,0,0,0,0
131169,2,1,0,0,0,0,0,0,0,0,0,0
131170,1,1,0,0,0,0,7,0,0,0,0,0
131170,2,1,0,8,0,0,0,0,0,0,0,0
131171,1,1,0,0,0,0,0,0,0,0,0,0
131171,2,1,0,0,0,0,0,0,0,0,0,0
131172,1,1,0,0,0,0,0,0,0,0,0,0
131172,2,1,0,0,0,0,0,0,0,0,0,0
131172,3,1,0,0,0,0,0,0,0,0,0,0
131173,0,1,28,28,28,28,28,28,28,28,28,28
131173,1,1,0,0,0,0,0,0,0,0,0,0
131174,1,1,0,0,0,0,0,20,10,0,0,0
131175,1,1,0,0,0,0,0,0,0,0,0,0
131175,2,1,0,0,0,0,9,0,0,0,0,0
131176,1,1,0,0,0,0,0,0,0,0,0,0
131177,0,1,39,16,36,0,0,22,0,31,44,0
131177,1,1,0,0,0,0,0,0,0,0,0,0
131178,1,1,0,0,0,0,0,0,0,0,0,0
131179,1,1,0,0,0,0,0,0,0,0,0,0
131179,2,1,0,0,0,0,16,0,0,0,0,0
131180,1,1,0,0,0,0,0,0,0,0,0,0
131180,2,1,0,0,0,0,0,0,0,0,0,0
131181,1,1,28,0,19,0,0,0,0,16,0,0
131181,2,1,3,3,3,3,3,3,3,3,3,3
131181,3,1,0,0,19,0,0,0,0,0,0,0
131182,1,1,0,0,0,0,0,0,27,10,0,0
131182,2,1,0,0,0,0,22,0,0,0,0,0
131183,1,1,0,0,0,0,24,0,11,21,13,0
131183,2,1,0,0,23,0,0,0,6,6,0,12
131184,0,1,0,0,0,0,22,0,0,0,0,0
131184,1,1,0,0,0,0,0,0,0,0,0,0
131185,1,1,21,21,21,21,21,21,21,21,21,21
131185,2,1,0,0,0,6,0,0,0,0,0,0
131186,1,1,0,0,0,0,0,19,0,25,0,0
131187,1,1,0,0,0,0,0,0,0,0,0,0
131188,1,1,0,0,0,0,0,25,0,0,0,0
131189,1,1,0,0,0,0,0,0,0,0,0,0
131189,2,1,3,3,3,3,3,3,3,3,3,3
131190,1,1,0,0,0,0,0,0,0,0,0,0
131190,2,1,0,0,0,0,0,0,0,0,0,0
131191,1,1,0,0,0,15,13,17,0,0,17,0
131192,0,1,0,31,0,0,0,38,0,0,3,24
131192,1,1,0,0,0,0,0,0,0,0,0,0
131193,1,1,0,0,0,0,0,0,0,0,0,0
131193,2,1,0,0,0,0,0,0,0,0,0,0
131194,1,1,26,26,26,26,26,26,26,26,26,26
131195,1,1,0,0,0,0,0,0,0,0,0,0
131195,2,1,15,0,11,0,0,13,0,15,0,0
131196,1,1,0,0,0,0,0,0,0,0,0,0
131196,2,1,0,0,0,0,0,0,0,0,21,0
131197,0,1,0,0,0,21,19,0,0,0,0,0
131197,1,1,0,0,0,0,0,0,0,0,0,0
131198,1,1,0,0,0,0,0,0,0,0,0,0
131198,2,1,0,0,0,0,0,0,0,0,0,0
131199,1,1,19,25,0,9,31,15,0,14,0,21
131200,1,1,0,0,0,15,0,0,11,19,0,0
131201,1,1,12,12,12,12,12,12,12,12,12,12
131202,0,1,22,22,22,22,22,22,22,22,22,22
131202,1,1,0,0,0,0,0,0,0,0,0,0
131203,0,1,0,27,12,0,0,0,0,30,45,0
131203,1,1,0,0,0,0,0,0,0,0,0,0
131204,1,1,0,0,0,0,0,0,0,0,0,0
131204,2,1,0,0,0,0,0,0,0,0,0,0
131205,1,1,0,19,0,0,0,0,0,18,0,0
131206,1,1,27,27,27,27,27,27,27,27,27,27
131206,2,1,0,0,0,0,0,0,0,0,0,0
131207,0,1,0,7,0,0,12,0,0,0,23,0
131207,1,1,0,0,0,0,0,12,0,0,0,0
131208,1,1,0,0,0,0,0,0,0,0,0,0
131208,2,1,0,10,0,0,0,0,17,0,0,0
131209,1,1,0,0,0,0,0,0,0,0,0,0
131210,1,1,0,0,0,0,0,0,0,0,0,0
131210,2,1,0,0,0,0,0,0,0,0,0,0
131211,1,1,16,16,16,16,16,16,16,16,16,16
131212,1,1,9,0,24,12,5,27,28,21,9,25
131213,0,1,15,15,15,15,15,15,15,15,15,15
131213,0,2,0,0,0,0,0,0,36,0,0,0
131213,2,1,0,0,0,0,11,0,0,0,0,0
131214,1,1,0,0,0,0,0,0,0,0,0,0
131215,0,1,0,0,0,0,25,0,0,0,0,13
131215,1,1,0,0,0,0,0,0,0,0,0,0
131216,1,1,27,36,7,0,0,0,0,12,0,0
131216,2,1,0,0,0,0,0,0,0,0,0,0
131216,3,1,0,12,0,0,0,0,0,12,0,0
131217,1,1,0,0,0,0,19,0,0,0,0,0
131217,2,1,0,0,0,0,0,0,0,0,0,0
131217,3,1,0,0,0,0,0,0,0,0,0,0
131218,0,1,0,0,0,17,0,0,0,14,22,0
131218,1,1,0,0,0,0,0,0,22,0,0,0
131219,1,1,0,0,0,0,0,0,0,0,0,0
131220,0,1,13,13,13,13,13,13,13,13,13,13
131220,1,1,14,7,0,18,0,0,1,12,0,0
131221,1,1,21,21,21,21,21,21,21,21,21,21
131222,1,1,0,27,0,0,5,13,12,5,0,12
131222,2,1,0,6,0,0,0,0,0,0,0,0
131223,1,1,0,0,0,0,0,0,0,0,0,0
131224,1,1,0,0,0,0,0,0,0,0,0,0
131225,0,1,0,0,0,0,0,0,0,0,0,0
131225,1,1,0,0,0,0,0,0,0,0,0,0
131226,0,1,0,0,0,0,0,0,0,0,0,0
131226,1,1,0,0,0,0,0,0,0,0,0,0
131227,0,1,0,0,0,0,0,0,0,0,0,0
131227,1,1,0,0,0,0,0,0,0,0,0,0
131227,2,1,0,0,0,0,0,0,0,0,0,0
131228,1,1,0,0,0,0,0,0,0,0,0,0
131228,2,1,0,0,0,0,0,0,0,0,0,0
131229,1,1,0,0,0,0,0,0,0,0,0,0
131229,2,1,0,0,0,0,0,0,0,0,0,0
131230,1,1,0,0,0,0,0,0,0,0,0,0
131231,0,1,0,0,0,0,0,0,0,0,0,0
131231,1,1,0,0,0,0,0,0,0,0,0,0
131232,1,1,0,0,0,0,0,0,0,0,0,0
131232,2,1,0,0,0,0,0,0,0,0,0,17
131233,1,1,0,0,0,0,0,0,0,0,0,0
131233,2,1,0,0,0,0,0,0,0,0,0,0
131234,1,1,0,0,0,0,0,0,0,0,0,0
131235,1,1,0,0,0,0,0,0,0,0,0,0
131235,2,1,0,0,0,0,0,0,0,0,0,0
131236,1,1,0,0,0,0,0,0,0,0,0,0
131236,2,1,0,0,0,0,0,0,0,0,0,0
131237,1,1,0,10,0,0,26,0,0,28,0,0
131238,1,1,0,16,0,0,14,21,15,0,0,0
131239,0,1,52,17,7,14,41,0,20,15,6,0
131239,1,1,0,0,0,0,0,0,0,0,32,0
131240,0,1,0,0,0,23,21,20,0,0,0,0
131240,1,1,0,25,0,0,0,0,0,13,0,13
131241,1,1,0,0,0,0,0,0,0,0,0,0
131241,2,1,0,0,0,0,0,0,0,0,0,0
131242,0,1,0,0,0,0,0,0,0,0,0,0
131242,1,1,14,0,0,0,0,0,0,0,0,0
131243,1,1,0,0,0,0,0,0,0,0,0,0
131244,1,1,12,0,0,20,0,26,0,0,0,0
131244,2,1,0,0,0,0,0,8,0,0,0,0
131245,0,1,0,0,0,0,0,0,0,0,0,0
131245,1,1,0,0,0,0,0,0,0,0,0,0
131246,1,1,0,0,0,0,0,0,0,0,0,0
131246,2,1,0,0,0,0,0,0,0,0,0,10
131247,0,1,16,16,16,16,16,16,16,16,16,16
131247,1,1,0,0,0,0,0,0,0,0,0,0
131247,2,1,0,0,0,0,0,0,0,0,0,0
131248,1,1,5,16,9,21,21,13,8,46,13,12
131249,1,1,0,0,0,0,0,0,0,0,0,0
131250,1,1,0,0,0,0,0,0,0,0,0,0
131250,2,1,0,0,0,0,0,0,0,0,0,0
131251,1,1,26,26,26,26,26,26,26,26,26,26
131252,1,1,29,0,33,19,0,0,33,0,20,32
131253,1,1,0,0,0,0,0,0,0,0,0,0
131253,2,1,0,0,0,0,0,0,0,0,0,0
131253,3,1,0,0,0,0,0,0,0,0,0,0
131253,4,1,0,0,0,0,0,0,0,0,0,0
131253,5,1,0,0,0,0,0,0,0,0,0,0
131254,0,1,40,40,40,40,40,40,40,40,40,40
131254,1,1,0,10,0,0,18,15,0,0,0,0
131255,1,1,6,6,6,6,6,6,6,6,6,6
131255,2,1,0,0,0,0,0,0,0,0,0,0
131255,3,1,0,0,0,0,0,0,0,0,0,0
131256,1,1,24,0,27,14,39,0,0,0,27,21
131256,2,1,0,0,0,0,0,11,0,0,0,0
131257,1,1,0,0,0,0,0,0,0,0,0,0
131257,2,1,0,0,0,0,0,0,0,0,0,0
131258,1,1,0,0,0,0,0,0,0,0,0,0
131258,2,1,0,0,0,0,0,0,0,0,0,9
131259,1,1,7,17,20,11,21,16,37,8,0,10
131259,2,1,0,0,0,0,0,0,0,0,0,0
131260,1,1,17,17,17,17,17,17,17,17,17,17
131261,0,1,0,0,0,0,0,0,0,0,0,0
131261,0,2,0,0,0,0,0,0,0,0,0,0
131261,1,1,21,21,21,21,21,21,21,21,21,21
131262,0,1,0,0,16,10,28,0,0,0,0,29
131262,1,1,0,0,0,0,0,14,22,0,17,0
131263,1,1,0,0,0,0,0,0,0,0,0,0
131264,1,1,0,0,0,0,0,0,0,0,0,0
131264,2,1,0,0,0,0,0,0,0,0,0,0
131264,3,1,0,0,0,0,0,0,0,0,0,0
131265,1,1,0,0,0,0,0,0,0,0,0,0
131266,1,1,0,0,0,0,0,0,0,0,0,0
131266,2,1,0,0,0,0,0,0,0,0,0,0
131267,1,1,1,1,1,1,1,1,1,1,1,1
131267,2,1,0,0,0,0,0,0,0,0,0,0
131267,3,1,25,0,0,0,0,0,0,0,0,8
131268,1,1,0,0,0,0,0,22,0,0,0,0
131268,2,1,0,0,0,0,0,0,0,0,0,0
131269,1,1,19,19,19,19,19,19,19,19,19,19
131270,1,1,0,0,0,0,0,0,0,0,0,0
131270,2,1,0,0,0,0,0,0,0,0,0,0
131271,0,1,14,0,0,0,0,0,0,10,0,0
131271,1,1,0,0,0,14,0,0,0,0,0,0
131272,1,1,0,0,0,0,0,0,0,0,0,0
131272,2,1,0,0,0,0,0,0,0,0,0,0
131273,1,1,0,0,0,0,0,0,0,0,0,0
131274,0,1,12,12,12,12,12,12,12,12,12,12
131274,1,1,0,0,0,0,0,0,0,0,0,0
131274,2,1,0,0,10,0,0,0,7,0,0,0
131275,1,1,0,0,0,0,0,0,0,0,0,0