ST_CASE,VEH_NO,PER_NO,P1,P2,P3,P4,P5,P6,P7,P8,P9,P10
131275,2,1,0,0,0,0,0,0,0,0,0,0
131275,3,1,0,0,0,0,0,0,0,0,0,0
131276,0,1,0,0,0,0,0,0,0,0,0,0
131276,1,1,0,14,8,0,0,0,0,12,0,0
131277,1,1,5,0,0,0,26,23,0,11,17,22
131278,1,1,0,18,0,21,0,6,16,8,20,11
131278,2,1,0,0,0,0,0,0,0,0,0,0
131279,1,1,8,17,30,19,18,13,17,13,19,28
131280,1,1,0,0,19,0,0,0,0,0,0,0
131281,1,1,0,0,0,0,0,0,0,0,0,0
131281,2,1,0,0,0,0,0,0,0,0,0,0
131282,0,1,4,4,4,4,4,4,4,4,4,4
131282,1,1,20,0,0,0,0,11,0,0,0,36
131283,1,1,16,16,16,16,16,16,16,16,16,16
131283,2,1,0,0,0,0,0,0,0,0,0,0
131284,1,1,0,17,24,8,0,0,17,19,25,10
131285,1,1,0,0,0,0,0,0,0,0,0,0
131285,2,1,0,0,0,0,0,0,0,0,0,0
131285,3,1,0,0,0,0,0,0,0,0,0,0
131285,4,1,0,0,0,0,0,0,0,0,0,0
131285,5,1,0,0,0,0,0,0,0,0,0,0
131285,6,1,0,0,0,0,0,0,0,0,0,0
131286,1,1,0,0,0,0,0,0,0,0,0,0
131286,2,1,0,0,0,0,0,0,0,0,0,0
131287,1,1,0,0,0,0,0,0,0,0,0,0
131287,2,1,0,0,0,0,0,0,0,0,0,0
131288,1,1,11,25,18,17,23,15,28,0,9,0
131289,1,1,13,13,13,13,13,13,13,13,13,13
131289,2,1,0,0,0,0,0,0,0,0,0,0
131290,1,1,0,0,0,0,0,0,22,0,0,0
131291,1,1,25,25,25,25,25,25,25,25,25,25
131292,1,1,24,24,24,24,24,24,24,24,24,24
131292,2,1,0,0,0,0,0,0,0,0,0,0
131293,1,1,0,0,0,0,0,0,0,0,0,0
131293,2,1,0,0,0,0,0,0,0,0,0,0
131294,1,1,0,0,12,32,0,22,0,13,0,0
131295,1,1,0,0,0,0,0,0,0,0,0,0
131295,2,1,0,0,0,0,0,0,0,0,0,0
131295,3,1,0,0,0,0,0,0,0,0,0,0
131296,1,1,0,10,0,21,6,0,12,0,0,19
131297,1,1,0,0,0,0,0,0,0,0,0,0
131298,1,1,0,0,0,0,0,0,0,0,0,0
131298,2,1,8,0,0,0,0,0,0,0,7,0
131299,1,1,0,0,0,0,0,0,0,0,0,0
131299,2,1,0,0,0,0,0,0,0,0,0,0
131299,3,1,0,0,0,0,12,0,0,0,0,0
131299,4,1,0,0,0,0,0,0,0,0,0,0
131300,1,1,22,22,22,22,22,22,22,22,22,22
131301,1,1,9,9,9,9,9,9,9,9,9,9
131301,2,1,0,0,0,0,0,0,0,0,0,0
131302,0,1,0,0,0,0,0,0,0,0,0,0
131302,1,1,5,0,0,0,0,0,0,0,0,18
131302,2,1,14,0,12,12,0,15,0,19,26,0
131303,1,1,15,15,15,15,15,15,15,15,15,15
131304,1,1,22,22,22,22,22,22,22,22,22,22
131305,1,1,18,18,18,18,18,18,18,18,18,18
131306,0,1,18,18,24,11,36,19,23,25,34,26
131306,1,1,1,1,1,1,1,1,1,1,1,1
131307,0,1,18,18,18,18,18,18,18,18,18,18
131307,1,1,9,0,0,0,7,0,0,7,0,5
131308,1,1,0,0,0,0,0,0,0,0,0,0
131309,0,1,0,0,0,0,0,0,0,0,0,0
131309,1,1,0,8,0,0,0,0,0,0,0,0
131310,1,1,0,0,0,0,0,0,0,0,0,0
131311,1,1,0,0,20,32,0,0,0,7,0,0
131312,1,1,0,0,0,0,0,0,0,0,0,0
131312,2,1,0,0,0,0,0,0,0,0,0,0
131312,3,1,0,0,0,0,0,0,0,0,0,0
131314,1,1,0,15,30,0,0,0,27,0,15,24
131315,1,1,0,0,0,39,0,0,0,0,0,0
131316,1,1,0,0,17,21,0,0,0,9,0,0
131316,2,1,35,0,0,0,0,0,0,0,0,0
131316,3,1,0,0,0,0,0,0,23,0,0,17
131317,1,1,0,0,0,0,0,0,0,0,0,0
131317,2,1,0,0,0,0,0,0,0,0,0,0
131317,3,1,0,0,0,0,0,0,0,0,0,0
131317,4,1,0,0,0,0,0,0,0,0,0,0
131318,1,1,0,0,0,0,0,0,0,0,0,0
131318,2,1,0,0,0,0,0,0,0,0,0,0
131318,3,1,0,0,0,0,0,0,0,0,0,11
131319,0,1,36,36,36,36,36,36,36,36,36,36
131319,1,1,0,0,0,0,0,0,0,0,0,0
131320,0,1,0,7,0,0,0,23,0,0,9,0
131320,1,1,0,0,0,0,0,0,0,0,0,0
131321,0,1,0,0,0,0,0,0,0,0,0,0
131321,1,1,0,0,0,0,0,0,0,0,0,0
131322,1,1,0,0,0,0,0,0,0,0,0,0
131322,2,1,0,0,0,0,15,0,0,0,0,0
131322,3,1,0,0,0,0,0,0,0,0,0,0
131323,1,1,0,0,0,0,0,0,0,0,0,0
131323,2,1,0,0,0,0,0,0,0,0,0,0
131324,1,1,0,0,0,0,0,0,18,0,0,0
131325,1,1,11,0,0,0,0,0,0,0,0,0
131325,2,1,0,0,0,0,0,0,0,0,0,0
131326,1,1,18,23,10,14,5,12,0,14,0,13
131326,2,1,0,0,0,0,0,0,0,0,0,0
131327,1,1,0,0,0,0,0,0,14,4,0,23
131327,2,1,0,0,0,0,0,0,0,0,0,0
131328,1,1,6,14,16,15,16,22,0,0,8,19
131328,2,1,25,0,0,0,0,0,0,0,0,0
131328,3,1,0,0,0,0,0,0,0,0,0,0
131329,1,1,0,0,0,0,0,0,0,0,0,0
131330,1,1,0,0,0,0,0,0,0,0,0,0
131331,1,1,6,6,6,6,6,6,6,6,6,6
131332,1,1,0,0,0,0,0,0,0,0,0,0
131332,2,1,0,0,0,0,0,0,0,0,0,0
131333,0,1,8,8,8,8,8,8,8,8,8,8
131333,1,1,0,0,0,0,0,0,0,0,0,0
131334,1,1,0,0,0,0,0,0,0,0,0,0
131334,2,1,0,0,0,0,0,0,0,0,0,0
131335,0,1,0,0,35,0,22,0,29,0,18,0
131335,1,1,0,0,0,0,0,0,0,0,0,0
131336,1,1,0,0,0,10,0,10,0,11,20,15
131337,1,1,0,0,0,0,0,0,0,0,0,0
131337,2,1,0,0,0,0,0,0,0,0,0,0
131338,1,1,0,0,0,0,0,0,0,0,13,0
131338,2,1,0,0,0,10,0,0,0,0,0,12
131339,1,1,0,28,19,0,0,0,0,0,0,0
131339,2,1,0,25,0,0,7,0,0,0,0,0
131339,3,1,0,0,0,0,0,0,0,0,0,5
131339,4,1,0,0,0,0,0,0,0,0,0,0
131340,1,1,0,0,0,0,0,24,0,0,0,0
131341,0,1,25,0,0,0,43,0,7,17,0,0
131341,1,1,0,0,0,0,0,0,0,0,28,0
131342,0,1,31,31,31,31,31,31,31,31,31,31
131342,1,1,0,0,10,0,0,0,0,0,0,0
131343,0,1,35,46,13,0,0,30,0,0,0,0
131343,1,1,0,0,0,0,0,0,0,0,0,0
131344,0,1,0,0,0,0,0,0,0,0,0,0
131344,1,1,0,0,0,0,0,0,0,0,0,0
131345,1,1,0,0,0,0,0,0,0,0,0,0
131345,2,1,0,0,0,0,0,0,0,0,0,0
131346,0,1,0,0,0,0,0,9,24,0,0,16
131346,1,1,20,0,0,0,0,0,0,0,0,16
131347,1,1,0,0,0,0,0,0,0,0,0,0
131348,1,1,15,9,0,0,21,0,0,0,17,0
131348,2,1,0,0,0,0,0,0,0,0,0,0
131349,1,1,28,4,17,18,0,15,0,17,0,0
131350,1,1,0,0,0,0,0,0,14,0,0,0
131350,2,1,0,0,0,0,0,0,0,0,0,0
131351,1,1,0,0,0,0,0,0,0,0,0,0
131352,1,1,0,0,0,0,0,0,0,0,0,0
131352,2,1,0,0,0,0,0,0,0,0,0,0
131353,0,1,0,0,0,0,0,0,36,0,0,0
131353,1,1,0,0,0,0,0,15,0,0,0,0
131354,0,1,0,0,0,0,0,0,0,0,0,0
131354,1,1,0,0,0,0,0,0,0,0,0,19
131355,1,1,0,0,0,0,0,0,0,0,0,0
131355,2,1,0,0,0,0,0,0,0,0,0,0
131356,1,1,0,0,0,0,0,0,0,0,0,0
131356,2,1,0,0,11,0,0,0,0,0,0,0
131356,3,1,0,0,0,0,0,0,0,0,0,0
131357,1,1,0,0,0,0,0,0,0,0,0,0
131358,0,1,20,20,20,20,20,20,20,20,20,20
131358,1,1,0,0,0,0,0,0,0,0,0,0
131359,1,1,0,0,0,0,0,0,0,0,0,0
131359,2,1,0,0,0,0,0,0,0,0,0,0
131359,3,1,0,0,0,0,0,0,0,0,17,0
131360,0,1,0,12,9,2,0,0,0,0,28,0
131360,1,1,12,0,17,0,0,0,0,0,0,0
131361,0,1,0,0,0,0,0,0,0,0,0,0
131361,1,1,0,0,0,0,0,0,0,0,0,0
131362,1,1,0,0,0,0,0,0,0,0,0,0
131363,1,1,11,0,0,19,0,0,0,0,0,0
131363,2,1,0,0,0,0,0,0,0,0,0,0
131364,1,1,0,0,0,0,0,0,0,0,0,0
131364,2,1,0,0,0,0,0,0,0,0,0,0
131364,3,1,0,0,0,0,0,0,0,0,0,0
131365,1,1,0,0,0,0,0,0,0,0,0,0
131365,2,1,0,0,0,0,0,0,0,0,0,0
131366,0,1,13,0,12,0,0,0,0,0,0,13
131366,1,1,23,0,0,0,9,17,0,0,0,3
131367,0,1,2,2,2,2,2,2,2,2,2,2
131367,1,1,0,0,0,0,0,0,0,0,0,0
131368,1,1,22,21,0,6,19,0,14,6,0,0
131369,1,1,0,10,0,0,0,0,0,0,14,0
131369,2,1,0,0,0,0,0,0,0,0,0,0
131370,1,1,17,17,17,17,17,17,17,17,17,17
131370,2,1,0,0,0,0,0,0,0,0,0,0
131370,3,1,0,0,0,0,0,0,0,0,0,0
131371,0,1,0,0,0,0,0,0,0,0,0,0
131371,1,1,0,0,0,0,0,0,0,0,0,0
131372,1,1,25,25,25,25,25,25,25,25,25,25
131372,2,1,0,0,0,0,0,19,21,0,0,0
131373,1,1,0,0,0,0,0,0,0,0,0,0
131373,2,1,0,0,42,0,0,0,0,0,0,0
131374,0,1,5,0,0,0,9,6,22,0,0,0
131374,1,1,3,3,3,3,3,3,3,3,3,3
131375,1,1,0,0,0,0,0,0,0,0,0,0
131376,1,1,24,24,24,24,24,24,24,24,24,24
131377,1,1,0,0,0,0,0,0,0,0,0,0
131377,2,1,0,0,0,0,0,0,0,0,0,0
131377,3,1,0,0,0,0,0,0,0,0,0,0
131378,1,1,0,0,0,0,0,0,0,0,0,0
131379,1,1,15,15,15,15,15,15,15,15,15,15
131379,2,1,0,0,0,0,0,0,0,0,0,0
131380,1,1,0,0,0,0,0,0,24,0,0,0
131381,1,1,33,0,17,9,17,18,0,10,0,0
131382,1,1,0,0,0,0,0,0,0,0,0,0
131382,2,1,0,0,0,0,0,0,0,0,0,0
131383,1,1,13,13,13,13,13,13,13,13,13,13
131384,1,1,0,0,0,0,0,0,0,0,0,0
131385,1,1,0,0,0,0,0,0,0,0,0,0
131386,1,1,0,0,0,0,0,0,0,0,0,0
131387,1,1,0,0,0,0,0,0,0,0,0,0
131387,2,1,0,0,0,0,0,0,0,0,0,0
131388,1,1,15,15,15,15,15,15,15,15,15,15
131389,0,1,0,0,0,9,0,22,0,0,14,20
131389,1,1,0,0,0,0,0,0,0,20,0,0
131390,1,1,0,32,0,0,3,0,0,0,0,10
131391,1,1,20,20,20,20,20,20,20,20,20,20
131391,2,1,0,0,0,0,9,0,0,0,0,0
131392,1,1,0,0,0,0,0,0,0,0,0,0
131392,2,1,0,0,0,0,0,0,0,0,0,0
131393,1,1,0,14,0,37,0,0,30,56,0,0
131394,1,1,0,15,5,0,0,24,0,0,0,0
131394,2,1,0,0,0,0,5,14,0,0,0,0
131395,1,1,0,0,0,0,11,0,0,0,25,0
131396,1,1,0,14,0,0,0,0,0,0,0,0
131397,0,1,0,0,0,0,0,0,0,0,0,0
131397,1,1,0,0,9,0,0,0,0,0,0,0
131398,1,1,22,22,22,22,22,22,22,22,22,22
131399,1,1,0,0,0,0,0,13,0,0,12,0
131399,2,1,0,0,0,0,0,0,0,0,0,0
131400,1,1,0,0,0,0,0,0,0,0,0,0
131401,1,1,0,0,0,0,0,0,0,0,0,0
131401,2,1,0,0,0,0,0,0,0,0,0,0
131402,1,1,0,0,0,0,0,0,0,0,0,0
131402,2,1,0,0,0,0,0,0,0,0,0,0
131402,3,1,0,0,0,0,0,0,0,0,0,9
131403,1,1,18,18,18,18,18,18,18,18,18,18
131403,2,1,0,0,0,0,0,0,0,0,0,0
131404,1,1,0,0,0,0,0,0,0,0,0,0
131405,0,1,0,0,32,0,0,0,9,0,0,0
131405,1,1,0,0,0,0,0,0,0,0,0,0
131406,1,1,0,0,0,0,0,0,0,0,0,8
131406,2,1,0,0,0,0,0,0,0,0,0,0
131407,1,1,0,0,0,0,0,0,0,0,0,0
131408,1,1,4,4,4,4,4,4,4,4,4,4
131409,0,1,0,25,0,0,0,0,0,21,0,0
131409,1,1,0,0,0,0,0,0,0,0,0,0
131410,1,1,0,0,0,0,0,0,0,0,0,0
131410,2,1,0,0,0,0,0,0,0,0,0,0
131410,3,1,0,0,0,0,0,0,0,0,0,0
131411,1,1,0,0,0,0,19,0,0,0,0,0
131412,1,1,0,0,20,0,0,0,0,0,0,0
131413,0,1,2,2,2,2,2,2,2,2,2,2
131413,1,1,0,0,0,0,0,0,0,0,0,0
131414,1,1,0,0,0,0,20,0,0,0,0,0
131414,2,1,0,18,13,0,0,9,16,0,0,0
131415,1,1,9,9,9,9,9,9,9,9,9,9
131416,0,1,39,0,13,0,0,0,32,0,0,20
131416,1,1,5,0,0,0,0,0,0,0,0,0
131417,1,1,0,0,14,22,10,0,0,20,5,0
131417,2,1,0,0,0,0,0,0,0,0,0,0
131418,1,1,0,0,0,0,0,0,0,0,0,0
131418,2,1,0,6,0,0,0,14,0,19,0,0
131419,1,1,0,0,0,0,0,0,0,0,0,0
131420,1,1,0,0,0,0,0,0,0,0,0,0
131421,1,1,23,23,23,23,23,23,23,23,23,23
131422,1,1,0,0,0,0,10,0,10,0,0,8
131423,1,1,11,10,0,40,8,23,20,4,15,19
131424,0,1,22,22,22,22,22,22,22,22,22,22
131424,1,1,0,0,0,0,0,0,0,0,0,0
131425,1,1,0,0,0,0,0,0,0,0,0,0
131425,2,1,0,0,0,0,0,0,0,0,0,0
131426,1,1,0,0,0,0,0,0,0,0,0,0
131427,0,1,0,0,0,0,0,13,0,0,0,0
131427,1,1,0,0,0,0,0,0,0,0,0,0
131427,2,1,0,0,0,0,16,0,0,0,0,0
150001,1,1,0,0,0,0,0,0,0,0,0,0
150002,0,1,0,0,0,0,0,0,0,0,0,0
150002,1,1,0,0,0,0,0,18,12,0,0,8
150003,0,1,0,0,0,0,0,0,0,0,0,0
150003,1,1,24,18,0,0,20,0,0,0,0,0
150004,1,1,19,19,19,19,19,19,19,19,19,19
150005,0,1,6,6,6,6,6,6,6,6,6,6
150005,1,1,9,9,9,9,9,9,9,9,9,9
150006,0,1,21,21,21,21,21,21,21,21,21,21
150006,1,1,10,0,5,15,32,19,6,16,0,0
150007,0,1,0,0,31,0,10,31,19,0,26,22
150007,1,1,0,17,19,0,0,0,17,0,0,0
150008,0,1,23,23,23,23,23,23,23,23,23,23
150008,1,1,0,0,0,0,0,0,0,0,0,0
150009,0,1,0,0,0,0,0,10,0,0,0,0
150009,1,1,0,10,6,0,0,3,3,12,0,15
150010,0,1,3,3,3,3,3,3,3,3,3,3
150010,0,2,17,17,17,17,17,17,17,17,17,17
150010,1,1,0,0,0,0,0,0,0,0,0,0
150011,0,1,0,0,0,0,0,0,0,0,0,0
150011,0,2,0,0,0,0,0,0,0,0,0,0
150011,1,1,7,0,0,0,0,0,0,0,25,0
150012,0,1,0,0,0,0,0,0,0,0,0,0
150012,1,1,0,0,0,0,0,0,0,0,0,0
150013,0,1,0,0,0,0,0,0,0,0,0,0
150013,1,1,5,5,0,0,0,0,0,0,7,0
150014,1,1,15,15,15,15,15,15,15,15,15,15
150014,2,1,0,0,0,7,28,0,0,0,15,14
150015,1,1,2,2,2,2,2,2,2,2,2,2
150015,2,1,0,22,0,35,0,18,16,0,9,0
150016,0,1,10,10,10,10,10,10,10,10,10,10
150017,0,1,0,0,0,0,0,0,0,0,0,0
150017,1,1,0,0,0,0,0,0,0,0,0,0
150018,0,1,0,0,0,0,0,0,0,0,0,0
150018,1,1,0,9,17,0,7,5,17,0,13,24
150019,1,1,0,0,0,0,0,0,0,0,0,0
150020,1,1,19,19,19,19,19,19,19,19,19,19
150021,1,1,0,0,0,0,0,0,0,0,0,0
150022,1,1,15,15,15,15,15,15,15,15,15,15
150022,2,1,0,0,0,0,0,0,0,0,0,0
150022,3,1,0,0,0,0,0,0,0,0,0,0
150023,1,1,0,0,0,0,0,0,0,0,0,0
150023,2,1,0,0,0,0,0,0,0,0,0,0
150024,0,1,0,0,0,0,0,0,0,0,0,0
150024,1,1,0,0,0,0,0,0,0,0,0,23
150025,1,1,0,0,0,14,0,0,0,0,0,0
150025,2,1,0,0,0,0,0,0,0,16,0,0
150026,1,1,0,0,0,0,0,0,0,0,0,0
150026,2,1,0,0,0,34,0,0,0,0,12,0
150027,1,1,0,10,0,0,0,0,0,18,0,16
150027,2,1,0,0,0,0,0,0,0,0,0,0
150027,3,1,0,0,0,23,16,0,0,0,5,0
150028,1,1,0,0,0,0,0,0,0,0,0,0
150029,1,1,9,19,15,10,9,7,9,3,9,20
150030,1,1,0,0,0,0,0,0,0,0,0,0
150031,1,1,0,0,0,9,0,0,0,15,15,0
150032,1,1,18,18,18,18,18,18,18,18,18,18
150033,1,1,15,15,15,15,15,15,15,15,15,15
150034,1,1,0,0,0,0,0,0,0,0,0,0
150034,2,1,0,0,0,0,0,15,0,0,0,4
150035,1,1,0,0,0,0,0,30,0,0,0,0
150035,2,1,0,0,0,0,0,0,0,0,0,0
150036,1,1,15,15,15,15,15,15,15,15,15,15
150036,2,1,7,0,0,0,0,12,0,0,0,15
150037,1,1,0,0,0,0,0,0,0,0,0,0
150038,1,1,0,0,25,7,10,0,16,5,0,0
150038,2,1,0,0,11,0,0,0,8,12,29,9
150039,1,1,0,0,0,0,0,0,0,0,0,0
150040,0,1,20,20,20,20,20,20,20,20,20,20
150040,1,1,0,0,0,0,0,10,19,0,0,0
150041,1,1,20,20,20,20,20,20,20,20,20,20
150042,0,1,0,0,0,0,0,0,0,0,0,0
150042,0,2,0,41,0,52,31,0,17,0,20,33
150042,0,3,0,0,0,18,0,9,30,30,0,19
150042,1,1,0,0,0,0,0,0,0,0,0,0
150043,0,1,0,0,0,0,0,0,0,0,0,0
150043,1,1,0,0,0,0,0,0,0,0,0,0
150044,1,1,6,30,16,9,19,0,0,9,0,8
150044,2,1,0,0,0,0,0,0,0,0,0,0
150045,1,1,0,0,0,20,24,7,0,0,9,22
150046,1,1,0,0,0,0,0,0,0,0,0,0
150047,0,1,0,0,0,0,0,21,0,0,0,0
150047,1,1,0,0,0,0,0,0,0,0,0,0
150047,2,1,0,0,0,0,0,0,8,13,0,0
150048,1,1,7,7,7,7,7,7,7,7,7,7
150048,2,1,21,0,0,0,16,0,0,0,0,0
150049,0,1,0,0,0,0,0,0,0,0,0,0
150049,0,2,0,0,0,0,0,0,0,0,0,0
150049,0,3,0,0,0,0,0,0,0,0,0,0
150049,1,1,0,0,0,0,0,0,0,0,0,0
150049,2,1,0,0,0,0,0,0,7,0,0,0
150049,3,1,0,0,0,0,7,22,0,0,0,0
150050,1,1,0,0,14,0,0,32,5,9,13,0
150050,2,1,0,0,22,0,0,0,0,17,0,0
150050,3,1,0,0,0,0,0,0,0,23,0,0
150051,0,1,0,0,0,9,0,0,0,0,24,7
150051,1,1,0,0,4,0,0,25,0,13,27,0
150052,1,1,24,0,21,0,0,22,8,11,25,5
150052,2,1,27,27,27,27,27,27,27,27,27,27
150053,1,1,0,0,0,0,0,0,0,0,0,0
150053,2,1,0,0,19,0,3,0,0,0,0,0
150053,3,1,0,0,0,0,0,0,0,0,23,14
150054,1,1,3,3,3,3,3,3,3,3,3,3
150055,1,1,0,5,0,0,0,9,27,12,0,14
150056,1,1,16,16,16,16,16,16,16,16,16,16
150056,2,1,16,16,16,16,16,16,16,16,16,16
150057,1,1,0,0,0,0,0,0,0,0,0,0
150057,2,1,7,0,0,21,13,0,0,0,0,0
150058,1,1,16,16,16,16,16,16,16,16,16,16
150059,1,1,1,1,1,1,1,1,1,1,1,1
150059,2,1,0,0,0,0,0,0,0,0,0,0
150059,3,1,0,0,0,0,0,0,0,0,0,0
150059,4,1,0,0,0,0,14,0,0,0,0,0
150060,1,1,0,0,0,0,7,13,0,17,0,16
150060,2,1,0,0,0,0,0,0,0,0,0,0
150061,0,1,0,0,0,0,0,0,0,0,0,0
150061,1,1,26,0,0,21,0,0,25,0,0,23
150062,0,1,20,20,20,20,20,20,20,20,20,20
150062,1,1,0,0,16,0,0,0,0,0,0,0
150064,1,1,0,0,0,0,0,0,0,0,0,0
150065,1,1,0,0,0,0,0,0,0,0,0,0
150066,1,1,15,15,15,15,15,15,15,15,15,15
150067,1,1,18,18,18,18,18,18,18,18,18,18
150068,1,1,0,0,0,0,0,0,0,0,0,0
150070,1,1,0,0,0,0,0,0,0,0,0,0
150071,0,1,0,0,0,0,0,0,0,0,0,0
150071,1,1,0,0,0,0,0,0,0,0,0,0
150072,1,1,0,0,0,0,0,0,0,0,0,0
150073,0,1,0,0,0,0,0,0,0,0,0,0
150073,1,1,0,0,22,21,0,0,0,0,0,11
150074,1,1,0,0,0,0,0,0,0,0,0,0
150075,1,1,0,0,0,0,0,0,0,0,0,0
150075,2,1,9,0,0,0,0,22,5,0,0,0
150076,1,1,0,0,0,0,0,0,0,0,0,0
150076,2,1,31,0,0,15,0,27,0,0,0,0
150077,1,1,0,0,0,0,0,0,0,0,0,0
150077,2,1,0,0,37,0,19,0,0,0,10,6
150078,0,1,0,0,0,0,0,0,0,0,0,0
150078,1,1,0,0,0,0,0,0,0,0,0,0
150079,0,1,24,24,24,24,24,24,24,24,24,24
150079,1,1,0,0,0,0,7,0,0,0,0,0
150080,0,1,0,0,0,0,0,0,0,0,0,0
150080,1,1,0,0,0,16,12,0,0,0,0,0
150081,1,1,0,0,0,0,0,0,0,0,0,0
150081,2,1,1,1,1,1,1,1,1,1,1,1
150082,1,1,15,15,15,15,15,15,15,15,15,15
150083,0,1,0,27,0,0,0,27,0,30,0,0
150083,1,1,0,0,0,21,12,11,10,13,24,23
150084,0,1,0,0,0,0,0,0,0,0,0,0
150084,1,1,16,23,9,27,6,10,16,11,31,12
150085,1,1,25,25,25,25,25,25,25,25,25,25
150085,2,1,11,11,11,11,11,11,11,11,11,11
150086,0,1,0,0,0,6,11,0,0,0,0,0
150086,1,1,6,0,0,8,0,18,0,0,0,0
150086,2,1,0,0,0,0,0,0,0,0,0,0
150086,3,1,0,0,0,0,0,0,0,0,0,0
150087,0,1,0,0,0,0,0,0,0,0,0,0
150087,1,1,0,0,12,0,0,0,0,0,0,0
150088,0,1,0,0,0,0,0,0,0,0,0,0
150088,1,1,0,0,0,0,0,0,0,0,0,0
150089,1,1,0,0,0,0,0,0,0,0,0,0
150089,2,1,0,0,0,0,0,0,0,0,3,0
150089,3,1,0,0,0,0,0,0,0,0,0,0
150090,1,1,0,0,0,0,0,0,0,0,0,0
150091,0,1,0,0,0,0,0,0,7,0,0,0
150091,1,1,0,0,0,0,0,0,0,0,0,0
150092,0,1,0,0,0,0,0,0,0,0,0,0
150092,1,1,16,32,0,0,0,0,0,18,21,0
150093,1,1,13,13,19,11,33,0,0,23,0,0
150093,2,1,0,0,0,0,0,0,0,0,0,17
150094,1,1,0,0,0,0,0,0,0,0,0,0
150095,0,1,2,2,2,2,2,2,2,2,2,2
150095,1,1,18,18,18,18,18,18,18,18,18,18
150096,0,1,0,0,0,0,0,0,0,0,0,0
150096,1,1,0,0,0,0,0,0,0,0,0,0
150097,1,1,0,0,0,0,14,0,0,12,17,0
150097,2,1,0,0,0,0,0,0,21,0,0,0
150098,1,1,5,18,0,11,0,0,0,9,0,12
150098,2,1,2,2,2,2,2,2,2,2,2,2
150099,1,1,0,0,0,0,0,0,0,0,0,0
150100,0,1,20,20,20,20,20,20,20,20,20,20
150100,1,1,0,0,0,0,0,0,0,0,0,0
150101,0,1,33,0,0,10,0,0,0,32,0,15
150101,1,1,0,0,0,0,0,0,0,0,0,0
150102,1,1,0,0,0,0,0,0,0,0,0,0
150102,2,1,0,0,0,0,0,0,0,0,0,0
150103,1,1,5,5,5,5,5,5,5,5,5,5
150103,2,1,0,0,0,20,0,0,0,0,0,0
150104,1,1,0,0,0,0,17,0,0,0,32,0
150104,2,1,0,0,0,0,0,0,0,0,0,0
150105,0,1,0,0,0,0,4,0,0,0,0,0
150105,1,1,0,16,0,0,17,0,0,0,0,14
150106,0,1,9,9,9,9,9,9,9,9,9,9
150106,1,1,20,0,18,0,0,4,0,0,15,19
150107,0,1,0,0,0,0,0,0,0,0,0,0
150107,1,1,0,0,0,0,0,0,0,0,0,0
150108,0,1,18,0,22,0,0,0,0,0,0,0
150108,1,1,0,0,0,0,0,0,0,0,0,0
150109,1,1,16,16,16,16,16,16,16,16,16,16
150109,2,1,25,0,0,9,0,0,0,0,0,0
150110,1,1,1,1,1,1,1,1,1,1,1,1
150110,2,1,11,0,13,7,0,21,0,0,8,0
150111,1,1,19,7,9,0,0,18,0,0,0,0
150111,2,1,0,0,0,0,0,0,0,0,0,0
150112,0,1,19,20,7,9,0,41,42,34,3,19
150112,1,1,10,0,0,28,0,0,0,0,0,14
160001,1,1,0,0,0,0,0,0,0,0,0,0
160002,0,1,34,34,34,34,34,34,34,34,34,34
160002,1,1,0,0,0,0,0,0,0,0,0,0
160003,1,1,0,0,0,0,0,0,25,0,0,0
160004,0,1,0,0,0,0,0,0,0,0,0,0
160004,1,1,0,0,0,0,0,0,0,0,0,0
160005,1,1,25,25,25,25,25,25,25,25,25,25
160006,1,1,0,0,0,0,0,0,0,0,0,0
160006,2,1,0,0,0,0,0,0,0,0,0,0
160007,1,1,0,0,0,17,0,0,0,0,0,0
160007,2,1,0,0,0,0,0,0,0,0,0,0
160008,1,1,0,0,0,0,0,0,0,0,0,0
160009,0,1,0,0,0,0,0,0,0,0,0,0
160009,2,1,2,2,2,2,2,2,2,2,2,2
160010,1,1,0,0,0,0,0,0,0,0,0,0
160010,2,1,0,0,0,0,0,0,0,0,0,0
160011,1,1,0,0,0,0,0,0,0,0,0,0
160012,1,1,0,0,0,0,0,0,0,0,0,0
160012,2,1,0,0,0,0,0,0,0,0,0,0
160012,3,1,0,0,0,0,0,0,0,0,0,0
160013,1,1,8,8,8,8,8,8,8,8,8,8
160014,1,1,0,0,0,0,0,0,0,0,0,0
160015,1,1,0,0,0,0,0,0,0,0,0,0
160015,2,1,0,0,0,0,0,0,0,0,0,0
160016,1,1,25,25,25,25,25,25,25,25,25,25
160017,1,1,0,0,0,0,0,0,0,0,0,0
160017,2,1,0,0,0,0,0,0,0,0,0,0
160018,1,1,0,0,0,0,0,0,0,0,0,0
160018,2,1,0,0,0,0,0,0,0,0,0,0
160019,1,1,0,0,0,0,0,0,0,0,0,0
160020,1,1,0,0,0,0,0,0,0,0,0,0
160021,1,1,13,13,13,13,13,13,13,13,13,13
160022,1,1,0,0,0,0,0,0,0,0,0,0
160022,2,1,0,0,0,0,0,0,0,0,0,0
160023,1,1,0,0,0,0,0,0,0,0,0,0
160024,1,1,0,0,0,0,0,0,0,0,0,0