ST_CASE,VEH_NO,PER_NO,P1,P2,P3,P4,P5,P6,P7,P8,P9,P10
160024,2,1,0,0,0,0,0,0,0,0,0,0
160025,1,1,0,0,0,0,0,0,0,0,0,0
160026,1,1,0,0,0,0,0,0,0,0,0,0
160026,2,1,0,0,0,0,0,0,0,0,0,0
160027,1,1,0,0,0,0,0,0,0,0,0,0
160028,1,1,0,0,0,0,0,0,0,0,0,0
160029,1,1,0,0,0,0,0,0,42,0,0,0
160031,1,1,0,0,0,0,0,0,0,0,0,0
160031,2,1,0,0,0,0,0,0,0,0,0,0
160032,1,1,21,21,21,21,21,21,21,21,21,21
160033,1,1,21,21,21,21,21,21,21,21,21,21
160035,1,1,0,0,0,0,0,0,0,0,0,0
160035,2,1,0,0,0,0,0,0,0,0,0,0
160036,1,1,0,0,0,0,0,0,14,0,19,0
160037,1,1,30,30,30,30,30,30,30,30,30,30
160038,1,1,0,4,16,0,0,0,0,0,0,23
160039,1,1,0,0,0,0,0,0,3,0,0,0
160039,2,1,0,0,0,0,0,0,0,0,0,0
160040,1,1,0,0,0,0,0,0,0,0,0,0
160040,2,1,0,0,0,12,0,0,0,0,0,0
160041,1,1,25,25,25,25,25,25,25,25,25,25
160042,1,1,16,16,16,16,16,16,16,16,16,16
160042,2,1,0,0,0,0,0,0,0,0,0,0
160043,1,1,0,0,0,0,0,0,0,0,0,0
160044,1,1,17,17,17,17,17,17,17,17,17,17
160045,1,1,0,0,0,0,0,0,0,0,0,0
160045,2,1,0,0,0,0,0,0,0,0,0,0
160046,1,1,0,10,0,0,0,0,22,0,0,0
160047,1,1,0,0,0,0,0,0,0,0,0,0
160048,1,1,0,0,0,0,0,0,0,0,0,0
160049,0,1,0,24,13,27,10,15,0,0,0,0
160049,1,1,0,0,27,0,21,28,4,0,38,0
160050,1,1,0,0,0,0,0,0,0,0,0,0
160050,2,1,0,0,0,0,0,0,0,0,0,0
160051,1,1,0,0,0,0,0,0,0,0,0,0
160052,1,1,0,0,0,0,0,0,0,0,0,0
160052,2,1,0,0,0,0,0,0,0,0,0,0
160053,1,1,17,17,17,17,17,17,17,17,17,17
160054,1,1,0,0,0,0,0,0,0,0,0,0
160055,1,1,27,27,27,27,27,27,27,27,27,27
160056,1,1,0,0,0,0,0,0,0,0,0,0
160056,2,1,0,0,0,0,0,0,0,0,0,0
160056,3,1,0,0,0,0,0,0,0,0,0,0
160057,1,1,0,0,0,0,0,0,0,0,0,0
160057,2,1,0,0,0,0,0,0,0,0,0,0
160058,1,1,0,0,0,0,0,0,0,0,0,0
160058,2,1,0,0,0,0,0,0,0,0,0,0
160058,3,1,0,0,0,0,0,0,0,0,0,0
160059,1,1,0,0,0,0,0,0,0,0,0,0
160059,2,1,22,22,22,22,22,22,22,22,22,22
160060,1,1,0,0,0,0,0,0,0,0,0,0
160061,0,1,10,10,10,10,10,10,10,10,10,10
160061,1,1,0,0,0,0,0,0,0,0,0,0
160062,1,1,11,11,11,11,11,11,11,11,11,11
160062,2,1,0,0,8,3,0,0,11,16,0,0
160063,1,1,8,24,31,23,4,19,27,18,0,5
160064,1,1,2,11,33,40,23,23,13,7,0,13
160065,1,1,0,0,0,0,0,0,0,0,0,0
160065,2,1,0,0,0,0,0,0,0,0,0,0
160066,1,1,38,38,38,38,38,38,38,38,38,38
160067,1,1,0,0,0,0,0,0,0,0,0,0
160067,2,1,0,0,0,0,0,0,0,0,0,0
160068,1,1,0,0,0,0,0,0,0,0,0,0
160068,2,1,0,0,0,0,0,0,0,0,0,0
160069,1,1,0,0,0,0,0,0,0,0,0,0
160069,2,1,0,0,0,0,0,0,0,14,0,0
160070,1,1,0,0,0,0,0,0,0,0,0,0
160071,1,1,0,0,0,0,0,0,0,0,0,0
160072,1,1,0,0,0,0,0,0,0,0,0,0
160073,1,1,7,7,7,7,7,7,7,7,7,7
160073,2,1,0,0,0,0,0,0,0,0,0,0
160073,3,1,0,0,0,0,0,0,0,0,0,0
160073,4,1,0,0,0,0,0,0,0,0,0,0
160073,5,1,0,0,0,0,0,0,0,0,0,0
160073,6,1,0,0,25,0,0,0,0,0,0,0
160074,1,1,0,0,0,0,0,0,0,0,0,0
160075,1,1,15,15,15,15,15,15,15,15,15,15
160076,1,1,0,0,0,0,0,0,0,0,0,0
160076,2,1,0,0,0,0,0,0,0,0,0,0
160077,1,1,0,0,0,0,0,0,0,0,0,0
160078,1,1,0,0,0,0,0,0,0,0,0,0
160078,2,1,0,0,0,0,0,0,0,0,0,0
160079,1,1,0,0,13,0,8,0,0,0,0,0
160080,1,1,0,0,0,0,0,0,0,0,0,0
160080,2,1,0,0,0,24,0,0,0,0,0,0
160081,1,1,0,0,0,0,0,0,0,0,0,0
160082,1,1,0,0,0,0,0,0,0,0,0,0
160082,2,1,6,6,6,6,6,6,6,6,6,6
160083,1,1,17,17,17,17,17,17,17,17,17,17
160084,1,1,0,0,0,0,0,0,0,0,0,0
160084,2,1,0,0,0,0,0,0,0,0,0,0
160085,1,1,5,5,5,5,5,5,5,5,5,5
160086,1,1,18,18,18,18,18,18,18,18,18,18
160087,1,1,0,0,0,0,0,17,0,0,0,0
160087,2,1,0,13,0,0,0,0,0,0,0,0
160088,1,1,0,0,0,0,0,0,0,0,0,0
160088,2,1,0,0,0,0,0,0,0,0,0,0
160089,1,1,0,0,0,0,0,0,0,0,0,0
160090,0,1,0,0,0,0,0,0,0,0,0,0
160090,1,1,0,0,0,0,0,0,0,0,0,0
160091,1,1,0,0,0,0,0,0,0,0,0,0
160092,1,1,0,0,0,0,0,0,0,0,0,0
160092,2,1,0,0,0,0,0,0,0,0,0,0
160092,3,1,0,0,0,0,0,0,0,0,0,0
160092,4,1,0,0,0,0,18,0,0,0,0,0
160092,5,1,0,0,0,0,0,0,0,0,0,0
160092,6,1,5,0,0,0,0,0,0,0,0,0
160092,7,1,0,0,0,0,0,0,0,0,26,14
160093,1,1,0,0,0,0,0,0,0,0,0,0
160093,2,1,11,11,11,11,11,11,11,11,11,11
160095,1,1,11,0,0,34,0,0,0,0,0,0
160096,1,1,15,15,15,15,15,15,15,15,15,15
160097,1,1,0,0,0,0,0,0,0,0,0,0
160097,2,1,0,0,2,0,0,0,0,34,0,0
160098,0,1,16,16,16,16,16,16,16,16,16,16
160098,1,1,0,0,0,21,0,0,0,0,0,0
160099,1,1,0,0,0,0,0,0,0,0,0,0
160100,1,1,0,0,0,0,0,0,0,0,0,0
160100,2,1,0,0,0,0,0,0,0,0,0,18
160101,1,1,0,0,0,0,0,0,0,0,0,0
160102,1,1,0,0,0,0,0,0,0,0,0,0
160103,1,1,19,0,0,0,0,0,0,0,0,0
160103,2,1,0,0,0,0,0,0,0,0,0,0
160103,3,1,0,0,0,0,0,0,0,0,0,0
160104,1,1,0,0,0,0,0,0,0,0,0,0
160104,2,1,0,0,0,0,0,0,0,0,0,0
160104,3,1,0,0,0,0,0,0,0,0,3,0
160105,0,1,0,0,0,0,0,0,0,0,0,0
160105,0,2,32,21,16,0,11,23,26,16,12,9
160105,1,1,0,0,0,0,0,0,0,0,0,0
160106,1,1,0,0,0,0,0,0,0,0,0,0
160107,1,1,0,0,0,0,0,0,0,0,0,0
160108,1,1,0,0,0,0,0,0,0,0,0,0
160109,1,1,0,0,0,0,0,0,0,0,0,0
160109,2,1,0,7,0,17,0,0,17,0,0,0
160110,1,1,0,0,0,0,0,0,0,0,0,0
160110,2,1,0,0,0,0,0,0,0,0,0,0
160111,1,1,43,43,43,43,43,43,43,43,43,43
160112,1,1,0,0,3,0,0,0,0,0,0,0
160113,1,1,18,18,18,18,18,18,18,18,18,18
160113,2,1,0,0,0,0,19,0,10,0,29,0
160114,1,1,0,0,0,0,0,0,0,0,0,0
160114,2,1,0,0,0,0,0,0,0,0,0,0
160115,1,1,0,3,0,0,0,0,0,0,0,20
160115,2,1,0,0,0,0,0,0,15,0,0,0
160116,1,1,20,20,20,20,20,20,20,20,20,20
160117,0,1,0,0,0,0,0,0,0,0,0,0
160117,1,1,0,0,0,0,0,0,0,0,0,0
160118,1,1,19,19,19,19,19,19,19,19,19,19
160118,2,1,0,0,0,0,0,0,0,0,0,0
160119,1,1,3,3,3,3,3,3,3,3,3,3
160120,1,1,7,0,0,0,0,0,0,21,0,0
160121,1,1,0,0,0,0,0,0,0,0,0,0
160122,1,1,0,0,0,0,0,0,0,0,0,0
160122,2,1,0,0,0,0,0,0,0,0,0,0
160122,3,1,0,0,0,0,0,0,0,0,20,0
160123,1,1,0,0,0,0,0,0,0,0,0,0
160124,1,1,15,15,15,15,15,15,15,15,15,15
160125,1,1,0,0,0,0,0,0,0,0,0,0
160126,1,1,0,0,0,0,0,0,0,0,0,0
160127,1,1,0,0,0,0,0,0,0,0,0,0
160127,2,1,0,0,0,0,0,0,0,0,0,0
160128,1,1,0,0,0,0,0,0,0,0,0,0
160128,2,1,0,0,0,0,0,0,0,0,0,0
160129,1,1,0,0,0,0,0,0,0,0,0,0
160130,1,1,0,0,0,0,0,0,0,0,0,0
160130,2,1,0,0,0,0,0,0,0,0,0,0
160132,1,1,0,0,0,0,0,0,0,0,0,0
160133,1,1,23,23,23,23,23,23,23,23,23,23
160134,1,1,0,0,0,0,0,0,0,0,0,0
160134,2,1,0,0,0,0,0,0,0,0,0,0
160135,1,1,0,0,0,0,0,0,0,0,0,0
160136,1,1,0,0,0,0,0,0,0,0,0,0
160136,2,1,0,0,0,0,0,0,0,0,0,0
160137,1,1,0,0,0,0,0,0,0,0,0,0
160137,2,1,0,0,0,0,0,0,0,0,0,0
160138,1,1,0,0,0,0,0,0,0,0,0,0
160139,1,1,24,24,24,24,24,24,24,24,24,24
160140,1,1,0,0,0,0,0,0,0,0,0,0
160140,2,1,0,0,0,0,0,0,0,0,0,0
160141,1,1,0,0,0,0,0,0,0,0,0,0
160141,2,1,0,0,0,0,0,0,0,0,0,0
160142,1,1,0,0,0,0,0,0,0,0,0,0
160142,2,1,0,0,0,0,0,0,0,0,0,0
160143,1,1,0,0,0,0,0,0,0,0,0,0
160143,2,1,0,0,0,0,0,0,0,0,0,0
160144,1,1,0,0,0,0,0,0,0,0,0,0
160144,2,1,0,0,0,0,0,0,0,0,0,0
160145,1,1,0,0,0,0,0,0,0,0,0,0
160146,1,1,21,21,21,21,21,21,21,21,21,21
160147,1,1,18,18,18,18,18,18,18,18,18,18
160148,1,1,0,0,0,0,0,0,0,0,0,0
160148,2,1,0,0,0,0,0,0,0,0,0,0
160149,1,1,25,25,25,25,25,25,25,25,25,25
160150,1,1,16,16,16,16,16,16,16,16,16,16
160151,1,1,0,0,0,0,0,0,0,0,0,0
160152,1,1,0,0,0,0,16,0,0,0,0,0
160153,0,1,0,0,0,0,0,0,0,0,0,0
160153,1,1,0,0,0,0,0,0,0,0,0,0
160154,1,1,0,0,0,0,0,0,0,0,0,0
160154,2,1,0,0,0,0,0,0,0,0,0,0
160155,0,1,0,0,0,0,0,0,0,0,0,0
160155,1,1,0,0,0,0,0,0,0,0,0,0
160156,0,1,0,0,0,0,0,0,0,0,0,0
160156,1,1,0,0,0,0,0,0,0,0,0,0
160157,1,1,0,0,0,0,0,0,0,0,0,0
160158,1,1,0,0,0,0,0,0,0,0,0,0
160159,1,1,0,0,0,0,0,0,0,0,0,0
160159,2,1,13,13,13,13,13,13,13,13,13,13
160160,1,1,0,0,0,0,0,21,0,0,0,25
160161,1,1,0,0,0,0,0,0,0,0,0,0
160162,1,1,0,0,0,0,0,0,0,0,0,0
160162,2,1,0,0,0,20,0,0,0,0,0,8
160163,1,1,0,0,0,0,0,0,0,0,0,0
160164,1,1,14,14,14,14,14,14,14,14,14,14
160164,2,1,0,0,0,0,0,0,0,0,0,0
160165,1,1,17,17,17,17,17,17,17,17,17,17
160165,2,1,0,0,0,0,0,0,0,0,0,0
160166,1,1,0,14,0,0,0,0,24,0,0,0
160166,2,1,0,0,0,0,0,0,0,0,0,0
160167,1,1,0,0,0,0,0,0,0,0,0,0
160168,1,1,0,0,0,0,0,0,18,0,0,16
160168,2,1,0,0,0,0,20,0,0,0,0,0
160169,1,1,18,0,0,0,0,0,0,0,0,0
160169,2,1,0,0,0,0,0,0,0,0,0,0
160170,1,1,0,0,0,0,0,0,29,0,0,0
160170,2,1,0,0,0,0,0,0,0,0,0,0
160171,1,1,24,24,24,24,24,24,24,24,24,24
160172,1,1,0,0,0,0,0,0,0,0,0,0
160172,2,1,0,0,0,0,0,0,0,0,0,0
160173,1,1,0,0,0,0,0,0,0,0,0,0
160174,1,1,0,0,0,0,0,15,0,0,0,0
160174,2,1,0,0,0,0,0,0,0,0,0,0
160175,1,1,0,0,0,0,0,0,0,0,0,0
160175,2,1,0,0,0,0,0,0,0,0,0,0
160176,1,1,0,0,0,0,0,0,0,0,0,0
160176,2,1,0,0,0,0,0,0,0,0,0,0
160178,1,1,0,0,0,0,0,0,0,0,0,0
160178,2,1,0,0,0,0,0,0,0,0,0,0
160178,3,1,0,0,0,0,0,0,0,0,0,11
160179,1,1,0,0,0,0,0,0,0,0,0,0
160179,2,1,0,0,0,0,0,0,0,0,0,0
160180,1,1,0,0,0,0,0,0,0,0,0,0
160181,1,1,23,11,9,9,0,9,24,12,13,0
160181,2,1,2,2,2,2,2,2,2,2,2,2
160182,1,1,0,0,0,0,0,0,0,0,0,0
160182,2,1,0,0,0,0,0,0,0,0,0,0
160183,1,1,0,0,0,0,0,0,0,0,0,0
160183,2,1,0,0,0,0,0,0,0,0,0,0
160184,1,1,21,21,21,21,21,21,21,21,21,21
160185,0,1,0,0,0,0,0,0,0,0,0,0
160185,1,1,0,0,0,0,0,0,0,0,0,0
160186,0,1,25,25,25,25,25,25,25,25,25,25
160186,1,1,0,0,0,0,22,0,0,0,0,0
160187,0,1,0,0,0,0,0,0,0,0,0,0
160187,1,1,0,0,0,0,0,0,0,0,0,0
160188,1,1,0,0,0,0,0,0,0,0,0,0
160188,2,1,0,0,0,0,0,0,0,0,0,0
160189,1,1,0,0,0,0,0,0,0,0,0,0
160190,1,1,0,0,0,0,0,0,0,0,0,0
160190,2,1,0,0,0,0,0,0,0,0,0,0
160191,1,1,0,0,0,0,0,0,0,0,0,0
160191,2,1,0,0,0,0,0,0,0,0,0,0
160192,1,1,26,26,26,26,26,26,26,26,26,26
160193,1,1,0,0,0,0,0,0,0,0,0,0
160194,1,1,14,14,14,14,14,14,14,14,14,14
160195,1,1,15,15,15,15,15,15,15,15,15,15
160196,1,1,0,0,0,0,0,0,0,0,0,0
160196,2,1,0,0,0,0,0,0,0,0,0,0
160197,1,1,26,26,26,26,26,26,26,26,26,26
160198,1,1,0,0,0,0,0,0,0,0,0,0
160199,1,1,0,0,0,0,0,0,0,0,0,0
160199,2,1,0,0,0,0,0,0,0,0,0,18
160200,0,1,0,0,0,0,0,0,0,0,0,0
160200,1,1,0,0,0,0,0,0,0,0,0,0
160201,1,1,0,0,0,0,0,0,0,0,0,0
160201,2,1,0,0,0,0,0,0,0,0,0,0
160201,3,1,0,0,0,0,0,27,9,0,0,0
160202,0,1,0,0,0,0,0,0,0,0,0,0
160202,1,1,0,0,0,0,0,0,0,0,0,0
160203,1,1,0,0,0,0,0,0,0,0,0,0
160203,2,1,0,0,0,0,0,30,0,0,0,0
160204,0,1,16,16,16,16,16,16,16,16,16,16
160204,1,1,0,0,0,0,0,0,0,0,0,0
160205,1,1,0,0,0,0,0,0,0,0,0,0
160206,1,1,5,5,5,5,5,5,5,5,5,5
160207,1,1,0,0,0,0,0,0,0,0,0,0
160208,1,1,0,0,0,0,0,0,0,0,0,0
160209,1,1,0,0,0,0,0,0,0,0,0,0
160210,0,1,21,21,21,21,21,21,21,21,21,21
160210,1,1,0,0,0,0,0,0,0,0,0,0
160211,1,1,0,0,49,0,0,0,0,0,0,0
160212,1,1,0,0,0,0,0,0,0,0,0,0
160213,0,1,0,5,0,0,0,0,0,0,0,0
160213,0,2,0,0,0,0,0,0,0,0,0,0
160213,1,1,0,0,0,0,0,0,0,0,0,0
160214,1,1,0,0,0,0,0,0,0,0,0,0
160215,1,1,0,0,0,0,0,0,0,0,0,0
160215,2,1,0,0,0,0,0,0,0,0,0,0
160216,0,1,0,0,0,0,0,0,0,0,0,0
160216,1,1,0,0,0,0,0,0,0,0,0,0
160217,1,1,17,17,17,17,17,17,17,17,17,17
160218,1,1,0,0,0,0,0,0,0,0,0,0
160219,1,1,0,0,0,0,0,0,0,0,0,0
160219,2,1,0,0,0,0,0,0,0,0,0,0
160220,1,1,0,0,0,0,0,0,0,0,0,0
160220,2,1,0,0,0,0,0,0,11,0,0,0
170001,1,1,0,0,0,0,0,0,0,0,0,0
170003,1,1,0,0,0,16,0,0,0,0,0,0
170003,2,1,11,0,0,0,0,0,0,0,0,0
170003,3,1,0,0,0,0,0,0,0,0,0,0
170003,4,1,0,0,0,0,0,0,0,0,0,18
170003,5,1,0,0,0,0,0,0,0,0,0,0
170004,1,1,7,7,7,7,7,7,7,7,7,7
170005,1,1,32,32,32,32,32,32,32,32,32,32
170006,1,1,0,0,0,0,0,0,0,0,0,0
170006,2,1,0,0,0,0,0,0,0,0,0,0
170007,0,1,24,24,24,24,24,24,24,24,24,24
170007,1,1,0,0,0,0,0,0,0,0,0,0
170008,1,1,0,0,0,0,0,0,0,0,0,0
170008,2,1,0,0,0,0,0,0,0,0,0,0
170009,1,1,0,0,0,0,0,0,0,0,0,0
170009,2,1,0,0,5,0,0,0,0,0,0,0
170010,1,1,0,0,0,0,0,0,0,0,0,0
170011,0,1,0,0,0,0,0,0,0,0,0,0
170011,1,1,0,0,0,0,0,0,0,0,0,0
170012,1,1,12,12,12,12,12,12,12,12,12,12
170012,2,1,0,0,0,0,0,0,0,0,0,0
170013,1,1,0,0,0,0,0,0,0,0,0,0
170014,1,1,12,12,12,12,12,12,12,12,12,12
170015,1,1,7,7,7,7,7,7,7,7,7,7
170015,2,1,0,0,0,0,0,0,0,0,0,0
170016,0,1,0,0,0,0,0,0,0,0,0,0
170016,1,1,0,0,0,0,0,0,0,0,0,0
170017,0,1,29,29,29,29,29,29,29,29,29,29
170017,1,1,0,0,0,0,0,0,0,0,0,0
170018,1,1,0,0,0,0,0,0,0,0,7,28
170020,1,1,24,24,24,24,24,24,24,24,24,24
170021,1,1,0,0,0,7,0,0,0,0,0,0
170022,1,1,0,0,0,0,0,0,0,0,0,0
170022,2,1,0,0,0,0,0,0,0,0,0,0
170022,3,1,0,0,0,0,0,0,0,0,0,0
170023,1,1,9,9,9,9,9,9,9,9,9,9
170023,2,1,0,0,0,0,0,0,0,0,0,2
170023,3,1,0,0,0,0,17,0,0,0,21,0
170024,1,1,0,0,0,0,0,0,0,0,0,0
170024,2,1,0,0,0,0,0,0,0,0,0,0
170025,1,1,0,0,0,0,0,0,0,0,0,0
170025,2,1,0,0,0,0,0,0,0,0,0,0
170027,1,1,0,26,0,0,0,0,14,0,0,0
170027,2,1,0,0,0,0,0,0,0,0,0,0
170028,1,1,0,0,0,0,0,0,0,0,0,0
170028,2,1,0,0,0,0,0,0,0,0,0,0
170029,1,1,0,0,0,0,0,0,0,0,0,0
170029,2,1,0,0,0,0,0,0,0,0,0,0
170031,1,1,18,23,27,13,29,10,27,11,27,20
170031,2,1,0,0,0,0,0,0,0,0,0,0
170031,3,1,0,0,0,0,0,0,0,0,0,0
170032,1,1,0,0,0,0,0,0,0,0,0,0
170033,1,1,0,0,0,0,0,0,0,0,0,0
170033,2,1,0,0,0,0,0,0,0,0,0,0
170034,1,1,0,0,0,0,0,0,0,0,0,0
170034,2,1,21,0,0,0,0,0,0,0,0,22
170035,1,1,0,0,0,0,0,0,0,0,0,0
170036,1,1,0,0,0,0,0,0,0,0,0,0
170036,2,1,24,0,3,0,0,0,0,0,0,0
170037,1,1,0,0,0,0,0,0,0,0,0,0
170037,2,1,0,0,0,0,0,0,0,0,0,0
170039,1,1,0,0,0,0,0,0,0,0,0,0
170039,2,1,0,0,0,0,0,0,0,0,0,0
170040,1,1,0,0,0,0,0,0,0,0,0,0
170040,2,1,0,0,0,0,0,0,0,0,0,0
170041,0,1,6,0,0,0,23,16,21,26,28,34
170041,1,1,0,22,0,10,0,27,0,0,12,17
170042,1,1,20,20,20,20,20,20,20,20,20,20
170042,2,1,0,0,0,0,0,0,0,0,0,0
170043,0,1,0,0,0,0,0,0,0,0,0,0
170043,1,1,0,0,0,0,0,0,0,0,0,0
170044,1,1,0,0,0,0,0,0,0,0,0,0
170045,1,1,0,0,0,0,0,0,0,0,0,0
170045,2,1,0,0,0,0,0,0,0,0,0,0
170046,1,1,7,8,19,18,17,23,15,17,11,1
170047,1,1,32,32,32,32,32,32,32,32,32,32
170048,1,1,0,0,0,0,0,0,0,0,0,0
170049,1,1,0,0,0,0,0,0,0,0,0,0
170049,2,1,0,35,0,0,0,0,0,0,0,0
170050,1,1,0,0,0,0,0,0,0,0,0,0
170050,2,1,0,0,0,12,0,0,0,0,3,0
170051,1,1,4,4,4,4,4,4,4,4,4,4
170051,2,1,0,0,0,0,0,0,0,0,0,0
170052,1,1,19,19,19,19,19,19,19,19,19,19
170053,1,1,0,0,0,0,0,0,0,0,0,0
170053,2,1,0,0,0,0,0,0,0,0,0,0
170054,1,1,27,0,0,20,0,17,12,29,42,0
170055,1,1,0,12,0,0,0,0,0,0,0,12
170055,2,1,0,0,0,0,0,0,0,0,0,0
170056,1,1,0,0,0,0,0,0,0,0,0,0
170057,1,1,0,0,0,0,0,0,0,0,0,0
170057,2,1,0,0,0,0,0,0,0,0,0,0
170058,1,1,13,13,13,13,13,13,13,13,13,13
170059,1,1,13,13,13,13,13,13,13,13,13,13
170060,1,1,13,13,13,13,13,13,13,13,13,13
170061,1,1,0,0,11,0,0,0,0,0,0,0
170061,2,1,0,0,0,0,0,0,0,0,0,0
170062,0,1,0,0,0,0,0,0,0,0,0,0
170062,1,1,0,0,0,0,0,0,0,0,0,0
170062,2,1,0,0,0,0,0,0,0,0,0,0
170062,3,1,0,0,0,0,0,0,0,15,0,0
170062,4,1,35,0,0,0,0,0,0,0,0,0
170063,1,1,0,0,0,0,0,0,0,0,0,0
170063,2,1,0,0,0,0,0,0,0,0,0,0
170064,0,1,27,27,27,27,27,27,27,27,27,27
170064,1,1,0,0,0,0,0,0,23,0,0,0
170065,0,1,14,0,0,0,0,0,0,0,0,0
170065,1,1,0,0,0,0,0,0,0,0,0,0
170066,1,1,0,0,0,0,0,0,0,0,0,0
170066,2,1,0,0,0,0,0,0,0,0,0,0
170066,3,1,0,0,0,0,0,0,0,0,0,0
170066,4,1,0,0,0,0,0,0,0,0,0,0
170067,0,1,34,34,34,34,34,34,34,34,34,34
170067,1,1,17,0,7,14,0,0,0,0,0,0
170068,1,1,0,0,0,0,0,0,0,0,0,0
170069,1,1,20,20,20,20,20,20,20,20,20,20
170070,1,1,21,21,21,21,21,21,21,21,21,21
170070,2,1,0,0,0,0,0,0,0,0,0,0
170070,3,1,0,0,0,0,0,0,0,0,0,0
170071,1,1,0,19,0,0,0,0,0,0,0,0
170071,2,1,0,0,0,0,0,0,0,0,0,0
170071,3,1,0,0,0,0,11,0,0,0,0,0
170072,1,1,0,0,0,0,0,0,0,0,0,0
170073,1,1,0,0,0,0,0,0,0,0,0,0
170073,2,1,0,0,0,0,0,0,0,0,0,0
170073,3,1,0,0,0,0,0,0,0,0,0,0
170073,4,1,0,0,0,0,0,0,0,0,0,0
170073,5,1,0,0,0,0,0,0,0,0,0,0
170074,1,1,19,19,19,19,19,19,19,19,19,19
170075,1,1,0,0,0,0,0,0,0,0,0,0
170075,2,1,0,0,0,0,0,0,0,0,0,0
170075,3,1,0,0,0,0,0,0,0,0,0,0
170075,4,1,0,0,0,0,0,0,0,0,0,0
170075,5,1,0,0,0,0,0,0,0,0,0,0
170075,6,1,0,0,0,0,0,0,0,0,0,0
170075,7,1,0,0,0,0,0,0,0,0,0,11
170075,8,1,0,0,0,0,0,0,0,0,0,0
170075,9,1,0,0,0,0,0,0,0,0,0,0
170075,10,1,0,0,0,0,0,0,5,0,0,0
170076,1,1,0,0,0,0,0,0,0,0,0,0
170076,2,1,0,0,0,0,0,0,0,0,0,0
170076,3,1,0,0,0,0,0,0,0,0,0,0
170077,1,1,12,0,0,0,11,0,0,0,0,0
170077,2,1,0,0,0,0,0,18,0,0,0,0
170078,1,1,0,0,0,0,0,0,0,0,0,0
170078,2,1,0,0,18,0,0,0,0,0,19,0
170079,1,1,14,0,0,0,0,13,0,0,0,7
170080,1,1,0,0,0,0,0,0,0,0,0,0
170081,1,1,0,0,0,0,0,0,0,0,0,0
170081,2,1,0,0,0,0,0,0,0,0,0,0
170082,1,1,0,0,0,0,0,0,0,17,0,0
170083,1,1,0,0,0,0,0,0,0,0,0,0
170084,1,1,0,0,0,0,0,0,0,21,0,7
170084,2,1,0,0,0,0,0,0,0,0,0,3
170085,1,1,0,0,0,0,0,0,0,0,0,0
170086,0,1,30,30,30,30,30,30,30,30,30,30
170086,1,1,0,0,0,0,0,0,0,0,0,0
170086,2,1,0,0,0,0,0,0,0,0,0,0
170087,1,1,0,0,0,0,0,0,0,0,0,0
170087,2,1,0,0,0,0,0,0,0,0,0,0
170088,0,1,33,33,33,33,33,33,33,33,33,33
170088,1,1,0,0,0,0,0,0,0,0,0,0
170089,1,1,0,0,0,0,0,0,0,0,0,0
170090,0,1,10,10,10,10,10,10,10,10,10,10
170090,1,1,3,3,3,3,3,3,3,3,3,3
170091,1,1,30,30,30,30,30,30,30,30,30,30
170091,2,1,0,0,0,0,0,0,0,0,0,0
170092,1,1,51,51,51,51,51,51,51,51,51,51
170093,1,1,0,0,0,0,0,0,0,0,0,0
170094,0,1,0,0,0,0,0,0,0,0,0,0
170094,1,1,0,0,0,0,0,0,0,0,0,0
170095,1,1,16,16,16,16,16,16,16,16,16,16
170096,1,1,0,0,0,0,0,0,0,0,0,0
170097,1,1,0,0,0,0,0,0,0,0,0,0
170097,2,1,0,0,0,0,0,0,0,0,0,0
170098,1,1,1,1,1,1,1,1,1,1,1,1
170098,2,1,0,0,0,0,0,0,0,0,0,0
170099,1,1,14,14,14,14,14,14,14,14,14,14
170100,1,1,17,17,17,17,17,17,17,17,17,17
170100,2,1,0,0,0,0,0,0,0,0,0,0
170100,3,1,0,0,0,0,0,0,0,0,0,0
170100,4,1,0,0,0,0,0,0,0,0,0,7
170100,5,1,0,0,0,0,0,0,0,0,0,0
170101,1,1,0,0,0,0,0,0,0,0,0,0
170102,1,1,0,0,0,11,0,0,16,0,19,0
170102,2,1,0,17,21,0,0,9,0,0,0,0
170103,0,1,0,0,0,0,0,0,0,0,0,0
170103,1,1,0,0,0,0,0,0,0,0,0,0
170104,1,1,0,0,0,0,0,0,0,0,0,0
170104,2,1,0,0,0,0,0,0,0,0,0,0
170105,1,1,0,0,0,0,0,0,0,0,0,0
170105,2,1,0,0,0,0,0,0,0,0,0,0
170106,1,1,18,18,18,18,18,18,18,18,18,18
170106,2,1,0,0,0,0,0,0,0,0,0,0
170108,0,1,0,0,0,0,0,0,0,0,0,0
170108,1,1,0,0,0,0,0,0,0,0,0,0
170109,0,1,0,0,0,0,0,0,0,0,0,0
170109,1,1,0,0,0,0,0,0,0,0,0,0
170110,0,1,0,0,0,0,0,0,0,0,0,0
170110,1,1,0,0,0,0,0,0,0,0,0,0
170111,1,1,23,23,23,23,23,23,23,23,23,23
170112,1,1,0,16,0,0,0,0,0,0,0,0
170112,2,1,0,0,0,0,0,0,0,0,0,0
170113,0,1,0,0,0,0,0,0,0,0,0,0
170114,1,1,0,0,0,0,0,0,0,0,0,0
170115,1,1,14,14,14,14,14,14,14,14,14,14
170116,1,1,16,16,16,16,16,16,16,16,16,16
170117,1,1,0,0,0,0,0,0,0,0,0,0