ST_CASE,VEH_NO,PER_NO,P1,P2,P3,P4,P5,P6,P7,P8,P9,P10
170117,2,1,0,0,0,0,0,0,0,0,0,0
170119,1,1,6,6,6,6,6,6,6,6,6,6
170120,1,1,25,25,25,25,25,25,25,25,25,25
170121,1,1,24,24,24,24,24,24,24,24,24,24
170121,2,1,0,0,0,0,0,0,0,0,0,0
170122,1,1,11,11,11,11,11,11,11,11,11,11
170122,2,1,0,0,0,0,0,0,0,0,0,0
170123,1,1,0,0,0,0,0,0,0,0,0,0
170123,2,1,0,0,0,0,0,0,0,0,0,0
170123,3,1,0,0,0,0,27,0,0,0,0,0
170123,4,1,0,0,0,0,0,0,0,0,0,0
170124,0,1,12,0,0,0,21,0,0,0,8,0
170124,1,1,0,0,0,0,0,0,0,0,0,0
170126,1,1,0,0,0,0,0,0,0,0,0,0
170126,2,1,0,0,0,0,0,0,0,0,0,0
170126,3,1,0,0,0,0,0,0,0,0,0,0
170126,4,1,0,0,0,0,0,0,0,0,0,0
170127,1,1,35,35,35,35,35,35,35,35,35,35
170127,2,1,0,0,0,0,0,0,0,0,0,0
170128,1,1,0,0,0,0,0,0,0,0,0,0
170128,2,1,0,0,0,0,0,0,0,0,0,0
170129,0,1,0,0,0,0,0,0,0,0,0,0
170129,1,1,0,0,0,0,0,0,0,0,0,0
170130,1,1,14,14,14,14,14,14,14,14,14,14
170131,1,1,0,0,0,0,0,0,0,0,0,0
170132,1,1,0,0,0,0,0,0,0,0,0,0
170132,2,1,0,0,0,0,0,0,0,0,0,0
170133,0,1,0,0,0,0,0,0,0,0,0,0
170133,1,1,0,0,0,0,0,0,0,0,0,0
170134,1,1,0,0,0,0,0,0,0,0,0,0
170135,1,1,0,0,0,0,0,0,0,0,0,0
170135,2,1,0,0,0,0,0,0,0,0,0,0
170136,1,1,0,0,0,0,0,0,0,35,0,0
170137,0,1,0,0,0,0,0,0,0,0,0,0
170137,1,1,0,0,0,0,0,0,0,10,0,0
170138,1,1,0,0,0,0,0,0,0,0,0,0
170139,1,1,0,0,0,0,0,0,0,0,0,0
170139,2,1,0,15,0,20,34,18,0,0,12,0
170140,1,1,0,0,0,0,0,0,0,0,0,0
170140,2,1,0,0,0,0,0,0,0,0,0,0
170141,1,1,0,16,0,0,0,0,0,0,0,0
170141,2,1,0,0,0,0,0,0,0,0,0,0
170142,1,1,0,0,0,0,0,0,0,0,0,0
170143,1,1,0,0,24,0,0,0,3,0,0,0
170144,1,1,0,0,0,0,0,0,0,0,0,0
170144,2,1,0,0,0,0,0,0,0,0,0,0
170144,3,1,0,0,0,0,0,0,0,0,0,0
170144,4,1,0,0,0,0,2,0,0,0,0,0
170144,5,1,0,0,25,0,0,0,0,0,0,0
170144,6,1,0,0,0,0,0,0,0,0,0,0
170144,7,1,0,0,3,0,0,0,0,0,0,0
170145,0,1,39,39,39,39,39,39,39,39,39,39
170145,1,1,0,0,0,0,0,0,15,19,0,0
170146,1,1,5,5,5,5,5,5,5,5,5,5
170147,1,1,0,0,0,0,0,0,0,0,0,0
170148,1,1,0,0,0,0,0,0,0,0,0,0
170149,0,1,0,0,0,0,0,0,0,0,0,0
170149,1,1,0,0,0,0,0,0,0,0,0,0
170150,1,1,0,0,0,0,0,0,0,0,0,0
170150,2,1,0,0,0,0,0,0,0,0,0,9
170150,3,1,0,0,0,0,0,0,23,0,0,0
170150,4,1,0,0,0,0,0,0,0,0,0,0
170150,5,1,0,0,14,0,21,0,0,0,0,0
170151,0,1,21,21,21,21,21,21,21,21,21,21
170151,1,1,0,0,0,0,5,0,0,0,0,0
170152,0,1,0,0,0,0,0,0,0,0,0,0
170152,1,1,0,0,0,0,0,0,0,0,0,0
170153,0,1,0,0,0,0,0,0,0,0,0,0
170153,1,1,0,0,0,0,17,0,25,0,0,0
170154,1,1,0,0,0,0,0,0,0,0,0,0
170154,2,1,0,0,0,0,0,0,0,0,0,0
170155,1,1,0,0,0,0,0,0,0,0,0,0
170155,2,1,0,0,0,0,0,0,0,0,0,0
170156,1,1,0,0,0,0,0,0,0,0,0,0
170156,2,1,0,0,0,0,0,0,0,0,0,0
170157,1,1,0,0,0,0,0,0,0,0,0,0
170157,2,1,0,0,0,0,0,0,0,0,0,0
170158,1,1,13,33,10,13,17,21,14,21,16,3
170158,2,1,0,0,0,0,0,0,0,0,0,0
170159,1,1,9,9,9,9,9,9,9,9,9,9
170160,1,1,0,0,0,0,0,0,23,0,0,0
170160,2,1,0,0,8,0,0,0,0,0,0,0
170161,1,1,0,0,0,0,0,23,19,7,9,0
170161,2,1,2,2,2,2,2,2,2,2,2,2
170162,1,1,0,0,0,0,0,0,0,0,0,0
170163,1,1,18,18,18,18,18,18,18,18,18,18
170164,1,1,0,0,0,0,0,0,0,0,0,0
170166,1,1,0,0,0,0,0,0,0,0,0,0
170166,2,1,0,0,0,0,0,0,0,0,0,0
170166,3,1,0,0,0,0,0,0,0,0,0,0
170167,1,1,0,0,0,0,0,0,0,0,0,0
170167,2,1,0,0,0,0,0,0,0,0,0,0
170168,1,1,24,24,24,24,24,24,24,24,24,24
170168,2,1,0,0,0,0,0,0,0,0,6,0
170169,1,1,0,0,0,0,0,0,0,0,0,0
170169,2,1,0,0,0,0,0,0,0,0,0,0
170170,1,1,0,0,0,0,0,0,0,0,0,0
170171,1,1,22,22,22,22,22,22,22,22,22,22
170171,2,1,0,0,0,0,0,0,0,0,0,0
170172,1,1,23,23,23,23,23,23,23,23,23,23
170173,1,1,0,0,0,0,0,0,0,0,0,0
170173,2,1,0,0,0,0,0,0,0,23,0,0
170174,1,1,19,19,19,19,19,19,19,19,19,19
170175,0,1,0,0,0,0,0,0,0,0,0,0
170175,1,1,13,13,13,13,13,13,13,13,13,13
170176,1,1,0,0,0,0,0,0,0,0,0,0
170176,2,1,0,0,0,0,0,0,0,0,0,0
170177,1,1,0,0,27,12,0,0,0,5,19,0
170177,2,1,0,0,0,0,0,0,0,0,0,0
170177,3,1,0,0,0,0,0,0,0,0,0,0
170177,4,1,0,0,0,0,0,0,0,0,0,0
170178,1,1,24,24,24,24,24,24,24,24,24,24
170178,2,1,0,0,0,0,0,0,0,0,0,0
170180,1,1,7,7,7,7,7,7,7,7,7,7
170181,1,1,0,0,0,0,0,0,0,0,0,0
170182,1,1,0,0,0,0,0,0,0,0,0,0
170182,2,1,0,0,0,0,0,0,0,0,0,0
170182,3,1,0,0,0,0,0,0,0,0,0,0
170183,1,1,25,28,15,0,0,0,0,0,0,0
170183,2,1,0,0,0,18,0,0,0,0,0,0
170184,1,1,22,22,22,22,22,22,22,22,22,22
170185,0,1,0,0,0,0,0,0,0,0,0,0
170185,1,1,10,0,6,0,0,0,0,29,0,0
170186,1,1,0,0,0,0,0,0,0,0,0,0
170187,0,1,0,0,0,0,0,0,0,0,0,0
170187,1,1,0,0,0,0,0,0,0,0,0,0
170188,1,1,0,0,0,0,24,0,0,0,0,16
170189,1,1,0,0,0,0,0,0,0,0,0,0
170189,2,1,0,0,0,0,0,0,0,0,0,0
170190,1,1,17,17,17,17,17,17,17,17,17,17
170191,1,1,0,0,0,0,0,0,0,0,0,0
170191,2,1,0,0,0,0,0,0,0,0,0,0
170192,0,1,45,45,45,45,45,45,45,45,45,45
170192,1,1,0,0,0,0,0,0,0,0,0,0
170193,1,1,0,0,0,0,0,0,0,0,0,0
170194,0,1,26,26,26,26,26,26,26,26,26,26
170194,1,1,0,0,0,0,18,0,0,0,0,0
170195,1,1,0,0,0,0,0,0,0,0,0,0
170196,1,1,0,0,0,0,0,10,0,0,0,0
170196,2,1,0,0,0,0,0,0,0,0,0,0
170197,1,1,25,0,0,0,10,0,0,0,12,15
170198,1,1,0,0,0,0,0,0,0,0,15,0
170198,2,1,0,25,0,0,0,0,0,0,0,0
170199,1,1,12,12,12,12,12,12,12,12,12,12
170200,1,1,21,21,21,21,21,21,21,21,21,21
170201,0,1,0,0,0,0,0,0,0,0,0,0
170201,0,2,0,0,0,15,0,0,0,0,0,0
170201,1,1,0,0,0,0,0,0,0,0,0,0
170202,1,1,0,0,0,0,0,0,0,0,0,0
170203,1,1,26,17,8,10,16,5,6,14,2,16
170203,2,1,0,0,0,0,0,0,0,0,0,0
170204,0,1,0,0,0,0,0,0,0,0,0,0
170204,1,1,0,0,0,12,0,0,0,0,0,0
170205,1,1,10,10,10,10,10,10,10,10,10,10
170207,1,1,0,0,0,0,0,0,0,0,0,0
170208,1,1,28,28,28,28,28,28,28,28,28,28
170208,2,1,0,0,0,0,0,0,0,0,0,0
170209,0,1,0,0,0,0,0,0,0,0,0,0
170209,1,1,11,11,11,11,11,11,11,11,11,11
170210,1,1,10,10,10,10,10,10,10,10,10,10
170213,1,1,0,0,0,0,0,0,0,0,0,0
170214,1,1,14,14,14,14,14,14,14,14,14,14
170215,1,1,0,0,0,0,0,0,0,0,0,0
170216,1,1,29,29,29,29,29,29,29,29,29,29
170217,1,1,20,20,20,20,20,20,20,20,20,20
170218,0,1,0,0,0,0,0,0,0,0,0,0
170218,1,1,0,0,10,0,21,0,0,14,0,0
170218,2,1,0,0,0,0,0,0,0,0,0,0
170219,1,1,0,13,0,0,0,0,0,0,0,0
170219,2,1,0,0,0,0,0,17,0,0,9,0
170220,1,1,28,28,28,28,28,28,28,28,28,28
170221,1,1,0,0,0,0,0,0,0,0,0,0
170222,1,1,0,0,0,0,0,0,0,0,0,0
170223,1,1,19,19,19,19,19,19,19,19,19,19
170224,1,1,2,2,2,2,2,2,2,2,2,2
170226,1,1,12,12,12,12,12,12,12,12,12,12
170227,1,1,0,0,0,0,0,0,0,0,0,0
170228,1,1,8,8,8,8,8,8,8,8,8,8
170229,1,1,0,0,0,0,0,0,0,0,0,0
170230,1,1,28,28,28,28,28,28,28,28,28,28
170231,1,1,5,25,2,29,7,17,11,0,13,24
170232,1,1,27,27,27,27,27,27,27,27,27,27
170232,2,1,0,0,0,0,0,0,0,0,0,0
170233,1,1,5,5,5,5,5,5,5,5,5,5
170234,1,1,21,21,21,21,21,21,21,21,21,21
170235,1,1,19,0,20,0,0,0,0,0,0,0
170235,2,1,9,25,30,0,0,21,0,22,12,0
170236,1,1,25,16,0,12,5,0,0,13,42,11
170236,2,1,0,0,0,0,0,0,0,0,0,0
170236,3,1,0,0,0,0,0,0,0,0,0,0
170237,0,1,0,0,0,0,0,0,0,0,0,0
170237,0,2,0,0,0,0,0,0,0,0,0,0
170237,0,3,29,0,0,0,0,0,28,0,0,0
170237,0,4,0,20,0,0,0,0,0,16,0,0
170237,1,1,0,0,0,0,0,0,0,0,0,0
170237,2,1,0,0,0,0,0,0,0,0,0,0
170238,0,1,22,22,22,22,22,22,22,22,22,22
170238,1,1,0,0,0,0,0,0,0,0,0,0
170239,1,1,17,17,17,17,17,17,17,17,17,17
170239,2,1,19,19,19,19,19,19,19,19,19,19
170240,1,1,13,9,17,10,20,19,19,17,14,17
170240,2,1,0,0,0,0,0,0,0,0,0,0
170241,1,1,0,0,0,0,0,0,0,0,0,0
170241,2,1,0,0,0,0,0,0,0,0,0,0
170242,1,1,0,0,0,0,0,0,0,0,0,0
170242,2,1,0,0,0,0,0,0,0,0,0,0
170243,1,1,0,0,0,0,0,0,25,0,0,0
170244,0,1,0,0,0,0,0,0,0,0,0,0
170244,0,2,0,0,0,0,0,0,0,0,0,0
170244,1,1,0,0,0,0,0,0,0,0,0,0
170245,0,1,20,20,20,20,20,20,20,20,20,20
170245,1,1,13,48,14,12,31,11,0,44,0,23
170246,1,1,24,24,24,24,24,24,24,24,24,24
170247,1,1,10,10,10,10,10,10,10,10,10,10
170247,2,1,0,0,0,0,0,0,0,0,0,0
170248,1,1,0,0,0,0,0,0,0,0,0,0
170248,2,1,0,0,0,0,0,0,0,0,0,0
170250,1,1,7,9,10,2,21,37,20,13,14,22
170251,1,1,20,20,20,20,20,20,20,20,20,20
170252,1,1,0,0,0,0,0,0,0,0,0,0
170252,2,1,0,0,5,0,0,0,0,0,0,0
170252,3,1,19,0,0,17,0,0,0,0,0,0
170253,1,1,22,22,22,22,22,22,22,22,22,22
170254,1,1,0,0,0,0,0,0,0,0,0,0
170255,0,1,21,21,21,21,21,21,21,21,21,21
170255,1,1,0,0,2,14,0,0,13,0,0,16
170256,0,1,0,0,0,0,0,0,0,0,0,0
170256,0,2,0,0,5,27,15,11,15,0,0,12
170256,1,1,0,0,0,0,0,0,0,0,0,0
170257,1,1,0,0,0,0,0,0,0,0,0,0
170257,2,1,0,0,0,9,0,0,0,0,0,0
170258,1,1,14,14,14,14,14,14,14,14,14,14
170258,2,1,0,0,0,0,0,0,0,12,0,0
170259,0,1,13,13,13,13,13,13,13,13,13,13
170259,1,1,0,0,0,0,0,0,16,0,0,0
170260,1,1,0,0,0,0,0,0,0,0,0,0
170261,1,1,14,14,14,14,14,14,14,14,14,14
170261,2,1,0,0,0,0,0,0,0,0,0,0
170262,1,1,0,0,0,0,0,0,0,0,0,0
170262,2,1,0,0,0,0,0,0,0,0,0,0
170263,1,1,0,0,0,0,0,0,0,0,0,0
170264,1,1,0,0,0,0,0,0,0,0,0,0
170264,2,1,0,0,0,0,8,0,0,0,0,0
170265,1,1,0,0,0,0,0,0,0,0,0,0
170266,1,1,13,13,13,13,13,13,13,13,13,13
170267,1,1,0,0,0,0,0,0,0,0,0,0
170267,2,1,0,0,13,0,30,0,0,0,0,0
170268,1,1,0,0,0,0,0,0,0,0,0,0
170269,1,1,0,0,0,0,0,0,0,0,0,0
170270,0,1,0,0,0,0,0,0,0,0,0,0
170270,1,1,0,0,0,0,0,0,0,0,0,0
170271,0,1,0,0,0,0,0,0,0,0,0,0
170271,1,1,0,0,0,0,0,0,0,0,0,0
170273,1,1,0,0,0,0,0,0,0,0,0,0
170274,0,1,0,0,0,0,0,0,0,0,0,0
170274,1,1,14,14,14,14,14,14,14,14,14,14
170275,0,1,17,17,17,17,17,17,17,17,17,17
170275,1,1,5,5,5,5,5,5,5,5,5,5
170276,1,1,0,0,0,0,0,0,0,0,0,0
170276,2,1,0,0,0,0,0,0,0,0,0,0
170277,1,1,28,28,28,28,28,28,28,28,28,28
170278,1,1,0,0,0,0,0,0,0,0,0,0
170278,2,1,0,0,0,0,0,0,0,0,0,0
170279,0,1,0,0,0,0,0,0,0,0,0,0
170279,1,1,0,0,0,0,0,0,0,0,0,0
170280,0,1,7,7,7,7,7,7,7,7,7,7
170280,0,2,0,16,0,25,0,0,0,0,13,8
170280,0,3,3,23,17,11,0,0,0,0,0,0
170280,0,4,0,12,2,0,13,26,0,0,0,0
170280,0,5,14,0,22,15,0,0,0,0,0,22
170280,1,1,0,0,0,0,0,0,0,0,0,0
170281,1,1,8,8,8,8,8,8,8,8,8,8
170281,2,1,0,0,0,0,0,0,0,0,0,0
170282,1,1,0,0,0,0,0,0,0,0,0,0
170282,2,1,18,4,13,14,0,13,0,0,0,43
170283,1,1,0,0,0,0,0,0,0,0,0,0
170283,2,1,0,0,0,0,0,0,0,0,0,0
170284,0,1,21,21,21,21,21,21,21,21,21,21
170284,1,1,0,0,0,0,0,0,0,0,0,0
170285,1,1,8,8,8,8,8,8,8,8,8,8
170285,2,1,0,0,0,0,0,0,0,0,0,0
170286,1,1,0,0,0,0,0,0,0,0,0,0
170286,2,1,0,0,0,0,0,0,0,0,0,0
170287,1,1,0,0,0,0,0,0,0,0,0,0
170288,1,1,0,0,0,0,0,21,0,0,0,18
170289,1,1,19,19,19,19,19,19,19,19,19,19
170289,2,1,0,0,0,0,0,0,0,0,0,0
170290,0,1,38,38,38,38,38,38,38,38,38,38
170290,1,1,9,6,15,16,7,19,16,15,6,13
170291,0,1,0,0,0,0,0,0,0,0,0,0
170291,1,1,0,0,0,0,0,0,0,0,0,0
170292,1,1,0,0,0,0,0,0,0,0,0,0
170293,1,1,0,0,0,0,0,0,0,0,0,0
170293,2,1,0,0,0,0,0,0,0,0,0,0
170294,0,1,0,23,0,0,0,0,0,0,0,0
170294,0,2,0,0,0,0,0,0,0,0,0,0
170294,1,1,0,26,0,21,0,17,7,12,0,4
170295,1,1,34,0,0,12,0,0,0,0,0,0
170296,1,1,0,0,0,0,0,0,0,0,0,0
170296,2,1,0,0,0,0,0,0,0,0,0,0
170296,3,1,0,0,0,0,0,0,0,0,0,0
170297,1,1,0,0,0,0,0,0,0,0,0,0
170298,1,1,0,0,0,0,0,0,0,0,0,0
170299,0,1,0,0,0,0,0,0,0,0,0,0
170299,1,1,0,0,13,0,0,0,0,18,8,0
170300,1,1,0,0,0,0,0,0,0,0,0,13
170300,2,1,0,0,0,0,0,0,0,0,0,0
170301,1,1,6,6,6,6,6,6,6,6,6,6
170302,1,1,38,38,38,38,38,38,38,38,38,38
170303,1,1,0,0,0,0,0,0,0,0,0,0
170304,1,1,0,0,0,0,0,0,0,0,0,0
170304,2,1,0,0,0,0,0,0,0,0,0,0
170305,1,1,0,0,0,0,0,34,0,0,0,0
170305,2,1,3,3,3,3,3,3,3,3,3,3
170306,1,1,0,0,0,0,0,0,0,0,0,0
170306,2,1,0,0,0,0,0,0,0,0,0,0
170307,1,1,8,8,8,8,8,8,8,8,8,8
170307,2,1,0,0,0,0,0,0,0,0,0,0
170308,1,1,0,0,0,0,0,0,0,0,0,0
170308,2,1,16,0,17,0,0,0,0,0,0,0
170309,1,1,0,12,4,18,0,18,0,0,0,0
170309,2,1,0,0,0,0,0,0,0,0,0,0
170309,3,1,0,0,0,0,0,0,0,0,0,0
170310,1,1,10,10,10,10,10,10,10,10,10,10
170310,2,1,0,0,0,10,7,20,0,0,0,4
170311,1,1,0,18,0,0,0,18,20,12,15,0
170311,2,1,4,4,4,4,4,4,4,4,4,4
170312,1,1,0,0,0,0,0,0,0,0,0,0
170312,2,1,0,0,0,0,0,0,0,0,0,0
170312,3,1,0,0,0,0,0,0,0,0,0,16
170313,1,1,0,0,0,0,0,0,0,0,0,0
170313,2,1,0,0,0,0,0,0,0,0,0,0
170313,3,1,0,0,0,0,0,0,0,0,0,0
170314,1,1,0,0,0,0,0,0,0,0,0,0
170315,1,1,27,27,27,27,27,27,27,27,27,27
170316,1,1,0,0,0,0,0,0,0,0,0,0
170316,2,1,0,0,0,0,0,0,0,0,0,0
170317,1,1,0,0,0,0,0,0,0,0,0,0
170318,1,1,11,11,11,11,11,11,11,11,11,11
170319,1,1,0,22,39,0,17,0,0,0,0,0
170320,1,1,0,0,0,0,0,0,0,0,0,0
170321,1,1,0,0,0,0,0,0,0,0,0,0
170321,2,1,0,0,0,0,0,0,0,0,0,0
170322,1,1,0,0,0,0,0,0,0,0,0,0
170322,2,1,0,0,0,0,0,0,0,0,0,0
170323,0,1,22,22,22,22,22,22,22,22,22,22
170323,1,1,0,0,0,0,0,0,0,0,0,0
170324,0,1,31,31,31,31,31,31,31,31,31,31
170324,1,1,0,0,0,0,0,5,0,0,0,0
170325,1,1,0,0,0,0,0,0,0,0,0,0
170326,1,1,8,8,8,8,8,8,8,8,8,8
170327,1,1,40,0,13,15,19,0,9,17,0,0
170328,1,1,24,20,0,0,0,0,0,0,29,0
170328,2,1,0,0,0,0,0,0,0,0,0,0
170329,1,1,0,0,0,0,0,0,0,0,0,0
170330,1,1,0,0,0,0,0,0,0,0,0,0
170331,1,1,0,0,0,0,0,0,0,0,0,0
170332,1,1,23,0,8,23,0,0,0,15,0,10
170333,1,1,0,0,0,14,0,10,11,0,0,0
170334,1,1,0,0,0,0,0,0,0,0,0,0
170334,2,1,0,0,0,0,0,0,0,0,0,0
170335,1,1,0,0,0,0,0,0,0,0,0,0
170336,1,1,8,8,8,8,8,8,8,8,8,8
170336,2,1,0,0,0,0,0,0,0,0,0,0
170337,1,1,0,0,0,0,0,0,0,0,0,0
170338,1,1,0,0,0,0,0,0,0,0,0,0
170338,2,1,0,0,0,0,0,0,0,0,0,0
170339,1,1,0,0,0,0,0,0,9,0,0,0
170340,0,1,1,1,1,1,1,1,1,1,1,1
170340,1,1,0,0,0,0,0,0,0,0,0,0
170341,1,1,0,0,0,0,0,0,0,0,18,19
170341,2,1,0,0,0,15,0,0,0,0,0,0
170342,1,1,0,0,0,0,0,0,0,0,0,0
170342,2,1,0,0,0,0,0,0,0,0,0,0
170342,3,1,0,0,0,0,8,0,0,0,0,0
170343,1,1,0,0,0,0,0,0,0,0,0,0
170343,2,1,0,0,0,0,0,0,0,0,0,0
170345,1,1,21,21,21,21,21,21,21,21,21,21
170346,1,1,15,15,15,15,15,15,15,15,15,15
170347,1,1,0,0,0,0,0,0,0,0,0,0
170348,1,1,2,2,2,2,2,2,2,2,2,2
170349,1,1,0,0,0,0,0,0,0,0,0,0
170349,2,1,0,0,0,0,0,0,0,0,0,0
170350,1,1,19,19,19,19,19,19,19,19,19,19
170351,1,1,0,0,0,0,0,0,0,0,0,0
170351,2,1,0,0,0,0,0,19,0,0,0,0
170352,1,1,0,0,0,0,0,0,0,0,0,0
170352,2,1,0,0,0,0,0,0,0,0,0,0
170353,1,1,0,0,0,0,0,0,0,0,0,0
170354,1,1,0,0,0,0,0,0,0,0,0,0
170354,2,1,0,0,0,0,0,0,0,0,0,0
170354,3,1,0,0,0,0,0,0,0,0,0,0
170355,1,1,5,5,5,5,5,5,5,5,5,5
170356,1,1,0,0,0,0,0,0,0,0,0,0
170356,2,1,0,0,0,0,0,0,0,14,0,0
170357,1,1,0,0,0,0,0,0,0,0,11,0
170358,0,1,0,0,0,0,0,0,0,0,0,0
170358,1,1,12,0,0,0,7,0,0,11,0,0
170359,1,1,8,8,8,8,8,8,8,8,8,8
170359,2,1,0,0,0,0,0,0,0,0,0,0
170360,1,1,0,2,0,14,0,0,0,0,0,0
170360,2,1,0,0,21,0,0,0,0,0,0,0
170361,0,1,23,23,23,23,23,23,23,23,23,23
170361,1,1,0,0,0,0,0,0,0,0,0,0
170362,1,1,0,0,0,0,0,0,0,0,0,0
170363,1,1,9,0,0,0,0,0,9,4,0,0
170364,0,1,10,0,0,30,38,0,16,0,0,6
170364,1,1,0,0,0,0,0,0,0,0,0,0
170365,1,1,0,0,0,0,0,0,0,0,0,0
170366,1,1,0,0,0,0,0,14,0,0,11,0
170366,2,1,0,0,0,0,0,0,0,0,0,0
170368,1,1,20,20,20,20,20,20,20,20,20,20
170368,2,1,0,0,16,0,12,0,0,0,0,0
170368,3,1,0,27,0,0,0,19,0,0,0,0
170368,4,1,0,0,0,0,0,0,0,0,0,0
170369,1,1,0,0,0,0,0,0,0,0,0,0
170370,1,1,2,2,2,2,2,2,2,2,2,2
170371,1,1,0,0,0,0,0,0,0,0,0,0
170372,1,1,0,0,0,0,0,0,0,0,0,0
170373,1,1,27,6,0,7,15,0,0,0,0,0
170373,2,1,0,0,0,0,0,0,0,0,0,0
170373,3,1,0,0,0,0,0,0,0,0,0,0
170374,1,1,0,0,0,0,9,0,0,0,0,0
170374,2,1,0,0,0,0,0,0,0,0,0,0
170374,3,1,0,0,0,0,0,0,0,0,0,0
170375,1,1,0,0,0,0,0,0,0,0,0,0
170375,2,1,0,0,0,0,0,0,39,0,0,0
170376,1,1,0,0,25,0,0,0,0,15,9,0
170376,2,1,0,0,0,0,0,0,0,0,0,0
170377,1,1,13,13,13,13,13,13,13,13,13,13
170378,0,1,0,0,0,0,0,0,0,0,0,0
170378,1,1,0,0,0,0,0,0,0,15,0,0
170379,0,1,0,0,26,3,0,18,0,0,0,16
170379,1,1,0,0,0,0,0,0,0,0,0,0
170380,0,1,0,0,0,0,0,0,0,0,0,0
170380,1,1,0,0,0,0,0,0,0,0,0,0
170381,1,1,0,0,0,0,0,0,0,0,0,0
170381,2,1,0,0,0,0,0,0,0,0,0,0
170382,1,1,16,16,16,16,16,16,16,16,16,16
170382,2,1,12,12,12,12,12,12,12,12,12,12
170383,1,1,0,0,0,0,0,0,0,0,0,0
170383,2,1,0,0,0,0,0,0,0,0,10,0
170384,1,1,0,0,0,0,0,0,0,0,0,0
170384,2,1,0,0,0,0,0,0,0,0,0,0
170385,1,1,0,0,0,0,0,0,0,0,0,0
170385,2,1,0,0,0,0,21,0,0,0,0,0
170386,0,1,0,0,0,0,0,0,0,0,0,0
170386,0,2,0,0,0,0,0,0,0,0,0,0
170386,0,3,11,0,13,23,14,0,0,0,15,0
170386,1,1,0,0,6,0,0,0,0,15,21,0
170387,1,1,18,12,5,17,22,17,26,6,9,11
170387,2,1,0,12,0,15,0,0,0,0,0,0
170388,1,1,0,0,0,0,0,0,0,0,0,0
170388,2,1,0,0,0,0,0,0,0,0,0,0
170389,1,1,7,7,7,7,7,7,7,7,7,7
170389,2,1,0,0,0,0,0,0,0,0,0,0
170390,1,1,19,19,19,19,19,19,19,19,19,19
170390,2,1,9,9,9,9,9,9,9,9,9,9
170391,1,1,0,0,0,0,0,0,0,0,0,0
170391,2,1,0,0,0,0,0,0,0,0,0,0
170392,0,1,20,20,20,20,20,20,20,20,20,20
170392,1,1,13,0,22,0,0,7,0,9,0,0
170393,1,1,0,0,0,0,0,0,0,0,0,0
170393,2,1,0,0,0,0,0,0,0,0,0,0
170393,3,1,0,0,0,0,0,0,0,0,0,0
170394,0,1,0,0,0,0,0,0,0,0,0,0
170394,1,1,0,0,0,0,0,0,0,0,0,0
170395,1,1,23,23,23,23,23,23,23,23,23,23
170395,2,1,0,0,0,0,0,0,0,0,0,0
170396,1,1,20,20,20,20,20,20,20,20,20,20
170397,1,1,0,22,0,15,26,23,22,16,0,9
170397,2,1,0,0,0,0,0,0,0,0,0,0
170398,1,1,0,0,38,19,0,0,0,0,0,0
170398,2,1,0,0,0,0,0,0,0,0,0,0
170399,1,1,17,17,17,17,17,17,17,17,17,17
170399,2,1,0,0,0,0,0,0,0,0,0,0
170400,1,1,0,0,0,0,0,0,14,0,0,0
170401,1,1,0,0,0,0,0,0,0,0,0,0
170401,2,1,0,0,0,0,0,0,0,0,0,0
170402,0,1,0,0,0,0,0,0,0,0,22,0
170402,0,2,0,0,8,6,0,4,31,0,37,0
170402,1,1,27,30,13,0,5,21,10,0,0,0
170402,2,1,0,0,0,14,0,0,9,0,0,0
170403,1,1,0,0,0,0,0,0,0,0,0,0
170403,2,1,0,0,0,0,0,0,0,0,0,0
170404,1,1,0,0,0,0,0,0,0,0,0,0
170404,2,1,15,16,14,26,6,20,12,20,17,10
170404,3,1,0,0,20,28,16,0,28,20,17,17
170404,4,1,0,0,10,10,16,14,0,15,0,16
170405,1,1,0,0,0,0,0,0,0,0,0,0
170405,2,1,0,0,0,0,0,0,0,0,0,0
170406,0,1,32,32,32,32,32,32,32,32,32,32
170406,1,1,0,0,0,0,0,0,0,0,0,0
170407,1,1,0,0,0,0,0,0,0,0,0,0
170407,2,1,0,0,0,0,0,0,0,0,0,0
170408,1,1,0,0,0,0,0,0,0,0,0,0
170408,2,1,0,0,0,0,0,0,0,0,0,0
170409,1,1,0,0,0,0,0,0,0,0,0,0
170410,1,1,0,0,0,0,0,0,0,0,0,0
170410,2,1,0,0,0,0,0,0,0,0,0,0
170410,3,1,0,0,0,0,0,0,0,0,0,0
170410,4,1,0,0,0,0,0,0,0,0,0,0
170410,5,1,0,0,0,0,0,0,0,0,0,0
170410,6,1,0,0,0,0,0,0,0,0,0,0
170411,0,1,0,15,0,0,0,0,0,0,0,0
170411,1,1,0,0,0,0,0,0,0,0,0,17
170412,1,1,9,9,9,9,9,9,9,9,9,9
170412,2,1,0,0,0,0,0,0,0,0,0,0
170413,0,1,0,0,0,0,0,0,0,0,0,0
170413,1,1,0,0,0,0,0,0,0,2,0,0