ST_CASE,VEH_NO,PER_NO,P1,P2,P3,P4,P5,P6,P7,P8,P9,P10
170714,1,1,0,0,0,0,0,0,0,0,0,0
170714,2,1,0,0,0,0,0,0,0,0,0,0
170715,1,1,0,0,0,0,0,0,0,0,0,0
170715,2,1,0,0,0,0,0,0,0,0,0,0
170716,1,1,0,0,0,0,0,0,0,0,0,0
170716,2,1,0,0,0,0,0,0,0,0,0,0
170717,1,1,0,0,0,0,0,0,0,0,0,0
170717,2,1,0,0,0,0,0,0,0,0,0,0
170718,0,1,0,0,0,0,0,0,0,0,0,0
170718,1,1,0,0,0,0,0,0,0,0,0,0
170719,1,1,23,23,23,23,23,23,23,23,23,23
170719,2,1,0,0,0,0,0,0,0,0,0,0
170720,1,1,8,8,8,8,8,8,8,8,8,8
170720,2,1,22,22,22,22,22,22,22,22,22,22
170721,1,1,0,0,0,0,0,0,0,0,0,0
170721,2,1,0,0,0,0,0,0,0,0,0,0
170722,0,1,2,2,2,2,2,2,2,2,2,2
170722,1,1,0,0,0,0,0,0,0,0,0,0
170723,1,1,0,0,0,0,0,0,0,0,0,0
170724,0,1,7,7,7,7,7,7,7,7,7,7
170724,1,1,0,0,0,0,0,0,0,0,0,0
170725,1,1,0,0,0,0,0,0,0,0,0,0
170725,2,1,0,0,0,0,0,0,0,0,0,0
170726,0,1,22,22,22,22,22,22,22,22,22,22
170726,1,1,31,11,13,9,19,10,37,10,11,12
170727,1,1,0,0,0,0,0,0,0,0,0,0
170728,1,1,18,18,18,18,18,18,18,18,18,18
170729,1,1,26,26,26,26,26,26,26,26,26,26
170730,1,1,11,11,11,11,11,11,11,11,11,11
170730,2,1,0,0,0,0,0,0,0,0,0,0
170730,3,1,0,0,0,0,0,0,0,0,0,0
170731,1,1,0,0,0,0,0,0,12,7,0,0
170731,2,1,3,3,3,3,3,3,3,3,3,3
170732,1,1,0,0,0,0,0,0,0,0,0,0
170732,2,1,0,0,0,0,0,0,0,0,0,0
170733,1,1,12,12,12,12,12,12,12,12,12,12
170734,1,1,34,34,34,34,34,34,34,34,34,34
170734,2,1,4,0,0,0,0,0,0,0,0,0
170735,1,1,0,0,0,0,0,0,0,0,0,0
170736,0,1,0,0,0,0,0,0,0,0,0,0
170736,1,1,0,0,0,0,0,0,0,0,0,0
170737,0,1,20,20,20,20,20,20,20,20,20,20
170737,1,1,0,0,0,0,0,0,0,0,0,0
170738,1,1,0,0,0,0,0,0,0,0,17,0
170739,0,1,19,19,19,19,19,19,19,19,19,19
170739,1,1,0,0,15,0,0,0,0,0,0,22
170740,1,1,0,0,0,0,0,0,0,0,0,0
170740,2,1,0,0,0,0,0,0,0,0,0,0
170741,1,1,28,28,28,28,28,28,28,28,28,28
170742,1,1,15,15,15,15,15,15,15,15,15,15
170743,1,1,0,0,0,0,0,0,0,0,0,0
170744,0,1,0,0,0,0,0,0,0,0,0,0
170744,1,1,0,0,0,0,0,0,0,0,0,0
170745,1,1,0,0,0,0,0,0,0,0,14,0
170746,0,1,0,0,0,0,0,0,0,0,0,0
170746,1,1,0,0,0,0,0,0,0,0,0,0
170747,1,1,6,6,6,6,6,6,6,6,6,6
170748,0,1,0,0,0,0,0,0,0,0,0,0
170748,1,1,6,0,0,0,0,0,0,0,0,0
170749,1,1,21,21,21,21,21,21,21,21,21,21
170749,2,1,19,19,19,19,19,19,19,19,19,19
170750,0,1,0,0,0,0,0,0,0,0,0,0
170750,1,1,0,0,0,0,0,0,0,0,0,0
170751,1,1,0,0,0,0,0,0,0,0,0,0
170752,1,1,0,0,0,0,0,0,0,0,0,0
170753,1,1,23,23,23,23,23,23,23,23,23,23
170753,2,1,0,0,0,0,0,0,0,0,0,0
170755,1,1,14,14,14,14,14,14,14,14,14,14
170756,1,1,6,6,6,6,6,6,6,6,6,6
170756,2,1,0,0,0,0,0,0,0,0,0,0
170757,1,1,25,25,25,25,25,25,25,25,25,25
170758,1,1,0,0,0,0,16,0,0,0,0,0
170758,2,1,0,0,0,0,0,0,0,0,0,0
170759,1,1,21,21,21,21,21,21,21,21,21,21
170760,0,1,0,0,0,0,0,0,0,0,0,0
170760,1,1,0,0,0,0,0,0,0,0,0,0
170761,1,1,0,0,6,3,7,12,5,0,0,0
170761,2,1,0,0,0,0,29,34,0,0,5,22
170762,1,1,0,0,0,0,0,0,0,0,0,0
170763,1,1,40,40,40,40,40,40,40,40,40,40
170764,1,1,12,12,12,12,12,12,12,12,12,12
170765,1,1,0,0,0,15,19,0,0,0,0,0
170766,0,1,0,0,0,0,0,0,0,0,0,0
170766,1,1,0,0,0,0,0,0,0,0,0,0
170767,1,1,0,0,0,0,0,0,0,0,0,0
170768,1,1,0,0,0,0,0,0,0,0,0,0
170769,1,1,0,0,0,0,0,0,0,0,0,0
170770,1,1,0,0,0,0,0,0,0,0,0,0
170771,0,1,2,2,2,2,2,2,2,2,2,2
170771,1,1,0,0,0,0,0,0,0,0,0,0
170772,0,1,24,24,24,24,24,24,24,24,24,24
170772,1,1,0,0,0,0,0,0,0,0,0,0
170773,1,1,20,20,20,20,20,20,20,20,20,20
170774,1,1,2,2,2,2,2,2,2,2,2,2
170774,2,1,0,0,0,0,0,0,0,0,0,0
170775,1,1,21,21,21,21,21,21,21,21,21,21
170776,1,1,12,0,0,0,0,0,24,0,0,0
170777,1,1,0,18,12,0,0,0,0,0,0,0
170777,2,1,0,0,0,0,0,0,0,0,0,0
170778,1,1,0,0,0,0,0,0,0,0,0,0
170779,1,1,0,0,13,0,0,15,0,0,0,0
170780,1,1,10,7,8,0,14,18,6,9,15,13
170781,1,1,0,0,0,0,0,0,0,0,0,0
170781,2,1,0,0,0,0,0,0,0,0,0,0
170782,1,1,1,1,1,1,1,1,1,1,1,1
170782,2,1,0,0,0,0,0,0,0,0,0,0
170783,0,1,0,5,0,0,0,0,0,0,0,0
170783,1,1,0,0,0,0,0,0,0,0,0,0
170783,2,1,0,0,0,0,0,0,0,0,0,0
170784,0,1,4,4,4,4,4,4,4,4,4,4
170784,1,1,8,0,0,0,0,0,0,0,0,0
170785,1,1,0,0,0,0,0,0,0,0,0,0
170785,2,1,0,0,0,0,0,0,0,0,0,0
170786,1,1,0,0,0,0,0,0,0,0,0,0
170786,2,1,0,0,0,0,0,0,0,0,0,0
170787,1,1,8,8,8,8,8,8,8,8,8,8
170787,2,1,0,0,0,0,0,0,0,0,0,0
170788,1,1,0,0,0,0,0,0,0,0,0,0
170788,2,1,0,0,0,0,0,0,0,0,0,0
170789,1,1,0,0,0,0,0,0,0,0,0,0
170790,0,1,9,9,9,9,9,9,9,9,9,9
170790,1,1,0,0,0,0,0,0,0,0,0,0
170791,0,1,0,0,0,0,0,0,0,0,0,0
170791,1,1,0,0,0,0,0,0,0,0,0,0
170791,2,1,17,16,0,0,28,14,24,37,0,0
170792,1,1,0,0,0,0,0,0,0,0,0,0
170792,2,1,0,0,0,0,0,0,0,0,0,0
170793,1,1,3,3,3,3,3,3,3,3,3,3
170795,1,1,0,0,0,0,0,0,0,0,0,0
170795,2,1,0,0,0,0,0,0,0,0,0,0
170796,1,1,0,0,0,0,0,0,0,0,0,0
170797,1,1,0,0,0,0,0,0,0,0,0,0
170798,0,1,0,0,0,0,0,0,0,0,0,0
170798,1,1,0,0,0,0,0,0,0,0,0,0
170799,1,1,20,20,20,20,20,20,20,20,20,20
170800,1,1,0,0,0,0,0,0,0,0,0,0
170800,2,1,0,0,0,0,0,0,0,0,0,0
170801,1,1,0,0,0,0,0,0,0,0,0,0
170801,2,1,0,0,0,0,0,0,0,0,0,0
170802,0,1,0,0,0,0,0,0,0,0,0,0
170802,1,1,0,0,0,0,0,0,0,0,0,0
170803,1,1,7,7,7,7,7,7,7,7,7,7
170804,0,1,0,0,0,0,0,0,0,0,0,0
170804,1,1,0,0,0,0,0,0,0,0,0,0
170805,1,1,10,10,10,10,10,10,10,10,10,10
170805,2,1,0,0,0,0,24,0,0,17,0,0
170806,0,1,26,26,26,26,26,26,26,26,26,26
170806,1,1,8,0,15,6,0,0,16,21,13,10
170807,1,1,0,0,0,0,0,0,0,0,0,0
170807,2,1,0,0,0,0,0,0,0,0,0,0
170808,0,1,0,0,0,0,0,0,0,0,0,0
170808,1,1,0,0,0,0,0,0,0,0,0,0
170809,1,1,22,22,22,22,22,22,22,22,22,22
170809,2,1,0,32,12,0,0,19,0,0,0,0
170810,1,1,0,0,0,0,0,0,0,0,0,0
170810,2,1,0,0,0,0,0,0,0,0,0,0
170811,1,1,0,0,0,0,0,0,0,0,0,0
170811,2,1,0,0,0,0,0,0,0,0,0,0
170812,0,1,32,0,0,0,0,0,0,0,0,0
170812,1,1,0,0,0,0,0,0,0,0,0,0
170812,2,1,0,0,0,0,0,5,0,0,0,0
170813,0,1,0,0,0,0,0,0,0,0,0,0
170813,1,1,0,0,0,0,0,0,0,0,0,0
170814,1,1,0,0,0,0,0,0,0,0,0,0
170814,2,1,0,0,0,0,0,0,0,0,0,0
170815,1,1,0,0,0,0,0,0,0,0,0,0
170816,1,1,0,0,0,0,0,0,0,0,0,0
170816,2,1,11,0,0,0,0,0,0,0,0,0
170818,1,1,19,19,19,19,19,19,19,19,19,19
170818,2,1,13,0,0,0,7,12,8,5,7,0
170819,1,1,30,30,30,30,30,30,30,30,30,30
170820,1,1,0,0,0,13,0,0,0,12,0,5
170821,1,1,20,29,22,17,22,16,11,19,21,8
170822,1,1,8,8,8,8,8,8,8,8,8,8
170823,1,1,6,0,0,0,24,0,0,10,0,0
170824,1,1,24,24,24,24,24,24,24,24,24,24
170825,1,1,0,0,0,0,0,0,0,0,0,0
170826,1,1,2,2,2,2,2,2,2,2,2,2
170827,1,1,13,13,23,12,28,22,10,19,19,22
170828,0,1,18,18,18,18,18,18,18,18,18,18
170828,1,1,0,0,0,0,0,0,0,0,0,0
170829,1,1,0,0,0,0,0,0,0,0,0,0
170829,2,1,0,0,0,0,0,0,0,0,0,0
170830,0,1,21,21,21,21,21,21,21,21,21,21
170830,1,1,0,0,0,0,0,0,0,0,0,0
170831,1,1,17,17,17,17,17,17,17,17,17,17
170831,2,1,0,0,0,0,0,0,0,0,0,0
170832,1,1,0,13,0,0,0,7,0,0,0,32
170832,2,1,0,0,0,0,0,0,0,0,0,0
170833,1,1,0,0,0,0,0,0,0,0,0,0
170833,2,1,0,0,0,0,0,0,0,0,0,0
170834,1,1,0,0,0,24,0,0,0,0,11,0
170834,2,1,0,0,24,0,0,0,0,0,15,0
170836,1,1,6,0,6,0,26,0,8,0,9,20
170836,2,1,0,23,0,0,0,0,24,0,0,0
170837,0,1,12,12,12,12,12,12,12,12,12,12
170837,1,1,0,0,0,0,0,0,0,0,0,0
170838,1,1,30,30,30,30,30,30,30,30,30,30
170839,0,1,0,0,0,0,0,0,0,0,0,0
170839,1,1,0,0,0,0,0,0,0,0,0,0
170840,1,1,0,0,0,0,0,0,0,0,0,0
170840,2,1,0,0,0,0,0,0,0,0,0,0
170842,1,1,0,0,0,0,0,0,0,0,0,0
170842,2,1,0,0,0,0,0,0,0,0,0,0
170843,0,1,0,0,0,0,0,5,0,12,0,0
170843,1,1,0,0,0,0,0,0,0,0,0,0
170844,1,1,16,17,9,12,8,41,0,0,0,7
170845,1,1,0,0,0,0,0,0,0,0,0,0
170846,1,1,17,17,17,17,17,17,17,17,17,17
170847,1,1,13,13,13,13,13,13,13,13,13,13
170848,1,1,0,0,0,0,0,0,0,0,16,0
170849,1,1,19,19,19,19,19,19,19,19,19,19
170849,2,1,0,0,0,0,0,0,0,0,0,0
170850,1,1,0,11,0,0,15,10,0,0,0,16
170850,2,1,20,26,16,0,21,0,12,0,0,0
170851,1,1,0,0,0,0,0,0,0,0,0,0
170852,1,1,0,0,0,0,0,0,0,0,0,0
170852,2,1,0,0,0,0,0,0,0,0,0,0
170853,0,1,0,0,0,0,0,0,0,0,0,0
170853,1,1,0,0,0,0,0,0,0,0,0,13
170854,1,1,2,0,0,0,0,0,0,0,0,0
170854,2,1,0,0,0,0,0,0,0,0,0,0
170855,1,1,0,0,0,0,0,0,0,0,0,0
170855,2,1,0,0,0,0,0,0,0,0,0,0
170856,1,1,18,18,18,18,18,18,18,18,18,18
170856,2,1,0,0,0,0,0,0,0,0,0,0
170857,1,1,7,7,7,7,7,7,7,7,7,7
170858,1,1,11,11,11,11,11,11,11,11,11,11
170858,2,1,0,0,0,0,0,0,0,0,0,0
170859,1,1,0,0,0,0,0,0,0,0,0,0
170860,1,1,0,0,0,0,0,0,0,0,0,0
170861,1,1,17,17,17,17,17,17,17,17,17,17
170862,1,1,5,5,5,5,5,5,5,5,5,5
170863,0,1,0,0,0,0,0,0,0,0,0,0
170863,1,1,0,0,0,0,0,0,0,0,0,0
170864,1,1,0,0,0,0,0,0,0,0,0,0
170864,2,1,0,0,0,0,0,0,0,0,0,0
170865,0,1,22,0,0,0,0,0,0,0,0,0
170865,1,1,0,0,21,11,0,0,0,0,0,0
170866,1,1,0,0,0,0,0,0,0,0,0,0
170867,1,1,11,11,11,11,11,11,11,11,11,11
170868,1,1,11,19,8,14,15,9,7,19,7,19
170868,2,1,7,13,11,15,17,7,0,22,22,23
170869,1,1,0,0,0,0,0,0,0,0,0,0
170870,1,1,0,10,0,18,0,0,20,0,0,0
170871,1,1,2,2,2,2,2,2,2,2,2,2
170872,1,1,0,0,0,0,0,0,0,0,0,0
170872,2,1,10,0,0,0,0,0,0,0,0,0
170873,0,1,0,0,0,0,0,0,0,0,0,0
170873,1,1,0,0,0,0,0,17,0,0,0,0
170874,1,1,20,20,20,20,20,20,20,20,20,20
170874,3,1,0,17,0,36,0,33,10,0,17,15
170875,0,1,0,0,0,0,0,0,0,0,0,0
170875,1,1,0,0,0,0,0,0,0,0,0,0
170876,1,1,0,0,0,0,0,0,0,0,0,0
170877,0,1,24,24,24,24,24,24,24,24,24,24
170877,1,1,0,0,0,0,0,0,0,0,0,0
170878,1,1,0,0,0,0,0,0,0,0,0,0
170878,2,1,0,0,0,0,0,0,0,0,0,0
170879,1,1,0,0,0,0,0,0,0,0,0,0
170880,1,1,0,0,0,9,0,9,0,0,16,0
170881,1,1,5,5,5,5,5,5,5,5,5,5
170882,1,1,23,23,23,23,23,23,23,23,23,23
170883,1,1,0,0,0,0,3,26,0,0,0,0
170883,2,1,0,0,0,0,0,0,0,0,0,0
170884,0,1,19,19,19,19,19,19,19,19,19,19
170884,1,1,0,0,0,0,0,0,0,0,0,0
170885,1,1,0,7,10,6,27,18,43,0,23,14
170885,2,1,25,20,5,4,17,11,19,17,21,22
170886,1,1,20,20,20,20,20,20,20,20,20,20
170887,1,1,0,0,0,0,0,0,0,0,0,0
170888,0,1,29,29,29,29,29,29,29,29,29,29
170888,1,1,0,0,0,0,0,0,0,7,0,0
170888,2,1,0,0,15,0,0,0,0,0,0,18
170889,1,1,0,0,0,0,0,0,0,0,0,0
170889,2,1,0,0,0,0,0,0,0,0,0,0
170890,1,1,0,0,0,0,0,0,0,0,0,0
170891,0,1,0,0,0,0,0,0,15,30,0,0
170891,1,1,0,0,0,0,0,0,0,0,0,0
170892,1,1,0,0,0,0,0,0,0,0,0,0
170892,2,1,0,0,0,0,0,0,0,0,0,0
170893,0,1,0,0,0,0,0,0,0,0,0,0
170893,1,1,0,0,0,0,0,0,0,0,0,0
170893,2,1,0,0,0,15,0,0,0,0,0,0
170894,0,1,0,0,0,0,0,0,0,0,0,0
170894,1,1,0,7,13,13,13,9,16,33,0,0
170895,1,1,14,14,14,14,14,14,14,14,14,14
170895,2,1,17,17,17,17,17,17,17,17,17,17
170896,1,1,16,16,16,16,16,16,16,16,16,16
170897,0,1,17,17,17,17,17,17,17,17,17,17
170897,1,1,0,0,0,0,0,0,0,0,0,0
170898,0,1,0,27,19,0,0,31,0,0,0,15
170898,1,1,0,0,0,0,0,13,0,0,0,2
170899,0,1,21,21,21,21,21,21,21,21,21,21
170899,1,1,0,0,0,0,0,0,0,0,0,0
170899,2,1,0,0,0,0,0,22,0,0,0,0
170900,1,1,0,0,0,0,0,0,0,0,0,0
170900,2,1,23,0,0,0,0,0,0,0,0,0
170901,1,1,0,0,12,0,0,0,0,0,0,0
170901,2,1,0,0,0,0,0,0,0,0,0,0
170902,1,1,0,0,0,0,0,0,0,0,0,0
170903,1,1,25,25,25,25,25,25,25,25,25,25
170904,1,1,17,17,17,17,17,17,17,17,17,17
170905,1,1,0,0,0,0,0,0,0,0,0,0
170905,2,1,0,0,0,0,0,0,0,0,0,0
170905,3,1,0,0,13,0,0,13,0,0,0,0
170905,4,1,0,0,7,0,0,0,0,0,0,0
170905,5,1,35,0,0,0,0,0,0,0,0,0
170906,1,1,0,0,0,0,0,0,0,0,0,0
170906,2,1,0,0,0,0,0,0,0,0,0,0
170907,0,1,0,0,0,0,0,0,0,0,0,0
170907,1,1,0,0,0,0,0,0,0,0,0,0
170908,1,1,0,0,0,0,0,0,0,0,0,0
170908,2,1,0,0,0,0,0,0,0,0,0,6
170909,1,1,20,20,20,20,20,20,20,20,20,20
170909,2,1,0,0,0,0,0,0,0,0,0,0
170910,1,1,16,16,16,16,16,16,16,16,16,16
170910,2,1,0,0,0,0,0,0,0,0,0,0
170911,1,1,26,26,10,15,29,13,11,45,3,15
170912,1,1,0,0,0,0,0,0,0,0,13,0
170912,2,1,0,0,0,0,0,0,0,0,0,0
170913,1,1,0,0,0,0,0,0,0,0,0,0
170914,0,1,0,0,0,0,0,0,0,0,0,0
170914,1,1,0,0,0,0,0,0,0,0,0,0
170915,1,1,0,0,0,0,0,0,0,0,0,0
170915,2,1,0,0,0,0,0,0,0,0,0,0
170916,1,1,14,14,14,14,14,14,14,14,14,14
170916,2,1,0,0,0,0,0,0,0,0,0,0
170917,0,1,0,0,16,0,0,0,0,0,25,0
170917,1,1,0,0,0,0,0,0,3,0,0,0
170918,0,1,0,0,0,0,0,0,0,0,0,0
170918,1,1,0,0,0,0,0,0,0,0,0,0
170919,1,1,0,0,0,0,0,0,0,0,0,0
170919,2,1,0,21,0,0,0,0,23,0,0,0
170920,1,1,30,30,30,30,30,30,30,30,30,30
170920,2,1,0,0,0,0,28,0,0,0,0,0
170921,1,1,0,0,0,0,0,0,0,0,0,0
170921,2,1,0,0,0,0,0,0,0,0,0,0
170922,1,1,0,0,0,0,0,35,0,26,0,13
170922,2,1,0,0,0,0,0,0,0,0,0,0
170923,1,1,20,20,20,20,20,20,20,20,20,20
170924,1,1,33,0,0,0,0,0,0,0,0,0
170924,2,1,0,0,0,0,0,0,0,0,0,0
170925,1,1,0,0,0,0,0,0,0,0,0,0
170926,1,1,0,0,0,0,0,0,0,0,0,0
170926,2,1,0,0,0,0,0,0,0,0,0,0
170926,3,1,0,0,0,0,0,0,0,0,0,0
170927,1,1,0,0,0,0,0,0,0,0,0,0
170927,2,1,0,0,0,0,0,13,24,0,0,0
170927,3,1,0,0,0,0,28,0,20,0,0,9
170928,1,1,25,25,25,25,25,25,25,25,25,25
170929,0,1,32,32,32,32,32,32,32,32,32,32
170929,1,1,0,0,0,0,0,0,17,0,0,29
170930,1,1,0,0,0,0,0,0,0,0,0,0
170930,2,1,16,16,16,16,16,16,16,16,16,16
170931,1,1,11,11,11,11,11,11,11,11,11,11
170931,2,1,0,0,13,0,10,0,0,0,0,0
170931,3,1,0,0,11,0,0,0,0,0,0,0
170932,1,1,19,19,19,19,19,19,19,19,19,19
170933,1,1,0,0,0,0,0,0,0,0,7,0
170933,2,1,0,0,0,0,0,0,0,0,0,0
170933,3,1,0,0,0,0,0,0,0,0,0,0
170933,4,1,0,0,0,0,0,0,0,0,0,0
170934,1,1,0,0,0,0,0,0,0,0,0,0
170934,2,1,0,0,0,0,0,0,0,0,0,0
170935,1,1,0,0,0,0,0,0,0,0,0,0
170935,2,1,0,0,0,0,0,0,0,0,0,0
170936,1,1,8,8,8,8,8,8,8,8,8,8
170937,1,1,21,21,21,21,21,21,21,21,21,21
170938,1,1,0,0,0,0,0,0,0,0,0,0
170938,2,1,0,0,0,0,0,0,0,0,0,0
170939,1,1,0,0,0,0,0,0,0,0,0,0
170939,2,1,0,0,0,0,0,0,0,0,0,0
170941,1,1,0,0,0,0,0,0,0,0,0,0
170942,0,1,0,0,0,0,0,0,0,0,0,0
170942,2,1,0,0,0,0,0,0,0,0,0,0
170943,1,1,5,5,5,5,5,5,5,5,5,5
170943,2,1,0,0,0,0,0,0,0,0,0,0
170943,3,1,0,0,0,0,0,0,0,0,0,0
170944,1,1,5,5,5,5,5,5,5,5,5,5
170944,2,1,0,0,0,0,0,0,0,0,0,0
170945,0,1,0,0,0,0,0,0,0,0,0,0
170945,1,1,15,0,18,21,0,0,0,15,0,10
170946,0,1,0,0,0,0,0,0,0,0,0,0
170946,1,1,0,0,0,0,0,0,0,0,0,0
170947,1,1,0,0,0,0,0,0,0,0,0,0
170948,0,1,0,0,0,0,0,0,0,0,0,0
170948,1,1,0,0,0,0,0,0,0,0,0,0
170948,2,1,0,0,18,0,0,5,0,0,0,20
170949,1,1,22,22,22,22,22,22,22,22,22,22
170950,1,1,0,0,0,0,0,0,0,0,0,0
170951,0,1,0,0,0,0,0,0,0,0,0,0
170951,1,1,0,0,0,0,0,0,0,0,0,0
170952,0,1,0,0,0,0,0,0,0,0,0,0
170952,1,1,0,0,0,0,0,0,0,0,0,0
170953,1,1,0,0,0,0,0,0,0,0,0,0
170954,0,1,0,0,0,0,0,0,0,0,0,0
170954,1,1,0,0,0,0,0,0,0,27,0,0
170954,2,1,0,0,0,0,0,0,21,0,24,0
170954,3,1,0,0,0,0,23,14,0,0,0,4
170955,0,1,0,0,0,0,0,0,0,0,0,0
170955,1,1,0,0,0,0,0,0,0,0,0,0
170956,1,1,18,18,18,18,18,18,18,18,18,18
170956,2,1,0,0,0,0,0,0,0,0,0,0
170956,3,1,17,17,17,17,17,17,17,17,17,17
170957,0,1,9,9,9,9,9,9,9,9,9,9
170957,1,1,17,7,11,14,0,0,0,20,0,0
170958,1,1,27,11,0,0,21,0,0,0,0,0
170959,0,1,9,9,9,9,9,9,9,9,9,9
170959,1,1,24,0,0,25,8,20,8,9,0,13
170960,1,1,0,0,0,0,0,0,0,0,0,0
170961,0,1,0,0,0,0,0,0,0,8,23,0
170961,1,1,0,0,0,0,0,0,0,9,6,11
170962,0,1,13,13,13,13,13,13,13,13,13,13
170962,1,1,0,14,0,0,0,10,0,15,0,17
170963,0,1,0,0,0,0,0,0,0,0,0,0
170963,1,1,19,0,0,0,0,20,4,7,0,0
170964,0,1,0,0,0,0,0,0,0,0,0,0
170964,1,1,7,0,9,0,12,0,17,0,0,0
170965,1,1,0,15,0,0,0,0,0,0,0,0
170966,0,1,0,0,0,0,0,0,0,0,0,0
170966,1,1,12,15,3,0,16,7,0,19,26,12
170967,0,1,30,30,30,30,30,30,30,30,30,30
170967,1,1,0,0,4,0,0,0,0,0,0,0
170968,1,1,0,12,26,0,34,0,35,41,0,14
170968,2,1,13,13,7,0,0,27,0,16,23,13
170969,1,1,0,0,0,0,0,0,0,0,0,0
170970,1,1,14,9,21,0,26,26,19,22,11,12
170970,2,1,0,0,0,0,0,0,0,0,0,0
170970,3,1,0,0,0,0,0,0,0,0,0,0
170971,1,1,45,16,0,23,0,24,6,0,0,10
170971,2,1,0,0,0,0,0,0,0,0,0,0
170972,0,1,0,0,0,0,0,0,0,0,0,0
170972,1,1,42,14,0,18,11,22,0,0,0,15
170973,1,1,15,6,0,0,0,0,0,16,0,9
170973,2,1,0,0,0,0,0,0,0,0,0,0
170973,3,1,0,0,0,0,0,30,0,0,0,0
170973,4,1,0,0,0,0,0,0,0,0,0,0
170974,0,1,34,34,34,34,34,34,34,34,34,34
170974,1,1,0,22,0,20,0,0,7,9,0,0
170975,1,1,0,0,0,0,0,0,0,0,0,0
170976,0,1,17,17,17,17,17,17,17,17,17,17
170976,1,1,0,0,0,0,23,0,0,0,0,0
170977,1,1,1,1,1,1,1,1,1,1,1,1
170977,2,1,0,0,0,0,0,0,0,11,0,0
170977,3,1,0,0,0,11,5,0,0,0,0,0
170978,1,1,0,0,0,0,0,0,0,0,0,0
170978,2,1,0,0,0,0,0,0,0,10,14,0
170979,1,1,7,0,0,0,0,0,10,0,18,15
170979,2,1,0,11,10,31,14,0,5,9,0,0
170980,1,1,0,5,37,0,0,0,0,0,0,17
170980,2,1,0,0,0,21,33,0,0,12,13,0
170981,1,1,15,15,15,15,15,15,15,15,15,15
170982,1,1,0,0,0,0,0,0,0,0,0,0
170983,0,1,0,0,0,0,0,0,0,0,0,0
170983,1,1,0,0,0,0,0,0,0,0,0,0
170984,1,1,26,26,26,26,26,26,26,26,26,26
180001,1,1,5,19,22,0,0,0,0,0,15,0
180002,1,1,0,0,0,0,0,0,0,0,0,0
180002,2,1,0,0,0,0,0,0,0,0,0,0
180003,1,1,0,0,0,0,0,0,0,0,0,0
180003,2,1,0,0,0,0,0,0,0,0,0,0
180004,1,1,0,0,0,0,0,0,0,0,0,0
180005,0,1,31,0,0,0,0,0,0,0,0,0
180005,1,1,11,0,0,0,0,0,0,0,0,0
180006,1,1,0,0,0,0,0,0,0,0,0,0
180006,2,1,0,0,0,0,0,0,0,0,0,0
180007,1,1,0,0,0,0,0,0,0,0,0,0
180007,2,1,0,0,0,0,0,0,0,0,0,0
180007,3,1,0,0,0,0,0,0,0,0,0,0
180007,4,1,0,0,0,0,0,0,0,0,0,0
180008,0,1,19,19,19,19,19,19,19,19,19,19
180008,1,1,0,12,0,0,0,7,16,0,18,26
180009,1,1,7,7,7,7,7,7,7,7,7,7
180010,1,1,0,0,0,0,0,0,0,0,0,0
180010,2,1,0,0,0,0,0,0,0,0,0,0
180011,0,1,0,31,0,0,0,28,13,5,0,0
180011,1,1,0,0,0,0,0,0,0,0,0,0
180012,0,1,0,0,0,0,0,0,0,0,0,0
180012,1,1,0,0,0,0,0,0,0,0,0,0
180013,1,1,0,0,0,0,0,0,0,0,0,0
180014,1,1,0,0,0,0,0,0,0,0,0,0
180015,1,1,15,0,0,0,0,0,0,0,0,0
180015,2,1,0,0,0,0,17,0,0,0,0,0
180016,0,1,0,0,0,0,0,10,0,0,0,0
180016,1,1,0,0,0,0,27,18,20,0,13,0
180017,1,1,0,0,0,0,0,0,0,0,0,0
180017,2,1,0,0,0,0,0,0,0,16,0,0
180018,1,1,0,0,0,0,0,0,0,0,0,0
180018,2,1,0,0,0,0,0,0,0,0,0,0
180019,1,1,0,0,0,0,0,0,0,0,0,0
180020,1,1,0,0,0,0,0,0,0,0,0,0
180021,1,1,0,0,0,0,0,0,0,0,0,0
180022,1,1,0,0,0,0,0,0,0,0,0,0
180022,2,1,0,0,0,14,0,0,0,0,0,0
180023,1,1,0,0,0,0,0,0,0,0,0,0
180023,2,1,0,0,0,0,0,0,0,0,0,0
180023,3,1,0,0,0,0,0,0,0,0,0,0
180023,4,1,6,6,6,6,6,6,6,6,6,6
180024,1,1,23,23,23,23,23,23,23,23,23,23
180025,1,1,0,0,0,0,0,0,0,0,0,0
180025,2,1,0,0,0,0,0,0,0,0,0,0
180027,1,1,31,31,31,31,31,31,31,31,31,31
180027,2,1,0,0,0,0,0,0,0,0,0,0
180028,1,1,0,0,0,0,0,0,0,0,0,0
180029,1,1,0,0,0,0,0,0,0,0,0,0
180030,1,1,0,0,0,0,0,0,0,0,0,0
180031,1,1,0,0,0,0,0,0,0,0,0,0