ST_CASE,VEH_NO,PER_NO,P1,P2,P3,P4,P5,P6,P7,P8,P9,P10
180031,2,1,0,0,0,0,0,0,0,0,0,0
180032,1,1,0,0,0,0,0,0,0,0,0,0
180032,2,1,0,0,0,0,0,0,0,0,0,0
180033,1,1,23,12,9,0,16,11,20,0,11,19
180034,0,1,0,0,0,0,0,0,0,24,0,0
180034,1,1,0,0,0,0,0,0,0,0,0,0
180035,1,1,0,0,0,0,0,0,0,0,0,0
180035,2,1,0,0,0,0,0,0,0,0,0,0
180035,3,1,0,0,0,0,0,0,0,26,0,0
180036,0,1,0,25,0,21,0,0,0,15,0,0
180037,1,1,11,15,14,18,23,24,4,7,21,12
180038,1,1,24,24,24,24,24,24,24,24,24,24
180038,2,1,0,0,0,0,0,0,0,0,0,0
180039,1,1,0,0,0,0,0,0,0,0,0,0
180039,2,1,0,0,0,0,0,0,0,0,0,9
180039,3,1,0,0,0,0,0,0,0,0,0,0
180039,4,1,0,17,0,0,0,0,0,0,24,0
180039,5,1,0,0,7,0,0,7,0,0,0,0
180039,6,1,0,0,0,17,0,0,0,0,0,0
180040,1,1,18,0,6,0,0,11,0,0,0,31
180041,1,1,0,0,0,0,0,0,0,0,0,0
180041,2,1,0,0,12,0,0,4,0,26,0,16
180042,1,1,0,0,0,0,0,0,28,0,0,25
180042,2,1,0,0,0,0,0,0,0,0,0,0
180043,1,1,0,0,0,0,0,0,0,0,0,0
180043,2,1,0,0,0,0,0,0,0,0,0,0
180044,1,1,20,20,20,20,20,20,20,20,20,20
180045,1,1,0,0,0,0,0,0,0,0,0,0
180045,2,1,0,0,0,0,0,0,0,0,0,0
180046,1,1,4,11,49,22,14,12,20,21,10,35
180046,2,1,13,0,12,0,0,0,0,11,0,14
180050,1,1,0,0,0,0,0,0,0,0,0,0
180051,1,1,0,0,0,0,0,0,0,0,0,0
180052,1,1,0,0,0,0,0,0,0,0,0,0
180053,1,1,25,17,36,33,27,7,36,5,0,21
180054,1,1,23,23,23,23,23,23,23,23,23,23
180055,1,1,0,0,0,0,0,0,0,0,0,0
180056,1,1,0,0,0,0,0,0,0,0,0,0
180057,1,1,0,0,0,0,0,0,0,0,0,0
180058,1,1,0,22,0,0,21,0,0,0,0,0
180058,2,1,0,0,0,0,0,0,0,0,0,16
180058,3,1,0,0,0,0,0,0,0,0,0,0
180060,1,1,0,5,0,38,23,0,0,6,0,0
180060,2,1,0,0,0,0,0,0,0,0,0,0
180061,1,1,0,0,24,0,0,0,0,0,0,0
180061,2,1,0,0,0,0,0,0,0,0,0,0
180061,3,1,0,0,0,0,0,0,0,0,0,0
180062,1,1,18,18,18,18,18,18,18,18,18,18
180063,1,1,0,0,0,0,14,0,0,0,10,0
180064,1,1,0,0,0,0,0,0,0,0,0,0
180064,2,1,0,0,0,0,0,0,0,0,0,0
180065,1,1,21,0,0,0,31,0,20,0,0,6
180066,1,1,0,0,0,0,0,0,0,0,0,0
180066,2,1,0,0,0,0,0,0,0,0,0,0
180067,1,1,11,0,0,0,0,0,0,0,23,0
180067,2,1,0,0,0,0,0,0,0,0,0,0
180068,1,1,0,0,0,0,0,23,0,0,21,0
180068,2,1,0,0,0,0,0,0,0,0,0,0
180069,0,1,0,18,14,0,0,0,36,0,0,0
180069,1,1,0,0,18,21,0,8,0,0,16,0
180070,1,1,0,0,0,0,0,0,0,0,0,0
180070,2,1,0,0,0,0,0,0,8,0,8,18
180070,3,1,0,0,0,0,0,0,0,0,0,0
180071,1,1,0,0,0,0,22,0,0,0,0,0
180072,1,1,0,0,0,0,0,0,0,0,0,0
180072,2,1,0,0,0,0,0,0,0,0,0,0
180073,1,1,0,0,0,0,0,0,0,0,0,0
180073,2,1,0,0,0,0,0,0,0,0,0,0
180074,1,1,0,0,0,0,0,0,0,0,0,0
180075,1,1,0,0,0,0,0,0,0,0,0,0
180075,2,1,0,0,0,0,0,0,0,0,0,0
180076,1,1,0,0,0,0,0,0,0,0,0,0
180077,1,1,18,18,18,18,18,18,18,18,18,18
180079,1,1,10,0,0,0,0,0,25,0,0,0
180080,0,1,0,0,0,0,0,0,0,0,0,0
180080,1,1,0,0,0,0,0,0,0,0,0,0
180081,1,1,19,19,19,19,19,19,19,19,19,19
180082,0,1,15,5,18,15,23,10,5,28,10,19
180082,1,1,0,0,0,0,0,0,0,0,0,0
180083,1,1,0,0,0,0,0,0,0,0,0,0
180083,2,1,0,0,0,0,0,0,0,0,0,0
180084,1,1,0,0,0,0,0,0,0,0,0,0
180084,2,1,0,0,0,0,0,0,0,0,0,0
180085,1,1,0,0,0,0,0,0,0,0,0,0
180086,1,1,8,8,8,8,8,8,8,8,8,8
180087,1,1,0,0,0,0,0,0,0,0,0,0
180087,2,1,0,0,0,0,0,0,0,0,0,0
180088,1,1,20,20,20,20,20,20,20,20,20,20
180088,2,1,0,0,0,0,0,0,18,0,0,0
180089,0,1,0,0,32,0,18,0,0,0,0,7
180089,1,1,0,0,0,0,0,0,0,0,0,0
180090,1,1,21,21,21,21,21,21,21,21,21,21
180090,2,1,0,0,0,0,0,0,0,0,12,0
180091,1,1,0,0,0,0,0,0,0,0,0,0
180091,2,1,0,0,0,0,0,0,0,0,0,0
180092,1,1,0,0,0,0,0,0,0,0,0,0
180092,2,1,0,0,0,0,0,0,0,0,0,0
180093,1,1,0,11,0,0,0,0,0,0,0,0
180093,2,1,0,0,0,0,0,0,0,0,0,0
180094,0,1,0,0,0,0,0,0,0,0,0,26
180094,1,1,0,14,0,0,0,0,0,0,0,0
180095,0,1,0,18,24,0,22,0,0,27,0,0
180095,1,1,32,32,32,32,32,32,32,32,32,32
180096,1,1,0,0,0,0,0,0,5,0,0,0
180096,2,1,0,0,0,20,0,0,0,0,0,19
180096,3,1,0,0,0,0,0,0,0,0,0,0
180096,4,1,0,0,0,0,0,0,0,0,0,0
180096,5,1,0,0,5,0,0,0,0,0,0,0
180097,1,1,0,0,0,0,0,0,0,0,0,0
180098,0,1,11,0,0,0,0,26,19,0,0,0
180098,0,2,29,22,0,0,0,0,0,0,0,0
180098,1,1,0,0,0,0,0,0,0,0,0,0
180099,1,1,0,0,0,0,22,0,0,0,0,0
180100,1,1,0,0,0,0,0,0,0,0,0,10
180101,1,1,0,0,0,0,0,0,0,0,0,0
180102,1,1,14,14,14,14,14,14,14,14,14,14
180103,1,1,0,0,0,0,0,0,0,0,0,0
180103,2,1,22,22,22,22,22,22,22,22,22,22
180104,1,1,24,24,24,24,24,24,24,24,24,24
180105,1,1,0,24,26,14,32,20,16,20,25,13
180105,2,1,0,0,0,0,0,0,0,0,0,0
180106,1,1,0,0,0,0,0,0,0,0,8,0
180107,1,1,0,0,0,0,0,0,0,0,0,0
180107,2,1,0,0,0,0,0,0,0,0,0,0
180108,0,1,19,0,0,0,0,0,0,0,13,0
180108,0,2,0,23,0,0,0,0,16,19,0,0
180108,1,1,0,0,4,0,0,22,15,13,0,18
180109,0,1,0,0,0,0,0,0,0,0,0,0
180109,0,2,0,0,0,0,0,0,14,0,0,0
180109,1,1,19,19,19,19,19,19,19,19,19,19
180110,1,1,0,0,0,0,0,0,0,0,0,0
180110,2,1,0,0,0,0,0,0,0,0,0,0
180111,1,1,11,0,0,0,0,0,0,0,0,0
180113,1,1,0,0,0,0,23,18,0,2,0,0
180114,1,1,20,11,0,0,0,0,0,0,37,18
180115,1,1,0,0,0,0,0,0,0,0,0,0
180115,2,1,0,0,0,0,0,0,0,0,0,0
180116,1,1,0,0,0,0,0,0,0,0,0,0
180116,2,1,0,0,0,0,0,0,0,0,0,0
180117,1,1,20,19,0,0,0,15,0,0,0,0
180119,1,1,0,0,0,0,0,0,0,21,0,0
180120,1,1,0,0,23,0,24,0,0,13,0,14
180121,1,1,0,0,0,0,0,0,0,0,0,0
180122,1,1,0,0,0,0,0,0,0,0,9,24
180123,1,1,0,0,0,0,0,0,0,0,0,0
180124,1,1,7,15,15,0,0,0,0,0,0,17
180124,2,1,1,1,1,1,1,1,1,1,1,1
180125,0,1,0,0,6,0,0,0,18,0,0,0
180125,1,1,0,0,0,21,0,0,0,0,0,0
180126,1,1,0,0,0,0,0,0,0,0,0,16
180126,2,1,0,0,4,0,0,0,0,0,0,12
180127,1,1,0,0,0,0,0,0,0,0,0,0
180128,1,1,7,0,0,0,0,0,30,0,0,0
180129,1,1,0,0,0,0,0,0,0,0,0,0
180129,2,1,0,0,0,0,0,0,0,0,0,0
180130,0,1,0,0,0,0,0,0,0,0,0,0
180130,1,1,0,0,0,0,0,0,0,0,0,0
180131,0,1,0,0,0,0,0,7,15,0,18,0
180131,1,1,0,0,0,0,0,0,0,0,0,0
180132,0,1,0,0,0,0,0,0,0,0,0,0
180132,1,1,0,25,0,0,0,0,0,0,0,0
180133,0,1,22,22,22,22,22,22,22,22,22,22
180133,1,1,0,0,11,0,0,0,0,21,17,0
180135,1,1,0,0,0,0,0,0,0,0,0,0
180135,2,1,0,0,0,0,0,0,0,0,0,0
180136,1,1,23,23,23,23,23,23,23,23,23,23
180137,1,1,0,0,0,0,0,0,0,0,0,0
180137,2,1,0,0,0,0,0,0,0,0,0,0
180138,1,1,0,0,0,26,0,0,0,0,0,0
180139,1,1,0,0,0,0,0,0,0,11,11,0
180140,1,1,0,30,0,0,28,0,15,16,0,0
180141,0,1,0,13,0,22,0,0,0,0,0,0
180141,1,1,0,0,0,0,0,0,0,0,0,0
180142,0,1,0,0,0,7,19,0,0,0,0,9
180142,1,1,0,0,0,0,0,0,0,0,0,0
180143,0,1,33,33,33,33,33,33,33,33,33,33
180143,1,1,0,0,0,0,0,0,0,0,0,0
180144,1,1,0,0,0,0,0,0,0,0,0,0
180144,2,1,0,0,0,0,0,0,0,0,0,0
180145,1,1,0,0,0,0,20,0,0,0,0,0
180145,2,1,0,0,0,0,0,0,0,0,0,0
180146,1,1,0,0,0,18,0,0,5,0,0,0
180147,1,1,0,0,0,0,0,0,0,0,0,8
180148,1,1,0,0,0,0,0,0,0,0,0,0
180149,1,1,0,0,0,0,0,0,0,0,0,0
180150,1,1,0,0,0,0,0,0,0,0,0,0
180151,0,1,22,22,22,22,22,22,22,22,22,22
180151,1,1,0,0,0,0,0,0,0,0,0,0
180152,0,1,0,0,0,0,9,0,0,16,0,0
180152,2,1,0,19,7,45,0,0,37,28,12,0
180153,1,1,27,27,27,27,27,27,27,27,27,27
180153,2,1,0,0,0,0,0,0,0,0,0,0
180153,3,1,0,0,0,0,0,42,0,0,0,0
180154,1,1,0,0,0,0,0,0,0,0,0,0
180154,2,1,0,0,0,0,0,0,0,0,0,0
180154,3,1,15,0,0,0,0,0,0,0,0,0
180155,0,1,0,0,0,0,0,0,0,24,0,0
180155,1,1,0,0,0,0,0,0,0,0,0,0
180155,2,1,0,0,0,0,0,0,0,0,0,0
180156,1,1,0,0,0,0,0,0,0,0,0,0
180156,2,1,0,0,0,4,0,0,1,15,0,0
180157,1,1,0,10,0,0,28,0,0,0,0,4
180157,2,1,0,0,0,0,0,0,0,0,0,0
180158,1,1,0,0,0,0,0,0,0,0,0,0
180159,1,1,9,0,0,0,0,0,0,0,0,0
180159,2,1,0,0,0,0,0,0,0,0,0,0
180160,1,1,0,0,18,15,0,0,0,0,0,0
180161,1,1,0,0,0,0,0,0,0,0,0,0
180161,2,1,16,16,16,16,16,16,16,16,16,16
180162,0,1,0,0,10,10,2,26,0,16,0,22
180162,1,1,0,0,0,0,0,11,0,17,0,0
180163,1,1,0,0,0,0,0,0,0,0,0,0
180163,2,1,0,0,0,0,0,0,0,0,0,0
180164,1,1,0,0,0,0,0,0,0,0,0,10
180164,2,1,0,0,0,0,0,0,0,0,0,0
180165,1,1,0,0,0,0,0,0,0,0,0,0
180166,1,1,24,17,26,33,0,0,0,12,0,0
180167,1,1,0,0,0,0,0,0,19,0,0,27
180168,1,1,0,32,0,0,14,0,19,0,0,0
180169,1,1,0,0,0,0,0,0,0,0,0,0
180169,2,1,0,0,0,0,0,0,0,0,0,0
180170,1,1,0,0,0,0,0,0,0,0,0,0
180171,0,1,15,14,0,0,36,0,19,0,0,0
180171,1,1,0,0,0,0,0,0,0,0,0,0
180172,1,1,0,0,0,0,0,0,0,0,0,0
180172,2,1,0,0,0,0,0,0,0,0,0,0
180172,3,1,0,0,0,0,0,0,0,0,0,0
180172,4,1,0,0,0,0,0,0,0,0,15,0
180172,5,1,0,0,0,0,0,0,0,0,0,0
180172,6,1,0,0,0,0,0,0,0,0,0,0
180173,0,1,0,0,32,0,0,0,0,0,0,0
180173,1,1,0,0,0,0,0,0,0,0,0,0
180174,1,1,31,31,31,31,31,31,31,31,31,31
180175,0,1,0,21,12,9,47,16,20,5,17,17
180175,1,1,0,0,0,0,16,0,0,0,0,0
180176,1,1,33,15,0,0,0,0,0,0,0,0
180176,2,1,0,0,0,0,0,0,0,0,0,0
180177,1,1,0,0,0,0,0,0,0,0,0,0
180177,2,1,0,0,0,0,0,0,0,0,0,0
180178,1,1,0,49,23,0,0,28,0,0,0,0
180178,2,1,0,0,0,0,0,0,0,0,0,0
180180,1,1,0,0,0,34,15,20,15,0,0,0
180180,2,1,0,0,0,0,0,0,0,0,0,0
180181,1,1,6,6,6,6,6,6,6,6,6,6
180182,1,1,7,0,0,0,0,0,19,0,0,13
180182,2,1,0,0,0,0,0,0,0,0,0,0
180183,1,1,0,21,11,0,0,0,0,0,0,0
180183,2,1,0,0,0,0,0,0,0,0,0,0
180184,1,1,0,0,0,0,0,0,0,0,0,0
180184,2,1,0,0,0,0,0,0,0,0,0,0
180185,1,1,16,0,0,0,0,0,0,0,0,12
180185,2,1,0,0,0,0,0,0,0,0,0,0
180186,1,1,0,0,0,0,0,33,0,17,10,0
180187,1,1,0,0,0,17,0,13,0,0,0,0
180188,1,1,0,0,0,0,0,0,0,0,0,0
180188,2,1,0,0,0,0,0,0,0,0,0,0
180189,1,1,0,0,0,0,0,0,0,0,0,0
180189,2,1,0,0,0,0,0,0,0,0,0,0
180189,3,1,0,0,0,0,0,0,0,0,0,0
180189,4,1,0,0,0,0,0,0,0,0,0,0
180190,1,1,17,15,0,9,0,9,25,0,16,15
180191,1,1,0,0,0,0,0,0,0,0,0,0
180191,2,1,0,0,0,0,0,0,0,0,0,0
180192,1,1,0,0,0,0,0,0,0,0,19,0
180193,1,1,0,0,0,0,0,0,0,0,0,0
180193,2,1,14,0,0,0,0,0,39,0,0,0
180193,3,1,29,8,0,0,0,13,0,0,0,0
180193,4,1,0,0,0,0,0,0,0,0,0,0
180194,1,1,0,0,5,15,16,0,0,0,9,29
180195,1,1,0,0,0,0,0,18,0,0,0,0
180196,1,1,5,5,5,5,5,5,5,5,5,5
180197,1,1,0,0,0,0,0,0,0,0,0,0
180198,1,1,36,0,24,0,0,0,0,15,0,10
180199,0,1,18,18,18,18,18,18,18,18,18,18
180199,1,1,0,0,0,0,0,0,0,0,0,0
180200,1,1,0,0,0,11,0,0,0,0,0,0
180200,2,1,0,0,0,0,0,0,0,0,0,0
180201,1,1,10,10,10,10,10,10,10,10,10,10
180202,1,1,26,25,0,0,0,16,12,0,12,0
180204,1,1,0,0,0,0,0,0,0,0,0,0
180205,1,1,0,0,0,0,0,0,0,0,0,0
180205,2,1,0,0,0,0,0,0,0,0,0,0
180206,0,1,0,0,36,0,0,12,27,11,24,18
180206,1,1,0,0,0,0,0,0,0,0,13,0
180208,1,1,10,0,20,0,9,33,0,16,21,0
180209,1,1,0,0,0,0,0,0,0,0,0,0
180209,2,1,0,0,0,0,0,0,0,0,0,0
180210,1,1,0,0,0,0,0,0,0,0,0,0
180210,2,1,23,0,0,0,12,0,0,0,0,27
180210,3,1,0,0,0,0,0,0,0,0,0,0
180211,1,1,0,0,0,0,0,0,0,0,0,0
180211,2,1,0,0,0,0,0,0,0,0,0,0
180214,0,1,0,0,17,21,19,8,0,11,0,0
180214,1,1,0,0,0,0,0,0,0,0,0,0
180215,1,1,0,40,0,0,0,0,0,0,0,0
180216,1,1,18,0,0,0,25,7,17,11,0,0
180217,1,1,11,11,11,11,11,11,11,11,11,11
180217,2,1,0,0,0,0,0,0,0,0,0,0
180217,3,1,0,0,0,0,0,0,0,0,0,0
180217,4,1,0,0,0,0,0,0,0,0,0,0
180218,1,1,11,11,11,11,11,11,11,11,11,11
180218,2,1,13,13,13,13,13,13,13,13,13,13
180219,1,1,0,0,0,0,0,0,0,0,0,0
180219,2,1,0,0,0,0,0,0,0,0,0,0
180221,1,1,0,0,0,0,0,30,0,22,0,6
180222,1,1,0,0,0,0,0,0,0,0,0,0
180222,2,1,0,0,0,0,0,0,0,0,0,0
180222,3,1,0,0,0,0,0,0,0,0,0,0
180222,4,1,0,0,0,25,0,0,13,23,0,0
180223,1,1,0,0,0,0,0,0,0,0,0,0
180223,2,1,0,0,0,0,0,0,0,0,0,0
180224,1,1,14,14,14,14,14,14,14,14,14,14
180225,0,1,0,17,0,0,21,5,0,0,0,8
180225,1,1,13,0,0,0,17,0,0,0,0,0
180226,1,1,0,0,0,0,0,0,0,0,0,0
180226,2,1,0,0,0,6,29,0,0,0,0,0
180227,1,1,0,0,0,0,0,0,0,25,18,8
180227,2,1,0,0,0,0,0,0,0,0,0,0
180228,1,1,18,18,18,18,18,18,18,18,18,18
180229,1,1,0,0,0,0,0,0,0,0,0,0
180229,2,1,0,0,0,0,0,0,0,0,0,0
180230,1,1,0,0,0,0,0,0,0,0,0,0
180230,2,1,0,0,0,0,0,0,0,0,0,0
180231,1,1,0,0,15,0,0,0,35,0,0,0
180231,2,1,23,0,9,0,0,0,0,0,0,0
180232,1,1,0,0,0,0,0,0,0,0,0,0
180232,2,1,0,0,0,0,0,0,0,0,0,0
180233,1,1,1,37,13,0,10,3,0,5,0,0
180233,2,1,0,21,0,0,8,0,13,12,0,0
180234,1,1,7,29,0,18,0,0,0,17,0,38
180234,2,1,0,0,0,0,0,0,0,0,0,0
180235,1,1,0,0,0,0,26,0,0,0,0,17
180235,2,1,0,0,0,0,0,0,0,0,0,0
180236,1,1,0,0,0,0,0,0,0,0,0,0
180236,2,1,0,0,0,0,0,0,0,0,0,0
180237,0,1,21,0,17,28,0,0,33,0,0,14
180237,1,1,0,0,0,0,0,0,0,0,0,0
180238,1,1,0,0,0,0,0,0,17,0,0,0
180238,2,1,0,6,0,0,0,0,0,0,0,0
180239,1,1,0,0,0,0,0,0,0,0,0,0
180239,2,1,11,11,11,11,11,11,11,11,11,11
180240,1,1,0,0,0,0,0,0,0,0,0,0
180240,2,1,0,0,0,0,0,0,0,0,0,0
180241,0,1,0,0,0,0,0,0,0,25,0,0
180241,1,1,0,0,0,0,0,15,0,0,0,0
180242,0,1,0,0,0,0,0,0,0,0,0,0
180242,1,1,0,0,0,0,0,0,0,0,0,0
180243,1,1,22,22,22,22,22,22,22,22,22,22
180243,2,1,0,0,0,0,0,0,0,0,0,0
180243,3,1,0,0,0,0,0,0,0,0,0,0
180244,1,1,0,0,0,0,0,0,16,9,0,10
180244,2,1,0,0,0,0,0,0,0,0,0,0
180245,1,1,0,0,0,0,0,0,0,0,0,0
180246,1,1,0,7,13,0,0,0,0,0,0,0
180247,1,1,0,0,0,0,0,0,0,0,0,0
180247,2,1,0,0,0,0,0,0,0,0,0,0
180248,1,1,0,0,0,0,0,0,0,0,0,0
180248,2,1,9,9,9,9,9,9,9,9,9,9
180249,1,1,19,19,19,19,19,19,19,19,19,19
180250,1,1,0,0,0,0,0,0,0,0,0,0
180250,2,1,0,0,0,0,0,0,0,0,0,0
180251,1,1,0,0,0,0,0,0,0,0,0,0
180251,2,1,0,0,0,0,0,0,0,0,0,0
180252,1,1,0,0,0,0,0,0,0,0,0,0
180252,2,1,0,0,0,0,0,0,0,0,0,0
180253,1,1,15,15,15,15,15,15,15,15,15,15
180253,2,1,3,3,3,3,3,3,3,3,3,3
180254,1,1,0,0,0,0,0,0,0,0,0,0
180254,2,1,0,0,0,0,0,11,7,0,11,0
180255,1,1,0,0,0,0,0,0,0,0,0,0
180255,2,1,0,0,0,0,0,0,0,0,0,0
180256,1,1,0,0,0,0,0,0,0,0,0,0
180257,1,1,0,0,0,0,0,0,0,0,0,0
180257,2,1,0,0,0,0,0,0,0,0,0,0
180258,1,1,13,13,13,13,13,13,13,13,13,13
180259,1,1,0,0,0,0,0,0,0,0,0,0
180259,2,1,0,0,0,10,0,0,13,0,0,0
180260,1,1,0,0,0,0,0,0,0,0,0,0
180260,2,1,0,0,0,0,0,0,0,0,0,0
180261,1,1,0,0,0,0,0,0,0,0,0,0
180261,2,1,0,0,0,0,0,0,0,0,0,0
180262,1,1,0,0,0,0,0,0,0,18,0,0
180262,2,1,0,0,0,0,0,0,0,0,0,0
180263,1,1,0,0,0,0,0,0,0,0,0,0
180263,2,1,0,0,0,0,0,0,0,0,0,0
180264,1,1,0,0,0,0,0,0,0,0,22,0
180264,2,1,0,0,0,0,0,0,0,0,0,0
180264,3,1,0,0,0,0,0,0,0,0,0,0
180265,1,1,10,5,10,15,0,0,16,15,18,15
180265,2,1,0,0,0,0,0,0,0,0,0,0
180266,1,1,0,0,0,0,0,0,0,0,0,0
180266,2,1,0,0,0,0,0,0,0,0,0,0
180267,1,1,0,0,0,0,0,0,0,0,0,0
180267,2,1,0,0,0,0,0,0,0,0,0,0
180268,1,1,9,9,9,9,9,9,9,9,9,9
180269,1,1,0,27,13,0,24,0,0,0,0,18
180270,1,1,15,14,16,7,4,12,11,15,15,9
180271,1,1,0,0,0,0,0,20,0,0,0,0
180271,2,1,0,0,0,0,0,0,0,0,0,0
180272,1,1,0,0,21,25,19,0,20,0,22,16
180273,1,1,0,16,0,0,0,0,6,0,0,0
180273,2,1,0,0,0,0,0,0,0,0,0,0
180273,3,1,0,0,0,0,0,0,0,0,0,0
180273,4,1,0,0,0,0,0,0,0,0,0,0
180274,1,1,0,0,0,0,0,0,0,0,0,0
180274,2,1,0,0,0,0,0,0,0,35,14,0
180275,1,1,8,8,8,8,8,8,8,8,8,8
180275,2,1,0,0,0,0,0,0,15,0,0,0
180276,1,1,0,0,0,0,0,0,0,0,0,0
180276,2,1,0,0,0,0,2,11,0,0,11,0
180277,1,1,0,0,0,0,0,0,0,0,0,0
180278,1,1,21,21,21,21,21,21,21,21,21,21
180279,1,1,0,0,0,0,0,0,0,0,0,0
180279,2,1,10,18,0,0,7,22,0,18,0,0
180280,1,1,0,0,0,0,0,0,0,0,0,0
180280,2,1,0,0,0,0,0,0,0,0,0,0
180281,1,1,4,4,4,4,4,4,4,4,4,4
180281,2,1,0,0,0,0,0,0,0,0,0,0
180282,1,1,15,9,13,0,0,0,0,0,13,13
180283,0,1,0,0,0,0,11,0,0,0,0,0
180283,1,1,0,0,0,0,0,0,0,0,0,0
180285,1,1,34,34,34,34,34,34,34,34,34,34
180286,1,1,0,0,0,0,0,0,0,0,0,0
180286,2,1,0,0,0,0,0,0,0,0,0,0
180287,1,1,0,0,0,0,0,0,0,0,0,0
180287,2,1,0,0,0,0,0,0,0,0,0,0
180288,1,1,20,20,20,20,20,20,20,20,20,20
180289,1,1,0,0,0,0,0,0,0,0,0,0
180289,2,1,0,0,0,0,0,0,0,0,0,0
180290,1,1,0,0,0,0,0,0,0,0,0,0
180290,2,1,0,0,0,0,0,0,0,0,0,0
180291,1,1,0,0,0,0,0,0,0,0,0,11
180291,2,1,15,0,16,0,0,0,0,0,0,0
180292,0,1,0,0,0,0,0,0,0,0,0,0
180292,1,1,0,0,0,0,0,0,0,0,0,0
180293,1,1,0,0,0,0,0,0,0,0,0,0
180293,2,1,16,20,0,0,0,0,37,2,29,15
180294,0,1,0,0,0,0,8,0,14,0,16,0
180294,1,1,0,0,0,0,0,0,0,0,0,0
180295,1,1,0,0,0,0,0,0,0,0,0,0
180295,2,1,0,0,0,0,27,0,0,0,0,0
180295,3,1,0,0,0,0,0,0,0,0,0,0
180296,1,1,0,0,0,0,2,0,0,0,0,0
180296,2,1,0,0,0,0,0,0,0,0,0,0
180297,1,1,0,0,0,0,0,0,0,0,0,35
180297,2,1,0,0,0,0,0,0,0,0,0,0
180298,1,1,0,0,0,0,0,0,0,0,0,0
180298,2,1,0,0,0,0,0,0,0,0,0,0
180299,1,1,0,0,0,0,0,0,0,0,0,0
180300,1,1,0,0,0,0,0,0,0,0,0,0
180301,1,1,0,0,16,0,0,0,0,0,0,0
180301,2,1,0,0,0,0,0,0,0,0,0,0
180302,1,1,0,10,8,0,4,0,12,0,0,0
180302,2,1,0,0,0,0,0,0,0,0,0,0
180303,0,1,13,13,13,13,13,13,13,13,13,13
180303,1,1,0,0,0,0,0,0,0,0,0,0
180304,1,1,0,14,0,0,0,0,0,0,33,0
180305,1,1,24,24,24,24,24,24,24,24,24,24
180305,2,1,0,0,0,0,0,0,0,0,0,0
180306,0,1,0,0,0,0,0,0,0,0,0,0
180306,1,1,0,0,0,0,0,0,0,0,0,0
180306,2,1,0,0,0,0,0,0,0,0,0,0
180307,0,1,0,27,0,0,26,22,32,12,0,20
180307,1,1,0,0,0,0,0,0,0,0,0,0
180307,2,1,0,0,0,0,0,0,0,0,0,0
180307,3,1,57,57,57,57,57,57,57,57,57,57
180307,4,1,0,0,0,0,0,0,0,0,0,0
180308,0,1,0,0,0,0,0,0,0,0,0,0
180308,1,1,0,0,23,0,10,0,0,0,0,0
180309,1,1,0,0,0,0,0,0,0,0,0,0
180309,2,1,0,0,0,0,0,0,0,0,0,0
180310,1,1,18,18,18,18,18,18,18,18,18,18
180310,2,1,0,0,0,0,0,0,0,0,0,0
180311,1,1,0,0,0,0,0,0,0,0,0,0
180311,2,1,0,0,0,0,0,0,0,0,0,0
180312,1,1,0,0,0,0,0,0,0,21,0,0
180312,2,1,0,0,0,15,0,0,0,0,0,0
180313,1,1,0,0,0,0,0,0,0,0,0,0
180313,2,1,0,0,0,0,0,0,0,0,0,0
180314,1,1,23,0,0,17,30,0,0,17,0,10
180314,2,1,0,0,0,0,0,0,0,0,0,0
180315,1,1,0,0,0,0,0,0,0,0,0,0
180315,2,1,0,0,0,0,0,0,0,0,0,0
180316,1,1,0,0,0,0,0,0,0,0,0,0
180316,2,1,0,0,0,0,0,0,0,0,0,0
180317,1,1,30,23,17,15,0,0,0,0,0,0
180318,1,1,16,16,16,16,16,16,16,16,16,16
180319,1,1,0,0,0,0,0,0,0,0,0,0
180319,2,1,0,0,0,0,0,0,0,0,0,0
180320,1,1,0,0,0,0,0,0,0,0,0,0
180321,1,1,0,0,0,0,0,0,0,0,0,0
180321,2,1,0,0,0,0,0,0,0,0,0,33
180322,1,1,0,0,0,42,0,0,0,0,0,0
180323,0,1,0,0,0,0,0,0,0,0,0,0
180323,1,1,16,0,0,0,0,0,0,0,0,0
180324,1,1,13,13,13,13,13,13,13,13,13,13
180324,2,1,0,0,0,0,0,0,0,0,15,0
180325,1,1,0,0,0,0,0,0,0,0,0,0
180326,0,1,26,16,0,9,0,0,0,15,14,0
180326,1,1,4,16,0,0,0,0,0,0,0,3
180327,1,1,0,0,0,0,0,0,0,0,0,0
180328,1,1,0,0,0,24,0,0,0,0,0,0
180328,2,1,0,0,0,0,0,0,0,0,0,0
180329,1,1,10,13,25,0,19,16,5,0,19,14
180330,1,1,0,0,0,0,0,0,0,0,0,0
180331,1,1,0,0,0,0,0,0,7,0,0,0
180331,2,1,0,0,0,0,0,0,0,0,0,0
180332,1,1,0,0,0,0,0,0,0,0,0,0
180333,1,1,0,0,0,0,0,0,0,0,0,0
180334,1,1,0,0,0,0,0,0,0,0,0,0
180334,2,1,0,0,0,0,0,0,0,0,0,0
180335,1,1,30,30,30,30,30,30,30,30,30,30
180335,2,1,0,0,0,0,0,0,0,0,18,0
180336,0,1,0,0,0,0,0,0,0,0,0,0
180336,1,1,0,0,0,0,0,0,0,0,0,0
180337,1,1,0,10,0,0,0,0,0,0,0,0