ST_CASE,VEH_NO,PER_NO,P1,P2,P3,P4,P5,P6,P7,P8,P9,P10
180337,2,1,0,0,0,0,0,0,0,0,0,0
180338,1,1,20,20,20,20,20,20,20,20,20,20
180338,2,1,0,0,0,0,0,0,14,0,6,0
180339,1,1,0,0,10,0,0,29,26,0,0,18
180340,1,1,0,0,0,0,0,0,0,0,0,0
180340,2,1,0,0,0,0,0,0,0,0,15,0
180340,3,1,0,0,0,0,0,0,0,0,21,0
180340,4,1,0,0,0,0,0,3,0,0,0,0
180342,1,1,28,28,28,28,28,28,28,28,28,28
180342,2,1,0,0,0,0,0,0,0,0,0,0
180343,1,1,22,22,22,22,22,22,22,22,22,22
180344,1,1,0,0,0,0,0,0,0,0,0,0
180344,2,1,0,0,0,0,0,0,0,0,0,0
180344,3,1,0,0,0,0,0,0,0,0,0,0
180344,4,1,0,0,0,0,0,0,0,0,0,0
180344,5,1,0,0,0,0,0,0,0,0,0,0
180344,6,1,0,0,0,0,0,0,0,0,0,0
180345,1,1,0,0,0,0,0,0,0,0,0,0
180346,1,1,27,27,27,27,27,27,27,27,27,27
180347,1,1,0,0,16,0,17,16,0,0,0,0
180348,1,1,0,0,0,0,0,0,0,0,0,0
180348,2,1,0,0,0,0,0,10,0,0,0,0
180348,3,1,0,0,0,0,0,0,0,0,0,0
180349,1,1,0,0,0,0,0,0,0,0,0,0
180349,2,1,0,0,0,0,0,0,0,0,0,0
180350,1,1,0,0,0,0,0,0,0,0,0,0
180351,1,1,30,8,24,17,0,13,9,15,22,16
180351,2,1,0,0,0,0,30,0,0,0,0,0
180352,1,1,0,0,0,0,0,0,0,0,0,0
180353,1,1,0,0,0,0,0,0,0,0,0,0
180354,0,1,0,0,0,0,0,0,0,0,0,0
180354,1,1,0,0,0,0,0,0,0,0,0,0
180355,0,1,0,0,0,0,0,0,0,0,0,0
180355,1,1,0,9,0,0,0,0,0,0,0,0
180355,2,1,0,9,0,0,3,0,0,0,0,0
180355,3,1,0,0,0,0,0,0,0,0,0,0
180356,1,1,0,0,0,0,0,0,0,0,0,0
180356,2,1,0,0,0,0,0,0,0,0,0,0
180357,1,1,15,15,15,15,15,15,15,15,15,15
180358,0,1,0,26,0,12,0,0,7,26,17,10
180358,1,1,0,0,0,0,0,0,0,0,0,0
180359,1,1,0,15,17,0,0,0,0,0,0,0
180360,1,1,0,0,0,0,0,0,0,0,0,0
180361,1,1,0,0,0,0,0,0,0,0,0,0
180361,2,1,0,0,0,0,0,0,0,0,0,0
180362,1,1,0,0,0,0,0,0,0,0,0,0
180363,1,1,3,3,3,3,3,3,3,3,3,3
180363,2,1,0,0,0,0,0,0,0,0,0,0
180364,1,1,0,0,0,0,0,0,0,0,0,0
180364,2,1,0,0,0,0,0,0,0,0,0,0
180365,1,1,0,0,0,0,0,0,0,0,0,0
180365,2,1,0,0,0,0,0,0,0,0,0,0
180366,1,1,28,0,0,0,0,0,0,0,0,0
180366,2,1,0,0,0,0,0,0,0,0,0,0
180366,3,1,0,0,0,0,0,0,0,0,0,0
180367,1,1,0,0,0,0,0,0,0,0,0,0
180368,1,1,0,0,0,0,0,0,0,0,0,0
180368,2,1,0,0,0,0,0,0,0,0,0,0
180369,1,1,0,16,0,8,0,10,0,0,0,0
180369,2,1,0,0,0,0,0,0,0,0,0,0
180370,0,1,0,0,4,0,0,0,16,0,0,0
180370,1,1,0,0,0,0,0,0,0,0,0,0
180371,1,1,0,0,0,0,0,0,0,0,0,0
180371,2,1,0,0,0,0,0,0,0,0,0,0
180373,1,1,0,0,0,0,2,23,0,0,0,0
180374,1,1,16,10,0,0,0,0,22,0,0,37
180375,1,1,0,0,0,0,0,0,0,0,0,0
180376,1,1,12,12,12,12,12,12,12,12,12,12
180377,1,1,36,36,36,36,36,36,36,36,36,36
180377,2,1,0,11,0,0,0,0,0,0,0,10
180377,3,1,0,0,0,0,0,0,0,0,0,0
180378,0,1,31,0,0,0,15,26,0,0,11,5
180378,1,1,0,0,0,18,0,0,0,0,0,8
180379,1,1,0,0,0,0,0,0,0,0,0,11
180379,2,1,0,0,0,22,0,0,0,0,0,0
180380,1,1,21,21,21,21,21,21,21,21,21,21
180381,1,1,0,0,0,0,15,0,0,0,0,0
180381,2,1,0,0,0,0,0,0,0,0,0,0
180382,1,1,0,0,0,21,0,0,0,0,0,0
180382,2,1,0,0,0,0,0,0,0,0,0,0
180383,1,1,0,0,0,0,0,0,0,0,0,0
180383,2,1,0,0,0,0,0,0,0,0,0,0
180386,1,1,0,0,0,10,0,0,0,0,31,0
180387,1,1,0,0,0,0,0,0,0,0,0,0
180388,0,1,17,6,0,12,0,0,40,0,19,11
180388,1,1,0,0,0,0,0,0,0,0,0,0
180389,0,1,0,0,0,0,0,0,0,0,0,15
180389,0,2,31,0,0,0,0,0,22,0,0,0
180389,1,1,0,0,0,0,0,0,0,0,0,0
180390,1,1,0,0,0,0,0,0,0,0,0,0
180391,0,1,0,0,0,0,0,0,0,0,0,0
180391,1,1,12,12,12,12,12,12,12,12,12,12
180392,0,1,0,0,0,0,0,0,0,0,0,0
180392,1,1,0,0,0,0,0,0,0,0,10,0
180393,1,1,0,0,0,0,0,0,0,0,0,0
180393,2,1,11,11,11,11,11,11,11,11,11,11
180394,1,1,15,15,15,15,15,15,15,15,15,15
180394,2,1,0,0,0,0,0,0,0,0,0,0
180395,1,1,0,0,0,0,0,0,0,0,0,0
180396,1,1,18,18,18,18,18,18,18,18,18,18
180397,1,1,36,10,0,0,0,0,0,0,0,0
180398,1,1,15,15,15,15,15,15,15,15,15,15
180398,2,1,0,0,18,0,0,0,0,0,0,13
180399,1,1,0,0,0,0,13,0,0,0,0,0
180400,1,1,0,0,0,0,0,0,0,0,0,0
180401,1,1,0,0,0,0,0,0,0,0,0,0
180401,2,1,0,0,0,9,0,9,0,16,0,0
180402,1,1,0,0,0,0,0,0,0,0,0,0
180402,2,1,0,0,0,0,0,0,0,0,0,0
180403,0,1,0,0,0,0,0,0,0,0,0,0
180403,1,1,0,0,0,0,0,0,0,0,0,0
180404,1,1,0,15,0,0,0,0,0,0,7,0
180404,2,1,0,0,16,0,0,0,0,0,0,0
180405,1,1,0,0,0,0,0,0,0,0,0,0
180408,1,1,0,0,0,0,0,0,0,0,0,0
180408,2,1,0,0,0,0,0,0,0,0,0,0
180409,1,1,0,0,0,0,0,0,0,0,0,0
180409,2,1,0,0,0,0,0,0,0,0,0,0
180410,1,1,25,25,25,25,25,25,25,25,25,25
180411,1,1,0,0,0,0,0,0,0,0,0,0
180411,2,1,0,0,0,0,0,0,0,0,20,0
180412,1,1,0,0,0,0,0,0,0,0,0,0
180412,2,1,0,0,0,0,0,0,0,0,0,0
180413,1,1,11,0,0,13,0,8,18,4,0,0
180413,2,1,0,0,0,0,0,0,0,0,0,0
180414,1,1,0,0,0,0,0,0,0,0,0,0
180414,2,1,0,0,0,0,0,0,0,0,0,0
180415,1,1,19,19,19,19,19,19,19,19,19,19
180415,2,1,0,0,0,0,0,0,0,4,0,0
180415,3,1,0,19,0,0,11,0,0,0,0,0
180416,1,1,22,22,22,22,22,22,22,22,22,22
180417,1,1,14,14,14,14,14,14,14,14,14,14
180418,1,1,0,0,0,0,0,0,0,0,0,0
180419,1,1,0,0,0,0,0,0,0,0,0,0
180419,2,1,0,0,0,0,0,0,0,0,0,0
180420,0,1,0,0,0,0,0,6,0,0,53,0
180420,0,2,0,0,0,0,0,0,0,0,0,26
180420,0,3,0,0,0,0,0,0,0,0,0,0
180420,1,1,0,0,0,0,0,0,0,0,0,0
180421,1,1,22,22,22,22,22,22,22,22,22,22
180422,1,1,4,4,4,4,4,4,4,4,4,4
180422,2,1,0,0,0,0,0,0,0,0,0,0
180422,3,1,0,0,0,0,0,0,0,0,0,0
180423,1,1,0,0,0,0,0,0,0,0,0,0
180423,2,1,14,14,14,14,14,14,14,14,14,14
180423,3,1,0,0,0,0,0,0,0,0,0,0
180423,4,1,0,0,0,0,0,0,0,0,0,0
180423,5,1,0,0,0,0,0,0,0,0,0,0
180424,0,1,0,0,0,0,0,0,0,0,0,0
180424,1,1,0,0,0,0,0,0,0,0,0,0
180425,1,1,0,0,0,0,0,0,0,0,0,0
180426,1,1,11,11,11,11,11,11,11,11,11,11
180426,2,1,0,0,0,0,0,0,0,0,0,0
180427,1,1,0,0,0,0,0,0,0,0,0,0
180428,1,1,0,0,0,0,0,0,0,0,0,0
180428,2,1,0,0,0,0,0,0,0,14,17,24
180429,1,1,0,0,0,0,0,0,0,0,0,0
180429,2,1,0,0,0,0,0,0,0,0,0,0
180430,1,1,0,0,0,0,0,0,0,0,0,0
180431,0,1,16,12,0,0,0,24,0,11,0,30
180431,1,1,0,0,0,0,0,0,0,0,0,0
180432,1,1,0,0,0,0,0,0,0,0,0,0
180432,2,1,0,0,10,0,0,0,24,0,0,0
180433,1,1,20,20,20,20,20,20,20,20,20,20
180434,1,1,0,0,0,0,0,0,0,0,0,0
180435,1,1,0,15,0,0,0,0,0,0,0,0
180435,2,1,0,0,0,0,0,0,0,0,0,0
180436,0,1,0,0,0,0,0,0,0,0,0,0
180436,0,2,0,0,0,0,0,0,0,0,0,0
180436,1,1,0,0,0,0,0,0,0,0,0,0
180437,1,1,21,21,21,21,21,21,21,21,21,21
180437,2,1,0,12,15,23,10,0,0,4,11,21
180438,1,1,0,0,0,0,0,0,0,0,0,0
180438,2,1,0,0,0,0,0,0,0,0,0,0
180439,1,1,0,0,6,0,24,0,0,0,0,0
180439,2,1,0,0,0,0,0,0,0,0,0,0
180440,1,1,0,0,0,0,0,0,0,0,0,0
180440,2,1,0,0,0,0,0,0,0,0,0,0
180441,1,1,0,0,0,0,15,0,0,0,0,0
180442,1,1,0,0,0,0,0,0,0,0,0,0
180443,1,1,0,0,0,0,0,0,0,0,0,0
180443,2,1,1,1,1,1,1,1,1,1,1,1
180444,1,1,0,0,0,0,0,0,0,0,0,0
180445,1,1,0,0,0,0,0,0,0,0,0,0
180445,2,1,0,0,0,0,0,0,0,0,0,0
180445,3,1,0,0,0,0,0,0,0,0,0,0
180445,4,1,0,0,0,0,0,0,0,0,0,0
180446,1,1,0,0,0,0,0,0,0,0,0,0
180447,1,1,0,0,0,0,0,0,0,0,0,0
180447,2,1,0,0,0,0,0,0,0,0,0,0
180448,1,1,0,0,0,0,0,0,0,0,0,0
180448,2,1,0,0,0,0,0,0,0,0,0,0
180449,1,1,0,0,0,0,0,3,0,4,0,7
180450,1,1,0,0,0,0,0,0,0,0,0,0
180450,2,1,0,0,0,0,0,9,0,0,0,0
180451,1,1,0,0,0,0,0,0,0,0,0,0
180451,2,1,0,0,0,0,0,0,0,0,0,0
180452,1,1,0,0,0,0,0,0,0,0,0,0
180454,0,1,11,11,11,11,11,11,11,11,11,11
180455,1,1,0,0,0,0,11,30,0,9,14,0
180456,1,1,7,7,7,7,7,7,7,7,7,7
180457,1,1,4,4,4,4,4,4,4,4,4,4
180459,1,1,0,36,0,0,0,0,0,0,0,28
180459,2,1,0,0,0,0,0,0,0,0,0,0
180460,1,1,0,0,0,0,0,0,0,0,0,0
180460,2,1,0,0,0,0,0,0,0,0,0,0
180461,1,1,0,0,0,0,0,0,0,0,0,0
180461,2,1,0,0,0,0,0,0,0,0,0,0
180462,0,1,6,6,6,6,6,6,6,6,6,6
180462,1,1,0,25,0,0,0,0,18,20,27,0
180463,1,1,17,0,0,0,0,0,0,0,0,0
180463,2,1,0,0,0,0,0,0,0,0,0,0
180464,1,1,0,0,0,0,0,0,0,0,0,0
180464,2,1,0,0,0,0,0,0,0,0,0,0
180465,1,1,0,0,0,0,0,0,0,0,0,0
180465,2,1,0,0,0,0,0,0,0,0,0,0
180466,1,1,0,0,0,0,0,0,0,0,0,0
180466,2,1,0,0,0,0,0,0,0,0,0,0
180467,1,1,0,0,0,13,0,18,0,0,6,0
180467,2,1,0,0,0,0,0,0,0,0,0,0
180468,1,1,21,21,21,21,21,21,21,21,21,21
180468,2,1,0,0,0,0,0,6,13,0,0,0
180469,1,1,0,0,15,0,16,0,0,0,25,12
180470,1,1,0,0,0,0,0,0,0,0,0,0
180470,2,1,0,0,0,0,0,0,0,0,0,0
180471,1,1,0,8,0,13,18,22,0,14,6,0
180472,1,1,0,0,0,0,0,0,0,0,0,0
180472,2,1,1,1,1,1,1,1,1,1,1,1
180473,1,1,8,8,8,8,8,8,8,8,8,8
180474,1,1,0,0,0,0,0,0,0,0,0,0
180474,2,1,0,12,0,0,0,15,0,0,0,14
180475,1,1,0,0,0,0,0,0,0,0,0,0
180476,0,1,0,0,24,8,0,0,0,0,0,24
180476,1,1,0,0,0,0,0,0,0,0,0,0
180477,1,1,0,0,0,0,0,0,0,0,0,0
180478,0,1,20,0,29,11,0,7,30,9,0,33
180478,1,1,0,0,0,13,0,0,9,0,0,0
180479,1,1,3,3,3,3,3,3,3,3,3,3
180479,2,1,0,14,4,0,0,0,0,0,0,0
180479,3,1,0,0,0,0,0,0,0,0,0,0
180480,1,1,14,0,0,0,0,0,0,0,23,0
180480,2,1,0,0,0,0,0,0,0,0,0,0
180481,1,1,0,0,0,0,0,0,0,43,0,0
180481,2,1,0,0,0,0,0,0,0,0,0,0
180482,1,1,0,0,0,0,31,0,0,0,0,0
180483,1,1,21,25,15,5,20,5,3,0,0,12
180483,2,1,0,26,0,0,0,0,0,0,0,0
180484,1,1,10,0,9,0,0,36,6,0,9,0
180485,1,1,5,5,5,5,5,5,5,5,5,5
180485,2,1,0,0,0,0,0,0,0,0,0,0
180486,0,1,0,0,0,0,0,0,0,0,0,0
180486,1,1,0,0,0,0,0,0,0,0,0,0
180487,1,1,0,0,0,0,0,0,26,0,0,0
180488,1,1,0,0,0,0,0,0,0,0,0,0
180488,2,1,0,0,0,0,0,0,0,0,0,0
180489,1,1,0,0,0,0,0,0,0,0,0,0
180489,2,1,0,0,0,0,0,0,0,0,0,0
180490,0,1,0,0,0,0,0,0,0,0,0,0
180490,0,2,0,23,33,0,24,0,0,36,0,29
180490,0,3,10,25,18,0,0,0,9,0,19,33
180490,0,4,0,0,0,11,0,0,0,27,0,15
180490,0,5,0,30,0,17,16,26,28,0,21,0
180490,0,6,0,0,17,22,0,0,0,0,0,20
180490,0,7,0,19,11,0,33,0,0,0,0,0
180490,0,8,0,0,0,0,0,0,17,0,10,0
180490,0,9,22,12,0,0,0,0,0,0,10,5
180490,1,1,0,0,0,0,0,0,0,0,0,0
180490,2,1,0,0,0,0,0,0,0,0,0,0
180491,1,1,0,0,0,0,0,6,0,0,0,0
180492,1,1,0,0,0,0,0,0,0,0,0,0
180492,2,1,0,0,0,0,0,0,0,0,0,0
180493,0,1,17,6,0,0,15,0,12,0,13,8
180493,1,1,14,31,0,10,0,0,0,31,0,13
180494,0,1,0,0,0,0,0,0,0,0,0,0
180494,1,1,0,0,0,0,0,0,0,0,0,0
180495,1,1,0,0,0,0,0,0,0,0,0,0
180495,2,1,0,0,0,0,0,0,0,0,0,0
180496,0,1,0,0,0,0,0,0,0,0,0,0
180496,1,1,0,0,0,0,0,0,0,0,0,0
180497,1,1,0,0,0,0,0,0,0,0,0,0
180497,2,1,0,0,0,0,0,0,0,0,0,0
180498,1,1,17,18,27,16,0,0,0,6,18,0
180499,1,1,0,29,0,0,0,0,0,9,0,0
180499,2,1,0,0,0,0,0,0,0,0,0,0
180500,1,1,0,0,0,0,0,0,0,0,0,0
180500,2,1,0,0,0,0,8,0,14,0,0,0
180501,0,1,0,0,0,0,0,0,0,0,0,0
180501,1,1,0,0,0,0,0,0,0,0,0,0
180502,1,1,0,0,0,0,0,0,0,0,0,0
180503,1,1,0,0,0,0,0,0,0,0,0,0
180503,2,1,0,0,0,0,0,0,0,0,0,0
180504,1,1,0,0,0,0,0,0,0,0,0,0
180504,2,1,0,0,0,0,0,0,0,0,0,0
180505,1,1,0,0,0,0,0,0,0,0,0,0
180506,1,1,0,15,0,16,14,17,0,6,17,0
180507,1,1,16,0,0,0,0,7,0,0,0,0
180508,1,1,0,0,0,0,0,0,0,0,0,0
180509,1,1,0,0,0,0,0,0,0,0,0,0
180510,1,1,0,19,8,25,0,0,0,19,0,6
180511,1,1,0,0,0,0,19,0,15,0,36,15
180511,2,1,12,12,12,12,12,12,12,12,12,12
180512,1,1,0,0,0,0,0,0,0,0,0,0
180512,2,1,0,0,0,0,0,0,0,0,0,0
180513,1,1,14,14,14,14,14,14,14,14,14,14
180513,2,1,0,0,0,0,0,0,0,0,0,0
180514,1,1,0,0,0,0,8,18,0,0,0,0
180514,2,1,0,0,0,0,0,0,0,0,0,21
180515,1,1,0,23,0,24,0,0,0,0,0,12
180515,2,1,0,0,0,0,0,0,0,0,0,0
180516,0,1,0,0,0,0,0,35,0,21,0,0
180516,1,1,0,0,0,0,0,0,0,0,0,0
180517,1,1,0,0,0,0,0,0,0,0,0,0
180517,2,1,0,0,0,0,0,0,0,0,0,0
180518,1,1,20,20,20,20,20,20,20,20,20,20
180519,0,1,0,0,0,0,0,0,0,0,0,0
180519,1,1,0,0,0,0,0,0,0,0,0,0
180520,1,1,0,0,0,0,0,0,0,0,0,0
180520,2,1,1,1,1,1,1,1,1,1,1,1
180521,1,1,0,0,0,0,0,23,0,0,0,0
180521,2,1,14,0,0,0,0,0,0,0,0,0
180522,1,1,0,0,0,0,20,29,0,0,0,0
180523,1,1,0,0,0,0,0,0,0,0,0,0
180523,2,1,0,0,0,0,0,0,0,0,0,0
180523,3,1,21,0,0,19,0,0,0,0,0,0
180523,4,1,0,0,0,0,0,0,0,0,0,0
180524,1,1,18,6,24,26,19,21,10,15,26,0
180525,1,1,0,0,17,0,0,0,0,0,0,0
180525,2,1,0,0,0,0,0,0,0,0,0,2
180525,3,1,0,0,0,0,0,0,0,0,0,0
180525,4,1,0,0,0,0,0,6,0,0,0,0
180526,1,1,0,0,0,0,0,0,0,0,0,0
180526,2,1,0,0,0,0,0,0,0,0,0,0
180527,1,1,0,0,0,25,0,0,0,5,0,0
180527,2,1,0,0,0,0,0,0,0,0,0,0
180528,0,1,7,19,0,0,0,0,0,0,0,0
180529,0,1,0,0,0,0,0,21,0,0,0,0
180529,1,1,0,0,0,0,0,0,0,0,0,0
180530,1,1,34,34,34,34,34,34,34,34,34,34
180531,1,1,1,1,1,1,1,1,1,1,1,1
180531,2,1,0,0,0,22,0,0,0,0,0,0
180532,0,1,0,0,2,0,0,0,0,0,0,0
180532,1,1,0,0,0,0,0,0,0,0,0,0
180533,0,1,25,25,25,25,25,25,25,25,25,25
180533,1,1,0,0,0,0,0,0,0,0,0,0
180534,1,1,21,0,0,0,0,0,23,0,0,0
180534,2,1,0,16,0,0,0,0,0,0,0,0
180535,1,1,16,16,16,16,16,16,16,16,16,16
180535,2,1,0,0,0,0,5,0,0,0,0,0
180536,1,1,0,0,0,0,0,0,0,0,0,0
180537,1,1,0,0,0,0,0,0,0,0,0,0
180537,2,1,0,0,0,0,0,0,0,0,0,0
180538,1,1,15,15,15,15,15,15,15,15,15,15
180539,2,1,0,0,0,0,0,0,0,0,0,0
180540,0,1,27,0,0,0,0,0,12,15,0,18
180540,1,1,2,2,2,2,2,2,2,2,2,2
180541,1,1,0,0,0,0,0,0,0,0,0,0
180541,2,1,0,0,0,0,0,0,0,17,0,12
180542,1,1,0,0,0,0,6,0,0,0,0,0
180542,2,1,0,0,0,0,0,0,0,0,0,0
180543,1,1,0,0,0,0,0,0,0,0,0,0
180544,1,1,0,0,0,0,0,0,0,0,0,0
180544,2,1,0,0,0,0,0,0,0,0,0,0
180545,1,1,0,0,0,0,0,0,0,0,0,0
180546,1,1,0,0,0,0,0,0,0,0,0,0
180546,2,1,0,0,0,0,0,0,0,0,0,0
180547,1,1,0,0,0,0,0,0,0,0,0,0
180547,2,1,0,0,0,0,0,0,0,0,0,0
180548,1,1,0,0,0,0,0,0,0,0,0,0
180548,2,1,0,0,0,0,0,0,0,0,0,0
180549,1,1,0,0,0,0,0,0,0,0,0,0
180549,2,1,0,0,0,0,0,0,0,0,0,0
180550,1,1,0,0,0,0,0,0,0,0,0,0
180550,2,1,0,0,0,0,0,0,0,0,0,0
180551,1,1,27,27,27,27,27,27,27,27,27,27
180551,2,1,0,0,0,0,0,0,0,0,0,0
180552,1,1,10,0,0,0,0,0,0,0,0,0
180553,1,1,0,0,0,0,0,0,0,0,0,0
180555,1,1,0,0,0,15,0,0,29,0,0,20
180556,1,1,0,0,0,0,0,0,0,0,0,0
180556,2,1,0,0,0,0,0,0,0,0,0,0
180558,1,1,0,0,0,0,0,0,0,0,0,0
180559,1,1,0,0,0,0,0,0,0,0,0,0
180560,0,1,0,0,0,15,0,0,0,0,0,0
180560,1,1,0,0,31,14,0,0,0,6,0,0
180561,1,1,25,25,25,25,25,25,25,25,25,25
180562,1,1,53,53,53,53,53,53,53,53,53,53
180562,2,1,0,0,0,0,0,0,0,0,0,0
180563,1,1,0,0,0,0,13,0,0,0,0,0
180564,1,1,0,0,0,0,0,0,0,0,0,0
180564,2,1,0,0,0,0,0,0,0,0,0,0
180565,1,1,0,0,0,0,16,0,15,0,0,0
180566,1,1,29,29,29,29,29,29,29,29,29,29
180567,1,1,0,0,15,0,0,0,0,15,7,0
180567,2,1,0,0,0,0,0,0,0,0,0,0
180568,1,1,0,0,0,0,0,0,0,0,0,0
180568,2,1,0,0,0,0,0,0,0,0,0,0
180569,1,1,0,0,0,0,0,0,0,0,0,0
180569,2,1,0,0,0,0,0,0,0,0,0,0
180569,3,1,0,0,0,0,0,0,0,0,0,0
180569,4,1,0,0,0,0,0,0,0,0,0,0
180570,1,1,0,0,0,0,0,0,0,0,0,0
180571,1,1,0,0,0,0,0,0,0,0,0,0
180571,2,1,0,0,0,0,0,0,0,0,0,0
180572,1,1,0,0,0,0,0,0,0,0,0,0
180572,2,1,0,0,0,0,0,0,0,0,0,0
180573,0,1,11,0,0,23,0,0,0,0,0,0
180573,1,1,0,0,0,0,0,0,0,0,0,0
180574,1,1,0,0,0,0,0,15,24,0,0,0
180574,2,1,0,0,0,0,0,0,0,0,0,0
180576,0,1,0,22,0,0,0,7,21,0,41,0
180576,1,1,12,0,23,22,19,0,3,11,15,37
180577,1,1,2,2,2,2,2,2,2,2,2,2
180577,2,1,0,0,0,0,0,0,0,0,0,25
180577,3,1,0,0,0,0,16,0,0,0,0,0
180578,0,1,0,0,0,0,0,0,0,0,0,0
180578,1,1,0,0,0,0,0,0,0,0,0,0
180579,1,1,0,0,0,0,0,0,0,0,0,0
180579,2,1,0,0,0,0,0,0,0,0,0,0
180580,1,1,15,15,15,15,15,15,15,15,15,15
180581,1,1,0,0,0,0,0,0,0,0,0,0
180582,0,1,10,10,10,10,10,10,10,10,10,10
180582,1,1,0,0,0,0,0,0,0,0,0,0
180584,1,1,0,0,0,0,0,0,0,0,0,0
180584,2,1,0,0,24,0,0,0,0,0,0,0
180585,0,1,4,4,4,4,4,4,4,4,4,4
180585,1,1,0,0,0,0,0,0,0,0,0,0
180585,2,1,0,0,0,0,0,0,0,0,0,0
180587,1,1,0,0,0,0,0,0,0,0,15,17
180588,1,1,20,20,20,20,20,20,20,20,20,20
180588,2,1,0,0,0,0,0,0,0,0,0,0
180589,0,1,15,0,0,0,0,0,0,0,0,0
180589,1,1,0,0,27,7,16,0,0,12,13,0
180590,1,1,0,0,0,0,0,0,0,0,0,0
180590,2,1,0,0,0,0,0,0,0,0,0,0
180591,1,1,21,21,21,21,21,21,21,21,21,21
180591,2,1,0,0,17,0,0,0,0,0,0,0
180591,3,1,0,0,0,0,0,0,0,0,0,0
180592,1,1,0,0,0,0,0,0,0,0,0,0
180593,1,1,0,0,0,0,0,0,0,0,0,0
180593,2,1,0,0,0,0,0,0,0,0,0,0
180594,1,1,0,0,0,0,25,0,0,0,0,8
180595,1,1,0,0,0,0,0,0,0,0,0,0
180595,2,1,0,0,0,0,0,0,0,0,0,0
180597,0,1,0,0,0,0,0,0,0,0,0,0
180597,1,1,0,0,0,0,0,0,0,0,0,0
180598,1,1,21,14,10,22,28,26,20,17,26,28
180599,1,1,0,0,0,0,0,0,0,0,0,0
180600,0,1,0,0,0,0,0,0,0,0,0,8
180600,1,1,0,0,0,0,0,0,0,0,0,0
180601,0,1,0,0,25,0,11,0,0,0,9,0
180601,1,1,0,0,0,0,0,0,0,0,0,0
180602,0,1,0,0,0,0,0,0,0,0,0,0
180602,1,1,0,0,0,0,0,0,0,17,0,0
180603,1,1,0,0,0,0,0,0,0,0,0,20
180603,2,1,0,0,0,0,4,0,0,0,0,0
180604,1,1,0,0,0,0,0,0,0,0,0,0
180604,2,1,0,0,0,0,0,0,0,0,0,0
180605,1,1,0,0,0,0,0,0,5,0,0,0
180605,2,1,11,0,0,0,0,0,0,0,0,21
180605,3,1,0,0,0,0,0,0,0,0,0,0
180606,1,1,24,5,0,0,0,0,5,0,0,0
180607,1,1,48,48,48,48,48,48,48,48,48,48
180607,2,1,0,0,0,0,0,0,0,0,0,0
180608,1,1,0,0,0,0,0,0,0,0,0,0
180609,1,1,0,0,0,0,0,0,0,0,0,0
180611,1,1,4,0,8,0,0,5,0,20,0,15
180611,2,1,0,0,0,0,0,0,0,0,0,0
180612,1,1,8,0,0,7,20,0,8,0,0,12
180614,1,1,0,0,0,0,0,0,0,0,0,0
180614,2,1,0,0,0,0,0,0,0,0,0,0
180615,1,1,24,0,0,0,0,0,28,13,17,0
180615,2,1,18,0,0,0,0,0,0,0,0,0
180616,0,1,0,0,0,0,0,0,0,0,0,0
180616,1,1,0,0,0,0,0,0,9,0,15,0
180617,0,1,26,26,26,26,26,26,26,26,26,26
180617,1,1,0,0,0,0,0,0,0,0,0,0
180618,1,1,0,0,0,0,0,0,0,0,0,0
180619,1,1,0,8,0,0,0,0,0,0,0,0
180620,1,1,0,0,0,0,0,0,0,0,0,0
180620,2,1,19,0,0,23,31,19,0,0,11,14
180621,1,1,0,0,3,27,19,26,0,28,0,7
180622,1,1,0,0,0,0,0,0,0,0,0,6
180622,2,1,6,6,6,6,6,6,6,6,6,6
180623,1,1,0,0,0,0,0,0,0,0,0,0
180623,2,1,0,0,0,0,0,0,0,0,0,0
180623,3,1,0,0,0,0,0,0,0,0,0,0
180624,1,1,13,0,0,0,0,16,0,22,27,0
180626,1,1,0,10,25,24,2,15,0,0,15,18
180627,1,1,0,0,0,0,0,0,0,0,0,0
180627,2,1,0,0,0,0,0,0,0,0,0,0
180628,1,1,0,0,0,0,0,0,0,0,5,0
180628,2,1,0,0,0,0,0,0,0,0,0,0
180629,1,1,13,21,0,0,0,0,0,0,0,0
180630,1,1,0,0,0,0,0,0,0,0,0,0
180630,2,1,0,0,0,0,0,0,0,0,0,0
180631,1,1,0,0,0,0,0,0,0,0,0,0
180632,1,1,21,21,21,21,21,21,21,21,21,21
180632,2,1,0,0,0,0,0,0,0,0,0,0
180633,1,1,0,0,0,0,0,0,0,0,0,0
180634,1,1,19,0,0,15,0,0,0,0,0,17
180634,2,1,7,7,7,7,7,7,7,7,7,7
180635,1,1,0,0,0,0,0,0,0,0,0,0
180636,1,1,37,0,0,28,0,0,0,0,18,0
180637,1,1,15,0,0,15,0,30,0,22,0,0
180638,1,1,0,0,0,0,0,0,0,0,0,0
180639,0,1,30,0,0,0,0,0,0,0,0,0
180639,1,1,0,0,0,0,0,0,0,0,0,0
180640,1,1,0,40,0,0,0,2,0,26,0,0
180643,1,1,0,0,0,0,0,0,0,35,0,0
180643,2,1,13,13,13,13,13,13,13,13,13,13
180644,1,1,0,0,0,0,5,0,0,0,0,15
180646,1,1,0,0,0,0,0,21,15,0,19,0
180647,1,1,18,18,18,18,18,18,18,18,18,18
180648,1,1,0,0,0,0,0,0,0,0,0,0
180648,2,1,0,0,0,0,0,0,0,0,0,0
180649,1,1,0,0,0,0,0,0,0,0,0,0
180650,0,1,0,0,0,0,0,0,0,0,0,0