ST_CASE,VEH_NO,PER_NO,P1,P2,P3,P4,P5,P6,P7,P8,P9,P10
220345,1,1,8,8,8,8,8,8,8,8,8,8
220346,1,1,0,0,0,0,0,0,0,0,0,0
220346,2,1,0,0,0,0,0,0,0,0,0,0
220347,1,1,0,0,0,0,0,0,0,0,0,0
220347,2,1,0,0,0,0,0,0,0,0,0,0
220348,1,1,0,0,0,0,0,0,0,0,0,0
220348,2,1,0,0,0,0,0,0,0,0,0,0
220348,3,1,0,0,0,0,0,0,0,0,0,0
220348,4,1,0,19,0,0,25,0,0,0,0,0
220349,1,1,0,0,0,0,0,0,0,0,0,0
220349,2,1,0,0,0,0,0,0,0,0,0,0
220350,0,1,0,0,0,0,0,0,0,0,0,0
220350,1,1,0,0,0,0,0,0,0,0,0,0
220351,1,1,0,0,0,0,0,0,0,0,0,0
220351,2,1,0,0,0,0,0,0,0,0,0,0
220352,0,1,14,14,14,14,14,14,14,14,14,14
220352,1,1,0,0,0,0,0,0,0,0,0,0
220352,2,1,0,9,14,0,0,0,0,0,0,0
220353,0,1,0,0,0,0,0,0,0,0,0,0
220353,1,1,0,0,0,0,0,0,0,0,0,0
220354,1,1,15,15,15,15,15,15,15,15,15,15
220354,2,1,0,0,0,0,0,0,0,0,0,0
220355,0,1,0,0,0,0,0,0,0,0,0,0
220355,1,1,0,0,0,0,0,0,0,0,0,0
220356,1,1,0,0,0,0,0,0,0,0,0,0
220356,2,1,0,0,0,0,0,0,0,0,0,0
220356,3,1,0,0,0,0,0,0,0,0,0,0
220357,1,1,0,0,0,0,0,0,0,0,0,0
220357,2,1,0,0,0,0,0,0,0,0,0,0
220358,1,1,0,0,0,0,0,0,0,0,0,0
220359,1,1,23,23,23,23,23,23,23,23,23,23
220360,0,1,0,0,0,15,17,0,0,27,0,0
220360,1,1,14,21,9,0,28,0,6,17,8,0
220361,0,1,0,0,0,0,0,0,0,0,0,0
220361,1,1,0,0,0,0,0,0,0,7,0,16
220362,1,1,12,12,12,12,12,12,12,12,12,12
220363,1,1,0,0,0,0,0,0,0,0,0,0
220363,2,1,0,0,0,0,0,0,0,0,0,0
220364,1,1,0,0,0,0,0,0,0,0,0,0
220364,2,1,0,0,0,0,0,0,0,0,0,0
220365,1,1,23,23,23,23,23,23,23,23,23,23
220366,0,1,0,0,0,0,0,0,0,0,0,0
220366,1,1,0,0,0,0,0,0,0,0,0,0
220367,0,1,23,23,23,23,23,23,23,23,23,23
220367,1,1,14,0,30,13,0,15,13,10,17,22
220368,1,1,0,24,13,23,0,0,21,0,0,0
220368,2,1,0,0,0,0,0,0,0,0,0,0
220369,0,1,11,11,11,11,11,11,11,11,11,11
220369,1,1,0,0,0,0,0,11,0,0,0,6
220370,1,1,0,0,0,0,0,0,0,0,0,0
220370,2,1,0,0,0,0,0,0,0,0,0,0
220371,1,1,5,5,5,5,5,5,5,5,5,5
220371,2,1,6,6,6,6,6,6,6,6,6,6
220372,1,1,0,0,0,0,0,0,0,0,0,0
220372,2,1,0,0,0,0,0,0,0,0,0,0
220373,1,1,25,25,25,25,25,25,25,25,25,25
220374,1,1,17,17,17,17,17,17,17,17,17,17
220375,1,1,0,0,0,0,0,0,0,0,0,0
220376,0,1,23,23,23,23,23,23,23,23,23,23
220376,1,1,3,3,3,3,3,3,3,3,3,3
220377,1,1,1,1,1,1,1,1,1,1,1,1
220378,1,1,12,12,12,12,12,12,12,12,12,12
220379,1,1,25,25,25,25,25,25,25,25,25,25
220380,0,1,0,0,0,0,0,0,0,0,0,0
220380,1,1,0,0,0,0,0,0,0,0,0,0
220381,0,1,27,27,27,27,27,27,27,27,27,27
220381,1,1,21,21,21,21,21,21,21,21,21,21
220382,1,1,0,0,0,0,0,0,0,0,0,0
220383,1,1,0,0,0,0,0,0,32,0,0,0
220384,0,1,1,1,1,1,1,1,1,1,1,1
220384,1,1,0,18,2,0,0,0,15,17,0,25
220385,1,1,0,0,0,0,0,0,0,0,0,0
220385,2,1,0,0,0,0,0,0,0,0,0,0
220385,3,1,0,0,0,0,0,0,0,0,0,0
220385,4,1,0,0,0,0,0,0,0,0,0,0
220386,1,1,17,17,17,17,17,17,17,17,17,17
220387,1,1,0,0,0,0,0,0,0,0,0,0
220388,1,1,8,8,8,8,8,8,8,8,8,8
220389,0,1,0,0,0,0,0,0,0,0,0,0
220389,1,1,0,0,0,0,0,0,0,0,0,0
220389,2,1,0,0,0,0,0,0,0,0,0,0
220390,1,1,7,7,7,7,7,7,7,7,7,7
220390,2,1,0,0,0,0,0,0,0,0,0,0
220391,1,1,0,0,0,0,0,0,0,0,0,0
220391,2,1,8,11,13,4,5,18,9,0,25,21
220392,1,1,0,0,0,0,0,0,0,0,0,0
220393,1,1,0,0,0,0,0,0,0,0,0,0
220393,2,1,0,0,0,0,0,0,0,0,0,0
220394,1,1,15,15,15,15,15,15,15,15,15,15
220395,1,1,0,0,0,0,0,0,0,0,0,0
220396,1,1,0,0,0,0,0,0,0,0,0,0
220396,2,1,14,14,14,14,14,14,14,14,14,14
220397,1,1,0,0,0,0,0,0,0,0,0,0
220397,2,1,0,0,0,0,0,0,0,0,0,0
220397,3,1,0,0,0,0,0,0,0,0,0,0
220398,1,1,6,6,6,6,6,6,6,6,6,6
220398,2,1,0,0,0,0,0,0,0,0,0,0
220399,1,1,18,18,18,18,18,18,18,18,18,18
220399,2,1,0,0,0,0,0,0,0,0,0,0
220400,1,1,0,0,0,0,0,0,0,0,0,0
220400,2,1,1,1,1,1,1,1,1,1,1,1
220401,1,1,0,0,0,0,0,0,0,0,0,0
220401,2,1,0,0,0,0,0,0,0,0,0,0
220401,3,1,0,0,0,0,0,0,0,0,0,0
220402,1,1,13,13,13,13,13,13,13,13,13,13
220402,2,1,20,20,20,20,20,20,20,20,20,20
220403,1,1,0,0,0,0,0,0,0,0,0,0
220403,2,1,0,0,0,0,0,0,0,0,0,0
220404,1,1,26,26,26,26,26,26,26,26,26,26
220404,2,1,0,0,0,0,0,0,0,0,0,0
220405,1,1,0,0,0,0,0,0,0,0,0,0
220405,2,1,0,0,0,0,0,0,0,0,0,0
220406,1,1,0,0,0,0,0,0,0,0,0,0
220406,2,1,0,0,0,0,0,0,0,0,0,0
220407,1,1,0,0,0,0,0,0,0,0,0,0
220407,2,1,0,0,0,0,0,0,0,0,0,0
220407,3,1,0,0,0,0,0,0,0,0,0,0
220408,1,1,0,0,0,0,0,0,0,0,0,0
220409,1,1,0,0,0,0,0,0,0,0,0,0
220411,1,1,0,0,0,0,0,0,0,0,0,0
220411,2,1,0,0,0,0,0,0,0,0,0,0
220412,1,1,17,17,17,17,17,17,17,17,17,17
220413,1,1,0,0,0,0,0,0,0,0,0,0
220413,2,1,0,0,0,0,0,0,0,0,0,0
220414,1,1,0,0,0,0,0,0,0,0,0,0
220415,1,1,0,0,0,0,0,0,0,0,0,0
220416,1,1,0,0,0,0,0,0,0,0,0,0
220416,2,1,0,0,0,0,0,0,0,0,0,0
220417,1,1,0,0,0,0,0,0,0,0,22,17
220418,0,1,21,21,21,21,21,21,21,21,21,21
220418,1,1,11,0,6,25,23,15,21,0,30,0
220419,1,1,14,14,14,14,14,14,14,14,14,14
220420,0,1,0,0,0,0,0,0,0,0,0,0
220420,0,2,0,0,0,0,0,0,0,9,0,0
220420,1,1,0,0,0,0,0,0,0,0,0,0
220421,1,1,0,0,0,0,0,0,0,0,0,0
220422,1,1,0,0,0,0,0,0,0,0,0,0
220422,2,1,0,0,0,0,0,0,0,0,0,0
220422,3,1,0,0,0,0,0,0,0,0,0,0
220423,1,1,0,0,0,0,0,0,0,0,0,0
220423,2,1,0,0,0,0,0,0,0,0,0,0
220424,1,1,0,0,0,0,0,0,0,0,0,0
220424,2,1,0,0,0,0,0,0,0,0,0,0
220425,1,1,0,0,0,0,0,0,0,0,0,0
220425,2,1,0,0,0,0,0,0,0,0,0,0
220426,0,1,0,0,0,0,27,0,0,0,0,0
220426,1,1,0,0,0,0,0,0,0,0,0,0
220427,1,1,11,11,11,11,11,11,11,11,11,11
220427,2,1,0,0,0,0,0,0,0,0,0,0
220428,1,1,0,0,0,0,0,0,0,0,0,0
220428,2,1,0,0,0,0,0,0,0,0,0,0
220429,1,1,0,0,0,0,0,0,0,0,0,0
220429,2,1,0,0,0,18,0,0,0,0,0,0
220430,1,1,0,0,0,0,0,0,0,0,0,0
220431,1,1,7,7,7,7,7,7,7,7,7,7
220433,1,1,0,0,0,0,0,0,0,0,0,0
220434,1,1,0,0,0,0,0,0,0,0,0,0
220435,0,1,0,0,0,0,0,0,0,0,0,0
220435,1,1,10,26,14,22,0,8,13,23,17,0
220436,0,1,0,0,0,0,0,0,0,0,0,0
220436,1,1,0,0,0,0,0,0,0,0,0,0
220437,0,1,0,0,0,0,0,0,0,0,0,0
220437,1,1,0,0,0,0,0,0,0,0,0,0
220438,1,1,0,0,0,0,0,0,0,0,0,0
220439,1,1,0,0,0,0,0,0,0,0,0,0
220439,2,1,0,0,13,0,0,38,0,0,0,0
220440,1,1,0,0,0,0,0,0,0,0,0,0
220440,2,1,0,0,0,0,0,0,0,0,0,0
220440,3,1,0,0,0,0,0,0,0,0,0,0
220440,4,1,0,0,0,0,0,0,0,0,0,0
220441,1,1,0,0,0,0,0,0,0,0,0,0
220441,2,1,0,0,0,0,0,0,0,0,0,0
220442,1,1,0,0,0,0,0,0,0,0,0,0
220442,2,1,0,0,0,0,0,0,0,0,0,0
220443,1,1,0,0,0,0,0,0,0,0,0,0
220444,1,1,19,19,19,19,19,19,19,19,19,19
220445,0,1,0,0,0,0,0,0,0,0,0,0
220445,1,1,0,0,0,0,0,0,0,0,0,0
220446,1,1,15,15,15,15,15,15,15,15,15,15
220447,1,1,24,24,24,24,24,24,24,24,24,24
220448,1,1,28,28,28,28,28,28,28,28,28,28
220449,0,1,12,12,12,12,12,12,12,12,12,12
220449,1,1,0,0,0,0,0,0,0,0,9,0
220450,0,1,15,0,0,0,14,0,14,0,0,0
220450,1,1,0,0,0,0,0,0,0,0,0,0
220451,1,1,11,11,11,11,11,11,11,11,11,11
220451,2,1,0,0,0,0,0,24,0,0,0,0
220452,1,1,17,17,17,17,17,17,17,17,17,17
220453,1,1,0,0,0,0,0,0,0,0,0,0
220453,2,1,24,24,24,24,24,24,24,24,24,24
220454,1,1,0,0,0,0,0,0,0,0,0,0
220454,2,1,25,25,25,25,25,25,25,25,25,25
220455,0,1,28,0,0,30,13,0,13,0,0,16
220455,1,1,0,0,0,0,0,0,0,0,0,0
220456,1,1,0,0,0,0,0,0,0,0,0,0
220456,2,1,0,0,0,0,0,0,0,0,0,0
220457,1,1,28,28,28,28,28,28,28,28,28,28
220457,2,1,0,0,0,0,0,0,0,0,0,0
220458,1,1,0,0,0,0,0,0,0,0,0,0
220458,2,1,0,0,0,0,0,0,0,0,0,0
220459,1,1,0,0,0,0,0,0,0,0,0,0
220459,2,1,0,0,0,0,0,0,0,0,0,0
220460,1,1,7,7,7,7,7,7,7,7,7,7
220460,2,1,0,0,0,0,0,0,0,0,0,0
220461,1,1,0,0,0,0,0,0,0,0,0,0
220461,2,1,0,0,0,0,0,0,0,0,0,0
220462,0,1,0,0,0,0,0,0,0,0,0,0
220462,1,1,11,0,25,13,11,0,0,0,0,0
220463,1,1,0,0,0,0,0,0,0,0,0,0
220464,1,1,24,26,0,0,0,5,0,0,0,10
220465,1,1,0,0,0,0,0,0,0,0,0,0
220466,1,1,0,0,0,0,0,0,0,0,0,0
220466,2,1,0,0,0,0,19,0,0,0,0,0
220467,0,1,0,0,0,0,0,0,0,0,0,0
220467,0,2,0,21,0,0,0,0,0,0,4,0
220467,1,1,0,0,0,0,0,0,0,0,0,0
220468,1,1,0,0,0,0,0,0,0,0,0,0
220469,1,1,0,0,0,0,0,0,0,6,0,0
220469,2,1,0,0,0,0,0,0,0,0,0,0
220470,1,1,0,0,0,0,0,0,0,0,0,0
220470,2,1,0,0,0,0,0,0,0,0,0,0
220471,1,1,0,0,0,0,0,0,0,0,0,0
220472,1,1,0,0,0,0,0,0,0,0,0,0
220472,2,1,0,0,0,0,0,0,0,0,0,0
220473,0,1,28,28,28,28,28,28,28,28,28,28
220473,1,1,0,0,0,0,0,0,0,0,0,0
220474,1,1,0,0,0,0,0,0,0,0,0,0
220474,2,1,0,0,0,0,0,0,0,0,0,0
220475,1,1,20,20,20,20,20,20,20,20,20,20
220476,1,1,0,0,0,0,0,0,0,0,0,0
220476,2,1,0,0,0,0,0,0,0,0,0,0
220476,3,1,0,0,0,0,0,0,0,0,0,0
220476,4,1,0,21,0,21,0,0,0,0,0,0
220477,1,1,0,0,0,0,0,0,0,0,0,0
220477,2,1,0,0,0,0,0,0,0,0,0,0
220478,1,1,0,0,0,0,0,0,0,0,0,0
220478,2,1,0,0,0,0,0,0,0,0,0,0
220479,1,1,12,12,12,12,12,12,12,12,12,12
220479,2,1,0,0,43,0,0,0,0,0,0,0
220480,1,1,0,0,0,12,0,0,0,0,0,0
220480,2,1,0,0,0,0,0,0,0,0,0,0
220481,1,1,0,0,0,0,0,0,0,0,0,0
220481,2,1,0,18,9,0,0,0,0,0,0,14
220482,1,1,0,0,0,0,0,0,0,0,0,0
220482,2,1,0,0,0,0,0,0,0,0,0,0
220483,1,1,0,0,0,0,0,0,0,0,0,0
220483,2,1,0,0,0,0,0,0,0,0,0,0
220484,1,1,0,0,18,7,10,0,15,0,0,0
220484,2,1,0,0,0,0,0,0,0,0,0,0
220485,0,1,0,0,16,0,0,0,0,0,0,0
220485,1,1,0,0,0,0,0,0,0,0,0,0
220486,1,1,9,11,0,0,13,11,0,12,0,0
220486,2,1,0,0,0,0,0,0,0,27,0,26
220487,0,1,0,0,0,0,0,0,0,0,0,0
220487,1,1,0,0,0,0,0,0,0,0,0,0
220488,1,1,0,0,0,0,0,14,0,0,0,0
220489,0,1,0,0,0,0,0,0,0,0,0,0
220489,1,1,18,18,18,18,18,18,18,18,18,18
220490,0,1,0,32,11,19,0,20,0,0,20,0
220490,1,1,0,0,0,0,0,0,0,0,0,0
220491,0,1,17,0,24,0,0,42,0,0,0,0
220491,1,1,0,0,0,30,0,0,0,0,24,0
220492,0,1,5,5,5,5,5,5,5,5,5,5
220492,1,1,18,21,8,14,13,31,13,22,20,25
220493,1,1,0,0,0,0,0,0,0,0,0,0
220493,2,1,0,0,0,0,0,0,0,0,0,0
220494,1,1,0,0,0,0,0,0,0,0,0,0
220495,1,1,0,0,0,0,0,19,0,0,0,0
220496,1,1,29,29,29,29,29,29,29,29,29,29
220497,1,1,0,0,0,0,0,0,0,0,0,0
220497,2,1,0,0,0,0,0,0,0,0,0,0
220498,1,1,25,25,25,25,25,25,25,25,25,25
220499,0,1,0,0,0,0,0,17,0,0,0,0
220499,1,1,0,0,0,0,0,0,0,0,0,0
220500,0,1,0,0,0,0,0,0,0,0,0,0
220500,1,1,0,0,0,0,0,0,0,0,0,0
220500,2,1,0,0,0,0,0,0,0,0,0,0
220501,0,1,0,0,0,0,0,0,0,0,0,0
220501,1,1,0,0,0,0,0,0,0,0,0,0
220502,1,1,21,21,21,21,21,21,21,21,21,21
220503,1,1,0,10,0,0,4,0,20,7,0,0
220503,2,1,0,0,0,0,0,0,14,12,0,0
220504,0,1,18,18,18,18,18,18,18,18,18,18
220504,1,1,0,0,0,0,0,0,0,0,0,0
220505,0,1,4,4,4,4,4,4,4,4,4,4
220505,1,1,0,0,0,0,0,0,0,0,0,0
220506,1,1,0,0,0,0,0,0,0,0,0,0
220507,1,1,0,0,0,0,0,0,0,0,0,0
220508,1,1,0,0,0,0,0,0,0,0,0,0
220509,0,1,28,28,28,28,28,28,28,28,28,28
220509,1,1,0,0,0,0,0,0,0,0,0,0
220510,0,1,7,7,7,7,7,7,7,7,7,7
220510,1,1,0,0,0,0,0,0,0,0,0,0
220512,1,1,24,24,24,24,24,24,24,24,24,24
220513,0,1,0,0,0,0,0,0,0,0,0,0
220513,1,1,0,0,0,0,0,0,0,0,0,4
220514,1,1,0,0,0,0,0,0,0,0,0,0
220514,2,1,0,0,0,0,0,0,0,0,0,0
220515,1,1,23,23,23,23,23,23,23,23,23,23
220515,2,1,0,0,0,0,0,0,0,0,0,0
220516,1,1,21,21,21,21,21,21,21,21,21,21
220516,2,1,0,0,0,0,0,0,0,0,0,0
220517,1,1,0,0,0,0,0,0,0,0,0,0
220517,2,1,0,0,0,0,0,0,0,0,0,0
220518,1,1,0,0,0,0,0,0,0,0,0,0
220518,2,1,0,0,0,0,0,0,0,0,0,0
220519,1,1,0,0,0,0,0,0,0,0,0,0
220519,2,1,0,0,0,0,0,0,0,0,0,0
220520,1,1,0,0,0,0,0,0,0,0,0,0
220520,2,1,0,0,0,0,0,0,0,0,0,0
220521,1,1,18,18,18,18,18,18,18,18,18,18
220522,1,1,0,0,0,0,0,0,0,0,0,0
220522,2,1,0,0,0,0,0,0,0,0,0,0
220523,0,1,0,27,0,0,0,0,0,0,14,0
220523,1,1,0,0,0,0,0,0,0,0,0,0
220524,1,1,0,6,0,0,11,0,0,20,16,0
220525,1,1,0,0,0,5,0,0,0,0,0,0
220525,2,1,0,0,0,0,0,0,4,0,6,0
220526,1,1,26,26,26,26,26,26,26,26,26,26
220527,1,1,13,13,13,13,13,13,13,13,13,13
220527,2,1,0,0,0,0,0,0,0,0,0,0
220528,0,1,0,0,0,0,0,0,0,0,0,0
220528,1,1,0,0,0,0,0,0,0,0,0,0
220528,2,1,0,0,0,0,0,0,0,0,0,0
220529,0,1,17,17,17,17,17,17,17,17,17,17
220529,1,1,0,0,0,0,0,0,0,0,0,0
220530,1,1,0,0,0,0,0,0,0,0,0,0
220530,2,1,0,0,0,0,0,0,0,0,0,0
220531,0,1,15,0,10,19,14,16,44,8,10,13
220531,1,1,0,0,0,0,0,0,0,0,0,0
220531,2,1,0,0,0,0,0,0,0,0,0,0
220532,1,1,21,21,21,21,21,21,21,21,21,21
220533,1,1,13,13,13,13,13,13,13,13,13,13
220534,0,1,39,39,39,39,39,39,39,39,39,39
220534,1,1,3,3,3,3,3,3,3,3,3,3
220535,1,1,14,14,14,14,14,14,14,14,14,14
220536,0,1,19,19,19,19,19,19,19,19,19,19
220536,0,2,0,0,28,0,14,0,33,0,0,0
220536,1,1,14,14,14,14,14,14,14,14,14,14
220537,1,1,0,0,0,0,0,0,0,0,0,0
220538,0,1,0,0,0,0,0,0,0,0,0,0
220538,1,1,0,0,0,0,0,0,0,0,0,0
220539,1,1,0,0,0,0,0,0,0,0,0,0
220540,1,1,5,5,5,5,5,5,5,5,5,5
220541,0,1,22,22,22,22,22,22,22,22,22,22
220541,1,1,0,0,0,0,0,0,0,0,0,0
220542,1,1,18,18,18,18,18,18,18,18,18,18
220543,0,1,0,0,0,0,0,0,0,0,0,0
220543,1,1,0,0,0,0,0,0,0,0,0,0
220544,0,1,32,32,32,32,32,32,32,32,32,32
220544,1,1,11,11,11,11,11,11,11,11,11,11
220545,0,1,3,3,3,3,3,3,3,3,3,3
220545,1,1,0,0,0,0,0,0,0,0,0,0
220546,0,1,0,0,0,0,0,0,0,0,0,0
220546,1,1,0,0,0,0,0,0,0,0,0,0
220547,0,1,0,0,0,0,0,0,0,0,0,0
220547,1,1,0,0,0,0,0,0,0,0,0,0
220548,1,1,9,9,9,9,9,9,9,9,9,9
220549,1,1,0,0,0,0,0,0,0,0,0,0
220550,0,1,28,28,28,28,28,28,28,28,28,28
220550,1,1,0,0,8,19,0,0,0,17,0,0
220551,1,1,0,0,0,0,0,0,0,0,0,0
220551,2,1,0,0,0,0,0,0,0,0,0,0
220552,1,1,0,0,0,0,0,0,0,0,0,0
220552,2,1,0,0,0,0,0,0,0,0,0,0
220553,1,1,0,0,0,0,0,0,0,0,0,0
220553,2,1,0,0,0,0,0,0,0,0,0,0
220554,1,1,0,0,0,0,0,0,0,0,0,0
220554,2,1,1,1,1,1,1,1,1,1,1,1
220555,1,1,0,0,0,0,0,0,0,0,0,0
220556,1,1,1,1,1,1,1,1,1,1,1,1
220557,0,1,2,2,2,2,2,2,2,2,2,2
220557,1,1,0,0,0,0,0,0,0,0,0,0
220558,1,1,0,0,0,0,0,0,0,0,0,0
220559,1,1,0,0,0,0,0,0,0,0,0,0
220559,2,1,0,0,0,0,0,0,0,0,0,0
220560,1,1,17,17,17,17,17,17,17,17,17,17
220560,2,1,0,0,0,0,0,0,0,0,0,0
220561,1,1,0,0,0,0,0,0,0,0,0,0
220561,2,1,0,0,0,0,0,0,0,0,0,0
220562,1,1,10,26,12,0,15,0,18,23,12,0
220562,2,1,0,0,0,0,0,0,0,0,0,0
220563,0,1,15,15,15,15,15,15,15,15,15,15
220563,1,1,0,0,0,0,0,0,0,0,0,0
220564,1,1,0,0,0,0,0,0,0,0,0,0
220564,2,1,0,0,0,0,0,0,0,0,0,0
220565,1,1,12,12,12,12,12,12,12,12,12,12
220565,2,1,0,0,0,0,0,0,0,0,0,0
220566,1,1,0,0,0,0,0,0,0,0,0,0
220566,2,1,0,0,0,0,0,0,0,0,0,0
220566,3,1,0,0,0,0,0,0,0,0,0,0
220567,1,1,9,9,9,9,9,9,9,9,9,9
220568,1,1,9,9,9,9,9,9,9,9,9,9
220569,1,1,21,21,21,21,21,21,21,21,21,21
220570,1,1,0,0,0,0,0,0,0,0,0,0
220571,1,1,0,0,0,0,0,0,0,0,0,0
220572,1,1,0,0,0,0,0,0,0,0,0,0
220572,2,1,0,0,0,0,17,0,0,0,0,0
220573,1,1,0,14,0,0,0,0,0,0,0,0
220573,2,1,0,0,0,0,0,0,0,0,0,0
220574,1,1,0,0,0,0,0,0,0,0,0,0
220574,2,1,0,0,0,0,0,0,0,0,0,0
220575,1,1,0,0,0,0,0,0,0,0,0,0
220575,2,1,0,0,0,0,0,0,0,0,0,0
220576,1,1,0,0,0,0,0,0,0,0,0,0
220576,2,1,0,0,0,0,0,0,0,0,0,0
220577,1,1,0,0,0,0,0,0,0,0,0,0
220577,2,1,0,0,0,0,0,0,0,0,0,0
220578,1,1,0,0,0,0,0,0,0,0,0,0
220579,0,1,0,0,0,0,0,0,0,0,0,0
220579,1,1,0,9,8,10,0,0,0,21,0,13
220580,0,1,21,21,21,21,21,21,21,21,21,21
220580,1,1,0,0,0,0,0,0,0,0,0,0
220581,1,1,10,10,10,10,10,10,10,10,10,10
220583,1,1,13,13,13,13,13,13,13,13,13,13
220584,1,1,13,13,13,13,13,13,13,13,13,13
220585,1,1,0,0,0,0,0,0,0,0,0,0
220586,0,1,0,0,0,0,0,0,0,0,0,0
220586,1,1,0,0,0,0,0,0,0,0,0,0
220587,1,1,0,0,0,0,0,0,0,0,0,0
220588,1,1,0,0,0,0,0,0,0,0,0,0
220589,0,1,14,14,14,14,14,14,14,14,14,14
220589,1,1,0,0,0,0,0,0,0,0,0,0
220590,0,1,22,27,0,0,8,9,24,0,0,0
220590,1,1,0,0,0,0,0,0,0,0,0,0
220591,0,1,0,0,0,0,0,0,0,0,0,0
220591,1,1,0,0,0,0,0,0,0,0,0,0
220592,0,1,14,14,14,14,14,14,14,14,14,14
220592,1,1,0,20,0,13,14,0,10,0,0,0
220593,1,1,0,0,0,0,0,0,0,0,0,0
220594,0,1,0,0,0,0,0,0,0,0,0,0
220594,1,1,0,0,9,0,24,20,14,7,0,0
220595,1,1,13,13,13,13,13,13,13,13,13,13
220595,2,1,0,0,0,0,0,0,0,0,0,0
220595,3,1,0,0,0,0,0,0,0,0,0,0
220596,1,1,10,10,10,10,10,10,10,10,10,10
220596,2,1,0,0,0,0,0,0,0,0,0,0
220597,1,1,0,0,0,0,0,0,0,0,0,0
220597,2,1,0,0,0,0,0,0,0,0,0,0
220598,1,1,0,0,0,0,0,0,0,0,0,0
220599,1,1,0,0,0,0,0,0,0,0,0,0
220599,2,1,0,0,0,0,0,0,0,0,0,0
220600,1,1,22,22,22,22,22,22,22,22,22,22
220601,1,1,0,0,0,0,0,0,0,0,0,0
220601,2,1,0,0,0,0,0,0,0,0,0,0
220602,0,1,20,0,0,21,18,0,13,11,11,8
220602,1,1,0,0,0,0,0,0,0,0,0,0
220603,1,1,0,0,0,0,0,0,0,0,0,0
220603,2,1,32,0,0,0,0,0,25,22,0,15
220604,1,1,0,0,0,0,0,0,0,0,0,0
220604,2,1,0,0,0,0,0,0,0,0,0,0
220605,1,1,20,20,20,20,20,20,20,20,20,20
220606,1,1,9,9,9,9,9,9,9,9,9,9
220606,2,1,0,0,5,19,0,5,0,14,30,0
220607,0,1,8,8,8,8,8,8,8,8,8,8
220607,1,1,0,0,0,0,0,0,0,0,0,0
220608,0,1,10,0,41,25,5,18,0,0,9,32
220608,1,1,0,0,0,0,0,0,0,0,0,0
220609,1,1,0,17,0,36,23,0,15,16,17,16
220610,1,1,0,0,0,0,0,0,0,0,0,0
220611,0,1,0,0,0,0,0,0,0,0,0,0
220611,1,1,0,0,0,0,0,0,0,0,0,0
220612,0,1,27,27,27,27,27,27,27,27,27,27
220612,1,1,0,0,0,0,0,0,0,28,45,0
220613,1,1,0,7,0,28,12,9,0,15,0,13
220613,2,1,0,0,0,0,0,0,0,0,0,0
220615,1,1,0,0,0,0,0,0,0,0,0,0
220616,1,1,0,0,0,0,0,0,0,0,0,0
220616,2,1,0,0,0,0,0,0,0,0,0,0
220617,1,1,0,0,0,0,0,0,0,0,0,0
220617,2,1,0,0,0,0,0,0,0,0,0,0
220618,0,1,27,27,27,27,27,27,27,27,27,27
220618,1,1,0,0,0,0,0,0,0,0,0,0
220619,0,1,0,0,0,0,0,0,0,0,0,0
220619,1,1,0,0,0,0,0,0,0,0,0,0
220620,0,1,27,27,27,27,27,27,27,27,27,27
220620,1,1,0,0,0,0,0,0,0,0,0,0
220621,1,1,23,23,23,23,23,23,23,23,23,23
220622,1,1,13,13,13,13,13,13,13,13,13,13
220623,1,1,0,5,0,12,0,6,14,28,0,0
220624,0,1,0,0,0,0,0,0,0,0,0,0
220624,1,1,0,0,0,0,0,0,0,0,0,0
220625,1,1,22,22,22,22,22,22,22,22,22,22
220625,2,1,0,0,0,0,0,0,0,21,0,0
220626,1,1,0,0,0,0,0,0,0,0,0,0
220627,1,1,0,0,0,0,0,0,0,0,0,0
220628,0,1,0,0,0,0,0,0,0,0,0,0
220628,1,1,18,0,0,0,6,0,14,17,0,0
220629,0,1,0,0,0,0,0,0,0,0,0,0
220629,1,1,0,0,0,0,0,0,0,0,0,0
220630,1,1,14,14,14,14,14,14,14,14,14,14
220631,1,1,0,0,0,0,0,0,0,0,0,0
220631,2,1,0,0,0,0,0,0,0,0,0,0
220632,1,1,3,3,3,3,3,3,3,3,3,3
220632,2,1,0,0,0,0,0,0,0,0,0,0
220633,1,2,0,0,0,16,0,16,0,6,0,0
220634,0,1,0,0,0,0,0,0,0,0,0,0
220634,1,1,8,8,8,8,8,8,8,8,8,8
220635,0,1,0,0,0,0,0,0,0,0,0,0
220635,1,1,0,0,0,0,0,0,0,0,0,0
220635,2,1,0,0,0,0,0,0,0,0,0,0
220636,1,1,0,0,0,0,0,0,0,0,0,0
220636,2,1,0,0,0,0,0,0,0,0,0,0
220637,1,1,0,0,0,0,0,0,0,0,0,0
220637,2,1,9,9,9,9,9,9,9,9,9,9
220638,0,1,23,23,23,23,23,23,23,23,23,23
220638,1,1,0,0,0,0,0,0,0,0,0,0
220639,0,1,0,0,0,0,0,0,0,0,0,0
220639,1,1,10,0,0,0,0,0,0,11,17,6
220640,1,1,0,0,0,0,0,0,0,0,0,0