ST_CASE,VEH_NO,PER_NO,P1,P2,P3,P4,P5,P6,P7,P8,P9,P10
240379,1,1,0,0,0,0,0,0,0,0,0,0
240380,1,1,7,7,7,7,7,7,7,7,7,7
240381,1,1,0,19,0,23,0,0,0,0,0,0
240382,0,1,0,0,0,0,0,0,0,0,0,0
240382,1,1,0,0,0,0,0,0,0,0,0,0
240382,2,1,9,0,0,0,0,0,0,0,0,0
240385,0,1,0,0,0,0,0,0,0,0,0,0
240385,1,1,0,0,0,0,0,0,0,0,0,0
240386,1,1,0,0,0,0,0,0,0,0,0,0
240387,0,1,0,0,0,0,0,0,0,0,0,0
240387,1,1,0,0,0,0,0,0,0,0,0,0
240388,1,1,0,0,0,0,0,0,0,0,0,0
240388,2,1,0,0,0,0,0,0,0,0,0,0
240389,1,1,23,0,29,0,20,0,0,0,0,0
240389,2,1,0,0,0,0,0,0,0,0,0,0
240390,0,1,0,0,0,0,0,0,0,0,0,0
240390,1,1,0,0,0,0,21,0,0,2,0,21
240391,0,1,0,0,0,0,0,0,0,0,0,0
240391,0,2,0,0,0,0,0,0,0,0,0,29
240391,1,1,0,0,0,0,0,0,0,0,0,0
240392,1,1,0,0,0,0,0,0,0,0,0,0
240392,2,1,0,0,0,0,0,0,0,0,0,0
240393,1,1,5,5,5,5,5,5,5,5,5,5
240393,2,1,0,0,0,0,0,0,0,0,0,0
240394,0,1,18,18,18,18,18,18,18,18,18,18
240394,1,1,0,0,0,0,0,0,0,0,0,0
240395,0,1,20,20,20,20,20,20,20,20,20,20
240395,0,2,3,23,0,0,0,0,11,8,0,0
240395,1,1,0,0,0,0,0,0,0,0,0,0
240396,1,1,0,0,0,0,0,0,0,0,0,0
240396,2,1,0,0,0,0,0,0,0,0,0,0
240397,1,1,0,0,0,0,0,0,30,0,0,0
240398,1,1,0,0,0,0,0,0,0,0,0,0
240398,2,1,0,0,0,0,0,0,0,0,3,0
240399,1,1,0,0,0,0,0,0,0,0,0,0
240399,2,1,0,0,0,0,0,0,0,0,0,0
240401,1,1,0,0,0,0,0,0,0,0,0,0
240402,1,1,0,0,0,0,0,0,0,0,0,0
240402,2,1,0,0,0,0,0,0,12,0,0,0
240403,0,1,6,0,0,0,15,0,15,9,0,10
240403,1,1,0,0,0,0,7,0,0,0,0,0
240404,0,1,0,0,0,0,0,0,0,0,0,0
240404,1,1,0,0,0,0,0,0,0,0,0,0
240405,1,1,8,8,8,8,8,8,8,8,8,8
240406,1,1,0,0,0,0,0,0,0,0,0,0
240406,2,1,0,0,0,0,0,0,0,0,0,0
240406,3,1,0,0,0,0,0,0,0,0,0,0
240407,0,1,0,0,0,0,0,0,0,0,0,0
240407,0,2,12,0,0,0,0,0,0,0,0,0
240407,0,3,0,0,14,0,0,0,0,26,0,0
240407,0,4,0,0,0,0,0,0,0,0,0,0
240407,1,1,0,0,0,0,0,0,0,0,0,0
240408,0,1,0,0,0,0,0,0,0,0,0,0
240408,1,1,0,0,0,0,0,0,0,0,0,0
240409,1,1,18,18,18,18,18,18,18,18,18,18
240410,1,1,20,16,14,17,14,0,18,38,12,5
240411,0,1,0,0,0,0,0,0,0,0,0,0
240411,1,1,0,0,0,0,15,0,0,0,0,0
240412,0,1,0,0,0,0,0,0,0,0,0,0
240412,1,1,0,0,4,0,27,0,0,0,0,0
240413,0,1,0,0,0,0,0,0,0,0,0,0
240413,1,1,0,0,0,0,0,0,0,0,0,0
240414,0,1,0,0,0,0,0,0,0,0,0,0
240414,1,1,0,0,0,0,0,0,0,0,0,0
240414,2,1,0,0,0,0,0,0,0,18,0,0
240415,1,1,0,0,0,0,14,0,0,0,0,0
240415,2,1,0,0,0,0,0,0,17,0,0,0
240416,1,1,0,0,0,0,0,0,0,0,0,0
240416,2,1,0,0,0,0,0,0,0,0,0,0
240417,1,1,0,0,34,0,0,0,0,0,0,0
240418,1,1,0,0,0,0,0,0,0,0,0,0
240419,0,1,0,0,0,0,0,0,0,0,0,0
240419,1,1,0,0,0,0,0,0,0,0,0,0
240420,1,1,0,0,0,0,0,0,0,0,0,0
240421,1,1,0,0,0,0,0,0,0,0,0,23
240422,0,1,0,0,0,0,0,0,0,0,0,0
240422,1,1,0,0,0,0,0,0,0,0,0,0
240423,1,1,24,25,25,11,24,31,2,17,16,7
240424,1,1,0,11,0,0,0,29,0,0,0,0
240425,0,1,0,0,0,0,0,0,0,0,0,23
240425,1,1,0,0,0,0,0,0,0,0,0,0
240425,2,1,0,0,0,0,0,0,0,0,0,0
240426,0,1,0,0,0,0,0,0,0,0,0,0
240426,1,1,0,0,0,0,0,0,0,0,0,0
240428,1,1,15,15,15,15,15,15,15,15,15,15
240428,2,1,0,0,0,0,0,0,0,0,0,0
240429,0,1,0,0,0,0,0,0,0,0,0,0
240429,1,1,0,20,0,0,0,4,0,0,0,0
240430,0,1,0,0,0,0,0,0,0,0,0,0
240430,1,1,0,0,0,0,0,0,0,0,0,0
240431,0,1,0,0,0,9,0,0,0,0,0,0
240431,1,1,0,0,0,0,0,0,0,0,0,0
240432,1,1,0,0,0,0,0,0,0,0,0,0
240432,2,1,0,0,0,0,0,0,0,0,19,0
240432,3,1,0,0,0,0,0,0,0,0,0,0
240433,0,1,21,21,21,21,21,21,21,21,21,21
240433,1,1,14,10,32,26,4,0,32,6,9,27
240434,0,1,34,34,34,34,34,34,34,34,34,34
240434,1,1,0,0,30,26,0,0,9,0,23,16
240435,0,1,0,0,0,0,0,0,0,0,0,0
240435,1,1,0,0,0,0,0,9,0,0,0,0
240436,0,1,0,0,0,0,0,0,0,0,0,0
240436,1,1,6,6,6,6,6,6,6,6,6,6
240437,1,1,0,0,0,0,0,0,0,0,0,0
240438,0,1,0,0,0,0,0,0,0,0,0,0
240438,1,1,0,0,0,0,0,0,0,0,0,0
240438,2,1,0,0,0,0,0,0,0,0,0,0
240439,1,1,0,0,0,0,0,0,0,0,0,0
240440,1,1,0,0,0,0,0,0,0,0,0,0
240441,1,1,0,0,0,0,0,0,0,0,0,0
240442,1,1,0,0,14,0,0,5,0,0,0,0
240442,2,1,0,28,0,0,0,0,0,0,0,0
240442,3,1,0,0,0,0,0,0,0,0,0,24
240443,1,1,0,0,0,0,0,0,0,0,0,0
240443,2,1,0,0,0,0,0,0,0,0,0,0
240443,3,1,0,0,0,0,0,0,0,0,0,0
240443,4,1,0,0,0,0,0,0,0,0,0,0
240444,1,1,0,0,0,0,0,0,0,0,0,0
240445,1,1,13,13,13,13,13,13,13,13,13,13
240445,2,1,0,0,0,0,0,0,0,0,0,0
240446,1,1,9,9,9,9,9,9,9,9,9,9
240446,2,1,0,0,0,0,0,0,0,0,0,0
240447,1,1,19,19,19,19,19,19,19,19,19,19
240447,2,1,0,0,0,0,0,0,0,0,0,0
240448,1,1,0,0,0,0,0,0,0,0,0,0
240448,2,1,0,0,0,0,0,0,0,0,0,0
240449,1,1,0,0,0,0,0,0,0,0,0,0
240450,0,1,12,12,12,12,12,12,12,12,12,12
240450,1,1,0,0,0,0,0,21,0,0,0,0
240451,0,1,0,0,0,0,0,0,0,0,0,0
240451,0,2,0,0,0,6,0,0,0,0,0,0
240451,1,1,0,0,0,0,0,0,0,0,0,0
240452,1,1,0,0,0,0,0,0,0,0,0,0
240453,1,1,0,0,0,0,0,0,0,0,0,0
240454,1,1,17,17,17,17,17,17,17,17,17,17
240454,2,1,0,0,0,0,9,0,0,0,0,0
240454,3,1,0,0,0,0,0,0,0,0,21,0
240454,4,1,0,0,0,0,0,0,0,0,20,0
240455,1,1,9,9,9,9,9,9,9,9,9,9
240456,1,1,0,0,0,0,0,0,0,0,0,0
240457,1,1,0,0,0,0,0,0,0,6,0,0
240457,2,1,0,0,0,0,0,0,0,0,0,0
240458,1,1,0,0,0,0,0,0,0,0,0,0
240459,0,1,0,0,0,0,0,0,0,0,0,0
240459,1,1,0,0,29,0,0,0,0,0,6,0
240460,1,1,0,0,0,0,0,0,0,0,0,0
240460,2,1,0,0,0,0,0,0,0,0,0,0
240461,0,1,0,0,0,0,0,0,0,0,0,0
240461,1,1,0,0,0,0,0,0,0,0,0,0
240462,1,1,0,0,0,0,0,0,0,0,0,0
240463,0,1,0,13,31,11,7,23,39,29,0,0
240463,1,1,0,13,17,17,0,0,0,0,27,0
240464,1,1,0,0,0,0,0,0,0,0,0,0
240465,2,1,0,0,0,0,0,0,0,0,0,0
240466,1,1,5,5,5,5,5,5,5,5,5,5
240467,1,1,0,0,3,0,18,0,15,0,0,0
240467,2,1,0,0,0,0,0,0,0,0,0,0
240467,3,1,0,0,0,0,0,0,0,0,0,0
240467,4,1,0,16,0,0,0,41,0,0,0,6
240468,1,1,0,0,0,0,0,0,0,0,0,0
240469,1,1,0,0,0,0,0,0,0,0,0,0
240469,2,1,0,0,0,0,0,0,0,0,0,0
240470,1,1,25,25,25,25,25,25,25,25,25,25
240471,1,1,0,0,0,0,0,0,0,0,0,0
240472,1,1,0,0,0,0,0,0,0,0,0,0
240473,1,1,25,25,25,25,25,25,25,25,25,25
240473,2,1,0,9,36,0,8,0,0,0,0,0
240474,1,1,0,0,0,0,0,0,0,0,0,0
240474,2,1,0,0,0,0,0,0,0,0,0,0
240475,0,1,0,0,0,0,0,0,0,0,0,0
240475,1,1,0,0,0,0,0,0,0,26,0,0
240476,0,1,19,0,0,11,11,0,0,20,0,21
240476,1,1,0,0,0,0,0,0,0,0,0,0
240477,1,1,0,0,0,0,0,0,0,5,0,0
240477,2,1,0,0,0,0,0,0,0,0,0,0
240478,1,1,0,0,0,0,21,0,0,6,24,20
240479,0,1,0,0,17,0,0,0,0,0,0,0
240479,1,1,0,0,0,0,0,0,0,0,0,0
240480,1,1,11,11,11,11,11,11,11,11,11,11
240481,0,1,0,0,0,0,0,0,0,0,0,0
240481,1,1,0,0,13,0,0,0,0,0,33,0
240483,1,1,0,0,0,0,0,0,0,0,6,0
240485,0,1,14,14,14,14,14,14,14,14,14,14
240485,1,1,0,0,0,0,0,0,0,0,0,0
240486,1,1,0,0,0,0,0,0,0,0,0,0
240487,1,1,12,0,0,0,0,9,7,21,0,36
240487,2,1,13,0,0,21,0,0,0,0,0,0
240488,1,1,0,0,0,0,0,0,0,0,0,0
240488,2,1,7,0,0,0,0,0,0,0,0,0
240489,0,1,0,0,0,0,0,0,0,0,0,0
240489,1,1,20,0,0,10,19,0,0,0,0,0
240490,1,1,0,25,0,0,0,0,0,0,0,0
240491,1,1,0,0,0,0,0,0,0,0,0,0
240492,1,1,0,0,0,0,0,0,0,0,0,0
240493,1,1,0,0,0,0,0,0,0,0,0,0
240494,1,1,0,0,0,6,0,0,0,0,0,0
240495,0,1,24,24,24,24,24,24,24,24,24,24
240495,1,1,34,13,0,11,17,11,11,10,0,0
240495,2,1,0,18,0,0,0,0,0,0,0,0
240496,1,1,0,7,0,0,0,0,0,0,0,10
240496,2,1,0,8,0,0,0,0,0,0,0,0
240497,1,1,0,0,0,0,0,0,25,0,0,0
240497,2,1,0,0,0,0,0,0,0,0,0,0
240497,3,1,0,0,12,0,0,0,0,12,0,0
240499,1,1,0,0,0,0,0,0,0,0,0,0
240500,0,1,25,25,25,25,25,25,25,25,25,25
240500,1,1,0,0,12,0,0,0,8,0,0,9
240501,1,1,0,0,29,0,0,0,0,0,0,0
240502,1,1,28,28,28,28,28,28,28,28,28,28
240503,1,1,0,0,0,0,30,0,0,22,0,0
240503,2,1,0,0,0,0,0,0,21,0,0,0
240504,1,1,0,0,0,0,0,0,0,0,0,22
240504,2,1,0,0,0,0,0,0,0,0,0,0
240504,3,1,0,0,0,0,0,27,0,0,0,0
240505,1,1,0,0,0,0,0,0,0,0,0,0
240506,1,1,5,5,5,5,5,5,5,5,5,5
240507,0,1,23,0,0,0,0,0,0,0,16,0
240507,1,1,0,0,0,0,0,0,13,0,15,0
240508,1,1,7,7,7,7,7,7,7,7,7,7
240508,2,1,0,0,0,0,0,0,0,0,0,0
240509,0,1,6,6,6,6,6,6,6,6,6,6
240509,1,1,19,0,19,17,26,0,9,19,28,23
240510,1,1,0,0,0,9,0,7,10,0,0,10
250003,1,1,3,3,3,3,3,3,3,3,3,3
250004,1,1,0,0,0,0,0,0,0,0,0,0
250005,1,1,28,28,28,28,28,28,28,28,28,28
250006,1,1,29,29,29,29,29,29,29,29,29,29
250007,1,1,0,9,0,0,0,0,0,0,0,22
250007,2,1,0,0,0,0,0,0,0,0,0,0
250008,0,1,15,15,15,15,15,15,15,15,15,15
250008,1,1,37,13,12,11,0,27,42,11,10,13
250009,0,1,0,0,0,0,0,0,0,0,0,0
250009,1,1,0,0,0,0,0,6,23,14,0,0
250010,0,1,8,8,8,8,8,8,8,8,8,8
250010,1,1,0,0,8,0,0,0,0,0,0,0
250011,1,1,0,0,0,0,0,0,0,0,0,0
250012,1,1,21,21,21,21,21,21,21,21,21,21
250013,0,1,0,0,0,0,0,0,0,0,0,0
250013,1,1,0,0,0,0,0,0,0,0,0,0
250014,0,1,14,25,19,11,33,13,5,11,15,0
250014,1,1,0,0,6,0,17,15,0,0,0,0
250015,1,1,30,30,30,30,30,30,30,30,30,30
250015,2,1,0,0,0,0,0,0,0,0,0,0
250017,1,1,0,0,0,0,0,0,0,0,0,0
250017,2,1,0,0,0,0,0,0,0,16,0,0
250018,0,1,12,0,12,23,0,9,0,0,0,15
250018,1,1,0,0,0,0,0,0,0,0,0,0
250019,1,1,0,8,0,0,0,16,0,0,0,0
250019,2,1,0,0,0,0,0,39,0,0,0,0
250020,1,1,0,0,0,0,0,0,0,0,0,0
250020,2,1,5,20,0,0,0,12,0,0,0,0
250021,1,1,0,0,0,0,0,0,0,0,0,0
250022,1,1,0,0,0,0,0,0,0,0,0,0
250022,2,1,0,0,0,0,0,0,0,0,0,0
250023,1,1,1,1,1,1,1,1,1,1,1,1
250023,2,1,0,0,0,0,17,0,0,0,0,0
250024,1,1,0,0,0,0,0,0,0,0,0,0
250024,2,1,0,0,0,0,0,0,10,0,0,0
250025,1,1,17,17,17,17,17,17,17,17,17,17
250025,2,1,22,22,22,22,22,22,22,22,22,22
250026,1,1,0,0,0,0,0,0,0,0,0,0
250026,2,1,45,45,45,45,45,45,45,45,45,45
250027,1,1,0,0,0,0,0,0,0,0,0,0
250027,2,1,0,0,0,0,0,0,0,0,11,0
250028,1,1,0,0,0,0,0,0,0,0,0,0
250028,2,1,4,0,24,20,16,0,0,0,0,0
250028,3,1,4,0,0,15,17,25,0,0,0,0
250029,1,1,1,1,1,1,1,1,1,1,1,1
250029,2,1,0,0,0,0,0,0,0,0,0,0
250030,1,1,30,19,0,8,0,12,44,0,8,0
250031,0,1,0,0,0,0,0,0,0,0,0,0
250031,1,1,0,0,0,0,0,0,0,0,0,0
250032,1,1,18,18,18,18,18,18,18,18,18,18
250033,0,1,0,0,0,0,0,0,0,0,0,0
250033,1,1,0,0,0,0,11,0,0,0,0,0
250034,0,1,2,2,2,2,2,2,2,2,2,2
250034,1,1,0,0,0,0,0,11,0,0,0,0
250036,1,1,13,13,13,13,13,13,13,13,13,13
250037,0,1,14,14,14,14,14,14,14,14,14,14
250037,1,1,0,0,0,0,0,0,0,0,0,8
250038,1,1,0,0,0,0,0,0,0,0,0,0
250039,1,1,0,0,0,0,0,0,0,0,0,0
250040,1,1,0,0,0,0,0,0,0,0,0,0
250041,1,1,28,28,23,27,0,14,18,25,26,17
250042,0,1,0,0,0,0,0,0,0,0,0,0
250042,1,1,0,0,0,0,0,0,0,0,0,0
250043,0,1,22,22,22,22,22,22,22,22,22,22
250043,1,1,0,0,0,0,0,0,0,0,0,0
250044,0,1,0,0,0,0,0,0,0,0,0,0
250044,1,1,0,0,10,0,12,9,23,0,0,0
250045,1,1,0,0,0,0,0,0,0,0,0,0
250046,1,1,0,0,0,0,0,0,0,11,0,0
250046,2,1,13,0,0,0,0,0,0,0,0,0
250047,0,1,0,0,0,8,0,0,0,23,14,35
250047,1,1,0,0,0,0,0,0,0,0,0,0
250048,1,1,0,0,0,0,0,0,0,0,0,0
250048,2,1,15,6,0,0,0,0,11,6,12,0
250049,1,1,4,4,4,4,4,4,4,4,4,4
250050,1,1,0,0,0,0,0,0,0,0,31,0
250051,0,1,0,0,0,0,0,0,0,0,24,0
250051,1,1,0,0,0,0,0,0,0,0,0,0
250052,1,1,0,0,0,0,0,0,0,0,0,0
250053,0,1,4,4,4,4,4,4,4,4,4,4
250053,1,1,0,0,0,0,0,15,0,0,0,0
250054,0,1,0,0,0,0,0,0,0,0,0,0
250054,1,1,0,0,0,0,0,0,19,0,0,0
250055,1,1,0,0,0,0,0,0,0,0,0,0
250055,2,1,0,0,7,4,0,0,0,0,0,0
250056,1,1,0,13,15,0,6,26,0,6,15,0
250056,2,1,19,18,19,13,27,0,0,0,0,0
250057,1,1,0,0,0,0,0,0,0,0,0,0
250058,0,1,17,17,17,17,17,17,17,17,17,17
250058,1,1,0,0,8,0,0,0,0,0,0,0
250059,1,1,13,13,13,13,13,13,13,13,13,13
250060,1,1,11,11,11,11,11,11,11,11,11,11
250061,1,1,0,0,0,0,0,0,0,0,0,0
250062,1,1,4,24,0,14,25,12,15,16,20,33
250062,2,1,0,0,0,0,0,0,0,0,0,0
250063,1,1,0,0,0,0,0,0,0,0,0,0
250065,1,1,0,0,0,0,0,0,0,15,0,0
250065,2,1,0,0,0,0,0,0,0,0,0,0
250066,0,1,0,0,0,0,0,0,0,0,0,0
250066,1,1,0,0,0,0,0,0,0,0,0,0
250067,0,1,0,0,0,0,0,0,0,0,0,0
250067,1,1,31,6,5,8,20,15,18,19,14,10
250067,3,1,0,0,0,0,0,0,0,0,0,0
250068,1,1,20,20,20,20,20,20,20,20,20,20
250069,1,1,17,17,17,17,17,17,17,17,17,17
250070,1,1,16,16,16,16,16,16,16,16,16,16
250071,0,1,0,0,0,0,0,0,0,0,0,0
250071,1,1,0,0,0,0,0,0,0,0,0,0
250072,1,1,33,33,33,33,33,33,33,33,33,33
250073,1,1,0,0,0,0,0,0,0,0,0,0
250073,2,1,1,1,1,1,1,1,1,1,1,1
250074,1,1,0,0,0,0,0,0,0,0,0,0
250074,2,1,0,0,0,0,0,0,0,0,0,0
250074,3,1,0,0,0,7,0,0,0,0,0,0
250074,4,1,0,0,0,0,0,0,0,0,0,0
250074,5,1,0,0,12,0,0,0,0,24,0,0
250074,6,1,0,0,0,0,0,0,5,0,0,6
250074,7,1,0,20,0,23,2,0,0,0,3,7
250075,1,1,0,0,0,0,0,0,0,0,0,0
250076,1,1,14,14,14,14,14,14,14,14,14,14
250078,0,1,20,0,3,0,0,19,0,14,0,0
250078,1,1,0,0,0,0,0,0,0,0,8,0
250079,0,1,18,18,18,18,18,18,18,18,18,18
250079,1,1,0,13,0,0,0,0,0,0,0,19
250080,1,1,0,0,0,0,0,0,0,0,0,0
250080,2,1,0,0,0,0,0,0,0,0,0,0
250081,1,1,3,3,3,3,3,3,3,3,3,3
250081,2,1,0,15,7,0,0,0,0,6,0,25
250082,0,1,0,0,0,0,0,0,0,0,0,0
250082,0,2,0,0,0,0,0,0,0,0,0,0
250082,1,1,0,0,0,0,0,0,0,0,0,0
250083,0,1,27,27,27,27,27,27,27,27,27,27
250083,1,1,0,7,0,0,0,10,0,2,0,5
250084,1,1,35,35,35,35,35,35,35,35,35,35
250084,2,1,0,0,0,0,0,17,0,0,0,0
250085,1,1,43,43,43,43,43,43,43,43,43,43
250086,1,1,20,20,20,20,20,20,20,20,20,20
250087,1,1,12,12,12,12,12,12,12,12,12,12
250088,1,1,0,0,0,0,0,0,0,0,0,0
250088,2,1,0,0,0,0,0,0,0,0,0,0
250089,0,1,0,0,0,0,0,0,0,0,0,0
250089,1,1,0,0,0,0,0,0,0,0,0,0
250090,1,1,0,0,0,0,0,0,0,0,0,0
250090,2,1,0,0,22,24,0,0,0,0,22,16
250090,3,1,0,0,11,0,13,0,0,0,0,0
250091,1,1,2,2,2,2,2,2,2,2,2,2
250092,1,1,3,3,3,3,3,3,3,3,3,3
250093,1,1,18,18,18,18,18,18,18,18,18,18
250094,1,1,0,0,0,0,0,0,0,0,0,0
250094,2,1,0,0,0,0,0,7,0,0,0,0
250094,3,1,0,0,0,0,0,0,0,0,0,0
250095,1,1,10,10,10,10,10,10,10,10,10,10
250096,1,1,24,24,24,24,24,24,24,24,24,24
250097,1,1,14,14,14,14,14,14,14,14,14,14
250097,2,1,0,0,0,0,0,0,0,0,0,0
250098,0,1,0,0,0,0,0,0,0,0,0,0
250098,1,1,0,0,0,0,0,0,0,0,0,0
250100,1,1,0,0,0,0,0,0,0,0,0,0
250101,1,1,0,0,0,0,0,0,0,0,0,0
250102,1,1,0,0,0,0,0,0,0,0,0,0
250103,1,1,0,0,0,0,0,0,0,0,0,0
250104,0,1,0,0,0,0,0,0,0,0,0,0
250104,1,1,0,0,0,0,0,0,0,0,0,0
250105,1,1,0,0,0,0,0,0,0,0,0,0
250105,2,1,0,0,0,0,0,0,0,0,0,0
250106,1,1,0,0,0,0,0,0,0,0,0,0
250106,2,1,0,0,0,0,0,0,0,0,0,0
250107,0,1,0,0,0,0,0,0,0,0,0,0
250107,1,1,0,0,20,0,0,0,0,0,0,3
250108,1,1,6,6,6,6,6,6,6,6,6,6
250109,1,1,33,33,33,33,33,33,33,33,33,33
250110,1,1,0,0,0,0,0,0,0,0,0,0
250110,2,1,0,0,0,0,0,0,0,0,0,0
250110,3,1,0,0,0,0,0,0,0,0,0,0
250111,1,1,0,20,0,0,46,0,0,0,0,0
250112,1,1,28,0,17,0,0,0,14,0,28,21
250113,1,1,11,11,21,10,29,14,27,12,12,7
250114,1,1,12,20,0,20,17,0,9,31,3,6
250114,2,1,0,0,0,0,0,0,0,0,0,0
250114,3,1,0,0,0,0,0,0,0,0,0,0
250115,1,1,0,0,0,0,0,0,0,0,0,0
250116,0,1,0,0,0,0,0,0,0,0,0,0
250116,1,1,0,9,2,11,27,14,4,18,10,0
250117,1,1,0,0,0,0,0,0,0,0,0,0
250117,2,1,0,0,0,0,0,0,0,0,0,0
250117,3,1,0,0,0,0,0,0,0,0,0,0
250118,0,1,0,0,0,0,0,0,0,0,0,0
250118,1,1,0,0,0,0,0,0,21,24,0,0
250119,1,1,14,14,14,14,14,14,14,14,14,14
250121,1,1,0,0,0,0,0,0,0,0,0,0
250122,0,1,0,0,0,0,0,0,0,0,0,0
250122,1,1,8,0,32,0,0,0,0,0,0,0
250123,1,1,0,0,11,0,0,0,0,0,0,0
250123,2,1,0,0,0,0,0,0,0,0,0,0
250124,1,1,0,0,0,0,0,0,0,0,0,0
250124,2,1,0,0,0,0,0,0,0,0,0,0
250125,0,1,0,0,0,0,0,0,0,0,0,0
250125,1,1,0,10,0,24,0,0,6,24,0,0
250125,2,1,26,22,6,0,0,19,0,0,0,0
250126,1,1,18,0,0,6,23,0,25,0,7,0
250127,1,1,29,29,29,29,29,29,29,29,29,29
250128,1,1,26,26,26,26,26,26,26,26,26,26
250130,1,1,25,25,25,25,25,25,25,25,25,25
250130,2,1,0,8,14,0,0,0,0,0,27,0
250131,1,1,21,21,21,21,21,21,21,21,21,21
250132,1,1,0,0,0,0,0,0,0,14,0,11
250132,2,1,0,0,17,0,0,0,0,0,0,0
250132,3,1,6,0,0,7,0,6,0,13,0,19
250133,1,1,20,20,20,20,20,20,20,20,20,20
250134,1,1,15,15,15,15,15,15,15,15,15,15
250135,1,1,0,0,0,0,0,0,0,0,0,0
250136,1,1,27,10,14,20,14,21,18,15,24,4
250136,2,1,0,0,0,0,0,0,0,0,0,0
250137,1,1,0,0,0,0,0,0,0,0,0,0
250137,2,1,0,0,0,0,0,0,0,8,9,0
250138,1,1,0,0,0,0,0,0,0,0,0,0
250139,0,1,33,33,33,33,33,33,33,33,33,33
250139,1,1,0,0,0,0,0,0,0,0,0,0
250140,1,1,0,0,0,0,0,0,0,0,0,0
250141,1,1,0,2,0,0,0,0,0,3,0,0
250141,2,1,5,5,5,5,5,5,5,5,5,5
250142,1,1,0,0,0,0,0,0,0,0,0,0
250142,2,1,0,0,0,0,0,0,0,0,0,0
250143,1,1,33,18,11,17,30,13,10,24,17,5
250143,2,1,2,2,2,2,2,2,2,2,2,2
250143,3,1,0,0,0,0,0,0,0,0,0,0
250144,1,1,21,21,21,21,21,21,21,21,21,21
250144,2,1,0,0,0,0,0,0,0,0,0,0
250145,1,1,0,0,0,0,0,0,0,0,0,0
250145,2,1,0,0,0,0,0,0,0,0,0,0
250145,3,1,0,0,0,0,0,0,0,0,0,0
250146,1,1,0,0,4,0,0,8,0,0,9,14
250146,2,1,0,0,0,0,0,0,0,0,0,0
250147,1,1,0,0,0,0,0,0,0,0,0,0
250148,1,1,0,0,0,0,0,0,0,0,0,0
250148,3,1,20,0,0,0,0,0,0,0,0,0
250149,1,1,0,0,0,0,0,0,0,0,0,0
250150,1,1,5,5,5,5,5,5,5,5,5,5
250150,2,1,0,0,0,0,0,0,0,0,0,0
250151,1,1,0,0,0,20,0,0,0,0,0,3
250151,2,1,0,0,0,0,0,0,0,0,0,0
250152,1,1,0,0,0,0,0,0,0,0,0,0
250153,1,1,0,0,0,0,0,0,0,0,0,0
250154,1,1,0,0,0,0,0,0,0,0,0,0
250154,2,1,0,0,0,0,0,0,0,0,0,0
250155,0,1,0,0,0,0,0,0,0,0,0,0
250155,1,1,0,0,0,0,4,0,0,0,0,0
250156,1,1,0,0,0,0,0,0,0,0,0,0
250156,2,1,0,0,0,0,0,0,0,0,0,0
250157,1,1,0,0,0,0,0,0,0,0,0,0
250157,2,1,0,0,0,0,0,0,0,0,0,0
250158,1,1,16,16,16,16,16,16,16,16,16,16
250159,1,1,23,12,7,29,13,17,10,20,9,45
250160,1,1,0,0,9,0,0,0,0,0,25,0
250160,2,1,0,0,0,0,0,0,0,0,0,0
250161,1,1,9,9,0,7,0,13,13,0,0,13
250161,2,1,0,0,0,0,0,0,0,0,0,0
250162,1,1,13,13,13,13,13,13,13,13,13,13
250163,1,1,0,0,0,0,0,0,0,0,0,0
250164,1,1,0,0,0,0,0,0,0,0,0,0
250165,1,1,20,20,20,20,20,20,20,20,20,20
250166,1,1,15,15,15,15,15,15,15,15,15,15
250167,1,1,28,28,28,28,28,28,28,28,28,28
250168,0,1,0,0,0,0,0,0,0,0,0,0
250168,1,1,0,0,0,0,0,0,0,0,0,0
250169,1,1,13,13,13,13,13,13,13,13,13,13
250170,1,1,0,0,0,0,0,0,0,0,0,0
250171,1,1,0,0,0,0,0,0,0,0,0,0
250171,2,1,0,0,0,0,0,0,0,0,0,0
250172,1,1,0,20,10,0,0,0,18,0,0,0
250172,2,1,0,0,0,0,14,0,0,0,0,0
250173,1,1,0,0,0,0,0,0,0,0,0,0
250174,1,1,0,0,0,0,0,0,0,0,0,0
250174,2,1,0,0,0,0,0,0,0,0,0,0
250175,1,1,49,49,49,49,49,49,49,49,49,49
250176,1,1,9,9,9,9,9,9,9,9,9,9
250177,0,1,0,0,0,0,0,0,0,0,0,0
250177,1,1,0,0,0,0,6,0,0,0,0,15
250178,0,1,0,0,0,0,0,0,0,0,0,0
250178,1,1,0,23,0,0,0,0,0,0,0,0
250179,1,1,24,24,24,24,24,24,24,24,24,24
250180,1,1,16,0,0,10,0,12,0,0,17,0
250180,2,1,0,0,0,0,0,0,0,0,0,0
250181,1,1,0,0,0,0,0,0,0,0,0,12
250181,2,1,0,0,0,0,0,0,0,0,0,0
250182,1,1,13,0,0,20,17,0,0,9,13,0
250182,2,1,6,6,6,6,6,6,6,6,6,6