ST_CASE,VEH_NO,PER_NO,P1,P2,P3,P4,P5,P6,P7,P8,P9,P10
250183,1,1,0,0,0,0,0,0,14,0,0,10
250184,1,1,0,0,0,0,0,0,0,0,0,0
250185,1,1,0,0,0,0,0,0,0,0,0,0
250186,0,1,0,0,0,0,0,0,0,0,0,0
250186,1,1,0,0,0,0,0,0,0,0,0,0
250187,0,1,0,0,0,0,0,0,0,0,0,0
250187,0,2,0,0,0,0,0,0,0,0,0,0
250187,1,1,26,0,0,0,0,0,0,0,0,0
250187,2,1,0,0,0,0,0,0,0,0,0,0
250188,1,1,0,0,0,0,0,0,0,0,0,0
250189,1,1,0,0,0,0,0,0,0,0,0,0
250190,1,1,0,0,0,0,0,0,0,0,0,0
250190,2,1,0,0,0,0,0,0,0,0,0,0
250191,1,1,18,18,18,18,18,18,18,18,18,18
250192,1,1,0,0,0,0,0,0,0,0,0,0
250192,2,1,0,0,0,0,16,0,0,16,0,0
250193,1,1,0,0,0,0,0,0,0,0,0,0
250193,2,1,0,0,0,0,0,0,0,0,0,0
250194,1,1,0,0,0,0,0,0,0,0,0,0
250194,2,1,0,0,0,0,0,0,0,0,0,0
250195,1,1,14,14,14,14,14,14,14,14,14,14
250196,1,1,0,0,0,0,0,0,0,0,0,0
250196,2,1,0,0,0,0,0,0,0,0,0,0
250197,1,1,0,0,0,0,0,0,0,0,0,0
250198,1,1,0,0,0,0,0,0,0,0,0,0
250199,1,1,6,6,6,6,6,6,6,6,6,6
250199,2,1,27,20,31,26,15,7,9,23,9,21
250200,1,1,0,0,0,0,0,0,0,0,0,0
250200,2,1,0,0,0,0,0,0,0,0,0,0
250201,1,1,0,0,0,0,0,0,0,0,0,0
250202,1,1,0,0,0,0,0,13,0,0,0,0
250202,2,1,0,0,0,0,0,0,0,0,0,0
250203,1,1,35,35,35,35,35,35,35,35,35,35
250204,1,1,13,13,13,13,13,13,13,13,13,13
250205,1,1,26,26,26,26,26,26,26,26,26,26
250206,1,1,10,10,10,10,10,10,10,10,10,10
250206,2,1,0,0,17,0,0,0,0,0,12,0
250207,1,1,0,0,0,0,0,0,0,0,0,0
250208,1,1,5,5,5,5,5,5,5,5,5,5
250208,2,1,10,10,10,10,10,10,10,10,10,10
250209,1,1,0,0,0,0,0,0,0,0,0,0
250210,1,1,0,0,0,0,9,5,0,6,0,0
250210,2,1,0,0,0,0,0,0,0,0,0,0
250211,1,1,0,0,7,0,11,0,13,0,0,18
250211,2,1,27,27,27,27,27,27,27,27,27,27
250212,1,1,0,0,0,0,0,0,0,0,0,0
250213,1,1,0,0,0,0,0,0,0,0,0,0
250213,2,1,0,0,0,0,0,0,0,0,0,0
250214,1,1,0,13,17,0,0,0,0,0,5,0
250215,1,1,0,0,0,0,0,0,0,0,0,0
250215,2,1,0,0,0,0,0,0,0,16,0,0
250216,1,1,0,0,20,30,0,38,0,2,0,0
250217,1,1,21,21,21,21,21,21,21,21,21,21
250218,0,1,10,10,10,10,10,10,10,10,10,10
250218,1,1,0,25,0,15,0,11,24,22,15,0
250219,0,1,0,0,0,0,0,0,0,0,0,0
250219,1,1,0,0,0,0,0,0,0,0,0,0
250220,1,1,23,23,23,23,23,23,23,23,23,23
250221,0,1,0,0,0,0,0,0,0,0,0,0
250221,1,1,0,0,0,0,0,0,0,0,0,0
250222,0,1,0,0,0,0,0,0,0,0,0,0
250222,1,1,40,29,15,29,26,8,17,0,0,0
250223,1,1,19,19,19,19,19,19,19,19,19,19
250223,2,1,0,0,0,0,3,17,0,0,11,0
250224,1,1,8,8,8,8,8,8,8,8,8,8
250224,2,1,0,0,0,0,18,0,0,0,0,0
250225,0,1,14,14,14,14,14,14,14,14,14,14
250225,2,1,0,0,0,0,0,0,0,0,0,0
250226,1,1,0,0,0,0,0,0,0,0,0,0
250226,2,1,0,0,0,17,20,12,13,0,0,0
250227,1,1,0,0,0,0,0,0,0,0,0,0
250228,1,1,0,0,0,0,0,0,0,0,0,0
250229,1,1,0,0,0,0,0,0,0,0,0,0
250230,1,1,0,0,0,0,0,0,0,0,0,0
250231,1,1,0,0,0,0,0,0,0,0,0,0
250231,2,1,0,0,0,0,0,0,0,0,0,0
250232,1,1,0,0,0,0,0,0,0,0,0,0
250235,1,1,13,13,13,13,13,13,13,13,13,13
250236,1,1,0,0,0,0,0,0,0,0,0,0
250237,1,1,13,13,13,13,13,13,13,13,13,13
250238,1,1,5,23,31,15,9,17,22,8,25,24
250238,2,1,1,1,1,1,1,1,1,1,1,1
250239,0,1,0,0,0,0,0,0,0,0,0,0
250239,1,1,0,0,0,0,0,0,0,0,0,0
250240,0,1,0,0,0,0,0,0,0,0,0,0
250240,1,1,0,0,0,0,0,0,0,0,0,0
250241,1,1,0,0,0,0,0,0,0,0,0,0
250241,2,1,16,16,16,16,16,16,16,16,16,16
250242,1,1,0,31,0,0,10,0,29,7,21,0
250243,1,1,21,21,21,21,21,21,21,21,21,21
250244,0,1,3,3,3,3,3,3,3,3,3,3
250244,1,1,0,0,13,0,0,0,0,0,0,0
250245,0,1,0,0,0,0,0,0,0,0,0,0
250245,1,1,0,0,9,9,20,0,20,0,0,7
250246,0,1,23,23,23,23,23,23,23,23,23,23
250246,1,1,11,0,0,19,19,0,0,9,0,18
250247,1,1,27,27,27,27,27,27,27,27,27,27
250248,1,1,0,0,0,0,11,0,0,10,0,0
250248,2,1,0,0,25,0,0,0,17,0,0,29
250249,1,1,23,0,0,0,0,13,0,0,0,0
250249,2,1,0,5,0,0,0,0,0,0,37,0
250250,1,1,20,20,20,20,20,20,20,20,20,20
250251,1,1,0,0,0,15,0,0,0,0,0,0
250251,2,1,0,0,0,0,0,0,0,0,0,0
250252,1,1,0,0,0,0,0,0,0,0,0,0
250252,2,1,0,0,0,0,0,0,0,0,0,0
250253,1,1,14,14,14,14,14,14,14,14,14,14
250253,2,1,0,0,0,0,0,0,0,0,0,0
250254,1,1,0,0,0,15,0,8,17,0,0,0
250255,0,1,0,0,0,0,0,0,0,0,0,0
250255,2,1,19,0,5,4,35,24,0,0,17,24
250256,1,1,0,0,0,0,0,0,0,0,0,0
250256,2,1,0,0,0,0,0,3,0,0,0,0
250257,1,1,0,0,0,0,0,0,0,0,0,0
250257,2,1,0,0,0,0,0,0,0,0,0,0
250258,1,1,0,0,0,0,0,0,0,0,0,0
250258,2,1,0,0,0,0,0,0,0,0,0,0
250259,1,1,0,0,0,0,0,0,0,0,0,0
250259,2,1,0,0,0,0,0,0,0,0,0,0
250260,1,1,0,0,0,0,0,0,0,0,0,0
250262,0,1,0,0,0,0,0,0,0,0,0,0
250262,1,1,0,0,0,0,0,0,0,0,0,0
250263,1,1,25,25,25,25,25,25,25,25,25,25
250264,1,1,17,17,17,17,17,17,17,17,17,17
250265,1,1,0,0,0,0,0,0,0,0,0,0
250266,1,1,0,0,0,0,0,0,0,0,0,0
250267,0,1,0,0,0,0,0,0,0,0,0,0
250267,1,1,0,0,0,0,0,0,0,7,0,0
250268,0,1,31,31,31,31,31,31,31,31,31,31
250268,1,1,0,0,0,0,0,12,0,0,0,0
250269,1,1,23,23,23,23,23,23,23,23,23,23
250270,1,1,0,0,0,0,0,0,0,0,0,0
250270,2,1,0,0,0,0,0,0,0,0,0,0
250271,1,1,20,0,0,0,0,0,0,0,0,0
250271,2,1,2,2,2,2,2,2,2,2,2,2
250272,1,1,23,23,23,23,23,23,23,23,23,23
250272,2,1,0,0,0,0,0,0,0,0,0,0
250273,1,1,0,0,15,0,0,0,0,0,0,0
250273,2,1,0,0,0,0,0,0,0,0,0,0
250274,1,1,0,0,0,0,0,0,0,0,0,0
250274,2,1,0,0,0,0,0,0,0,0,0,0
250275,0,1,0,0,0,0,0,0,0,0,0,0
250275,1,1,0,0,0,0,0,0,0,0,0,0
250276,1,1,0,0,0,0,0,0,0,0,0,0
250276,2,1,0,0,0,25,0,14,16,0,12,0
250277,1,1,26,0,14,0,0,0,0,0,0,0
250277,2,1,0,0,0,0,0,0,0,0,0,0
250278,1,1,4,0,0,0,0,0,0,0,0,0
250278,2,1,0,0,0,0,0,0,0,0,0,0
250280,1,1,0,0,0,0,18,0,0,0,0,0
250280,2,1,25,25,25,25,25,25,25,25,25,25
250281,1,1,0,0,0,0,0,0,0,0,0,0
250282,1,1,0,0,0,0,0,0,0,0,0,0
250283,1,1,17,17,17,17,17,17,17,17,17,17
250284,0,1,0,0,0,0,0,0,0,0,0,0
250284,1,1,0,0,0,0,0,0,0,0,0,0
250285,1,1,1,1,1,1,1,1,1,1,1,1
250286,0,1,0,0,0,0,0,0,0,0,0,0
250286,1,1,0,0,0,0,0,0,0,0,0,0
250287,1,1,22,22,22,22,22,22,22,22,22,22
250288,0,1,0,0,0,0,0,0,0,0,0,0
250288,1,1,0,0,0,0,0,0,0,0,0,0
250289,1,1,18,18,18,18,18,18,18,18,18,18
250290,1,1,33,28,12,11,0,12,19,19,23,27
250291,1,1,34,34,34,34,34,34,34,34,34,34
250292,1,3,0,0,0,0,0,20,0,0,7,0
250293,1,1,0,0,0,0,0,0,0,0,0,0
250294,0,1,0,0,0,0,0,0,0,0,0,0
250294,1,1,0,0,0,0,0,0,0,0,0,0
250295,1,1,0,0,0,0,0,0,0,0,0,0
250296,1,1,0,0,0,0,0,0,0,0,0,0
250296,2,1,0,0,0,0,0,0,0,0,0,0
250297,0,1,0,0,0,0,0,0,0,0,0,0
250297,1,1,0,0,0,0,0,0,0,0,0,19
250298,1,1,0,0,0,0,0,0,0,0,0,0
250298,2,1,0,0,0,0,0,0,0,0,0,0
250299,1,1,0,0,0,0,0,0,0,0,0,0
250299,2,1,0,0,15,0,0,0,0,0,0,0
250301,1,1,17,16,0,0,0,25,6,0,0,24
250301,2,1,0,0,0,0,0,0,0,0,0,0
250302,0,1,0,0,0,0,0,0,0,0,0,0
250302,1,1,0,0,0,0,0,0,0,0,0,0
250303,0,1,22,22,22,22,22,22,22,22,22,22
250303,1,1,0,0,0,0,0,0,0,0,0,0
250304,1,1,0,0,0,0,0,0,0,0,0,0
250304,2,1,0,0,0,0,0,0,0,0,0,0
250305,0,1,0,0,0,20,0,0,0,0,0,0
250305,1,1,0,0,0,0,0,0,0,0,0,0
250306,1,1,0,0,0,0,0,0,0,0,0,0
250306,2,1,0,0,0,0,0,0,0,0,0,0
250307,1,1,27,27,27,27,27,27,27,27,27,27
250307,2,1,0,0,0,0,0,0,0,0,0,0
250307,3,1,0,0,0,0,0,0,0,0,0,0
250308,1,1,7,0,0,0,0,0,0,5,0,0
250308,2,1,21,15,7,11,7,21,22,0,18,13
250308,3,1,0,0,0,0,0,18,0,0,0,0
250309,1,1,0,0,0,0,0,0,0,0,0,0
250309,2,1,0,0,0,11,0,0,0,0,0,0
250310,1,1,0,0,0,0,0,0,0,0,0,0
250311,0,1,0,0,0,0,0,0,0,0,0,0
250311,1,1,0,0,5,0,0,0,0,0,0,0
250312,1,1,0,14,0,0,0,0,0,0,0,0
250312,2,1,0,0,0,0,0,0,0,0,0,0
250313,1,1,0,0,0,0,0,0,0,0,0,0
250313,2,1,0,0,0,0,0,0,0,0,0,0
250314,1,1,19,19,19,19,19,19,19,19,19,19
250315,0,1,0,0,0,0,0,0,0,0,0,0
250315,1,1,0,0,0,0,0,0,0,0,0,0
250316,1,1,23,23,23,23,23,23,23,23,23,23
250317,1,1,0,0,0,0,0,0,0,0,0,0
250318,1,1,0,0,0,0,0,0,0,0,0,0
250319,0,1,0,0,0,0,0,0,0,0,0,0
250319,1,1,0,0,0,0,0,0,0,0,4,0
250320,1,1,5,5,5,5,5,5,5,5,5,5
250321,1,1,15,15,15,15,15,15,15,15,15,15
250322,1,1,16,16,16,16,16,16,16,16,16,16
250323,1,1,12,12,12,12,12,12,12,12,12,12
250323,2,1,0,0,25,0,11,0,21,0,0,0
250324,0,1,0,0,0,0,0,0,0,0,0,0
250324,0,2,0,15,39,0,0,0,0,14,0,0
250324,1,1,0,0,0,0,0,0,0,0,0,0
250325,0,1,13,13,13,13,13,13,13,13,13,13
250325,1,1,22,0,0,0,0,0,0,0,0,0
250326,0,1,0,0,0,0,0,0,0,0,0,0
250326,1,1,0,17,29,0,0,0,0,0,31,0
250327,1,1,0,0,0,0,0,0,0,0,0,0
250328,0,1,20,20,20,20,20,20,20,20,20,20
250328,1,1,0,0,0,0,0,0,0,0,0,0
250329,1,1,0,10,22,22,0,0,11,23,0,24
250330,0,1,0,0,0,0,0,0,0,0,0,0
250330,1,1,0,30,0,0,0,28,0,0,10,6
250331,0,1,0,0,0,0,0,0,0,0,0,0
250331,1,1,0,0,0,0,0,0,0,0,0,0
250332,1,1,0,0,0,0,0,0,0,0,0,0
250332,2,1,0,0,0,0,0,0,0,0,0,0
250333,1,1,0,0,0,0,0,0,0,0,0,0
250333,2,1,0,0,0,0,0,0,0,0,0,0
250334,0,1,0,0,0,0,0,0,0,0,0,0
250334,1,1,0,0,18,0,0,0,0,0,0,0
250335,1,1,15,15,15,15,15,15,15,15,15,15
250335,2,1,5,21,32,14,18,15,0,0,7,0
250336,1,1,0,0,0,0,0,0,0,0,0,0
250336,2,1,0,0,0,0,0,0,0,0,0,0
250337,1,1,0,0,0,0,0,0,0,0,0,0
250337,2,1,0,0,2,0,0,0,0,0,0,0
250338,1,1,0,0,0,0,0,0,0,0,0,0
250339,0,1,0,0,0,0,0,0,0,0,0,0
250339,1,1,0,0,0,0,0,0,0,0,0,0
250340,1,1,25,25,25,25,25,25,25,25,25,25
250340,2,1,0,0,0,0,0,7,0,0,0,0
250341,1,1,0,0,0,0,0,0,0,0,0,0
250341,2,1,0,0,0,0,0,0,0,0,0,0
250342,0,1,0,0,0,0,0,0,0,0,0,0
250342,1,1,0,0,0,0,0,0,0,0,0,0
250343,0,1,0,0,0,0,0,0,0,0,0,0
250343,0,2,28,5,30,17,0,13,0,0,0,0
250343,0,3,0,0,0,0,0,0,0,0,0,0
250343,0,4,0,0,0,0,0,24,0,0,0,0
250343,0,5,0,0,0,0,0,0,0,0,0,0
250343,1,1,5,8,7,11,10,23,4,16,30,8
250345,0,1,0,0,0,0,0,0,0,0,0,0
250345,1,1,0,0,0,0,0,0,0,0,0,0
250346,0,1,0,0,0,0,0,0,0,0,0,0
250346,1,1,0,0,0,0,0,0,8,0,0,0
250347,0,1,0,0,0,0,0,0,0,0,0,0
250347,1,1,8,0,4,12,21,9,8,21,22,27
250348,1,1,0,0,0,0,0,0,0,0,0,0
250348,2,1,11,0,0,0,0,26,12,11,0,4
250348,3,1,0,0,7,0,0,0,17,14,0,9
250349,1,1,0,0,0,0,0,0,0,0,0,0
250349,2,1,0,0,0,0,0,0,0,0,0,0
250349,3,1,0,0,0,0,0,0,0,0,0,0
250349,4,1,0,0,0,0,0,0,9,0,0,0
250350,0,1,14,14,14,14,14,14,14,14,14,14
250350,1,1,0,0,0,0,0,0,0,0,0,34
250350,2,1,15,0,20,0,0,0,0,0,5,0
250351,1,1,10,10,10,10,10,10,10,10,10,10
250351,2,1,0,0,0,0,0,0,0,0,0,0
250351,3,1,0,0,0,0,0,0,25,0,0,0
250351,4,1,0,0,0,0,0,26,0,0,0,0
250352,1,1,10,0,0,0,0,0,0,0,0,0
250352,2,1,0,0,0,0,0,0,0,0,30,0
250352,3,1,1,1,1,1,1,1,1,1,1,1
250353,1,1,20,19,29,0,4,0,10,25,19,0
250353,2,1,0,0,21,15,20,0,27,0,28,0
260001,1,1,0,0,0,0,0,0,0,0,0,0
260001,2,1,0,0,0,0,0,0,10,0,0,0
260001,3,1,0,0,0,0,0,0,0,0,0,0
260001,4,1,0,0,0,0,0,0,0,0,0,0
260002,0,1,0,0,0,0,0,9,0,0,0,9
260002,1,1,0,0,0,28,10,18,0,0,0,0
260003,1,1,0,8,0,0,0,0,0,0,0,0
260003,2,1,0,0,0,0,0,0,0,0,0,0
260003,3,1,0,0,0,0,0,0,0,0,0,0
260004,0,1,21,0,10,0,0,0,28,0,0,0
260004,1,1,0,0,16,26,0,10,6,13,0,19
260005,1,1,21,0,0,0,0,0,0,0,0,0
260005,2,1,0,0,0,0,0,0,0,0,0,0
260006,1,1,0,0,0,0,0,0,0,0,0,0
260007,0,1,0,0,0,0,0,0,15,0,0,0
260007,1,1,0,0,0,0,0,0,0,0,0,0
260008,1,1,0,0,0,0,0,0,0,0,0,0
260008,2,1,0,0,0,0,0,0,0,0,0,0
260009,0,1,0,0,0,0,0,23,13,0,0,0
260009,1,1,0,0,0,0,0,0,0,0,0,0
260010,1,1,0,0,0,0,0,0,0,0,0,0
260010,2,1,10,10,10,10,10,10,10,10,10,10
260012,1,1,0,0,0,0,0,0,0,0,0,0
260012,2,1,0,0,0,0,0,0,0,0,0,0
260012,3,1,0,0,0,0,0,11,0,0,0,0
260013,1,1,0,0,0,0,0,0,0,0,0,0
260014,1,1,0,0,0,0,0,0,0,0,0,0
260014,2,1,0,0,0,0,0,0,0,0,0,0
260015,1,1,0,0,0,0,0,0,0,0,0,0
260016,1,1,0,0,0,0,0,0,0,0,0,0
260016,2,1,0,0,0,0,0,0,0,0,0,0
260017,0,1,15,0,0,0,0,0,0,0,0,0
260017,1,1,0,0,14,0,0,0,0,0,0,0
260018,1,1,0,0,0,0,0,0,0,0,0,0
260018,2,1,0,0,0,0,0,0,0,0,0,0
260019,1,1,1,1,1,1,1,1,1,1,1,1
260019,2,1,0,0,0,0,0,0,0,0,0,0
260020,0,1,0,0,0,0,0,0,42,0,0,6
260020,1,1,0,0,0,0,0,0,0,0,0,0
260021,1,1,0,0,18,0,0,0,0,0,0,0
260022,0,1,0,7,0,37,0,0,19,0,0,0
260022,1,1,0,0,0,0,0,0,0,0,0,0
260022,2,1,0,0,0,0,0,0,0,0,0,0
260023,0,1,0,4,0,0,0,0,0,0,0,0
260023,1,1,13,13,13,13,13,13,13,13,13,13
260024,1,1,0,0,0,0,0,0,0,0,0,0
260024,2,1,0,0,0,0,0,0,0,0,0,0
260024,3,1,0,26,0,0,0,0,0,0,0,0
260024,4,1,0,0,0,0,0,0,0,0,0,0
260025,1,1,0,0,0,0,0,0,0,0,0,0
260025,2,1,0,0,15,0,0,15,0,0,0,0
260025,3,1,0,0,0,0,0,0,0,32,0,0
260026,1,1,20,20,20,20,20,20,20,20,20,20
260027,1,1,0,0,0,0,0,0,0,0,0,0
260027,2,1,0,0,0,0,0,0,0,0,0,0
260027,3,1,0,0,0,0,0,0,0,0,0,0
260028,0,1,25,25,25,25,25,25,25,25,25,25
260028,1,1,0,0,0,0,0,0,0,0,0,0
260029,1,1,0,0,0,0,11,0,0,0,0,0
260029,2,1,0,0,0,0,0,0,0,0,0,0
260030,1,1,16,16,16,16,16,16,16,16,16,16
260031,1,1,0,0,0,0,0,0,0,0,0,0
260031,2,1,0,0,0,0,0,0,0,0,0,0
260031,3,1,0,0,0,0,0,0,0,0,0,0
260031,4,1,0,9,0,0,0,0,0,0,0,0
260032,1,1,0,0,0,0,0,0,0,0,0,0
260032,2,1,0,0,0,0,0,0,0,0,0,0
260033,0,1,0,0,0,0,0,0,0,0,0,0
260033,1,1,0,0,0,0,0,0,0,0,0,0
260034,1,1,0,0,0,0,0,0,0,0,0,0
260035,0,1,0,0,0,0,0,0,0,0,0,0
260035,1,1,12,0,0,0,0,0,18,0,0,11
260036,1,1,0,0,0,0,0,0,0,0,0,0
260037,1,1,0,0,0,0,0,0,0,0,0,0
260038,1,1,0,0,0,0,0,0,0,0,0,0
260038,2,1,0,0,0,0,0,0,0,0,0,0
260039,1,1,4,4,4,4,4,4,4,4,4,4
260039,2,1,0,0,0,0,0,0,0,0,0,0
260040,1,1,0,0,0,0,0,0,0,0,0,0
260040,2,1,0,0,0,0,0,0,0,0,0,0
260041,0,1,21,20,0,0,0,0,0,0,0,0
260041,1,1,0,0,0,0,0,0,0,0,0,0
260042,1,1,0,0,0,0,0,0,0,0,0,0
260042,2,1,0,0,6,0,0,0,0,0,0,0
260043,1,1,0,0,0,0,0,5,15,11,0,0
260044,1,1,0,0,0,0,0,0,0,0,0,0
260045,1,1,0,0,0,0,0,0,0,0,0,0
260046,1,1,13,13,13,13,13,13,13,13,13,13
260047,0,1,0,0,0,0,0,0,0,0,0,0
260047,1,1,0,0,0,0,0,0,0,0,0,0
260048,1,1,0,0,0,0,0,0,0,0,0,0
260049,1,1,0,0,0,0,0,0,0,0,0,0
260049,2,1,0,0,0,0,0,0,0,0,0,0
260050,1,1,12,12,12,12,12,12,12,12,12,12
260050,2,1,0,0,0,13,0,0,0,0,0,0
260051,1,1,19,19,19,19,19,19,19,19,19,19
260052,1,1,0,0,0,0,0,0,0,0,0,0
260052,2,1,0,0,0,0,0,0,0,0,0,0
260052,3,1,0,0,0,0,0,0,0,0,0,0
260053,1,1,0,0,0,0,0,0,0,0,0,0
260053,2,1,0,0,0,0,0,0,0,0,0,0
260053,3,1,0,0,0,0,0,0,0,0,0,0
260054,1,1,0,0,0,0,0,0,0,0,0,0
260055,1,1,0,0,0,0,0,0,0,0,0,0
260055,2,1,0,0,0,0,0,0,0,0,0,0
260056,1,1,5,26,14,11,13,13,0,11,15,11
260057,1,1,0,0,0,0,0,0,0,0,0,0
260057,2,1,0,0,0,0,0,0,0,0,0,0
260058,0,1,0,0,0,0,0,0,0,0,12,0
260058,1,1,0,0,0,0,0,0,0,0,0,0
260059,1,1,0,0,0,0,0,0,0,0,0,0
260060,1,1,19,19,19,19,19,19,19,19,19,19
260061,1,1,0,0,0,0,0,0,0,0,0,0
260061,2,1,0,0,17,0,0,0,0,0,0,0
260061,3,1,0,0,0,0,0,0,0,0,0,0
260062,1,1,0,0,0,0,0,8,0,0,25,0
260063,1,1,0,0,0,0,0,0,0,0,0,0
260064,1,1,0,0,0,0,20,0,0,20,0,0
260065,0,1,0,7,0,0,0,0,0,0,14,0
260065,1,1,8,0,14,0,15,0,13,0,0,13
260066,1,1,0,0,0,0,0,0,0,0,0,0
260066,2,1,0,0,0,0,0,0,0,0,0,0
260067,1,1,0,0,15,0,0,0,0,0,0,0
260067,2,1,0,0,22,0,0,0,0,0,0,0
260068,1,1,0,0,0,0,0,0,0,0,0,0
260068,2,1,0,0,0,0,0,0,0,0,0,0
260069,1,1,0,0,0,0,0,0,0,0,0,0
260069,2,1,0,0,0,0,0,0,0,0,0,0
260070,1,1,0,0,0,0,0,0,0,0,0,0
260070,2,1,0,0,0,10,0,0,0,0,0,0
260071,1,1,0,0,0,0,0,0,0,0,0,0
260071,2,1,0,0,0,0,0,0,0,26,0,0
260071,3,1,0,0,0,0,0,0,0,0,0,0
260072,1,1,0,0,0,0,0,0,0,0,0,0
260072,2,1,0,0,0,0,0,0,0,0,0,0
260073,0,1,0,0,0,0,0,0,0,0,0,0
260073,1,1,8,0,0,16,0,0,8,8,0,0
260074,0,1,0,0,0,24,0,0,0,5,0,0
260074,1,1,0,0,0,0,0,0,0,0,0,0
260075,1,1,18,18,18,18,18,18,18,18,18,18
260076,1,1,0,0,0,0,0,0,0,0,0,0
260076,2,1,0,14,0,0,0,0,0,0,0,0
260077,1,1,30,30,30,30,30,30,30,30,30,30
260077,2,1,0,0,0,0,0,0,0,0,16,13
260078,1,1,0,15,0,0,0,0,0,0,0,0
260078,2,1,0,0,0,0,0,0,0,0,0,0
260079,1,1,10,2,26,22,10,19,32,23,12,15
260079,2,1,0,0,0,0,11,0,0,0,0,0
260080,1,1,13,13,13,13,13,13,13,13,13,13
260080,2,1,3,3,3,3,3,3,3,3,3,3
260081,0,1,0,36,0,0,0,0,0,0,0,16
260081,1,1,0,14,0,17,0,0,0,0,0,0
260081,2,1,24,0,15,0,0,0,0,0,13,0
260082,1,1,0,0,0,0,0,0,0,0,0,0
260082,2,1,0,0,0,10,0,0,0,0,0,0
260083,1,1,0,0,0,0,11,0,0,0,0,0
260083,2,1,0,0,0,0,0,0,0,0,0,0
260084,1,1,0,0,0,0,0,0,0,0,0,0
260085,1,1,37,37,37,37,37,37,37,37,37,37
260085,2,1,0,0,0,0,0,0,0,0,0,0
260086,1,1,20,20,20,20,20,20,20,20,20,20
260087,1,1,0,0,0,0,0,0,0,0,0,0
260087,2,1,0,0,0,0,0,0,0,0,0,0
260088,1,1,17,17,17,17,17,17,17,17,17,17
260088,2,1,0,0,0,0,0,0,0,0,0,0
260089,1,1,0,0,0,0,0,0,0,0,0,0
260089,2,1,0,0,0,0,0,0,0,0,0,0
260090,0,1,0,0,0,0,0,0,0,0,17,0
260090,1,1,0,0,0,0,0,0,0,0,0,0
260091,1,1,0,0,0,0,0,0,0,0,0,0
260092,1,1,0,0,0,37,0,0,0,11,20,9
260093,0,1,0,0,0,0,0,0,0,0,0,0
260093,1,1,0,0,0,0,0,0,0,0,0,0
260094,1,1,0,0,0,0,0,0,0,0,0,0
260094,2,1,0,0,0,0,0,0,0,0,0,0
260095,0,1,20,47,23,6,12,36,20,27,20,14
260095,1,1,0,0,0,0,0,0,0,0,0,0
260096,1,1,15,15,15,15,15,15,15,15,15,15
260097,1,1,0,0,0,0,0,0,0,0,0,0
260098,1,1,0,0,0,0,0,0,0,0,0,0
260098,2,1,0,0,0,0,0,0,0,0,0,0
260099,0,1,25,16,14,27,9,23,28,33,16,36
260099,1,1,8,0,8,0,0,26,0,0,0,0
260099,2,1,0,0,0,0,0,0,3,0,0,0
260100,1,1,0,0,0,0,0,0,0,0,0,0
260100,2,1,0,0,0,0,0,0,0,0,0,0
260101,0,1,16,0,0,0,0,0,0,0,0,0
260101,1,1,0,0,0,0,0,0,0,0,0,0
260102,1,1,0,0,0,0,0,0,0,0,0,0
260103,1,1,2,2,2,2,2,2,2,2,2,2
260103,2,1,0,0,0,0,0,0,0,0,0,0
260103,3,1,0,0,0,0,0,0,0,0,0,0
260104,1,1,0,0,0,0,0,0,0,0,0,0
260104,2,1,0,0,0,0,0,0,0,0,0,0
260105,1,1,0,0,0,0,0,18,0,0,0,0
260105,2,1,12,12,12,12,12,12,12,12,12,12
260106,1,1,0,0,0,0,0,0,0,0,0,0
260107,1,1,0,0,0,0,0,0,0,12,0,0
260107,2,1,0,0,0,0,0,0,21,0,0,0
260108,1,1,11,11,11,11,11,11,11,11,11,11
260109,1,1,0,0,0,0,0,0,0,0,0,0
260110,1,1,0,0,0,0,0,0,0,0,0,0
260110,2,1,13,17,0,0,0,0,0,0,0,0
260110,3,1,0,0,0,0,0,3,0,0,9,0
260110,4,1,0,0,0,0,0,0,0,0,0,0
260111,1,1,0,0,0,0,0,0,0,0,0,0
260112,1,1,0,0,0,0,0,0,0,20,0,0
260113,1,1,0,0,0,0,0,0,0,0,0,0
260114,0,1,24,24,24,24,24,24,24,24,24,24
260114,1,1,5,5,5,5,5,5,5,5,5,5
260115,1,1,15,15,15,15,15,15,15,15,15,15
260115,2,1,0,19,0,0,0,0,0,0,0,0
260116,1,1,8,33,5,16,3,22,23,21,11,25
260116,2,1,0,0,0,16,0,0,0,0,0,0
260117,1,1,19,19,19,19,19,19,19,19,19,19
260118,1,1,0,0,0,0,0,0,0,0,0,0
260118,2,1,0,0,0,0,0,0,0,0,0,0
260118,3,1,0,0,0,0,0,0,0,0,0,0
260119,0,1,0,0,13,0,0,0,0,0,0,22
260119,1,1,0,0,0,29,0,0,0,0,0,0
260120,1,1,0,0,10,0,0,0,0,0,0,21
260120,2,1,0,0,0,0,0,0,0,0,0,0
260120,3,1,0,0,0,0,0,0,0,0,0,0
260121,0,1,23,23,23,23,23,23,23,23,23,23
260121,1,1,0,0,0,0,0,0,0,0,0,0
260122,0,1,4,4,4,4,4,4,4,4,4,4
260122,1,1,0,0,0,0,0,0,0,0,0,0