ST_CASE,VEH_NO,PER_NO,P1,P2,P3,P4,P5,P6,P7,P8,P9,P10
260123,1,1,0,0,0,0,0,0,23,0,0,0
260124,1,1,11,11,11,11,11,11,11,11,11,11
260126,1,1,20,20,20,20,20,20,20,20,20,20
260128,1,1,0,0,0,0,0,0,0,15,0,0
260129,1,1,0,0,0,0,0,0,0,0,0,0
260130,1,1,22,22,22,22,22,22,22,22,22,22
260130,2,1,0,0,16,0,0,11,0,0,0,24
260131,1,1,28,28,28,28,28,28,28,28,28,28
260132,1,1,0,0,0,0,0,0,0,0,14,0
260132,2,1,0,0,0,0,0,0,0,0,0,0
260133,1,1,21,21,21,21,21,21,21,21,21,21
260134,1,1,0,0,0,0,0,0,0,0,0,0
260134,2,1,0,0,0,0,0,0,0,0,0,0
260135,1,1,19,19,19,19,19,19,19,19,19,19
260136,1,1,0,0,0,0,0,0,0,0,0,0
260137,1,1,21,21,21,21,21,21,21,21,21,21
260137,2,1,0,0,0,0,0,0,0,0,0,0
260138,0,1,0,15,0,0,8,24,0,0,33,0
260138,1,1,0,0,0,0,0,0,0,0,0,0
260139,1,1,0,0,0,0,0,0,0,0,0,0
260139,2,1,0,0,0,0,0,0,0,0,0,0
260140,1,1,0,0,0,0,0,0,0,0,0,0
260140,2,1,0,0,0,0,0,0,0,0,0,0
260141,0,1,0,0,0,0,0,0,0,0,0,0
260141,1,1,0,0,0,0,0,0,0,0,0,0
260142,1,1,0,0,0,0,0,0,0,0,0,0
260142,2,1,0,0,0,0,0,0,0,0,0,0
260142,3,1,0,0,0,0,0,0,0,0,0,0
260142,4,1,13,0,0,0,0,0,0,0,0,0
260142,5,1,0,0,0,0,0,0,0,0,0,0
260143,1,1,0,0,0,0,0,0,0,0,0,0
260143,2,1,0,0,0,0,0,0,0,0,0,0
260144,1,1,0,0,0,0,0,0,0,0,0,0
260144,2,1,0,0,0,0,0,0,0,0,0,0
260144,3,1,0,0,0,0,0,0,0,0,0,0
260145,0,1,0,0,0,0,0,0,0,0,0,0
260145,1,1,0,0,0,0,0,0,0,0,0,0
260146,1,1,0,0,0,0,0,0,0,0,0,0
260146,2,1,0,0,0,0,0,0,0,0,0,0
260147,1,1,33,22,17,14,41,26,14,0,12,19
260147,2,1,0,0,0,0,0,0,17,0,0,0
260148,1,1,12,12,12,12,12,12,12,12,12,12
260149,1,1,0,0,0,0,0,0,0,0,0,0
260149,2,1,0,0,0,0,0,0,0,0,0,0
260150,1,1,0,0,0,0,0,0,0,0,0,0
260150,2,1,0,0,0,0,0,0,0,0,0,0
260151,0,1,0,0,11,0,0,0,0,7,0,0
260151,1,1,0,0,0,0,0,0,0,0,0,0
260152,1,1,15,15,15,15,15,15,15,15,15,15
260153,1,1,0,0,0,0,0,0,0,0,0,0
260153,2,1,0,0,0,0,0,0,0,0,0,0
260153,3,1,0,0,0,0,0,0,0,0,0,0
260153,4,1,0,0,0,0,0,0,0,0,0,0
260154,1,1,0,0,0,0,0,0,0,0,0,0
260155,1,1,0,0,0,0,0,0,0,0,0,0
260155,2,1,0,0,0,0,0,0,0,0,0,17
260155,3,1,0,0,0,0,19,0,0,0,0,0
260156,0,1,0,0,0,0,0,0,0,0,0,0
260156,1,1,0,10,12,0,8,13,0,19,0,0
260157,1,1,4,4,4,4,4,4,4,4,4,4
260157,2,1,0,0,0,0,0,0,0,0,0,0
260158,0,1,0,18,0,0,10,0,0,0,0,0
260159,1,1,0,0,0,0,0,0,0,0,0,0
260160,1,1,0,0,0,7,0,0,0,0,0,0
260160,2,1,0,0,0,0,0,0,0,0,0,0
260161,1,1,11,11,11,11,11,11,11,11,11,11
260162,1,1,0,0,0,0,0,0,0,0,0,0
260163,1,1,0,0,0,0,0,0,0,0,0,0
260163,2,1,0,0,0,0,0,0,0,0,0,0
260164,1,1,18,18,18,18,18,18,18,18,18,18
260165,1,1,0,18,0,0,0,0,0,0,0,0
260166,1,1,0,0,0,0,0,0,0,0,0,0
260166,2,1,0,0,0,0,0,0,0,0,0,9
260167,1,1,0,0,0,0,0,0,0,0,0,0
260167,2,1,0,0,0,0,0,0,0,0,0,0
260168,0,1,24,25,0,24,30,24,25,14,24,37
260168,1,1,0,0,0,0,0,0,0,0,0,0
260169,1,1,0,0,0,0,0,0,0,0,0,0
260169,2,1,0,0,0,0,0,0,0,0,0,0
260170,1,1,17,17,17,17,17,17,17,17,17,17
260170,2,1,0,0,0,0,0,0,0,0,0,0
260170,3,1,0,0,0,0,0,0,0,0,0,0
260171,0,1,17,40,0,4,27,0,0,11,0,41
260171,1,1,8,8,8,8,8,8,8,8,8,8
260172,1,1,0,0,0,0,0,0,0,0,0,0
260172,2,1,0,0,0,0,0,0,0,0,0,0
260172,3,1,0,0,0,0,0,0,0,0,0,0
260173,1,1,15,27,0,7,10,11,12,28,27,18
260174,0,1,13,15,26,0,12,23,0,0,0,0
260174,1,1,4,21,13,23,13,9,13,14,7,12
260175,0,1,0,11,0,0,0,0,0,0,0,0
260175,1,1,0,0,0,0,0,0,0,0,0,0
260176,1,1,20,20,20,20,20,20,20,20,20,20
260177,1,1,0,0,0,0,0,0,0,0,0,0
260178,1,1,0,0,0,0,0,0,0,0,0,0
260179,1,1,15,15,15,15,15,15,15,15,15,15
260180,1,1,0,0,0,0,0,0,0,0,0,0
260180,2,1,0,21,0,0,19,0,0,0,0,0
260181,1,1,21,21,21,21,21,21,21,21,21,21
260182,1,1,0,0,0,0,0,0,0,0,0,0
260183,1,1,0,0,0,0,0,0,0,0,0,22
260183,2,1,0,0,0,0,0,0,0,0,0,0
260184,1,1,13,13,13,13,13,13,13,13,13,13
260185,1,1,0,0,0,0,0,0,0,0,0,0
260185,2,1,0,0,0,0,0,0,0,0,0,0
260186,1,1,11,0,0,0,17,9,0,0,16,30
260186,2,1,0,0,0,0,0,0,0,0,0,0
260187,1,1,37,37,37,37,37,37,37,37,37,37
260187,2,1,0,0,0,0,0,0,0,0,0,0
260188,1,1,0,22,0,22,0,9,14,18,0,19
260189,0,1,0,0,0,0,0,0,0,0,0,0
260189,1,1,0,0,0,0,0,0,6,0,4,0
260190,1,1,0,0,0,0,0,0,0,0,0,0
260190,2,1,0,0,0,0,0,0,0,0,0,0
260191,1,1,0,0,0,0,0,0,0,0,0,0
260191,2,1,0,0,0,0,0,0,0,0,0,0
260192,1,1,0,0,0,0,0,0,0,0,0,0
260192,2,1,0,0,0,0,0,0,0,0,0,0
260193,1,1,16,16,16,16,16,16,16,16,16,16
260193,2,1,0,14,0,0,0,0,0,0,0,0
260193,3,1,0,0,25,0,0,0,0,0,0,0
260194,1,1,0,0,0,0,0,0,0,0,0,0
260194,2,1,23,23,23,23,23,23,23,23,23,23
260195,1,1,17,17,17,17,17,17,17,17,17,17
260195,2,1,0,14,22,0,0,0,0,0,0,0
260195,3,1,0,0,0,0,0,0,0,13,0,0
260196,1,1,20,20,20,20,20,20,20,20,20,20
260196,2,1,0,0,0,0,0,0,0,0,0,0
260196,3,1,0,0,0,0,14,0,0,0,0,0
260197,1,1,0,0,0,0,0,0,0,0,0,0
260197,2,1,0,0,0,0,0,0,0,0,0,0
260198,1,1,0,0,0,0,8,11,0,0,0,15
260198,2,1,0,0,0,0,0,26,0,0,0,21
260200,1,1,0,0,11,8,0,0,0,0,0,0
260200,2,1,0,0,0,0,0,0,21,0,0,0
260201,1,1,0,27,0,0,0,0,0,0,0,0
260201,2,1,0,0,0,0,0,0,0,0,0,0
260202,1,1,8,8,8,8,8,8,8,8,8,8
260203,1,1,23,23,23,23,23,23,23,23,23,23
260203,2,1,0,0,0,0,0,0,14,0,0,0
260203,3,1,0,0,35,13,3,0,0,0,0,20
260204,1,1,18,18,18,18,18,18,18,18,18,18
260205,1,1,0,0,0,0,0,0,0,0,0,0
260205,2,1,0,9,0,0,0,0,0,0,0,0
260206,1,1,18,18,18,18,18,18,18,18,18,18
260207,1,1,0,12,0,0,0,0,0,0,0,0
260207,2,1,0,0,0,0,0,0,0,0,15,0
260208,1,1,0,0,0,0,0,0,0,0,0,0
260209,1,1,0,0,0,0,0,0,0,0,0,0
260210,1,1,0,0,0,0,0,0,0,0,0,0
260210,2,1,0,0,0,0,0,0,0,0,0,0
260211,1,1,0,0,0,0,0,0,0,0,0,0
260211,2,1,0,0,0,0,0,0,0,17,0,0
260212,1,1,0,0,0,0,0,0,0,0,0,0
260212,2,1,0,0,0,0,0,0,0,13,0,0
260212,3,1,0,0,0,0,0,0,0,0,0,0
260212,4,1,0,0,0,0,0,0,0,0,15,0
260213,1,1,9,0,0,0,0,0,0,0,0,0
260213,2,1,0,0,0,0,0,0,0,0,0,0
260214,1,1,8,10,15,8,0,13,17,27,0,7
260215,1,1,12,12,12,12,12,12,12,12,12,12
260216,1,1,11,11,11,11,11,11,11,11,11,11
260216,2,1,10,10,10,10,10,10,10,10,10,10
260217,1,1,0,0,0,0,0,0,0,0,0,0
260217,2,1,0,0,0,0,0,0,0,0,0,0
260218,1,1,0,0,0,0,0,0,0,0,0,0
260219,1,1,0,0,0,0,0,0,0,0,0,0
260219,2,1,0,0,0,0,0,0,0,0,0,0
260219,3,1,0,0,0,0,0,0,0,0,0,0
260220,1,1,27,19,12,27,21,19,22,8,15,19
260220,2,1,0,0,0,0,0,0,0,0,0,0
260221,1,1,0,0,0,0,0,0,0,0,0,0
260222,1,1,0,0,0,0,0,0,0,0,0,0
260223,0,1,0,0,0,0,0,0,0,0,0,0
260223,1,1,0,0,0,0,0,0,0,0,0,0
260224,1,1,0,0,0,0,0,0,0,0,0,0
260224,2,1,0,0,12,0,0,0,0,0,22,14
260225,1,1,0,0,0,0,0,0,0,0,0,0
260225,2,1,0,0,0,0,0,19,0,0,0,0
260226,1,1,14,0,0,0,0,0,0,0,0,0
260226,2,1,0,15,0,0,0,0,0,0,0,0
260227,1,1,0,0,0,0,0,0,0,0,0,0
260228,1,1,0,12,8,7,18,12,12,21,18,22
260228,2,1,0,0,0,0,0,0,16,0,0,0
260228,3,1,19,0,0,11,0,0,0,0,0,0
260229,1,1,9,9,9,9,9,9,9,9,9,9
260229,2,1,0,0,0,0,26,0,0,0,0,0
260230,1,1,0,0,0,0,0,0,0,0,0,0
260230,2,1,0,0,0,0,0,0,0,0,0,0
260231,1,1,15,17,11,28,12,13,32,11,9,7
260231,2,1,25,13,16,12,0,0,0,0,0,0
260232,1,1,2,2,2,2,2,2,2,2,2,2
260233,1,1,0,0,0,0,0,0,0,0,0,0
260233,2,1,0,0,0,0,0,0,0,0,0,0
260234,1,1,9,18,14,0,21,0,10,6,7,10
260234,2,1,6,6,6,6,6,6,6,6,6,6
260234,3,1,0,0,0,0,31,0,0,0,0,0
260235,1,1,0,0,0,0,0,0,0,0,0,0
260235,2,1,0,0,0,0,0,0,0,0,0,0
260236,1,1,0,0,0,0,0,0,0,0,0,16
260236,2,1,0,0,0,0,0,0,0,0,0,0
260237,0,1,0,0,0,0,0,0,0,0,0,0
260237,1,1,0,0,0,0,0,0,0,0,0,0
260238,1,1,0,0,0,0,0,0,0,0,0,0
260238,2,1,0,0,0,0,0,0,0,0,0,0
260239,0,1,0,0,0,0,0,0,0,0,0,0
260239,1,1,0,0,0,0,0,0,0,0,0,0
260240,1,1,0,0,0,0,0,0,0,0,0,0
260241,2,1,0,0,0,0,0,0,0,0,0,0
260242,1,1,0,0,0,18,0,0,32,0,21,0
260243,1,1,0,0,0,0,0,0,0,0,0,0
260243,2,1,0,0,0,0,0,0,0,0,0,0
260244,1,1,0,0,0,0,0,0,0,0,0,0
260245,1,1,0,0,0,0,0,0,0,0,0,0
260245,2,1,0,0,0,0,0,0,0,0,0,0
260245,3,1,0,0,0,0,0,8,0,0,0,0
260246,1,1,28,28,28,28,28,28,28,28,28,28
260247,1,1,0,8,0,0,0,19,33,19,0,0
260248,1,1,21,21,21,21,21,21,21,21,21,21
260249,1,1,17,20,17,12,26,10,5,21,7,15
260249,2,1,0,0,0,0,0,0,0,0,0,0
260250,1,1,0,0,0,8,0,0,0,0,0,0
260251,1,1,12,12,12,12,12,12,12,12,12,12
260252,1,1,0,0,0,0,0,0,0,0,0,0
260252,2,1,0,0,0,0,0,0,0,0,0,0
260253,0,1,1,1,1,1,1,1,1,1,1,1
260253,1,1,19,0,0,21,11,22,18,13,0,0
260255,1,1,0,0,0,0,0,0,0,0,0,0
260255,2,1,0,0,0,0,0,0,0,0,0,0
260256,1,1,0,0,0,0,0,0,0,0,0,0
260256,2,1,0,0,0,0,0,0,0,0,0,0
260257,1,1,1,1,1,1,1,1,1,1,1,1
260258,1,1,0,0,0,0,0,0,0,0,0,0
260258,2,1,0,0,0,0,0,0,0,0,0,0
260259,1,1,0,0,0,0,0,17,0,0,0,0
260259,2,1,0,0,0,0,0,0,0,0,0,0
260260,1,1,21,0,16,0,15,0,17,17,0,5
260260,2,1,0,0,0,0,0,0,0,0,0,0
260261,1,1,0,0,0,0,0,0,0,0,0,0
260261,2,1,0,0,0,0,0,0,0,0,0,0
260262,0,1,0,0,0,0,0,0,0,8,24,0
260262,1,1,0,0,0,0,0,0,0,0,0,0
260263,1,1,0,0,0,0,0,0,0,0,0,0
260263,2,1,0,0,0,0,0,0,0,0,0,0
260263,3,1,34,24,0,0,0,0,0,0,8,0
260263,4,1,0,0,0,0,0,0,0,0,0,0
260264,1,1,0,0,0,0,0,0,0,0,0,0
260264,2,1,0,0,0,0,0,0,0,0,0,0
260265,1,1,7,7,7,7,7,7,7,7,7,7
260265,2,1,0,0,0,0,0,0,0,0,0,0
260265,3,1,0,0,0,0,0,0,0,0,0,0
260266,1,1,0,0,0,0,0,0,0,0,0,9
260266,2,1,4,0,0,0,0,0,0,0,0,0
260267,1,1,21,21,21,21,21,21,21,21,21,21
260268,1,1,23,23,23,23,23,23,23,23,23,23
260269,1,1,0,0,0,0,0,0,0,0,0,0
260269,2,1,9,0,0,0,0,0,0,0,0,0
260270,0,1,0,0,0,0,0,0,0,0,0,0
260270,1,1,0,0,0,0,0,0,0,0,0,0
260271,0,1,27,27,27,27,27,27,27,27,27,27
260271,1,1,0,0,0,0,0,0,0,0,0,0
260272,0,1,0,0,0,0,0,0,0,0,0,0
260272,1,1,0,0,0,0,0,0,0,0,0,0
260273,1,1,0,0,0,0,0,0,0,0,0,0
260273,2,1,24,0,0,0,0,0,0,0,0,0
260274,1,1,0,0,0,0,0,0,0,0,0,0
260274,2,1,0,0,0,0,0,0,0,0,0,0
260275,1,1,0,0,0,0,0,0,0,0,0,0
260276,1,1,0,0,0,0,0,0,0,0,0,0
260276,2,1,0,0,0,8,0,0,0,0,0,0
260277,1,1,0,0,0,0,0,0,0,0,0,0
260277,2,1,0,0,0,0,0,0,0,0,0,0
260278,1,1,0,0,0,0,0,0,0,0,0,0
260278,2,1,0,0,0,0,0,0,0,0,0,0
260279,1,1,15,15,15,15,15,15,15,15,15,15
260280,1,1,0,0,0,0,0,0,0,0,0,0
260280,2,1,0,0,0,0,0,0,0,0,0,0
260281,1,1,0,0,0,0,0,0,0,0,0,0
260281,2,1,32,32,32,32,32,32,32,32,32,32
260282,1,1,0,0,0,0,0,0,0,23,0,11
260283,1,1,21,21,21,21,21,21,21,21,21,21
260284,1,1,0,0,26,0,31,0,0,0,10,0
260285,0,1,0,0,0,0,0,0,0,0,0,0
260285,1,1,0,0,0,0,0,0,19,22,0,8
260286,1,1,0,0,0,0,0,0,0,0,0,0
260287,1,1,0,14,0,0,0,10,0,0,0,0
260288,1,1,14,14,14,14,14,14,14,14,14,14
260289,1,1,0,0,0,0,0,0,0,0,0,0
260289,2,1,0,0,0,0,0,0,0,0,0,0
260290,0,1,0,0,0,0,0,0,0,0,0,0
260290,1,1,0,0,0,0,0,0,0,0,0,0
260291,1,1,25,25,25,25,25,25,25,25,25,25
260291,2,1,0,0,0,0,0,0,0,0,0,0
260292,0,1,0,0,0,0,0,0,0,0,0,0
260292,1,1,0,0,0,0,0,0,0,0,0,0
260293,1,1,0,0,0,0,0,0,0,0,0,0
260294,1,1,0,0,0,0,0,0,0,0,0,0
260294,2,1,0,0,0,0,0,0,0,0,0,0
260295,1,1,0,0,0,0,0,0,0,0,0,0
260295,2,1,0,0,0,0,0,0,0,0,0,20
260295,3,1,0,0,0,0,0,0,0,0,0,0
260295,4,1,0,0,0,0,0,0,0,0,0,0
260295,5,1,0,0,0,0,0,9,0,0,0,0
260295,6,1,0,0,0,0,0,0,0,21,0,0
260296,1,1,0,0,0,0,0,0,0,0,0,0
260296,2,1,0,0,0,0,0,23,0,0,0,0
260297,1,1,20,20,20,20,20,20,20,20,20,20
260298,1,1,0,0,0,0,0,0,0,0,0,0
260298,2,1,0,0,0,0,0,0,0,0,7,0
260299,1,1,0,0,0,0,0,0,0,0,0,0
260300,1,1,14,14,14,14,14,14,14,14,14,14
260301,1,1,0,0,0,0,0,0,0,0,0,0
260301,2,1,0,0,0,0,0,20,0,11,0,0
260302,1,1,0,0,0,0,0,0,0,0,0,0
260302,2,1,0,0,0,0,0,0,0,0,0,0
260303,1,1,0,0,0,0,0,0,0,0,0,0
260304,1,1,0,21,0,0,0,0,0,0,0,0
260304,2,1,0,0,0,0,0,0,0,0,0,5
260304,3,1,0,0,0,0,0,0,0,0,0,11
260305,1,1,0,0,0,0,0,0,0,0,0,0
260305,2,1,0,0,0,0,0,0,0,0,0,0
260306,0,1,1,1,1,1,1,1,1,1,1,1
260306,0,2,0,30,0,23,0,0,0,0,0,0
260306,1,1,0,0,0,0,0,0,0,0,0,0
260306,2,1,4,0,5,21,14,0,19,0,0,11
260307,1,1,0,0,0,0,0,0,0,0,0,0
260307,2,1,0,0,0,30,0,0,0,34,4,0
260308,1,1,0,0,0,0,0,0,0,0,0,0
260308,2,1,0,0,0,0,0,0,0,0,0,0
260309,1,1,0,0,0,0,0,0,10,0,0,0
260309,2,1,0,0,0,0,0,0,0,0,0,0
260310,1,1,0,0,0,0,0,0,0,0,0,0
260311,1,1,0,0,0,0,0,0,0,0,0,0
260311,2,1,22,0,0,0,0,0,0,0,0,0
260312,1,1,0,0,0,0,0,0,0,0,0,0
260313,1,1,19,19,19,19,19,19,19,19,19,19
260313,2,1,0,0,0,0,0,0,0,0,0,0
260314,0,1,0,0,0,0,0,8,0,0,0,0
260314,1,1,11,11,11,11,11,11,11,11,11,11
260315,1,1,0,0,0,0,0,0,0,0,0,0
260315,2,1,0,0,0,0,0,0,0,0,0,0
260315,3,1,0,0,0,0,0,0,9,0,29,0
260316,1,1,0,0,0,0,0,0,0,0,0,0
260316,2,1,0,0,0,0,0,0,0,0,10,0
260317,1,1,0,0,0,0,0,0,0,0,0,0
260317,2,1,0,0,0,17,0,0,0,0,0,9
260318,1,1,16,16,16,16,16,16,16,16,16,16
260318,2,1,3,3,3,3,3,3,3,3,3,3
260319,1,1,12,12,12,12,12,12,12,12,12,12
260320,1,1,0,0,0,0,0,0,0,0,0,0
260321,1,1,33,33,33,33,33,33,33,33,33,33
260322,0,1,0,0,0,0,0,0,0,0,0,0
260322,1,1,0,0,19,0,0,0,0,19,0,0
260323,1,1,0,0,0,0,0,0,0,0,0,0
260324,0,1,0,0,0,0,0,0,0,0,0,7
260324,1,1,0,0,0,0,0,20,0,0,0,0
260325,1,1,0,26,0,0,0,0,0,0,0,0
260325,2,1,0,0,0,0,0,0,0,0,0,0
260326,1,1,0,0,0,0,0,0,0,0,0,0
260326,2,1,0,0,0,0,0,0,0,0,0,0
260327,1,1,0,0,0,0,0,0,0,0,0,0
260327,2,1,0,0,0,0,0,0,0,0,0,0
260328,0,1,11,0,0,0,21,15,0,0,0,0
260328,1,1,0,0,0,0,0,0,0,0,0,0
260330,1,1,0,0,0,0,0,0,0,0,0,0
260330,2,1,9,9,9,9,9,9,9,9,9,9
260331,0,1,0,25,0,38,0,0,0,48,0,0
260331,1,1,0,0,0,0,11,0,0,29,0,0
260332,1,1,20,20,20,20,20,20,20,20,20,20
260333,1,1,17,6,12,20,12,17,16,18,9,17
260334,0,1,0,0,0,0,0,0,0,0,0,0
260334,1,1,0,0,0,0,0,0,0,0,0,0
260335,1,1,0,0,0,0,0,0,0,0,0,0
260335,2,1,0,0,0,0,0,0,0,0,0,0
260335,3,1,0,0,0,0,0,0,5,0,0,0
260336,1,1,23,23,23,23,23,23,23,23,23,23
260337,1,1,0,0,0,0,0,0,0,0,0,0
260337,2,1,0,0,0,0,0,0,0,0,0,0
260338,1,1,0,0,0,0,0,0,0,0,0,0
260339,1,1,0,0,0,0,0,0,0,0,0,0
260339,2,1,0,0,12,10,0,7,0,0,0,0
260340,1,1,0,0,0,0,0,0,0,0,0,0
260341,1,1,0,0,0,0,0,0,0,0,0,0
260342,1,1,0,0,0,0,0,0,0,0,0,0
260342,2,1,0,0,0,0,0,0,0,0,0,0
260343,1,1,3,3,3,3,3,3,3,3,3,3
260343,2,1,0,0,0,0,7,0,0,0,0,0
260344,0,1,0,0,0,0,0,0,0,0,0,0
260344,1,1,24,15,20,12,6,39,0,0,0,8
260345,1,1,0,0,0,0,0,0,0,0,0,0
260345,2,1,0,0,0,0,0,20,0,26,0,0
260345,3,1,0,0,0,0,0,0,0,0,0,0
260346,1,1,0,0,0,0,0,0,0,0,0,0
260347,1,1,0,0,0,0,9,0,0,0,0,0
260347,2,1,0,0,0,0,0,0,0,0,0,0
260347,3,1,0,0,33,0,0,0,0,0,0,0
260347,4,1,0,0,0,0,21,0,0,0,0,0
260348,1,1,0,0,0,0,0,0,0,0,0,0
260349,1,1,0,0,0,0,0,20,0,0,0,0
260350,0,1,0,0,0,0,0,0,0,0,0,0
260350,1,1,0,0,0,0,0,0,0,14,0,0
260351,1,1,0,0,0,0,0,0,0,0,0,0
260351,2,1,0,0,18,20,5,10,0,0,0,7
260352,1,1,0,0,0,0,0,0,0,0,0,0
260353,1,1,23,0,0,0,0,0,0,26,0,19
260354,1,1,0,0,0,0,0,0,0,0,0,0
260355,1,1,0,0,0,0,0,0,0,0,0,0
260355,2,1,0,0,0,0,0,0,0,0,0,0
260356,1,1,12,4,28,12,6,12,34,12,8,15
260357,0,1,0,21,13,14,45,20,8,13,10,0
260357,1,1,0,0,0,0,0,0,0,0,0,0
260358,1,1,0,0,0,0,0,0,0,0,0,0
260358,2,1,0,0,0,0,0,0,0,0,0,0
260359,0,1,0,16,34,0,26,9,43,3,13,13
260359,1,1,0,0,0,0,0,0,0,0,0,0
260360,0,1,0,0,34,16,0,0,0,0,0,46
260360,0,2,0,0,30,0,38,1,0,0,0,0
260360,1,1,14,14,14,14,14,14,14,14,14,14
260361,1,1,0,0,0,0,0,0,0,0,0,0
260362,0,1,0,0,0,0,0,32,15,0,37,0
260362,1,1,0,0,0,0,0,0,0,0,0,0
260363,1,1,0,0,0,25,0,0,0,0,0,0
260363,2,1,0,0,0,0,0,0,0,0,0,0
260364,1,1,12,12,12,12,12,12,12,12,12,12
260364,2,1,0,0,0,0,0,0,11,0,8,0
260364,3,1,0,0,0,0,0,0,0,14,0,0
260365,1,1,0,6,0,13,33,9,0,0,0,9
260366,1,1,0,0,0,0,0,0,0,0,0,0
260366,2,1,0,0,0,0,0,0,0,0,0,0
260366,3,1,0,0,0,0,0,0,0,0,0,0
260367,1,1,0,0,0,0,0,0,0,0,0,0
260367,2,1,19,19,19,19,19,19,19,19,19,19
260368,1,1,17,17,17,17,17,17,17,17,17,17
260369,0,1,0,0,0,0,0,0,0,0,0,0
260369,1,1,0,0,0,0,0,0,0,0,0,0
260370,1,1,6,6,6,6,6,6,6,6,6,6
260370,2,1,0,0,0,0,0,0,0,0,0,0
260370,3,1,0,0,0,0,0,0,0,0,0,0
260371,1,1,0,0,0,0,0,0,0,0,0,0
260371,2,1,0,0,0,0,0,0,0,0,6,0
260372,1,1,0,0,0,0,0,0,0,0,0,0
260373,1,1,0,0,0,0,0,0,0,0,0,0
260373,2,1,0,0,0,0,0,0,0,12,0,0
260374,1,1,0,0,0,10,0,0,0,0,0,0
260374,2,1,0,0,0,0,0,0,0,0,0,0
260375,0,1,14,0,0,28,0,0,0,0,0,0
260375,1,1,0,0,0,0,0,0,0,15,0,0
260376,1,1,16,16,16,16,16,16,16,16,16,16
260376,2,1,9,0,23,23,18,23,14,0,0,0
260377,1,1,19,19,19,19,19,19,19,19,19,19
260378,1,1,20,20,20,20,20,20,20,20,20,20
260378,2,1,0,0,0,0,0,0,0,0,0,0
260378,3,1,0,0,0,0,0,0,0,0,0,0
260378,4,1,0,11,0,0,0,0,0,0,0,14
260379,1,1,0,0,0,0,27,0,0,0,0,0
260380,0,1,11,32,17,9,22,12,0,49,27,5
260380,1,1,0,0,0,0,13,0,0,0,0,0
260382,1,1,0,0,0,0,0,0,0,0,0,0
260382,2,1,0,0,0,0,0,0,0,0,0,0
260383,1,1,0,0,0,0,0,0,0,0,0,0
260383,2,1,0,0,0,0,0,0,0,0,0,0
260384,1,1,0,0,0,0,0,0,0,0,0,0
260384,2,1,0,0,0,0,0,0,0,0,0,0
260385,0,1,0,0,0,0,0,0,0,0,0,0
260385,1,1,0,0,0,17,0,13,0,0,0,0
260386,1,1,0,0,0,0,0,0,0,0,0,0
260388,1,1,0,0,0,0,0,0,0,0,0,0
260388,2,1,0,0,0,0,0,0,0,0,0,0
260388,3,1,0,0,0,0,0,0,0,0,0,0
260389,0,1,0,0,0,26,0,0,36,0,6,0
260389,1,1,0,0,0,0,0,0,0,0,0,0
260390,1,1,16,13,0,7,53,27,17,18,22,16
260391,0,1,0,0,0,0,0,0,0,0,0,0
260391,1,1,0,0,0,0,0,0,0,0,0,0
260392,1,1,0,0,18,0,22,0,0,11,0,8
260393,1,1,7,7,7,7,7,7,7,7,7,7
260393,2,1,0,0,11,0,0,0,0,0,0,0
260394,1,1,0,0,0,9,0,0,0,0,0,0
260394,2,1,0,0,0,0,17,0,0,14,0,0
260395,1,1,0,0,0,0,0,0,0,0,0,0
260396,1,1,0,0,0,0,0,0,0,0,0,0
260396,2,1,0,0,0,0,0,0,0,0,0,0
260397,1,1,21,21,21,21,21,21,21,21,21,21
260398,1,1,0,0,0,0,0,0,0,0,0,0
260398,2,1,12,12,12,12,12,12,12,12,12,12
260399,0,1,0,0,0,0,0,0,0,0,0,0
260399,0,2,0,0,0,0,0,0,0,0,0,0
260399,1,1,0,0,0,0,0,0,0,0,0,0
260400,1,1,15,15,15,15,15,15,15,15,15,15
260401,1,1,0,0,0,0,0,0,30,0,0,0
260401,2,1,0,0,0,0,0,0,0,0,0,0
260402,1,1,16,16,16,16,16,16,16,16,16,16
260403,1,1,9,9,9,9,9,9,9,9,9,9
260404,1,1,0,0,0,0,0,0,0,0,0,0
260404,2,1,0,0,0,0,0,0,0,0,0,0
260405,1,1,0,0,0,0,0,0,0,0,0,0
260406,1,1,20,20,20,20,20,20,20,20,20,20
260407,0,1,0,0,0,0,21,0,0,0,0,13
260407,1,1,0,0,0,0,0,0,0,0,0,0
260408,1,1,23,22,0,14,21,0,0,0,31,19
260408,2,1,0,0,0,0,0,0,0,0,0,0
260408,3,1,0,0,0,0,0,0,0,0,0,0
260409,1,1,6,6,6,6,6,6,6,6,6,6
260409,2,1,0,0,0,0,0,0,0,0,0,0
260410,1,1,0,0,0,0,0,0,0,0,0,0
260411,1,1,0,0,0,0,0,0,0,0,0,0
260411,2,1,0,0,0,0,0,0,0,0,0,0
260412,1,1,0,0,0,0,0,0,0,0,0,0
260412,2,1,0,0,0,0,0,0,0,0,0,0
260413,1,1,0,0,0,0,0,0,0,0,0,0
260413,2,1,0,0,0,0,0,11,0,0,0,0
260414,1,1,17,17,17,17,17,17,17,17,17,17
260415,1,1,34,34,34,34,34,34,34,34,34,34