ST_CASE,VEH_NO,PER_NO,P1,P2,P3,P4,P5,P6,P7,P8,P9,P10
280029,1,1,0,0,0,0,0,0,0,0,0,0
280029,2,1,0,0,0,0,0,0,0,0,0,0
280030,0,1,0,0,0,0,8,0,0,0,0,0
280030,1,1,0,0,0,0,0,0,0,0,0,0
280031,1,1,0,0,0,0,0,0,0,9,17,0
280032,1,1,0,0,0,0,0,0,0,0,0,0
280032,2,1,0,0,0,0,0,0,0,0,0,0
280033,1,1,16,24,0,0,0,0,0,0,0,0
280034,1,1,0,0,0,0,0,0,0,0,0,0
280035,1,1,0,0,0,0,0,0,0,0,0,0
280036,0,1,0,32,0,0,0,0,0,0,0,0
280036,1,1,0,0,0,0,0,0,0,0,0,0
280037,0,1,5,5,5,5,5,5,5,5,5,5
280037,1,1,0,0,0,0,0,0,0,0,0,0
280038,1,1,12,12,12,12,12,12,12,12,12,12
280039,1,1,0,0,0,0,0,0,0,0,0,0
280039,2,1,0,0,0,0,0,0,0,0,0,0
280040,1,1,21,0,26,18,33,0,16,13,19,0
280040,2,1,19,27,0,32,0,0,18,28,16,13
280041,1,1,0,0,0,0,0,0,0,0,0,0
280042,1,1,0,0,0,0,0,0,0,0,0,0
280043,1,1,0,0,0,0,0,0,0,0,0,0
280043,2,1,0,0,0,0,0,0,0,0,0,0
280044,1,1,0,0,0,0,0,0,0,0,0,0
280045,1,1,0,0,0,0,0,0,0,0,0,0
280046,1,1,12,12,12,12,12,12,12,12,12,12
280047,0,1,22,22,22,22,22,22,22,22,22,22
280047,1,1,0,0,0,0,0,0,0,0,0,0
280048,1,1,0,0,0,0,0,0,0,0,0,0
280048,2,1,0,0,0,0,0,0,0,0,0,0
280049,1,1,0,0,0,0,0,0,0,0,0,0
280049,2,1,0,0,0,0,0,0,0,0,0,0
280050,1,1,0,14,0,0,0,0,0,0,0,0
280050,2,1,0,0,0,0,0,0,0,0,0,0
280051,1,1,0,0,0,0,6,0,0,0,0,0
280051,2,1,0,0,0,0,0,0,0,0,0,0
280052,0,1,0,0,0,0,0,0,0,0,0,0
280052,1,1,0,0,0,0,0,0,0,0,0,0
280053,1,1,21,21,21,21,21,21,21,21,21,21
280054,1,1,0,0,0,0,0,0,0,0,0,0
280055,1,1,40,40,40,40,40,40,40,40,40,40
280056,1,1,0,0,0,0,0,0,0,0,0,0
280056,2,1,0,0,0,0,0,0,0,0,0,0
280057,1,1,17,17,17,17,17,17,17,17,17,17
280058,1,1,0,0,0,0,0,0,0,0,0,0
280058,2,1,13,0,0,0,6,0,0,14,0,0
280059,1,1,0,7,0,15,41,0,25,0,0,0
280060,1,1,0,0,0,0,0,0,0,0,0,0
280061,1,1,0,0,0,0,0,0,0,0,0,0
280061,2,1,0,0,0,0,0,0,0,0,0,0
280062,1,1,0,0,0,0,0,0,0,0,0,0
280062,2,1,24,0,0,0,0,0,0,15,0,0
280063,1,1,0,0,0,0,0,0,0,0,0,0
280063,2,1,20,20,20,20,20,20,20,20,20,20
280064,1,1,0,0,0,0,0,0,0,0,0,0
280064,2,1,0,23,0,0,0,29,24,0,0,0
280065,0,1,0,0,0,0,0,0,0,0,0,0
280065,1,1,0,0,0,0,0,0,0,0,0,0
280066,1,1,17,17,17,17,17,17,17,17,17,17
280067,1,1,0,0,0,0,0,0,0,0,0,0
280068,1,1,0,0,0,0,0,0,0,0,0,0
280068,2,1,0,0,0,0,0,0,0,0,0,0
280069,1,1,8,0,0,0,0,0,0,21,0,0
280069,2,1,0,0,0,0,0,13,6,0,0,0
280070,1,1,18,0,0,0,0,0,0,0,0,15
280071,1,1,27,27,27,27,27,27,27,27,27,27
280072,1,1,8,8,8,8,8,8,8,8,8,8
280073,1,1,0,0,0,0,0,0,0,0,0,0
280074,1,1,0,0,0,0,0,0,0,0,0,0
280074,2,1,0,0,0,0,0,0,0,0,0,0
280075,0,1,0,0,0,11,0,0,0,0,0,0
280075,1,1,0,0,0,0,0,0,0,0,0,0
280076,0,1,0,0,0,0,0,0,0,0,0,0
280076,1,1,0,0,0,0,0,0,0,0,0,11
280077,0,1,0,0,0,0,0,0,41,22,0,23
280077,1,1,0,0,0,0,0,0,0,0,0,0
280077,2,1,0,0,0,0,0,0,0,0,0,0
280078,1,1,3,3,3,3,3,3,3,3,3,3
280078,2,1,0,0,0,0,0,0,0,0,0,0
280079,1,1,0,0,0,0,0,0,0,0,0,0
280080,1,1,0,0,0,0,0,0,0,0,0,0
280080,2,1,0,0,0,0,15,0,0,0,0,0
280081,0,1,0,0,0,0,0,0,0,0,0,0
280081,1,1,0,0,21,0,0,0,0,0,0,0
280082,1,1,0,32,0,5,10,0,0,27,18,0
280083,0,1,0,0,0,0,0,0,0,0,0,0
280083,1,1,0,13,0,0,0,0,0,0,0,0
280084,1,1,3,3,3,3,3,3,3,3,3,3
280084,2,1,0,0,0,15,0,0,0,0,0,0
280085,1,1,0,0,0,0,0,0,0,0,0,0
280086,1,1,0,0,0,0,0,0,17,0,0,0
280087,1,1,33,33,33,33,33,33,33,33,33,33
280088,0,1,12,12,12,12,12,12,12,12,12,12
280088,1,1,16,16,14,32,0,12,0,0,0,11
280089,1,1,0,0,0,0,0,0,0,0,0,0
280089,2,1,0,0,0,0,0,0,0,0,0,0
280090,0,1,23,29,0,21,25,27,0,0,0,7
280090,1,1,0,0,0,0,9,0,0,0,0,0
280091,0,1,20,16,0,0,0,0,0,7,0,0
280091,1,1,0,9,8,0,0,0,0,0,0,34
280092,1,1,0,0,0,0,0,0,0,0,0,0
280092,2,1,0,0,0,0,0,0,0,0,0,0
280093,1,1,0,0,0,0,0,0,0,0,0,0
280094,1,1,0,0,26,12,0,0,0,0,0,0
280094,2,1,0,0,0,0,0,0,0,0,0,0
280095,1,1,0,0,12,0,0,0,0,0,0,0
280096,0,1,0,0,0,0,0,0,0,0,0,0
280096,1,1,0,0,0,0,0,18,0,8,0,0
280097,1,1,0,23,0,0,0,0,0,0,0,0
280097,2,1,0,0,0,0,0,7,0,0,0,0
280097,3,1,0,10,0,0,0,0,10,0,0,0
280098,0,1,0,23,13,7,26,0,0,27,12,21
280098,1,1,0,0,0,0,0,0,0,0,0,10
280098,2,1,12,21,12,21,18,10,19,4,11,21
280099,1,1,0,0,0,0,0,0,0,0,0,0
280099,2,1,0,0,0,0,0,0,0,0,0,0
280100,1,1,0,0,0,0,0,0,0,0,0,0
280101,1,1,0,0,0,0,0,0,0,0,0,0
280101,2,1,0,0,0,0,0,0,0,0,0,0
280102,1,1,0,0,0,0,0,0,0,0,0,0
280102,2,1,0,0,0,0,0,0,0,0,0,0
280102,3,1,0,0,0,0,0,0,0,0,0,0
280103,1,1,0,0,0,0,0,0,0,0,0,0
280103,2,1,29,29,29,29,29,29,29,29,29,29
280104,1,1,14,14,14,14,14,14,14,14,14,14
280104,2,1,14,14,14,14,14,14,14,14,14,14
280105,1,1,0,0,5,17,0,29,0,0,0,0
280105,2,1,0,0,0,0,0,0,22,0,0,0
280105,3,1,0,0,0,0,0,21,0,0,0,0
280106,1,1,0,0,0,4,0,0,0,0,0,0
280106,2,1,0,0,0,0,0,0,0,0,0,0
280107,1,1,19,19,19,19,19,19,19,19,19,19
280108,1,1,0,0,10,0,0,0,0,23,0,14
280110,0,1,0,0,0,0,0,0,0,0,0,0
280110,1,1,0,13,0,0,22,0,0,0,0,0
280111,1,1,0,0,18,19,0,24,0,0,17,13
280111,2,1,0,0,0,0,0,0,0,0,0,0
280111,3,1,0,0,19,0,0,0,0,11,0,0
280112,1,1,9,9,9,9,9,9,9,9,9,9
280112,2,1,0,0,0,0,0,0,0,0,0,0
280113,0,1,22,0,0,0,13,0,17,0,0,0
280113,0,2,13,14,10,25,19,32,0,0,29,0
280113,2,1,0,0,0,0,0,0,0,0,0,0
280114,1,1,29,29,29,29,29,29,29,29,29,29
280115,1,1,0,0,0,0,0,0,0,0,0,0
280115,2,1,0,0,0,0,0,0,0,0,0,0
280116,1,1,0,0,0,0,0,23,0,0,0,0
280116,2,1,0,0,0,0,0,0,0,0,0,0
280117,1,1,0,14,0,0,0,0,0,0,0,0
280118,1,1,0,0,0,0,0,0,0,0,0,0
280119,1,1,0,0,0,0,0,0,0,0,23,0
280119,2,1,15,0,0,0,0,0,0,0,0,0
280120,1,1,32,32,32,32,32,32,32,32,32,32
280121,1,1,0,0,0,0,0,0,0,0,0,0
280121,2,1,0,0,0,23,0,0,0,4,0,0
280121,3,1,0,0,0,0,0,3,0,0,0,0
280122,1,1,1,1,1,1,1,1,1,1,1,1
280123,1,1,0,0,0,0,0,0,0,0,0,0
280124,1,1,16,0,0,0,0,0,0,0,0,0
280124,2,1,0,0,0,0,0,0,0,0,0,0
280125,1,1,0,0,0,0,0,0,0,0,0,0
280125,2,1,8,0,0,0,0,0,0,17,0,0
280126,1,1,0,0,0,0,0,0,0,0,0,0
280126,2,1,0,0,0,0,0,0,0,0,0,0
280127,1,1,0,0,0,0,0,0,0,0,0,0
280128,0,1,21,21,21,21,21,21,21,21,21,21
280128,1,1,14,14,14,14,14,14,14,14,14,14
280129,1,1,0,0,0,0,0,0,0,0,0,0
280129,2,1,0,0,0,0,0,28,16,12,0,8
280130,1,1,9,0,4,0,11,22,0,4,0,0
280130,2,1,0,0,0,0,0,0,0,0,0,0
280131,1,1,0,0,0,0,0,0,0,0,0,0
280131,2,1,0,0,0,0,16,0,0,0,0,0
280132,0,1,0,0,0,0,0,0,0,0,0,0
280132,1,1,0,0,0,21,0,0,0,0,0,0
280133,1,1,0,0,0,0,0,0,0,0,0,0
280134,1,1,0,0,0,0,0,0,0,0,0,0
280134,2,1,0,0,0,0,12,0,0,0,0,0
280135,1,1,0,0,0,0,0,0,0,0,0,0
280135,2,1,26,26,26,26,26,26,26,26,26,26
280136,1,1,12,12,12,12,12,12,12,12,12,12
280137,1,1,0,0,0,0,0,0,0,0,0,0
280138,1,1,14,14,14,14,14,14,14,14,14,14
280139,0,1,0,0,0,20,27,16,0,0,28,0
280139,1,1,0,0,0,5,0,0,0,0,0,0
280140,1,1,12,12,12,12,12,12,12,12,12,12
280140,2,1,32,32,32,32,32,32,32,32,32,32
280141,1,1,0,0,0,0,0,0,0,0,0,0
280142,1,1,0,0,0,0,0,0,0,0,0,0
280142,2,1,0,0,0,0,0,0,0,0,0,0
280142,3,1,0,0,0,0,0,0,0,0,0,0
280142,4,1,0,0,0,0,0,0,0,0,0,0
280143,1,1,22,22,22,22,22,22,22,22,22,22
280144,1,1,0,0,0,0,0,0,0,0,0,0
280144,2,1,0,0,0,0,0,0,0,0,0,0
280145,1,1,4,4,4,4,4,4,4,4,4,4
280146,1,1,0,0,0,0,0,0,0,0,0,0
280147,1,1,0,0,0,0,0,0,0,0,0,0
280148,1,1,0,0,0,17,0,0,0,0,0,0
280148,2,1,0,0,0,0,0,0,0,0,0,0
280149,1,1,0,0,0,22,0,0,0,0,0,0
280150,1,1,0,0,11,7,0,0,24,18,0,0
280151,1,1,0,0,0,0,0,0,15,0,0,0
280152,0,1,0,0,0,0,0,0,0,0,0,0
280152,1,1,0,0,0,20,0,25,0,0,0,0
280153,1,1,0,0,0,0,0,0,0,0,0,0
280153,2,1,0,0,0,0,0,0,0,0,0,0
280154,1,1,0,0,0,0,0,0,0,0,0,0
280155,0,1,0,0,0,0,0,0,0,0,10,0
280155,1,1,0,23,0,0,0,0,11,0,0,0
280156,1,1,0,0,0,0,0,0,0,0,0,24
280157,1,1,0,20,13,19,0,0,0,0,0,22
280157,2,1,0,0,0,0,0,0,0,0,0,0
280158,1,1,0,0,0,0,0,0,0,0,0,0
280158,2,1,0,0,0,0,0,0,0,5,0,0
280159,0,1,0,0,0,0,0,0,0,0,0,0
280159,1,1,0,0,0,0,0,0,0,0,0,0
280160,1,1,0,0,0,0,0,0,0,0,0,0
280161,1,1,25,25,25,25,25,25,25,25,25,25
280162,1,1,0,0,0,0,0,0,0,0,0,0
280162,2,1,0,0,0,0,0,0,0,0,0,0
280163,1,1,0,0,0,0,0,0,0,0,0,0
280163,2,1,0,0,0,0,0,0,0,0,0,0
280164,1,1,0,18,0,20,0,0,0,0,0,0
280165,1,1,0,0,0,0,0,0,0,0,0,0
280165,2,1,17,17,17,17,17,17,17,17,17,17
280166,1,1,0,0,0,0,0,0,0,0,5,0
280166,2,1,0,0,0,0,0,0,0,0,0,0
280166,3,1,0,0,0,0,0,0,0,0,0,0
280167,1,1,0,0,31,0,13,0,11,0,27,0
280168,1,1,0,0,0,0,0,0,0,0,0,0
280169,1,1,25,25,25,25,25,25,25,25,25,25
280170,1,1,27,27,27,27,27,27,27,27,27,27
280171,1,1,0,0,0,0,0,0,0,0,0,0
280172,1,1,0,0,0,0,0,0,0,0,0,0
280172,2,1,0,12,0,0,0,0,0,0,0,0
280173,1,1,16,16,16,16,16,16,16,16,16,16
280174,1,1,0,0,0,3,0,0,0,0,14,16
280174,2,1,0,11,0,0,0,0,0,0,0,0
280174,3,1,0,0,0,0,0,0,0,0,0,0
280174,4,1,0,0,18,0,0,0,0,0,9,0
280174,5,1,0,0,0,0,0,0,20,0,0,0
280175,1,1,0,0,0,0,0,0,0,0,0,0
280175,2,1,0,0,0,0,0,0,0,0,0,0
280176,1,1,0,0,0,0,0,0,0,0,0,20
280177,1,1,0,0,0,0,0,0,0,0,0,0
280177,2,1,24,0,0,0,0,0,0,16,0,28
280177,3,1,0,0,0,0,0,0,0,0,0,12
280178,1,1,0,0,0,0,0,0,0,0,0,22
280178,2,1,1,1,1,1,1,1,1,1,1,1
280179,1,1,0,0,0,0,0,0,0,0,0,0
280179,2,1,0,0,0,12,0,0,0,0,0,0
280181,1,1,0,0,0,0,0,0,0,0,0,0
280181,2,1,0,0,0,0,0,0,0,0,0,0
280182,1,1,0,0,0,0,0,0,0,0,0,0
280183,1,1,0,0,0,0,0,0,0,23,0,0
280184,0,1,0,0,0,0,0,0,0,0,0,0
280184,1,1,0,0,0,0,0,0,0,0,0,0
280185,1,1,0,0,0,0,0,0,0,0,0,0
280185,2,1,0,0,0,0,0,0,0,0,0,0
280186,1,1,0,0,0,0,0,0,0,0,0,0
280187,1,1,13,23,0,0,19,23,0,0,32,0
280188,1,1,0,0,0,0,0,0,0,0,0,0
280188,2,1,0,0,0,0,0,0,0,0,0,0
280189,1,1,0,0,0,0,0,0,0,0,0,0
280190,1,1,0,0,0,0,0,0,0,0,0,0
280191,1,1,0,0,17,0,0,0,0,0,0,0
280192,1,1,0,0,16,0,28,0,0,20,0,27
280193,1,1,0,0,0,0,0,0,0,0,10,0
280193,2,1,0,0,0,0,0,0,0,0,0,0
280194,1,1,1,1,1,1,1,1,1,1,1,1
280195,1,1,0,0,0,0,0,0,0,0,0,36
280196,1,1,0,0,0,0,0,0,0,0,0,0
280196,2,1,0,0,0,0,0,0,0,0,0,0
280197,0,1,14,0,0,8,0,0,22,0,0,19
280197,1,1,0,13,0,0,0,0,0,3,12,0
280198,1,1,26,26,26,26,26,26,26,26,26,26
280198,2,1,26,26,26,26,26,26,26,26,26,26
280200,1,1,0,0,0,0,0,0,0,0,0,0
280201,1,1,0,0,0,0,0,0,0,0,0,0
280202,1,1,0,0,0,0,0,0,0,0,0,0
280202,2,1,0,0,0,0,0,0,0,0,0,0
280203,1,1,0,0,0,0,0,0,0,0,0,0
280204,1,1,0,11,0,0,0,0,0,0,0,23
280204,2,1,0,0,0,0,0,0,0,0,0,0
280204,3,1,0,0,0,0,0,0,0,0,0,0
280205,1,1,0,0,0,0,0,0,0,0,0,0
280206,1,1,10,10,10,10,10,10,10,10,10,10
280207,1,1,0,0,0,0,0,0,0,0,0,0
280207,2,1,20,0,0,0,0,31,15,0,0,0
280208,0,1,0,0,0,12,0,23,12,0,0,0
280208,0,2,0,0,0,0,0,0,0,0,0,0
280208,0,3,0,0,0,0,0,0,9,0,0,19
280208,1,1,0,0,0,0,0,20,0,0,0,0
280208,2,1,0,0,0,15,24,0,0,0,0,0
280209,1,1,0,0,0,0,0,0,0,0,0,0
280209,2,1,0,0,0,0,0,0,0,0,0,0
280209,3,1,0,0,0,0,0,0,0,0,0,0
280209,4,1,0,0,0,0,0,0,0,0,0,0
280210,1,1,0,5,16,0,0,18,8,13,0,0
280211,1,1,0,0,0,6,0,0,0,0,0,0
280212,0,1,31,31,31,31,31,31,31,31,31,31
280212,1,1,0,0,0,0,17,0,0,0,0,0
280213,1,1,0,0,0,0,0,0,4,0,0,0
280213,2,1,7,7,7,7,7,7,7,7,7,7
280214,1,1,0,0,0,0,0,0,0,0,0,0
280215,1,1,0,0,0,0,0,0,0,0,0,0
280216,1,1,0,0,0,0,0,0,0,0,0,0
280216,2,1,0,0,0,0,0,0,0,0,0,0
280217,1,1,0,0,0,0,0,0,0,28,0,0
280217,2,1,0,0,0,0,0,19,0,0,0,0
280218,1,1,0,0,0,0,0,0,0,0,0,0
280218,2,1,0,0,0,0,0,0,0,0,0,0
280218,3,1,0,0,0,0,0,0,0,0,0,0
280219,1,1,0,0,14,0,0,0,0,0,0,0
280219,2,1,0,0,0,0,0,0,0,0,0,0
280220,1,1,0,0,0,0,0,0,0,0,0,0
280221,1,1,0,0,0,0,0,0,0,0,0,0
280221,2,1,0,4,0,0,18,0,41,0,0,0
280221,3,1,0,0,0,0,0,16,0,0,0,0
280221,4,1,0,0,0,0,0,0,0,41,0,0
280222,1,1,0,0,0,0,0,0,0,0,0,0
280223,1,1,0,0,0,0,0,0,0,28,0,0
280223,2,1,0,0,0,0,0,0,0,0,0,0
280224,0,1,38,38,38,38,38,38,38,38,38,38
280224,1,1,0,0,19,0,0,0,0,0,0,0
280225,0,1,0,0,0,0,0,0,0,0,0,0
280225,1,1,12,0,0,0,0,0,0,0,0,0
280226,1,1,0,0,0,0,0,0,0,0,0,0
280226,2,1,0,0,0,0,0,0,0,0,0,0
280227,1,1,14,0,0,0,0,0,17,0,0,0
280228,1,1,0,0,0,0,0,0,0,0,0,0
280229,1,1,0,0,0,0,0,0,0,0,0,0
280229,2,1,0,0,0,17,0,0,0,0,0,0
280230,1,1,0,0,0,0,0,0,0,0,0,0
280230,2,1,0,0,0,0,0,0,0,0,0,0
280231,1,1,0,0,0,0,0,0,0,0,0,0
280232,1,1,0,0,0,0,0,0,0,0,0,0
280232,2,1,0,0,0,0,0,0,0,0,0,0
280233,1,1,0,0,0,0,0,0,0,0,0,0
280233,2,1,0,0,0,0,0,0,0,0,0,0
280234,1,1,0,0,0,0,0,0,0,0,0,0
280235,1,1,0,0,0,16,0,0,0,0,0,0
280235,2,1,0,0,0,0,0,0,0,0,0,0
280235,3,1,0,0,0,0,0,0,0,0,0,0
280236,1,1,0,0,0,0,0,0,0,0,0,0
280237,1,1,0,0,0,10,0,0,0,0,0,0
280238,1,1,0,0,0,0,0,0,0,0,0,0
280238,2,1,0,0,0,0,0,0,0,0,0,0
280239,1,1,0,13,0,24,0,5,16,12,24,36
280239,2,1,0,0,0,0,0,0,0,0,0,0
280239,3,1,0,0,0,0,0,0,0,0,0,0
280240,1,1,0,0,0,0,0,0,0,0,0,0
280241,1,1,11,11,11,11,11,11,11,11,11,11
280242,0,1,0,0,0,0,0,0,0,0,0,0
280242,0,2,0,37,0,3,0,0,0,0,28,0
280242,1,1,16,0,0,11,15,0,9,0,0,14
280243,1,1,0,0,13,18,25,14,0,0,19,17
280244,1,1,26,15,37,10,21,18,0,23,15,8
280245,1,1,0,0,0,0,0,0,0,0,0,0
280246,1,1,0,13,15,0,0,0,0,12,31,0
280246,2,1,19,19,19,19,19,19,19,19,19,19
280247,1,1,0,0,0,0,0,0,0,0,0,0
280248,1,1,0,35,0,31,15,0,8,12,24,0
280249,1,1,0,0,0,0,0,0,0,0,0,0
280249,2,1,0,0,0,0,0,0,0,0,0,0
280250,1,1,0,0,0,0,0,0,0,0,0,0
280250,2,1,0,0,0,0,0,0,0,0,0,0
280250,3,1,0,0,0,0,0,0,0,0,0,0
280251,1,1,3,3,3,3,3,3,3,3,3,3
280252,1,1,0,0,0,0,0,0,0,0,0,0
280253,1,1,0,0,0,0,0,0,0,0,0,0
280253,2,1,0,0,0,0,0,0,0,0,0,0
280254,1,1,0,0,0,0,0,0,0,0,0,0
280254,2,1,0,0,0,0,0,0,0,0,0,0
280255,0,1,32,32,32,32,32,32,32,32,32,32
280255,1,1,0,0,0,0,0,0,0,0,0,0
280256,0,1,0,0,0,0,0,0,0,0,0,0
280256,1,1,8,0,0,0,0,0,0,38,0,33
280257,1,1,0,0,0,0,0,0,0,0,0,0
280257,2,1,0,0,0,0,0,0,0,0,0,0
280258,1,1,0,0,0,0,0,0,0,0,0,0
280259,1,1,15,15,15,15,15,15,15,15,15,15
280260,1,1,0,0,18,15,0,26,0,13,0,25
280261,0,1,0,0,0,0,0,20,0,0,21,23
280261,1,1,0,0,0,0,0,0,0,0,0,0
280262,1,1,0,0,0,0,0,0,0,0,0,0
280263,1,1,0,0,0,0,0,0,0,0,0,0
280263,2,1,0,14,0,0,4,0,3,15,0,9
280264,1,1,0,14,0,0,34,0,0,13,0,19
280265,0,1,16,0,0,0,0,0,0,0,0,0
280265,2,1,0,0,0,0,0,0,0,0,0,0
280266,1,1,39,0,0,0,0,0,0,0,0,0
280267,1,1,0,0,0,0,0,0,15,0,0,0
280267,2,1,0,0,0,0,0,0,0,0,0,0
280268,1,1,0,0,0,0,0,0,0,0,0,0
280269,1,1,12,12,12,12,12,12,12,12,12,12
280270,0,1,0,0,0,0,0,0,0,0,0,0
280270,1,1,0,24,0,33,0,0,12,0,21,9
280271,1,1,0,0,0,0,0,0,0,0,0,0
280272,1,1,0,0,5,0,0,0,0,8,0,0
280272,2,1,0,0,0,0,0,0,0,0,0,0
280273,1,1,1,1,1,1,1,1,1,1,1,1
280274,1,1,0,0,0,0,0,0,0,0,0,0
280274,2,1,0,0,0,0,0,0,0,0,0,0
280275,1,1,0,0,0,0,0,0,0,0,0,0
280275,2,1,1,22,0,0,14,14,0,19,0,0
280276,1,1,0,0,0,0,0,0,0,0,0,0
280277,1,1,0,0,0,0,0,0,0,0,0,0
280277,2,1,0,0,0,0,0,0,0,0,0,0
280278,1,1,0,0,0,0,0,0,0,0,32,0
280278,2,1,0,0,0,0,0,0,0,0,0,0
280278,3,1,24,0,0,0,14,0,0,0,0,0
280279,0,1,0,0,0,0,0,0,0,0,0,0
280279,1,1,0,0,0,0,0,0,0,0,19,0
280281,1,1,32,32,32,32,32,32,32,32,32,32
280282,1,1,32,32,32,32,32,32,32,32,32,32
280283,1,1,0,0,0,0,25,0,0,0,0,0
280283,2,1,0,0,0,0,0,0,0,0,0,0
280284,1,1,20,0,6,0,0,0,0,0,0,0
280284,2,1,0,0,0,0,0,0,0,0,0,0
280285,1,1,0,0,0,0,0,0,0,0,0,0
280285,2,1,0,0,0,0,0,0,0,0,0,0
280286,0,1,25,25,25,25,25,25,25,25,25,25
280286,1,1,0,3,16,14,27,2,67,24,0,0
280287,1,1,5,5,5,5,5,5,5,5,5,5
280287,2,1,0,0,0,0,0,0,0,0,0,0
280288,1,1,0,0,0,0,0,0,0,0,0,0
280288,2,1,0,0,0,0,0,0,0,0,0,0
280289,1,1,0,0,0,0,0,0,0,0,0,0
280289,2,1,0,0,0,0,0,0,0,0,0,0
280291,1,1,0,0,0,0,0,0,0,0,0,0
280292,1,1,0,0,0,0,0,0,0,0,0,0
280292,2,1,0,0,0,0,0,0,0,0,0,0
280292,3,1,0,0,0,0,0,0,0,0,0,0
280293,1,1,0,0,0,0,0,0,0,0,0,0
280293,2,1,0,0,0,0,0,0,0,0,0,0
280294,1,1,19,19,19,19,19,19,19,19,19,19
280295,1,1,0,15,0,0,0,0,0,21,0,27
280295,2,1,0,0,5,0,0,0,0,49,0,0
280296,1,1,0,0,0,0,0,0,0,0,0,0
280296,2,1,0,0,0,0,0,0,0,0,0,0
280297,0,1,0,0,0,0,0,0,0,0,0,0
280297,1,1,0,0,0,0,0,0,0,0,0,0
280297,2,1,0,0,0,0,0,0,0,0,0,0
280298,1,1,0,0,0,0,0,0,11,0,0,0
280298,2,1,0,0,0,0,0,0,0,0,0,0
280299,1,1,0,0,0,0,0,0,0,0,0,0
280299,2,1,0,0,0,0,0,0,0,0,0,0
280300,1,1,0,0,0,0,0,0,0,0,0,0
280301,1,1,0,0,0,0,0,0,0,0,0,0
280301,2,1,0,0,0,25,0,0,0,0,0,0
280302,1,1,0,34,0,0,0,0,0,0,0,0
280303,1,1,0,0,0,0,0,0,0,0,0,0
280303,2,1,0,0,0,0,0,0,0,0,0,0
280304,0,1,0,0,0,0,0,0,0,0,0,0
280304,1,1,0,0,0,0,0,0,0,0,0,0
280305,1,1,0,0,0,0,0,0,0,0,0,0
280305,2,1,0,0,0,27,0,0,0,0,13,0
280306,1,1,0,0,0,14,0,0,0,0,0,0
280306,2,1,0,0,0,0,0,0,0,0,0,0
280307,1,1,0,0,0,0,0,0,0,0,0,0
280308,1,1,0,0,0,0,0,0,0,0,0,0
280308,2,1,0,0,0,0,0,0,0,0,0,0
280309,1,1,0,0,0,0,0,0,0,0,0,0
280309,2,1,0,0,0,0,0,0,0,0,0,0
280309,3,1,6,6,6,6,6,6,6,6,6,6
280310,1,1,0,0,0,0,0,9,0,0,0,0
280310,2,1,0,0,0,0,0,0,0,0,0,0
280311,1,1,0,0,0,14,0,30,0,19,0,22
280312,1,1,11,0,0,0,0,0,0,0,0,0
280312,2,1,0,0,0,0,0,0,0,0,0,0
280313,1,1,0,0,0,0,0,0,0,0,0,0
280313,2,1,0,0,0,0,0,0,0,0,0,0
280314,1,1,0,0,0,0,0,0,0,0,0,0
280314,2,1,0,0,0,0,0,0,0,0,0,0
280315,1,1,0,0,0,0,0,0,0,0,0,0
280315,2,1,0,0,0,0,12,0,13,0,0,0
280316,1,1,22,0,0,0,0,0,15,0,0,0
280316,2,1,17,17,17,17,17,17,17,17,17,17
280317,0,1,0,0,0,32,0,0,0,0,0,0
280317,1,1,0,0,0,0,0,0,0,0,0,0
280318,1,1,5,5,5,5,5,5,5,5,5,5
280318,2,1,9,9,9,9,9,9,9,9,9,9
280319,1,1,0,0,0,0,0,0,0,0,0,0
280319,2,1,0,0,0,0,2,0,0,7,0,0
280320,1,1,0,0,0,0,14,11,19,10,0,0
280321,1,1,15,15,15,15,15,15,15,15,15,15
280322,1,1,0,0,0,0,0,0,0,0,0,0
280322,2,1,0,0,0,0,0,0,0,0,0,0
280323,1,1,0,0,0,0,0,0,0,0,0,0
280323,2,1,0,0,0,0,0,0,0,0,0,0
280324,0,1,0,0,0,0,0,0,0,0,0,0
280324,1,1,0,0,0,0,0,0,0,0,0,0
280325,1,1,31,31,31,31,31,31,31,31,31,31
280326,1,1,0,18,0,0,17,0,17,0,23,0
280327,1,1,0,0,0,0,0,0,0,0,0,0
280328,1,1,3,0,6,29,41,16,0,0,11,18
280329,1,1,0,0,0,0,0,0,0,0,0,0
280329,2,1,0,0,0,0,0,0,0,0,15,0
280329,3,1,0,0,0,0,0,0,0,0,0,0
280329,4,1,0,0,0,0,0,0,0,0,0,0
280329,5,1,0,0,3,0,0,0,0,22,0,0
280329,6,1,0,0,0,0,0,0,0,0,0,0
280330,1,1,0,0,0,0,0,0,0,0,0,0
280330,2,1,0,0,0,0,0,0,0,0,0,0
280331,1,1,23,23,23,23,23,23,23,23,23,23
280332,1,1,0,0,0,0,0,0,0,0,0,0
280332,2,1,0,0,0,0,0,0,0,0,0,0
280333,1,1,14,14,14,14,14,14,14,14,14,14
280334,1,1,17,17,17,17,17,17,17,17,17,17
280335,1,1,0,0,0,0,0,0,0,0,0,0
280337,0,1,0,25,0,31,0,16,20,10,20,39
280337,1,1,0,0,0,0,0,0,0,0,0,0
280338,1,1,0,0,0,0,0,0,0,0,0,0
280339,1,1,0,0,0,0,0,0,0,0,0,0