ST_CASE,VEH_NO,PER_NO,P1,P2,P3,P4,P5,P6,P7,P8,P9,P10
290357,0,1,0,0,0,0,0,0,0,0,0,0
290357,1,1,0,0,0,0,0,0,0,0,0,0
290358,1,1,0,0,0,18,0,0,11,0,0,0
290358,2,1,0,0,0,0,0,0,0,0,0,0
290359,1,1,11,11,11,11,11,11,11,11,11,11
290360,1,1,0,0,0,0,0,0,0,0,0,0
290361,0,1,0,0,0,0,0,0,0,0,0,0
290361,0,2,0,0,0,0,0,0,0,0,0,0
290361,0,3,21,0,0,0,11,25,27,28,15,16
290361,1,1,0,0,0,0,0,0,0,0,0,0
290362,1,1,11,11,11,11,11,11,11,11,11,11
290363,0,1,0,0,0,0,0,0,0,0,0,0
290363,1,1,0,0,0,0,0,0,0,0,0,0
290364,1,1,0,0,0,0,0,0,0,0,0,0
290365,1,1,10,10,10,10,10,10,10,10,10,10
290366,1,1,0,0,0,0,0,0,0,0,0,0
290366,2,1,0,0,0,0,0,0,0,0,0,0
290366,3,1,0,0,0,0,0,0,0,0,0,0
290366,4,1,0,0,0,0,0,0,0,0,0,0
290367,1,1,0,0,0,0,0,0,0,0,0,0
290367,2,1,0,0,0,0,0,0,0,0,0,0
290368,1,1,15,15,15,15,15,15,15,15,15,15
290368,2,1,0,0,0,0,0,0,0,0,0,0
290369,1,1,10,19,0,0,0,0,17,0,0,0
290370,1,1,21,21,21,21,21,21,21,21,21,21
290371,1,1,0,0,0,0,0,0,0,0,0,0
290371,2,1,1,1,1,1,1,1,1,1,1,1
290372,1,1,17,22,23,0,10,5,13,0,0,14
290372,2,1,0,0,0,0,0,0,0,0,0,0
290373,1,1,0,0,0,0,0,0,0,0,0,0
290374,1,1,14,14,14,14,14,14,14,14,14,14
290375,1,1,0,0,0,0,0,0,0,0,0,0
290376,1,1,0,0,0,0,0,0,0,0,0,0
290376,2,1,0,0,0,0,0,0,0,0,0,0
290377,1,1,0,0,0,0,0,0,0,0,0,0
290377,2,1,0,0,0,0,0,0,0,0,0,0
290377,3,1,0,0,0,0,0,0,0,0,0,0
290377,4,1,0,0,0,0,0,0,0,0,0,0
290378,1,1,0,0,0,33,0,31,0,0,0,0
290378,2,1,0,0,0,0,0,0,0,0,0,0
290379,1,1,23,23,23,23,23,23,23,23,23,23
290380,1,1,0,0,0,0,0,0,0,0,0,0
290380,2,1,13,13,13,13,13,13,13,13,13,13
290381,1,1,29,29,29,29,29,29,29,29,29,29
290382,1,1,19,19,19,19,19,19,19,19,19,19
290382,2,1,0,0,0,0,0,0,0,0,0,15
290383,1,1,14,14,14,14,14,14,14,14,14,14
290384,1,1,17,17,17,17,17,17,17,17,17,17
290385,1,1,11,11,11,11,11,11,11,11,11,11
290386,1,1,0,0,0,0,0,0,0,0,0,0
290386,2,1,0,0,0,0,0,0,0,0,0,0
290387,1,1,0,0,0,0,0,0,0,0,0,0
290387,2,1,0,0,0,0,0,0,0,0,0,0
290388,1,1,0,0,0,0,0,0,0,0,0,0
290389,1,1,0,0,0,0,0,0,0,0,0,0
290390,1,1,0,0,0,0,0,0,0,0,0,0
290390,2,1,0,0,0,0,0,0,0,0,0,0
290391,1,1,13,13,13,13,13,13,13,13,13,13
290391,2,1,0,0,16,0,15,0,8,0,0,17
290391,3,1,0,0,0,0,0,0,0,0,0,0
290392,1,1,0,0,0,0,0,0,0,0,14,0
290392,2,1,0,0,0,0,0,0,0,0,0,0
290393,1,1,17,17,17,17,17,17,17,17,17,17
290394,1,1,23,23,23,23,23,23,23,23,23,23
290395,1,1,21,21,21,21,21,21,21,21,21,21
290396,1,1,0,0,0,0,0,0,0,0,0,0
290397,1,1,10,10,10,10,10,10,10,10,10,10
290397,2,1,0,0,0,0,0,0,0,0,0,0
290398,1,1,0,0,0,0,0,0,0,0,0,0
290398,2,1,0,0,0,0,0,0,0,0,0,0
290399,0,1,30,30,30,30,30,30,30,30,30,30
290399,1,1,0,0,0,0,0,0,0,0,0,0
290400,1,1,17,17,17,17,17,17,17,17,17,17
290400,2,1,23,0,0,4,18,0,17,18,0,18
290401,1,1,19,19,19,19,19,19,19,19,19,19
290402,1,1,0,0,0,0,0,0,0,0,0,0
290402,2,1,0,0,0,0,0,0,0,0,0,0
290403,1,1,17,17,17,17,17,17,17,17,17,17
290404,1,1,0,25,0,13,0,0,0,0,0,0
290405,1,1,0,0,0,0,0,0,0,0,0,0
290405,2,1,0,0,0,0,0,0,0,0,0,0
290406,1,1,0,0,0,0,0,0,0,0,0,0
290407,1,1,0,0,0,0,0,0,0,0,0,0
290408,1,1,0,0,0,0,0,0,0,0,0,0
290409,1,1,0,0,0,0,0,0,0,0,0,0
290409,2,1,0,0,0,0,0,0,0,0,0,0
290410,1,1,0,0,0,0,0,0,0,0,0,0
290411,1,1,0,0,0,0,0,0,0,9,0,0
290411,2,1,0,0,0,0,0,0,0,0,0,0
290411,3,1,0,0,0,0,0,0,0,0,0,0
290412,0,1,0,0,0,0,0,0,0,0,0,0
290412,1,1,0,0,0,0,0,0,0,0,0,0
290413,1,1,0,0,0,0,0,0,0,0,0,0
290414,1,1,0,0,0,0,0,0,0,0,0,0
290414,2,1,0,0,0,0,0,0,0,0,0,0
290415,1,1,0,0,0,0,0,0,0,0,0,0
290415,2,1,0,0,0,0,0,0,0,0,0,0
290416,1,1,0,0,0,0,0,0,0,0,0,0
290416,2,1,0,0,0,0,0,0,0,0,0,0
290416,3,1,0,0,0,0,0,0,0,0,0,0
290417,1,1,0,0,0,0,0,0,0,0,0,0
290417,2,1,0,0,0,0,0,0,0,0,0,0
290417,3,1,0,0,20,0,0,0,0,0,0,0
290417,4,1,0,0,0,0,0,0,0,0,0,0
290417,5,1,0,0,0,0,0,0,0,0,0,0
290418,1,1,21,21,21,21,21,21,21,21,21,21
290419,0,1,24,24,24,24,24,24,24,24,24,24
290419,1,1,0,0,0,0,0,0,0,0,0,0
290420,1,1,0,0,0,0,0,0,0,0,0,0
290421,1,1,0,0,0,0,0,0,0,0,12,0
290421,2,1,0,0,0,0,0,0,0,0,0,0
290422,1,1,0,0,0,0,0,0,0,0,0,0
290422,2,1,0,0,0,0,0,0,0,0,0,0
290422,3,1,0,0,0,0,0,0,0,0,0,0
290423,1,1,0,0,0,0,0,0,0,0,0,0
290424,0,1,0,0,0,0,0,0,0,0,0,0
290424,1,1,0,0,0,0,0,0,0,0,0,0
290425,1,1,0,0,0,0,0,0,0,0,0,0
290426,1,1,0,0,0,0,0,0,0,0,0,0
290427,1,1,0,0,0,0,0,0,0,0,0,0
290427,2,1,0,0,0,0,0,0,0,0,0,0
290428,1,1,21,21,21,21,21,21,21,21,21,21
290429,1,1,0,0,0,0,0,0,0,0,0,0
290430,0,1,0,0,0,0,0,0,0,0,0,0
290430,0,2,0,0,0,0,0,29,19,0,0,30
290430,1,1,0,0,0,0,0,0,0,0,0,0
290431,1,1,0,0,0,0,0,0,0,10,0,0
290431,2,1,0,0,0,0,0,0,0,0,0,0
290432,1,1,0,0,0,0,0,0,0,0,0,0
290432,2,1,0,0,0,0,0,0,0,0,0,0
290433,1,1,0,0,0,0,0,0,0,0,0,0
290434,1,1,0,0,0,0,0,0,0,0,0,0
290435,1,1,7,7,7,7,7,7,7,7,7,7
290436,1,1,34,9,23,13,0,12,17,35,7,32
290436,2,1,0,0,0,0,0,0,0,0,0,0
290436,3,1,0,0,0,0,0,0,0,0,0,0
290437,1,1,0,0,0,0,0,0,0,0,0,0
290438,1,1,0,0,0,0,0,0,0,0,0,0
290438,2,1,0,0,0,0,0,0,0,0,0,0
290439,1,1,0,0,0,0,0,0,0,0,0,0
290440,1,1,30,30,30,30,30,30,30,30,30,30
290441,0,1,0,0,0,0,0,0,0,0,0,0
290441,1,1,0,0,0,0,0,0,0,0,0,0
290442,1,1,26,26,26,26,26,26,26,26,26,26
290443,1,1,0,17,0,0,0,0,0,0,18,0
290444,0,1,0,0,0,0,0,0,0,0,0,0
290444,0,2,0,0,0,0,0,0,0,0,0,0
290444,1,1,0,0,0,0,0,8,0,0,0,6
290445,1,1,0,0,0,0,0,0,0,0,0,0
290445,2,1,0,0,0,0,0,0,0,0,0,0
290445,3,1,0,0,0,0,0,0,0,0,0,0
290446,1,1,0,0,0,15,0,0,0,0,0,0
290447,1,1,0,0,0,0,0,0,0,0,0,0
290447,2,1,0,0,0,0,0,0,0,0,0,0
290448,1,1,0,8,20,17,0,0,0,12,13,0
290449,1,1,0,0,0,0,0,0,0,0,0,0
290450,1,1,18,18,18,18,18,18,18,18,18,18
290451,1,1,0,0,0,0,0,0,0,0,0,0
290452,1,1,0,0,0,0,0,0,0,0,0,0
290453,1,1,0,0,0,0,0,0,0,0,0,0
290453,2,1,7,0,0,0,0,0,0,0,0,0
290454,1,1,0,0,0,0,0,0,0,0,0,0
290455,1,1,0,36,3,0,37,0,15,0,0,7
290456,1,1,18,18,18,18,18,18,18,18,18,18
290457,0,1,0,0,0,0,0,0,0,0,0,0
290457,1,1,0,0,0,0,0,0,0,0,0,0
290457,2,1,0,0,0,0,0,0,0,0,0,0
290458,1,1,21,21,21,21,21,21,21,21,21,21
290458,2,1,0,0,0,0,0,0,0,0,0,0
290459,1,1,0,0,0,0,0,0,0,0,0,0
290460,1,1,0,0,0,0,0,0,0,0,0,0
290461,1,1,17,17,17,17,17,17,17,17,17,17
290461,2,1,22,22,22,22,22,22,22,22,22,22
290462,1,1,0,0,0,0,0,0,0,0,0,0
290462,2,1,0,0,0,0,0,0,0,0,0,0
290463,1,1,0,0,0,0,0,0,0,0,0,0
290463,2,1,1,1,1,1,1,1,1,1,1,1
290464,1,1,0,0,0,0,0,0,0,0,0,0
290464,2,1,0,0,0,0,0,0,0,0,0,0
290464,3,1,0,0,0,0,0,0,0,0,0,0
290465,1,1,0,0,0,0,0,0,0,0,0,0
290466,1,1,0,0,0,0,0,0,0,0,0,0
290467,1,1,0,0,0,0,0,0,0,0,0,0
290468,1,1,4,4,4,4,4,4,4,4,4,4
290469,1,1,0,0,0,0,0,0,0,0,0,0
290469,2,1,18,18,18,18,18,18,18,18,18,18
290470,1,1,0,0,0,0,0,0,0,0,0,0
290471,1,1,0,0,0,0,0,0,0,0,0,0
290472,1,1,0,0,0,0,0,0,0,0,0,0
290472,2,1,0,0,0,0,0,0,0,0,0,30
290473,1,1,20,20,20,20,20,20,20,20,20,20
290474,1,1,0,0,0,0,0,0,0,0,0,0
290474,2,1,0,0,0,0,0,0,0,0,0,0
290475,1,1,0,0,0,0,0,0,0,0,0,0
290475,2,1,0,0,0,0,0,0,0,0,0,0
290476,1,1,0,0,0,0,0,0,0,0,0,0
290476,2,1,0,0,0,0,0,0,0,0,0,0
290477,1,1,0,0,0,0,0,0,0,0,0,0
290477,2,1,0,0,0,0,0,0,0,0,0,0
290478,1,1,0,0,11,21,0,0,0,9,4,0
290478,2,1,0,0,15,0,0,0,3,0,0,0
290479,1,1,0,0,0,0,0,0,0,0,0,0
290480,1,1,0,0,0,0,0,0,0,0,0,0
290481,1,1,0,0,0,0,0,0,0,0,0,0
290482,1,1,0,0,0,0,0,0,0,0,0,0
290483,0,1,0,0,0,0,0,0,0,0,0,0
290483,1,1,0,0,0,0,0,0,0,0,0,14
290484,1,1,0,0,0,0,0,0,0,0,0,0
290484,2,1,0,0,0,0,0,0,0,0,0,0
290485,1,1,0,0,0,0,0,0,0,0,0,0
290485,2,1,0,0,0,0,0,0,0,0,0,0
290486,1,1,28,28,28,28,28,28,28,28,28,28
290487,1,1,0,0,0,0,0,0,0,0,0,24
290488,1,1,4,4,4,4,4,4,4,4,4,4
290489,0,1,19,0,32,0,24,0,0,22,0,0
290489,1,1,0,0,0,0,0,0,0,0,0,0
290490,1,1,0,0,0,0,0,0,0,0,0,0
290491,1,1,0,0,0,0,0,0,0,9,0,10
290492,1,1,29,29,29,29,29,29,29,29,29,29
290492,2,1,0,0,0,0,0,0,0,0,0,0
290493,1,1,0,0,0,0,0,0,0,0,0,0
290494,0,1,0,0,0,0,0,0,0,0,0,0
290494,1,1,16,12,24,0,7,16,19,8,13,12
290495,1,1,0,0,0,0,0,0,0,0,0,0
290496,1,1,0,0,0,0,0,0,0,0,0,0
290496,2,1,0,0,0,0,0,0,0,0,0,0
290497,1,1,14,14,14,14,14,14,14,14,14,14
290498,1,1,19,19,19,19,19,19,19,19,19,19
290499,1,1,0,0,0,0,0,0,0,0,0,0
290499,2,1,0,0,0,0,0,0,0,0,0,0
290500,1,1,0,0,0,0,0,0,0,0,0,0
290501,1,1,0,0,0,0,0,0,0,0,0,0
290502,1,1,0,0,0,0,0,0,0,0,0,0
290502,2,1,0,0,0,0,0,0,0,0,0,0
290502,3,1,0,0,0,0,0,0,0,0,0,0
290503,1,1,0,0,0,0,0,0,0,0,0,0
290503,2,1,0,0,0,0,0,0,0,0,0,0
290504,0,1,13,13,13,13,13,13,13,13,13,13
290504,1,1,25,25,25,25,25,25,25,25,25,25
290505,1,1,23,23,23,23,23,23,23,23,23,23
290505,2,1,0,0,0,0,0,0,0,0,0,0
290506,1,1,0,0,0,24,0,0,0,0,0,0
290507,1,1,0,0,0,0,0,0,0,0,0,0
290508,1,1,0,0,0,0,0,0,0,0,0,0
290508,2,1,0,0,0,0,0,0,0,0,0,0
290509,1,1,0,0,10,30,8,0,0,0,0,0
290510,1,1,0,0,0,0,0,0,0,0,0,0
290511,1,1,20,20,20,20,20,20,20,20,20,20
290512,1,1,22,22,22,22,22,22,22,22,22,22
290513,1,1,24,24,24,24,24,24,24,24,24,24
290514,1,1,0,0,0,0,0,0,0,0,0,0
290515,1,1,0,0,0,0,0,0,0,0,0,0
290515,2,1,0,0,0,0,0,0,0,0,0,0
290515,3,1,0,0,0,8,0,5,0,5,0,0
290516,0,1,0,0,0,0,0,0,0,0,0,0
290516,1,1,0,0,0,0,0,0,0,0,0,0
290517,1,1,0,0,0,0,0,0,0,0,0,0
290519,1,1,0,0,0,0,0,0,0,0,0,0
290520,0,1,33,33,33,33,33,33,33,33,33,33
290520,1,1,23,23,23,23,23,23,23,23,23,23
290521,1,1,22,21,7,24,17,22,8,7,14,6
290521,2,1,0,0,0,0,0,0,0,0,0,0
290522,1,1,0,0,0,0,0,0,0,0,0,0
290522,2,1,0,0,0,0,0,0,0,0,0,0
290523,1,1,0,0,0,0,0,0,0,0,0,0
290523,2,1,0,0,0,0,0,0,0,0,0,0
290524,1,1,0,0,0,0,0,0,0,0,0,0
290525,1,1,0,0,0,0,0,0,0,0,0,0
290525,2,1,0,0,0,0,0,0,0,0,0,0
290526,1,1,0,0,0,0,0,0,0,0,0,0
290526,2,1,0,0,0,0,0,0,0,0,0,0
290527,1,1,22,22,22,22,22,22,22,22,22,22
290528,1,1,0,0,0,0,15,0,0,0,0,0
290530,1,1,23,23,23,23,23,23,23,23,23,23
290531,1,1,0,0,0,0,0,0,0,0,0,0
290531,2,1,0,0,0,0,0,0,0,0,0,0
290531,3,1,0,0,0,0,0,0,22,11,0,0
290532,1,1,0,0,0,0,0,0,0,0,0,0
290533,1,1,0,0,0,0,0,0,0,0,0,24
290533,2,1,0,0,0,0,0,0,0,0,0,0
290534,1,1,49,0,10,22,0,0,13,0,0,0
290534,2,1,0,0,0,0,0,0,0,0,0,0
290535,0,1,0,0,0,0,0,0,0,0,0,0
290535,1,1,0,0,0,0,0,0,0,0,0,0
290536,1,1,0,0,0,0,0,0,0,0,0,0
290537,1,1,0,0,0,0,0,0,0,0,0,0
290538,1,1,0,0,0,0,0,0,0,0,0,0
290538,2,1,0,0,0,0,0,0,0,0,0,0
290539,1,1,0,0,0,0,0,0,0,0,0,0
290540,1,1,0,0,0,0,0,0,0,0,0,0
290540,2,1,0,0,0,0,0,0,0,0,0,0
290540,3,1,0,0,0,0,0,0,0,0,0,0
290541,0,1,11,11,11,11,11,11,11,11,11,11
290541,1,1,0,16,0,15,0,26,0,0,0,0
290542,0,1,22,3,4,17,36,6,0,0,38,0
290542,1,1,0,0,0,14,0,0,0,0,13,0
290543,0,1,0,0,0,0,0,0,0,0,0,0
290543,2,1,0,0,0,0,0,0,0,0,0,0
290543,3,1,0,0,0,0,0,0,0,0,0,0
290544,1,1,23,23,23,23,23,23,23,23,23,23
290545,1,1,0,0,0,0,0,0,0,0,0,0
290546,1,1,0,0,0,0,0,0,0,0,0,0
290547,1,1,0,0,0,0,0,0,0,0,0,0
290548,1,1,0,0,0,0,0,0,0,0,0,0
290549,1,1,12,12,12,12,12,12,12,12,12,12
290549,2,1,0,0,0,0,15,0,0,0,0,0
290550,1,1,0,0,0,0,0,0,0,0,0,0
290550,2,1,0,0,0,0,0,0,0,0,0,0
290551,1,1,21,28,24,23,16,8,20,13,12,12
290552,1,1,18,18,18,18,18,18,18,18,18,18
290552,2,1,0,0,16,0,0,0,0,0,0,0
290552,3,1,0,0,0,0,0,0,0,0,0,0
290553,1,1,0,0,0,0,0,0,0,0,0,0
290554,1,1,0,0,0,0,0,0,0,0,0,0
290554,2,1,0,0,0,0,0,0,0,0,0,0
290554,3,1,0,0,0,0,0,0,0,0,0,0
290554,4,1,0,0,0,0,0,0,0,0,0,0
290555,0,1,15,15,15,15,15,15,15,15,15,15
290555,1,1,0,0,0,0,0,0,0,0,0,0
290556,1,1,20,0,0,0,0,0,0,0,0,0
290557,1,1,37,0,18,0,0,10,8,25,4,34
290557,2,1,0,0,0,0,0,0,0,0,0,0
290558,1,1,0,17,19,17,19,11,18,4,7,21
290558,2,1,0,0,0,0,0,13,0,0,0,0
290559,1,1,10,10,10,10,10,10,10,10,10,10
290560,1,1,0,0,0,0,0,0,0,0,0,0
290560,2,1,0,0,0,0,0,0,0,0,0,0
290561,1,1,0,0,20,0,0,0,0,16,0,0
290562,1,1,0,0,0,0,0,0,0,0,0,0
290563,1,1,0,0,0,0,0,0,0,0,0,0
290563,2,1,0,0,0,0,0,0,0,0,0,0
290564,1,1,16,16,16,16,16,16,16,16,16,16
290564,2,1,0,0,0,0,0,0,0,0,0,0
290565,1,1,0,0,0,0,0,0,0,0,0,0
290565,2,1,0,0,0,0,0,0,0,0,0,0
290566,1,1,0,0,0,0,0,0,0,0,0,0
290567,1,1,7,18,9,16,33,34,25,16,32,18
290568,1,1,0,0,0,0,0,0,0,0,0,0
290568,2,1,0,0,0,0,0,0,0,0,0,0
290568,3,1,0,0,11,0,0,12,0,0,0,0
290569,1,1,0,0,0,0,0,0,0,0,0,0
290569,2,1,0,0,0,0,0,0,0,0,0,0
290570,1,1,0,0,0,0,16,0,0,0,0,0
290571,1,1,28,28,28,28,28,28,28,28,28,28
290572,1,1,0,0,14,0,8,14,0,12,0,6
290572,2,1,0,0,0,0,0,0,0,0,0,0
290573,1,1,0,0,0,0,0,0,0,0,0,0
290573,2,1,0,0,0,0,0,0,0,0,0,0
290574,1,1,0,0,0,0,0,0,0,0,0,0
290575,1,1,0,8,24,0,0,0,6,33,0,17
290576,1,1,0,0,34,0,0,0,0,0,0,0
290577,0,1,0,0,0,0,0,0,0,0,0,0
290577,1,1,0,0,0,0,0,0,0,0,0,0
290578,1,1,0,0,0,0,0,0,0,0,0,0
290578,2,1,0,0,0,0,0,0,0,0,0,0
290579,1,1,0,0,0,0,0,0,0,0,0,0
290579,2,1,0,0,0,0,0,0,0,0,0,0
290580,1,1,0,0,21,0,0,0,0,0,0,0
290580,2,1,0,0,0,0,0,0,0,0,0,0
290580,3,1,0,0,0,0,0,0,0,0,0,0
290581,1,1,0,0,0,0,0,0,0,0,0,0
290582,1,1,0,0,0,0,0,0,0,0,0,0
290582,2,1,0,0,0,0,0,0,0,0,0,0
290583,1,1,0,0,0,0,0,0,0,0,0,0
290583,2,1,0,0,0,0,0,0,0,0,0,0
290584,0,1,23,23,23,23,23,23,23,23,23,23
290584,1,1,0,0,0,0,0,0,0,0,0,0
290585,1,1,8,0,0,41,0,0,0,0,0,3
290585,2,1,16,16,16,16,16,16,16,16,16,16
290586,0,1,4,4,4,4,4,4,4,4,4,4
290586,1,1,21,0,18,19,0,0,18,0,0,0
290587,1,1,5,5,5,5,5,5,5,5,5,5
290588,1,1,0,0,0,0,0,0,0,0,0,0
290588,2,1,0,0,0,0,0,0,0,0,0,0
290589,1,1,0,0,0,0,0,0,0,0,0,0
290590,1,1,0,0,0,0,0,0,0,0,0,0
290591,1,1,0,0,0,0,0,0,0,0,0,0
290591,2,1,0,0,0,0,0,5,0,0,0,0
290592,1,1,0,0,0,0,0,0,0,0,0,0
290592,2,1,0,0,0,0,0,0,0,0,0,0
290593,1,1,27,27,27,27,27,27,27,27,27,27
290593,2,1,0,0,0,0,0,0,0,0,0,0
290594,0,1,22,22,22,22,22,22,22,22,22,22
290594,1,1,0,0,0,0,0,0,0,0,0,0
290595,1,1,24,24,24,24,24,24,24,24,24,24
290596,1,1,13,13,13,13,13,13,13,13,13,13
290597,0,1,0,0,0,0,0,0,0,0,0,0
290597,1,1,33,0,0,0,0,0,0,0,0,0
290598,1,1,0,0,0,0,0,0,0,0,0,0
290598,2,1,0,0,0,0,0,0,0,0,0,0
290599,1,1,0,0,0,0,0,0,0,0,0,0
290599,2,1,0,0,0,0,0,0,0,0,0,0
290599,3,1,0,0,0,0,0,0,0,0,0,0
290599,4,1,0,0,0,0,0,0,0,0,0,0
290599,5,1,0,0,0,0,0,0,0,0,0,0
290600,1,1,20,20,20,20,20,20,20,20,20,20
290600,2,1,3,3,3,3,3,3,3,3,3,3
290600,3,1,0,0,0,0,0,0,0,0,0,0
290601,1,1,14,14,14,14,14,14,14,14,14,14
290602,0,1,0,0,34,0,6,0,0,0,0,0
290602,0,2,0,0,0,0,0,0,0,0,0,0
290602,1,1,0,0,0,0,0,0,0,0,0,0
290603,1,1,18,18,18,18,18,18,18,18,18,18
290604,1,1,0,0,0,0,0,0,0,0,0,0
290605,1,1,0,0,0,0,0,0,0,0,0,0
290605,2,1,0,0,15,0,0,15,0,0,0,0
290606,1,1,0,0,0,0,0,0,0,0,0,0
290607,1,1,0,0,0,12,26,0,21,0,0,0
290607,2,1,0,0,0,0,0,0,0,0,0,0
290608,0,1,0,0,0,0,0,0,0,0,0,0
290608,1,1,0,0,0,0,0,0,0,0,0,0
290609,1,1,0,0,0,0,0,0,0,0,0,0
290609,2,1,0,20,6,0,0,0,0,9,0,12
290610,1,1,0,0,0,0,0,0,0,0,0,0
290610,2,1,0,0,0,0,0,0,0,0,0,0
290611,1,1,0,0,0,0,0,0,0,0,0,0
290611,2,1,0,0,0,0,0,0,0,0,0,0
290612,1,1,0,0,0,0,0,0,0,0,0,0
290612,2,1,0,0,0,0,0,0,0,0,0,0
290613,1,1,0,0,21,14,35,20,0,9,0,0
290614,1,1,16,20,0,20,0,0,4,0,10,13
290614,2,1,0,0,0,0,0,0,0,0,0,0
290615,1,1,0,0,0,0,0,0,0,0,0,0
290615,2,1,0,0,0,0,0,0,0,0,0,0
290616,1,1,0,0,0,0,0,0,0,0,0,0
290616,2,1,1,1,1,1,1,1,1,1,1,1
290617,0,1,0,0,0,0,0,0,0,0,0,0
290617,1,1,0,0,0,0,0,0,0,0,0,0
290618,1,1,19,19,19,19,19,19,19,19,19,19
290619,0,1,0,0,0,0,0,0,0,0,0,0
290619,1,1,0,0,0,0,0,0,0,0,0,0
290620,1,1,21,16,11,28,21,12,15,4,12,23
290621,1,1,27,27,27,27,27,27,27,27,27,27
290622,1,1,37,37,37,37,37,37,37,37,37,37
290623,1,1,21,21,21,21,21,21,21,21,21,21
290624,0,1,0,0,0,0,0,0,0,0,0,0
290624,0,2,13,0,0,0,0,0,0,0,0,0
290624,1,1,0,0,0,0,0,0,0,0,0,0
290625,1,1,0,0,0,0,0,0,0,0,0,0
290625,2,1,0,0,0,0,0,0,0,0,0,0
290626,1,1,0,0,0,0,0,0,0,0,0,0
290627,1,1,0,0,0,0,0,0,0,0,0,0
290628,1,1,0,0,0,0,0,0,0,0,0,0
290629,1,1,0,0,0,0,0,0,0,0,0,0
290630,1,1,16,16,16,16,16,16,16,16,16,16
290632,1,1,11,0,0,0,0,0,0,0,0,0
290632,2,1,0,0,0,0,0,0,0,0,0,0
290632,3,1,0,0,0,0,0,0,0,0,0,0
290633,1,1,0,0,0,0,0,0,0,0,0,0
290633,2,1,0,0,0,0,0,0,0,0,0,0
290634,1,1,0,0,0,0,0,0,0,0,0,0
290634,2,1,12,12,12,12,12,12,12,12,12,12
290634,3,1,0,0,0,0,0,0,0,0,0,0
290635,1,1,0,0,0,0,0,0,0,0,0,0
290636,1,1,0,0,0,0,0,0,0,0,0,0
290636,2,1,0,0,0,0,7,0,0,0,0,0
290636,3,1,0,0,0,0,0,0,0,0,0,0
290636,4,1,0,1,4,0,0,0,0,0,16,0
290637,0,1,0,0,0,0,0,0,0,0,0,0
290637,1,1,0,0,0,0,0,0,0,0,0,0
290638,1,1,0,0,0,0,0,0,0,0,0,0
290639,0,1,0,0,0,0,0,0,0,0,0,0
290639,0,2,0,0,0,0,0,0,0,0,0,0
290639,1,1,0,0,0,0,0,0,0,0,0,0
290640,1,1,0,0,0,0,9,0,0,0,0,0
290640,2,1,0,0,0,0,0,0,0,0,0,0
290641,1,1,0,5,0,12,0,7,0,28,0,22
290642,1,1,0,0,0,0,0,0,0,0,0,0
290642,2,1,0,0,0,0,0,0,0,0,0,0
290643,1,1,0,0,0,0,0,0,0,0,0,0
290644,1,1,0,0,0,0,0,0,0,0,0,0
290644,2,1,0,0,0,0,0,0,0,0,0,0
290645,1,1,0,0,14,24,22,0,11,0,16,20
290646,1,1,18,0,0,14,21,0,0,11,34,4
290647,1,1,0,0,0,0,0,0,0,0,0,0
290648,1,1,0,0,0,0,0,0,0,0,0,0
290648,2,1,14,14,14,14,14,14,14,14,14,14
290649,1,1,0,9,11,15,14,23,0,12,8,10
290649,2,1,0,0,17,0,0,0,0,0,0,19
290650,1,1,5,5,5,5,5,5,5,5,5,5
290650,2,1,19,19,19,19,19,19,19,19,19,19
290651,1,1,15,15,15,15,15,15,15,15,15,15
290652,1,1,0,0,0,0,0,0,0,0,0,0
290652,2,1,0,0,0,0,0,0,0,0,0,0
290653,1,1,0,0,0,0,0,0,0,0,0,0
290653,2,1,0,0,0,0,10,0,0,0,0,0
290654,1,1,0,0,0,0,0,0,0,0,0,0
290654,2,1,0,0,0,0,0,0,0,0,0,0
290655,1,1,0,0,0,0,0,0,0,0,0,0
290656,1,1,2,2,2,2,2,2,2,2,2,2
290657,1,1,15,23,27,15,23,8,22,25,24,20
290658,0,1,3,3,3,3,3,3,3,3,3,3
290658,1,1,0,0,0,0,0,0,0,0,0,0
290659,1,1,0,0,0,0,0,0,0,0,0,0
290660,1,1,0,0,0,0,0,0,0,0,0,0
290660,2,1,0,15,0,0,0,0,0,0,0,0
290661,0,1,14,14,14,14,14,14,14,14,14,14
290661,1,1,11,0,0,15,0,0,0,0,0,6
290662,1,1,0,0,0,0,0,0,0,0,0,0
290664,1,1,0,0,0,0,0,0,0,0,0,0
290664,2,1,0,0,0,0,0,0,0,0,0,0
290664,3,1,0,0,0,0,0,0,0,0,0,0
290665,1,1,10,20,13,0,0,0,36,24,0,10
290666,1,1,0,0,0,0,0,0,5,0,0,0
290666,2,1,0,0,0,0,0,0,0,0,0,0
290667,1,1,0,0,0,0,0,0,0,0,0,0
290667,2,1,0,0,0,0,0,0,0,0,0,0
290668,1,1,0,0,0,0,0,0,0,0,0,0
290669,1,1,0,0,0,0,0,0,0,0,0,0
290669,2,1,0,3,0,0,16,7,24,0,0,0
290670,0,1,24,24,24,24,24,24,24,24,24,24