ST_CASE,VEH_NO,PER_NO,P1,P2,P3,P4,P5,P6,P7,P8,P9,P10
350241,1,1,0,0,0,0,0,0,0,0,0,0
350241,2,1,0,0,0,0,0,0,0,0,0,0
350241,3,1,0,0,0,0,0,21,0,0,0,0
350241,4,1,0,0,0,0,0,0,0,0,0,0
350241,5,1,0,0,0,0,0,0,0,0,0,0
350242,0,1,0,16,0,26,0,18,11,9,29,14
350242,1,1,0,0,0,0,0,0,0,0,0,0
350243,1,1,0,0,0,0,0,0,0,0,0,0
350243,2,1,0,0,0,0,0,0,0,0,0,0
350244,1,1,0,0,0,0,0,0,0,0,0,0
350244,2,1,0,0,0,0,0,0,0,0,0,0
350245,1,1,0,0,0,0,0,0,0,0,0,0
350246,1,1,0,0,0,0,0,0,0,0,0,0
350246,2,1,0,0,0,0,0,0,0,0,0,0
350247,1,1,16,16,16,16,16,16,16,16,16,16
350248,1,1,0,0,0,0,0,0,0,0,0,0
350249,1,1,0,0,0,15,0,11,0,0,0,4
350249,2,1,0,0,0,0,0,0,0,0,0,0
350249,3,1,0,0,0,0,0,0,0,0,38,0
350249,4,1,0,0,0,0,0,0,0,14,8,0
350249,5,1,0,0,7,0,0,0,0,0,0,0
350250,0,1,31,31,31,31,31,31,31,31,31,31
350250,1,1,25,10,0,21,0,0,0,0,0,0
350251,1,1,16,16,16,16,16,16,16,16,16,16
350252,1,1,14,0,0,0,0,0,0,0,0,21
350252,2,1,0,0,0,0,0,12,0,0,0,0
350253,0,1,0,0,0,0,0,0,0,0,0,0
350253,1,1,0,0,0,12,0,0,0,0,14,0
350253,2,1,0,0,0,0,0,12,0,0,0,0
350254,1,1,0,0,0,0,0,0,0,0,0,0
350254,2,1,0,0,0,0,0,0,0,0,0,0
350255,1,1,11,0,0,0,0,0,0,26,0,0
350255,2,1,0,12,0,5,0,0,0,0,0,0
350255,3,1,8,18,0,0,0,0,0,17,0,27
350256,1,1,0,0,9,0,0,0,16,0,0,0
350257,1,1,0,0,0,0,0,0,0,0,0,0
350257,2,1,0,0,0,0,0,0,0,0,0,0
350257,3,1,0,0,0,0,0,0,0,0,0,0
350257,4,1,0,0,0,0,0,0,0,0,0,0
350258,1,1,21,10,18,19,0,16,7,0,0,0
350259,1,1,0,0,0,0,0,0,0,0,0,0
350260,1,1,0,0,0,0,0,0,0,0,0,0
350261,1,1,0,0,0,0,0,0,0,0,0,0
350262,1,1,2,9,23,12,16,0,10,23,27,5
350263,0,1,19,19,19,19,19,19,19,19,19,19
350263,1,1,0,7,0,0,0,0,0,0,16,0
350264,1,1,33,33,33,33,33,33,33,33,33,33
350265,1,1,0,0,0,0,0,0,0,0,0,0
350265,2,1,0,0,0,0,0,0,0,0,0,0
350265,3,1,0,0,0,0,0,0,0,0,0,0
350266,0,1,0,0,0,0,0,0,0,0,0,0
350266,1,1,24,28,0,0,13,7,2,0,0,29
350267,0,1,0,12,0,0,0,0,0,0,0,0
350267,1,1,0,0,0,0,0,0,0,0,0,0
350268,0,1,24,24,24,24,24,24,24,24,24,24
350268,1,1,0,0,0,0,0,0,0,0,0,0
350269,0,1,0,0,0,0,0,0,0,0,0,0
350269,1,1,15,0,0,0,0,0,25,0,0,0
350270,0,1,0,0,0,0,0,0,0,0,0,0
350270,1,1,0,0,0,0,0,0,0,0,0,0
350271,1,1,0,0,0,0,0,0,0,0,0,0
350272,1,1,0,0,0,0,0,0,0,0,0,0
350272,2,1,0,0,0,0,0,0,0,0,0,0
350273,0,1,0,0,0,0,0,0,0,0,0,0
350273,1,1,0,0,0,0,5,0,0,0,0,0
350274,0,1,0,0,0,0,0,0,0,0,0,0
350274,1,1,0,0,0,0,0,0,0,0,0,0
350274,2,1,0,0,0,0,0,0,0,0,0,0
350275,1,1,12,12,12,12,12,12,12,12,12,12
350276,0,1,0,0,0,0,0,0,0,0,0,0
350276,1,1,0,0,0,0,0,0,0,0,0,0
350277,1,1,25,5,15,28,5,27,21,9,16,18
350278,1,1,13,13,13,13,13,13,13,13,13,13
350279,1,1,0,0,0,0,0,0,0,0,0,0
350279,2,1,0,0,0,0,0,0,0,0,0,0
350279,3,1,0,0,0,0,12,0,0,0,0,0
350279,4,1,0,0,0,0,0,0,0,0,0,0
350280,1,1,0,0,0,0,0,0,0,0,0,0
350280,2,1,1,1,1,1,1,1,1,1,1,1
350281,1,1,0,0,0,0,0,0,0,0,0,0
350281,2,1,0,0,0,0,0,0,0,0,0,0
350282,1,1,0,0,0,0,0,0,0,0,0,0
350282,2,1,0,0,0,0,0,0,0,0,0,0
350283,1,1,0,0,0,0,0,0,0,0,0,0
350283,2,1,0,12,0,0,0,0,5,0,0,0
350284,1,1,19,19,19,19,19,19,19,19,19,19
350285,1,1,0,0,0,0,0,0,0,0,0,0
350285,2,1,0,0,0,0,0,0,0,0,0,0
350285,3,1,0,0,0,0,0,17,0,11,9,7
350286,1,1,0,0,0,0,0,0,0,0,0,0
350287,1,1,0,0,0,0,0,0,0,0,0,0
350288,1,1,0,0,0,0,0,0,0,0,0,0
350288,2,1,0,0,18,0,0,0,0,0,0,0
350289,1,1,1,1,1,1,1,1,1,1,1,1
350290,0,1,16,16,16,16,16,16,16,16,16,16
350290,1,1,0,0,0,9,0,0,0,0,0,19
350291,0,1,6,6,6,6,6,6,6,6,6,6
350291,1,1,0,0,0,0,0,0,0,0,0,0
350292,0,1,1,1,1,1,1,1,1,1,1,1
350292,1,1,0,0,14,0,3,13,13,18,41,0
350292,2,1,0,0,0,0,0,0,0,0,0,0
350293,1,1,0,0,0,0,0,0,0,0,0,0
350293,2,1,0,0,0,0,0,0,0,0,0,0
350294,1,1,5,5,5,5,5,5,5,5,5,5
350294,2,1,0,0,15,0,0,0,0,0,0,0
350294,3,1,0,0,0,0,0,0,0,0,0,0
350295,0,1,0,0,0,0,0,0,0,0,0,0
350295,1,1,0,0,0,0,0,0,0,0,0,0
350296,1,1,27,0,0,0,0,0,23,0,15,0
350297,0,1,0,0,0,0,0,0,0,0,0,0
350297,1,1,0,0,16,0,0,10,23,14,24,0
350298,0,1,0,13,0,15,0,0,20,0,32,0
350298,1,1,0,0,0,0,0,21,0,0,32,0
350299,0,1,20,20,20,20,20,20,20,20,20,20
350299,1,1,0,16,19,18,0,12,24,0,0,0
350300,1,1,23,23,23,23,23,23,23,23,23,23
350301,1,1,24,24,24,24,24,24,24,24,24,24
350301,2,1,0,0,0,0,0,0,0,0,0,0
350302,1,1,18,18,18,18,18,18,18,18,18,18
350303,1,1,0,0,17,0,0,0,23,0,0,11
350303,2,1,0,0,0,0,0,0,0,0,0,0
350304,1,1,6,6,6,6,6,6,6,6,6,6
350305,1,1,0,0,0,0,0,0,0,0,0,15
350306,1,1,0,0,0,0,0,0,0,0,0,0
350307,1,1,14,14,14,14,14,14,14,14,14,14
350308,0,1,18,0,34,0,21,14,0,10,0,0
350308,1,1,0,0,0,0,0,0,0,0,0,0
350309,1,1,24,37,16,15,19,12,14,19,20,8
350309,2,1,0,0,0,0,0,0,0,0,0,0
350310,1,1,0,0,0,0,0,0,0,0,0,0
350311,0,1,22,22,22,22,22,22,22,22,22,22
350311,1,1,0,0,0,0,10,0,0,0,0,0
350312,1,1,0,0,0,0,18,6,16,21,15,29
350313,1,1,22,0,0,0,12,33,0,0,0,0
350314,1,1,0,0,0,0,0,0,0,0,0,0
350314,2,1,0,0,0,0,0,0,0,0,0,0
350315,0,1,0,31,27,13,0,25,33,17,43,33
350315,1,1,0,10,15,24,11,20,7,0,0,41
350316,1,1,0,0,0,0,0,0,0,0,0,0
350316,2,1,0,0,0,21,0,0,0,0,0,0
350317,0,1,19,19,19,19,19,19,19,19,19,19
350317,1,1,0,0,0,0,0,0,0,0,0,0
350318,1,1,0,0,0,0,0,0,0,0,0,0
350319,1,1,0,0,0,0,0,0,0,0,0,0
350320,1,1,15,17,0,0,0,0,0,0,0,0
350320,2,1,0,0,0,0,0,0,0,0,0,0
350321,1,1,26,8,13,11,10,29,0,7,15,15
350321,2,1,0,0,0,0,0,0,0,0,0,0
350321,3,1,0,0,7,0,0,0,0,4,0,0
350322,0,1,0,0,0,0,0,0,0,0,0,0
350322,1,1,0,0,0,0,0,0,0,0,0,0
350322,2,1,0,0,0,0,0,0,0,0,0,0
350323,0,1,29,29,29,29,29,29,29,29,29,29
350323,1,1,0,0,0,0,0,0,0,0,0,0
350324,1,1,8,11,20,17,4,14,12,10,14,10
350324,2,1,0,0,0,0,0,0,0,0,27,0
350325,1,1,0,0,0,0,0,0,0,0,0,0
350325,2,1,0,0,0,0,0,0,0,0,0,0
350325,3,1,0,0,0,0,0,0,0,0,0,0
350325,4,1,0,0,0,0,0,0,0,0,0,6
350325,5,1,0,0,0,0,0,0,0,0,0,0
350325,6,1,0,0,0,0,0,0,0,0,0,0
350326,1,1,0,0,0,0,0,0,0,0,0,0
350326,2,1,0,0,0,0,0,0,0,0,0,0
350326,3,1,0,0,0,0,0,0,0,7,0,0
350327,1,1,0,0,0,0,0,0,0,0,0,0
350327,2,1,10,10,10,10,10,10,10,10,10,10
350328,1,1,0,0,0,11,11,0,0,0,4,0
350328,2,1,0,0,0,0,0,0,0,0,10,0
350329,1,1,25,8,40,19,28,10,15,26,10,12
350330,1,1,0,0,0,0,0,0,0,0,0,0
350331,1,1,0,0,0,23,14,0,8,0,0,0
350332,1,1,0,0,0,0,0,0,0,0,0,0
350333,1,1,24,24,24,24,24,24,24,24,24,24
350334,1,1,0,0,0,0,0,0,13,0,0,0
350335,1,1,27,27,27,27,27,27,27,27,27,27
350335,2,1,0,14,0,0,0,0,0,0,0,0
350336,1,1,0,0,0,0,0,0,0,0,0,0
350336,2,1,0,0,0,0,0,0,0,0,0,0
350337,1,1,7,0,14,0,0,19,0,12,20,0
350337,2,1,18,18,18,18,18,18,18,18,18,18
350338,1,1,8,0,8,17,16,10,22,24,14,17
350338,2,1,0,0,0,0,0,0,0,0,0,0
350338,3,1,0,0,0,0,0,0,22,0,0,22
350339,1,1,0,0,0,0,0,0,0,0,0,0
350339,2,1,0,8,0,0,0,0,0,0,0,0
350340,1,1,0,0,0,0,0,0,0,0,0,0
350340,2,1,0,0,0,0,0,0,0,26,0,0
350341,0,1,22,22,22,22,22,22,22,22,22,22
350341,1,1,14,0,0,0,0,9,0,0,0,0
350342,1,1,0,0,12,0,0,0,8,12,18,0
350344,1,1,0,0,0,0,0,0,0,0,0,0
350344,2,1,0,0,0,0,0,0,0,0,0,0
350345,0,1,36,36,36,36,36,36,36,36,36,36
350345,1,1,0,0,0,0,0,0,0,0,0,0
350346,1,1,5,40,4,22,19,16,10,16,30,10
350347,1,1,0,0,10,18,0,0,0,16,13,0
350348,0,1,11,11,11,11,11,11,11,11,11,11
350348,1,1,0,0,0,0,0,9,0,0,0,0
350349,1,1,0,0,0,0,0,0,0,0,0,0
350350,0,1,0,0,8,40,0,0,0,0,0,0
350350,1,1,0,0,0,0,0,0,0,0,0,0
350351,1,1,0,12,0,0,0,0,19,30,0,7
350351,2,1,0,0,0,0,0,0,0,0,0,0
350352,0,1,0,0,0,0,0,0,0,0,0,0
350352,1,1,0,0,0,0,0,0,18,0,0,0
350353,0,1,14,0,0,29,0,0,59,0,0,0
350353,1,1,0,0,0,0,0,0,0,0,0,0
350354,1,1,0,0,0,0,0,0,0,0,0,0
360001,1,1,11,11,11,11,11,11,11,11,11,11
360002,1,1,14,14,14,14,14,14,14,14,14,14
360003,1,1,0,0,0,0,0,25,0,0,0,0
360003,2,1,0,0,0,0,0,0,0,0,0,23
360004,1,1,0,0,0,0,0,0,0,0,0,0
360004,2,1,0,0,0,0,0,0,0,0,0,0
360005,0,1,27,0,0,0,15,0,0,5,0,0
360005,1,1,0,0,11,0,19,8,0,17,0,0
360006,0,1,0,0,0,0,0,0,0,0,0,0
360006,1,1,0,0,0,14,51,0,0,0,0,0
360007,0,1,0,0,0,0,0,0,0,0,0,0
360007,1,1,0,0,6,0,0,0,0,0,0,0
360008,1,1,30,30,30,30,30,30,30,30,30,30
360009,1,1,0,0,0,0,0,0,0,0,0,0
360010,1,1,0,35,0,19,32,0,0,34,26,0
360011,1,1,12,12,12,12,12,12,12,12,12,12
360011,2,1,0,0,22,0,0,0,9,18,0,0
360012,0,1,1,1,1,1,1,1,1,1,1,1
360012,1,1,0,0,0,0,0,0,0,0,0,0
360013,1,1,0,0,0,0,0,0,0,0,0,0
360013,2,1,0,0,0,0,0,0,0,0,0,7
360014,1,1,0,0,11,0,0,0,6,0,12,0
360014,2,1,0,0,0,0,0,0,0,0,6,0
360015,1,1,10,0,28,35,33,39,0,0,0,20
360016,1,1,0,19,6,18,10,0,25,0,0,0
360016,2,1,9,12,15,22,0,11,0,0,0,16
360016,3,1,0,5,0,0,0,0,23,0,0,0
360017,0,1,0,0,0,0,0,0,0,0,0,0
360017,1,1,0,0,0,0,0,0,0,0,0,0
360018,1,1,2,2,2,2,2,2,2,2,2,2
360019,0,1,21,21,21,21,21,21,21,21,21,21
360019,1,1,0,0,0,0,0,0,0,0,0,0
360020,0,1,0,15,0,9,0,0,14,0,5,0
360020,1,1,16,0,0,6,0,0,0,0,0,0
360021,1,1,0,0,0,0,13,0,0,0,0,28
360021,2,1,0,0,0,0,0,0,0,0,0,0
360022,0,1,5,5,5,5,5,5,5,5,5,5
360022,1,1,0,0,12,0,0,0,0,0,0,0
360023,1,1,21,21,21,21,21,21,21,21,21,21
360024,0,1,0,0,0,0,0,0,0,0,0,0
360024,1,1,0,0,13,0,0,14,0,0,0,0
360025,0,1,0,0,0,0,0,0,0,0,0,0
360025,1,1,10,0,0,0,0,0,0,0,0,0
360026,1,1,0,21,21,0,4,14,14,11,0,29
360027,1,1,0,0,0,0,0,27,0,0,0,0
360028,1,1,19,19,19,19,19,19,19,19,19,19
360029,1,1,0,0,0,0,0,0,0,0,0,0
360029,2,1,0,0,0,0,0,0,0,0,0,0
360030,0,1,0,0,8,22,16,0,0,0,0,0
360030,1,1,0,0,0,28,18,11,24,0,0,0
360031,1,1,0,20,25,27,0,20,0,0,0,0
360032,0,1,16,16,16,16,16,16,16,16,16,16
360032,1,1,17,0,0,0,12,35,10,0,17,0
360033,0,1,30,0,0,25,0,24,0,0,0,27
360033,1,1,0,7,0,0,0,0,0,0,0,0
360034,1,1,34,22,0,0,0,35,0,0,13,21
360034,2,1,0,0,13,6,0,7,0,0,12,12
360035,0,1,23,0,11,0,14,35,35,0,0,14
360035,1,1,0,13,0,6,0,0,12,0,0,22
360036,0,1,17,17,17,17,17,17,17,17,17,17
360036,1,1,0,0,0,0,10,24,0,0,25,0
360037,0,1,0,0,0,0,0,0,0,0,0,0
360037,1,1,0,0,0,0,0,0,0,0,0,0
360037,2,1,0,0,0,4,19,0,0,0,0,0
360038,1,1,35,17,2,17,4,10,9,4,14,0
360038,2,1,1,1,1,1,1,1,1,1,1,1
360038,3,1,34,0,18,0,12,0,11,20,3,0
360040,1,1,0,0,0,0,0,0,0,0,0,0
360040,2,1,0,0,0,0,0,0,0,0,9,0
360041,1,1,0,0,0,19,0,2,12,0,0,0
360041,2,1,0,0,0,0,0,0,13,0,0,12
360042,0,1,0,0,0,0,0,0,0,0,0,0
360042,1,1,0,17,0,0,0,0,0,0,0,0
360043,1,1,0,12,0,0,0,0,0,0,0,14
360043,2,1,0,0,0,0,0,0,0,0,0,0
360044,0,1,0,0,0,0,0,0,0,0,0,0
360044,1,1,0,0,0,28,0,0,0,0,0,0
360045,1,1,18,18,18,18,18,18,18,18,18,18
360046,0,1,0,0,0,0,0,0,0,0,0,0
360046,1,1,0,0,2,0,0,0,0,0,0,0
360048,1,1,0,0,0,23,0,0,0,0,0,0
360049,1,1,0,0,0,0,0,0,0,0,0,0
360050,1,1,17,0,17,0,0,0,0,0,0,0
360050,2,1,28,28,28,28,28,28,28,28,28,28
360051,1,1,14,14,14,14,14,14,14,14,14,14
360052,1,1,0,0,0,0,0,0,0,0,0,0
360053,0,1,0,0,0,0,0,0,0,0,0,0
360053,1,1,13,0,0,0,0,0,0,0,0,28
360054,0,1,0,0,0,0,0,0,0,0,0,0
360054,1,1,0,0,0,19,0,0,0,0,0,0
360055,1,1,0,0,0,0,0,0,0,0,0,0
360055,2,1,0,0,0,0,0,0,0,0,0,0
360056,1,1,0,0,0,0,0,0,0,0,0,0
360057,1,1,0,0,13,0,0,0,0,32,12,0
360057,2,1,0,0,0,0,0,0,0,0,0,0
360058,1,1,0,0,0,0,0,0,0,0,0,0
360058,2,1,0,0,0,0,0,0,0,0,0,0
360059,1,1,25,25,25,25,25,25,25,25,25,25
360060,0,1,43,43,43,43,43,43,43,43,43,43
360060,1,1,0,0,0,10,0,12,0,0,0,0
360061,1,1,0,0,0,0,0,0,0,0,0,0
360061,2,1,0,0,0,0,0,0,0,0,0,0
360063,1,1,21,21,21,21,21,21,21,21,21,21
360064,0,1,2,2,2,2,2,2,2,2,2,2
360064,1,1,0,0,27,0,0,0,0,0,0,10
360065,0,1,0,0,0,0,0,0,0,0,0,0
360065,1,1,0,0,0,0,0,0,0,0,0,0
360066,0,1,0,0,0,0,0,0,0,0,0,0
360066,1,1,0,15,17,0,0,0,0,0,0,16
360067,1,1,24,24,24,24,24,24,24,24,24,24
360068,0,1,26,26,26,26,26,26,26,26,26,26
360068,1,1,0,0,0,0,0,0,0,0,0,0
360069,1,1,0,13,0,14,0,17,8,0,0,0
360070,1,1,16,0,0,0,0,15,0,0,0,0
360071,1,1,0,0,0,0,0,0,0,0,0,0
360071,2,1,0,0,0,0,0,0,0,0,0,0
360071,3,1,0,0,0,0,0,0,0,0,16,0
360072,0,1,0,0,0,0,0,0,0,0,0,0
360072,1,1,9,20,13,24,20,0,16,0,12,0
360073,1,1,0,0,0,0,0,0,5,0,0,0
360073,2,1,0,0,0,0,0,0,0,0,10,0
360073,3,1,0,0,0,0,0,0,0,0,0,0
360074,1,1,0,0,0,0,0,0,0,0,0,0
360074,2,1,0,0,0,0,0,0,0,0,4,0
360074,3,1,0,0,0,0,0,0,0,0,0,0
360075,0,1,36,7,0,21,0,0,31,0,0,9
360075,1,1,0,14,0,0,0,0,0,0,0,0
360075,2,1,0,0,0,19,0,0,0,0,0,0
360076,1,1,18,18,18,18,18,18,18,18,18,18
360076,2,1,13,0,0,0,0,6,0,0,0,19
360077,1,1,21,21,21,21,21,21,21,21,21,21
360078,0,1,0,0,28,0,0,28,0,0,0,9
360078,0,2,0,0,0,0,0,0,0,0,0,0
360078,0,3,12,0,0,0,0,0,0,0,0,0
360078,0,4,0,0,0,0,0,0,0,0,0,0
360078,0,5,37,25,0,0,0,0,0,0,0,15
360078,1,1,0,0,0,0,0,0,0,0,0,0
360079,1,1,11,11,11,11,11,11,11,11,11,11
360080,1,1,0,0,0,0,0,0,0,0,0,0
360081,0,1,4,4,4,4,4,4,4,4,4,4
360081,0,2,0,24,23,22,0,0,0,0,0,0
360081,1,1,12,18,27,25,10,17,25,4,2,25
360082,1,1,22,22,22,22,22,22,22,22,22,22
360082,2,1,0,0,0,0,0,0,0,0,0,0
360083,0,1,0,0,0,0,0,0,0,0,0,0
360083,1,1,0,0,0,0,0,0,0,0,31,0
360083,2,1,0,0,0,0,0,14,0,0,13,0
360083,3,1,0,0,13,18,0,0,0,0,0,0
360083,4,1,0,0,0,0,18,0,0,0,0,0
360083,5,1,0,0,0,0,0,0,0,0,0,20
360084,1,1,0,0,0,0,0,0,0,0,0,0
360084,2,1,0,0,0,0,0,0,0,0,0,0
360085,1,1,43,32,10,6,2,15,18,18,9,7
360085,2,1,6,6,6,6,6,6,6,6,6,6
360086,1,1,0,0,0,0,0,0,0,0,0,0
360087,1,1,0,9,0,0,27,0,0,0,0,0
360088,0,1,0,0,0,0,0,0,0,0,0,0
360088,1,1,5,0,0,0,0,0,0,0,0,0
360089,0,1,12,12,12,12,12,12,12,12,12,12
360089,1,1,10,6,0,0,0,0,0,0,0,0
360090,1,1,26,26,26,26,26,26,26,26,26,26
360090,2,1,0,17,0,18,0,7,0,0,0,0
360091,0,1,23,23,23,23,23,23,23,23,23,23
360091,1,1,8,8,0,0,5,0,21,18,36,9
360092,1,1,0,0,0,0,0,0,0,0,0,0
360092,2,1,27,0,24,0,0,0,0,0,0,0
360093,0,1,0,0,0,0,0,0,0,0,0,0
360093,1,1,0,0,0,0,0,0,0,0,0,0
360094,0,1,0,0,0,0,0,0,0,0,0,0
360094,1,1,6,12,0,0,7,10,14,15,0,0
360095,1,1,0,23,0,0,0,0,0,0,15,0
360096,0,1,0,13,0,0,0,0,0,0,0,26
360096,1,1,0,0,15,0,22,19,0,0,0,7
360097,1,1,0,0,0,18,0,11,0,0,15,0
360098,1,1,15,5,28,5,12,30,12,15,11,8
360098,2,1,0,0,0,0,0,0,0,0,0,0
360099,1,1,0,0,0,0,0,0,0,0,0,0
360100,0,1,31,14,23,16,38,12,13,24,18,17
360100,1,1,0,0,0,10,0,8,9,0,0,0
360101,0,1,0,0,0,0,0,0,0,0,0,0
360101,1,1,0,0,0,0,0,0,0,12,0,0
360102,1,1,0,0,0,9,7,16,0,0,0,12
360102,2,1,20,0,0,8,10,0,3,0,0,31
360103,1,1,5,5,5,5,5,5,5,5,5,5
360104,1,1,10,0,13,0,15,0,0,10,0,0
360105,0,1,11,0,0,11,0,20,0,0,0,26
360105,1,1,4,4,0,16,11,0,0,3,26,0
360106,1,1,0,0,0,0,0,0,0,0,0,0
360106,2,1,0,44,0,0,0,0,0,0,0,0
360107,1,1,0,0,0,0,0,0,0,0,0,0
360107,2,1,0,0,0,0,0,0,0,0,0,0
360108,0,1,0,4,14,0,12,0,0,0,0,0
360108,1,1,0,0,0,0,7,0,0,25,0,0
360109,1,1,21,23,17,20,31,18,24,7,23,24
360109,2,1,23,12,0,11,19,0,15,0,0,32
360110,0,1,22,22,22,22,22,22,22,22,22,22
360110,1,1,0,15,0,18,0,0,0,0,24,0
360110,2,1,0,29,22,30,0,18,0,0,17,30
360110,3,1,0,0,17,15,0,6,3,0,0,17
360111,1,1,17,17,17,17,17,17,17,17,17,17
360112,1,1,0,0,0,0,0,0,0,0,0,0
360113,1,1,12,12,12,12,12,12,12,12,12,12
360114,1,1,0,0,0,0,0,0,0,0,0,0
360114,2,1,19,0,0,0,12,37,0,0,0,0
360115,1,1,0,14,0,0,0,0,0,0,22,0
360115,2,1,0,0,0,0,0,0,0,0,0,5
360116,0,1,3,3,3,3,3,3,3,3,3,3
360116,1,1,0,12,0,0,0,24,0,0,0,0
360117,1,1,0,0,0,0,0,22,0,7,0,0
360117,2,1,0,0,0,0,0,0,0,0,0,0
360118,1,1,0,0,0,20,0,0,0,15,0,0
360118,2,1,0,0,0,0,17,0,21,0,0,31
360118,3,1,0,0,0,0,0,24,0,0,0,21
360119,0,1,0,0,0,0,0,0,0,0,0,0
360120,1,1,0,0,0,0,0,0,0,0,0,0
360120,2,1,0,0,0,0,0,0,0,0,0,0
360121,1,1,0,0,0,0,0,0,0,0,0,0
360121,2,1,0,0,0,0,0,0,0,0,0,0
360122,0,1,0,0,0,0,0,0,0,0,0,0
360122,1,1,0,0,25,20,18,0,6,0,0,0
360123,0,1,0,0,0,0,32,0,0,34,0,0
360123,1,1,0,0,0,0,0,0,0,0,0,0
360124,1,1,0,0,0,0,0,0,0,0,0,0
360125,1,1,17,10,0,27,38,20,24,0,5,0
360126,1,1,9,9,9,9,9,9,9,9,9,9
360127,0,1,0,0,0,0,0,26,0,0,0,0
360127,1,1,17,0,0,0,0,0,0,0,0,0
360128,1,1,23,23,23,23,23,23,23,23,23,23
360129,1,1,22,22,22,22,22,22,22,22,22,22
360129,2,1,0,0,0,0,0,0,0,0,0,0
360130,0,1,0,0,0,0,0,0,0,0,0,0
360130,0,2,0,0,0,0,0,0,0,0,0,0
360130,0,3,0,0,0,0,0,0,0,0,0,0
360130,0,4,0,0,0,0,0,0,0,0,0,0
360130,0,5,0,0,0,0,0,0,0,0,0,0
360130,1,1,0,0,0,24,0,11,15,12,15,19
360131,0,1,0,0,0,0,0,0,0,0,0,0
360131,1,1,0,14,0,0,31,30,9,0,12,7
360132,0,1,20,12,24,0,0,0,0,0,0,0
360132,1,1,0,0,0,0,0,0,0,0,0,0
360133,1,1,0,5,10,0,11,0,0,0,0,41
360135,1,1,0,0,0,0,0,0,0,0,0,0
360136,0,1,0,0,0,0,0,0,0,0,0,0
360136,1,1,0,0,0,0,0,0,0,7,0,0
360137,0,1,0,0,0,0,0,0,0,0,0,0
360137,1,1,0,0,0,0,0,0,0,0,0,0
360139,1,1,0,0,0,0,0,0,0,0,0,0
360139,2,1,0,0,0,0,0,0,0,0,0,0
360140,0,1,0,0,0,0,0,0,0,0,0,0
360140,1,1,0,16,0,0,0,0,0,0,0,24
360141,0,1,0,0,0,0,0,0,0,0,0,0
360141,1,1,9,13,8,9,19,15,4,15,14,0
360142,1,1,0,11,0,0,15,0,0,0,0,28
360142,2,1,0,0,0,0,23,3,0,7,0,10
360143,1,1,31,31,31,31,31,31,31,31,31,31
360143,2,1,0,0,0,0,0,0,0,0,0,0
360144,1,1,15,7,0,0,13,0,0,0,0,0
360144,2,1,21,0,0,17,0,0,8,0,0,14
360145,0,1,0,0,0,0,0,0,0,0,0,0
360145,1,1,0,10,25,28,0,37,16,39,13,16
360146,1,1,0,0,0,0,14,0,15,18,0,0
360146,2,1,23,23,23,23,23,23,23,23,23,23
360147,1,1,0,0,0,0,0,0,0,0,0,0
360147,2,1,0,0,0,0,0,0,0,0,0,0
360147,3,1,0,0,0,0,0,0,0,0,0,0
360147,4,1,0,0,0,0,0,0,0,0,0,0
360148,1,1,0,0,0,0,0,0,0,0,0,0
360149,0,1,0,0,0,0,0,0,0,0,0,0
360149,1,1,0,0,0,0,0,0,0,0,0,0
360150,1,1,0,0,0,0,0,0,0,0,0,0
360150,2,1,12,0,0,0,0,0,0,0,0,0
360150,3,1,0,0,0,0,0,0,15,19,0,15
360151,1,1,15,15,15,15,15,15,15,15,15,15
360152,1,1,0,39,9,0,0,21,0,0,0,0
360152,2,1,0,0,0,0,0,0,0,0,0,0
360153,1,1,0,0,0,0,0,0,0,0,0,0
360153,2,1,0,0,0,0,0,0,0,0,0,0
360154,1,1,0,0,0,0,0,0,0,0,0,0
360155,0,1,0,0,0,0,0,0,0,0,0,0
360155,1,1,0,0,0,0,11,0,20,0,0,0
360156,1,1,0,15,11,0,11,6,16,0,0,0
360157,0,1,0,0,0,0,0,0,0,0,0,0
360157,1,1,0,0,0,0,0,0,0,0,0,0
360158,1,1,15,15,15,15,15,15,15,15,15,15
360159,1,1,0,0,0,0,0,0,0,0,0,0
360160,1,1,10,7,0,0,9,0,0,0,0,0
360161,0,1,0,0,0,0,0,0,0,0,0,0
360161,1,1,0,0,0,0,34,0,0,0,0,0
360162,1,1,0,0,0,0,0,0,0,0,0,0
360163,1,1,0,0,0,0,0,0,0,0,0,0
360164,1,1,0,0,0,0,0,0,0,0,0,0
360164,2,1,19,19,19,19,19,19,19,19,19,19
360165,0,1,26,26,26,26,26,26,26,26,26,26
360165,1,1,0,0,0,0,0,16,0,0,0,0
360166,1,1,18,18,18,18,18,18,18,18,18,18
360167,1,1,16,35,13,16,13,25,28,25,17,10