ST_CASE,VEH_NO,PER_NO,P1,P2,P3,P4,P5,P6,P7,P8,P9,P10
360168,1,1,6,6,6,6,6,6,6,6,6,6
360169,0,1,0,0,0,0,0,0,0,0,0,0
360169,1,1,0,0,0,0,0,0,0,25,0,0
360170,0,1,0,0,0,0,11,12,0,0,0,0
360170,1,1,0,13,0,0,0,0,0,0,0,0
360171,1,1,0,0,0,14,0,0,0,0,0,0
360171,2,1,0,0,0,0,0,0,0,0,0,0
360172,1,1,0,0,0,0,0,0,0,0,0,0
360172,2,1,0,0,12,0,0,0,0,0,0,0
360173,1,1,0,0,0,0,0,0,0,0,0,0
360173,2,1,0,0,0,0,28,14,0,0,0,0
360173,3,1,11,15,21,0,0,15,0,0,0,0
360174,0,1,0,0,0,0,0,0,0,0,0,0
360174,1,1,0,0,0,0,0,0,0,22,11,8
360175,1,1,0,0,7,0,0,0,0,6,0,0
360175,2,1,0,13,0,22,0,0,0,0,4,0
360176,1,1,0,0,0,0,0,0,0,0,0,0
360176,2,1,0,21,0,15,0,0,8,0,0,0
360177,1,1,0,0,0,0,0,0,0,0,0,0
360178,0,1,15,15,15,15,15,15,15,15,15,15
360178,1,1,0,0,0,0,0,0,18,18,0,0
360179,1,1,0,0,0,0,0,0,0,0,0,0
360180,0,1,0,0,0,0,0,0,0,0,0,0
360180,1,1,13,17,11,0,0,8,0,0,18,0
360181,0,1,28,28,28,28,28,28,28,28,28,28
360181,1,1,0,0,0,42,0,0,0,0,0,0
360182,0,1,16,16,16,16,16,16,16,16,16,16
360182,1,1,0,0,0,0,0,0,0,0,0,0
360183,1,1,0,24,22,15,10,12,10,11,12,12
360183,2,1,14,14,14,14,14,14,14,14,14,14
360184,1,1,14,14,14,14,14,14,14,14,14,14
360185,0,1,0,10,17,0,0,0,26,11,0,12
360185,1,1,0,0,30,14,0,0,0,0,0,0
360186,0,1,0,0,0,0,0,0,0,0,0,0
360186,1,1,0,0,0,0,0,0,0,0,0,0
360188,0,1,0,0,0,0,0,0,0,0,0,0
360188,1,1,0,0,0,0,0,0,0,0,0,0
360189,1,1,36,0,0,0,10,0,0,0,17,0
360189,2,1,0,0,0,0,0,0,0,0,0,0
360190,1,1,0,0,0,0,0,0,0,0,0,0
360190,2,1,0,0,0,2,0,0,0,0,0,0
360191,1,1,15,12,19,22,19,19,27,12,23,36
360192,1,1,0,0,0,0,0,0,0,0,0,0
360193,1,1,20,0,20,0,19,0,0,12,0,0
360193,2,1,0,0,0,0,0,0,0,0,0,0
360193,3,1,0,45,20,19,0,0,0,0,0,19
360193,4,1,14,16,19,22,15,19,17,30,12,20
360193,5,1,15,6,0,28,0,0,0,9,30,0
360194,0,1,0,0,0,0,0,0,0,0,0,0
360194,1,1,0,0,0,17,0,0,23,19,0,0
360195,1,1,0,7,10,18,0,15,0,28,11,0
360196,0,1,0,0,0,0,0,0,0,0,0,0
360196,0,2,0,0,0,0,0,0,0,0,0,0
360196,1,1,0,0,0,0,20,0,0,0,0,0
360197,0,1,0,0,0,0,0,0,0,0,0,0
360197,1,1,0,0,20,0,0,0,0,0,0,0
360198,1,1,0,0,0,0,9,0,0,9,20,16
360198,2,1,0,0,0,0,0,0,15,12,11,0
360199,0,1,15,15,15,15,15,15,15,15,15,15
360199,1,1,15,0,0,0,12,0,25,0,0,0
360200,1,1,14,14,14,14,14,14,14,14,14,14
360200,2,1,0,0,27,0,18,0,18,0,0,15
360201,1,1,0,0,0,0,0,0,0,0,0,0
360202,0,1,3,3,3,3,3,3,3,3,3,3
360202,1,1,0,0,0,0,0,0,0,0,0,0
360203,1,1,0,0,0,0,0,0,0,0,0,0
360203,2,1,0,0,0,0,0,0,0,0,0,0
360204,0,1,0,0,0,0,0,0,0,0,0,0
360204,1,1,0,0,0,0,0,0,0,0,0,0
360205,1,1,0,0,0,0,0,0,0,0,0,0
360205,2,1,0,0,0,0,0,0,0,0,0,0
360206,0,1,44,8,0,11,26,0,0,0,0,0
360206,1,1,0,0,5,0,0,0,0,3,11,0
360207,0,1,9,9,9,9,9,9,9,9,9,9
360207,1,1,0,13,0,0,0,0,0,0,0,23
360208,1,1,0,0,0,0,0,0,0,0,0,0
360208,2,1,0,0,0,0,26,0,0,34,0,17
360209,1,1,19,19,19,19,19,19,19,19,19,19
360210,0,1,26,26,26,26,26,26,26,26,26,26
360210,1,1,0,0,25,0,11,0,0,39,0,0
360211,1,1,31,0,4,10,0,17,0,0,17,0
360211,2,1,26,26,26,26,26,26,26,26,26,26
360212,0,1,15,15,15,15,15,15,15,15,15,15
360212,1,1,5,0,26,0,32,0,0,0,0,0
360213,1,1,0,0,0,0,0,0,0,0,0,0
360213,2,1,0,0,0,0,0,0,0,0,0,0
360214,1,1,0,0,0,0,0,0,0,0,0,0
360215,1,1,0,0,0,0,0,0,0,0,0,0
360215,2,1,0,0,0,0,0,0,0,0,0,0
360216,1,1,0,0,4,0,9,0,0,0,0,0
360216,2,1,0,0,0,0,8,0,0,0,0,0
360216,3,1,0,8,0,0,0,0,27,0,0,0
360216,4,1,0,0,0,0,0,0,0,0,0,0
360217,0,1,16,16,16,16,16,16,16,16,16,16
360217,1,1,18,17,2,38,21,7,15,0,16,24
360218,0,1,0,0,22,19,0,0,0,0,0,0
360218,1,1,0,20,0,0,0,0,0,0,0,0
360219,1,1,21,21,21,21,21,21,21,21,21,21
360220,0,1,0,0,0,0,0,0,0,0,0,0
360220,1,1,0,0,0,0,0,0,0,0,0,0
360221,1,1,13,14,0,14,0,0,0,20,8,12
360221,2,1,0,0,0,0,0,0,0,0,0,0
360222,1,1,0,0,0,26,4,0,0,0,0,30
360223,1,1,26,26,26,26,26,26,26,26,26,26
360224,1,1,0,0,0,0,0,0,0,0,0,0
360224,2,1,0,0,0,0,0,0,0,0,0,0
360225,1,1,0,0,0,13,0,0,0,3,0,0
360225,2,1,0,0,0,0,0,13,0,0,8,0
360227,1,1,0,0,9,0,19,0,0,14,0,8
360228,1,1,24,24,24,24,24,24,24,24,24,24
360229,0,1,0,0,0,0,0,0,0,0,0,0
360229,1,1,0,14,31,13,7,23,7,0,32,13
360230,0,1,0,0,0,0,0,0,0,0,0,0
360230,1,1,0,0,0,0,0,0,0,0,13,21
360231,1,1,13,13,13,13,13,13,13,13,13,13
360232,1,1,14,11,9,17,14,11,11,10,0,26
360232,2,1,19,0,30,0,0,0,0,19,0,12
360232,3,1,11,0,0,9,16,0,23,0,0,0
360233,1,1,0,22,0,4,13,12,0,0,0,12
360233,2,1,0,0,0,19,13,0,10,0,0,0
360233,3,1,0,0,0,0,0,0,0,0,0,0
360234,1,1,0,0,0,0,0,0,0,0,0,0
360234,2,1,0,29,0,10,0,0,0,0,0,0
360235,1,1,0,0,0,0,0,0,0,0,0,0
360236,1,1,0,0,0,16,0,0,0,5,0,0
360236,2,1,0,0,0,0,0,0,0,0,0,0
360237,1,1,0,17,0,0,24,9,0,0,0,0
360238,1,1,0,0,14,0,0,0,0,0,0,0
360240,1,1,0,0,0,0,0,21,0,0,13,0
360240,2,1,0,0,0,0,0,0,0,0,0,37
360240,3,1,0,0,0,0,0,0,0,0,0,0
360241,1,1,0,0,0,0,0,0,0,0,0,0
360241,2,1,16,8,17,14,0,0,0,0,4,14
360242,1,1,12,12,12,12,12,12,12,12,12,12
360243,1,1,0,0,18,0,0,0,0,15,0,9
360243,2,1,0,0,0,0,0,0,0,0,0,0
360244,0,1,0,0,0,0,0,0,0,0,0,0
360244,1,1,16,0,0,20,11,0,10,22,9,0
360245,0,1,0,0,0,0,0,0,0,7,0,22
360245,1,1,0,0,0,0,18,0,0,0,21,0
360245,2,1,0,0,0,0,0,0,0,0,0,0
360246,1,1,16,16,16,16,16,16,16,16,16,16
360246,2,1,8,0,0,9,7,11,0,16,8,0
360247,1,1,28,25,0,14,28,13,0,0,0,0
360247,2,1,0,0,0,0,0,0,0,0,0,0
360248,0,1,0,0,0,0,0,0,0,0,0,0
360248,1,1,23,0,6,0,0,0,12,0,0,0
360249,1,1,0,0,0,0,33,0,0,0,65,0
360249,2,1,0,0,0,0,0,0,9,19,0,0
360250,1,1,0,30,10,0,27,14,0,7,0,11
360250,2,1,0,0,0,0,0,0,0,0,0,0
360251,1,1,25,25,25,25,25,25,25,25,25,25
360252,1,1,0,0,0,0,0,0,0,0,0,0
360253,1,1,0,0,0,0,0,0,0,0,0,0
360253,2,1,0,0,0,0,0,0,0,0,0,0
360254,1,1,17,17,17,17,17,17,17,17,17,17
360255,1,1,24,24,24,24,24,24,24,24,24,24
360255,2,1,0,0,0,0,0,12,19,0,0,0
360256,1,1,0,0,0,0,0,0,0,0,0,0
360256,2,1,0,0,0,0,0,0,0,0,0,0
360257,1,1,20,20,20,20,20,20,20,20,20,20
360257,2,1,0,0,11,13,0,0,0,13,0,0
360258,0,1,0,0,0,0,0,0,0,0,0,0
360258,1,1,14,7,16,20,21,10,13,12,9,15
360259,0,1,0,0,0,0,0,0,0,0,0,0
360259,1,1,0,0,0,0,0,0,0,0,0,0
360260,1,1,0,0,0,0,0,0,0,0,0,0
360260,2,1,0,0,0,0,0,0,0,0,0,0
360261,1,1,0,0,0,0,0,0,0,0,0,0
360262,2,1,0,0,0,0,0,0,0,0,0,0
360263,1,1,0,0,0,0,0,0,0,0,0,0
360264,1,1,16,16,16,16,16,16,16,16,16,16
360265,0,1,33,33,33,33,33,33,33,33,33,33
360265,1,1,1,1,1,1,1,1,1,1,1,1
360266,0,1,0,0,0,0,0,0,0,0,0,0
360266,0,2,0,5,38,0,0,0,25,18,12,16
360266,1,1,32,18,15,4,14,21,21,21,8,15
360267,1,1,10,0,0,0,0,0,0,0,8,7
360267,2,1,0,0,0,0,9,0,0,0,0,7
360268,1,1,0,0,0,0,0,0,0,0,0,0
360268,2,1,21,0,0,16,0,0,0,0,24,14
360269,0,1,22,22,22,22,22,22,22,22,22,22
360269,1,1,0,9,23,13,0,0,0,8,21,5
360270,1,1,10,10,10,10,10,10,10,10,10,10
360270,2,1,0,0,0,0,0,0,0,0,0,0
360271,1,1,40,40,40,40,40,40,40,40,40,40
360272,1,1,15,15,15,15,15,15,15,15,15,15
360273,1,1,0,0,0,0,0,0,0,0,0,0
360274,1,1,0,0,0,0,0,0,0,0,0,0
360274,2,1,6,9,19,0,0,0,0,22,0,12
360275,0,1,12,12,12,12,12,12,12,12,12,12
360275,1,1,0,0,0,0,0,0,0,0,0,0
360276,0,1,0,0,0,0,0,0,0,0,0,14
360276,1,1,0,17,0,0,0,0,0,0,13,0
360277,0,1,35,0,28,8,0,0,14,9,7,0
360277,1,1,0,0,22,0,0,0,0,0,0,0
360278,1,1,20,20,20,20,20,20,20,20,20,20
360279,1,1,0,0,0,0,0,0,0,0,0,0
360280,1,1,22,22,22,22,22,22,22,22,22,22
360280,2,1,0,0,0,0,0,0,0,0,0,0
360281,0,1,0,0,0,0,0,0,0,0,0,0
360281,1,1,0,0,7,0,0,0,0,0,0,0
360282,1,1,17,17,17,17,17,17,17,17,17,17
360283,1,1,0,0,0,0,0,0,0,0,0,0
360284,1,1,0,0,0,0,0,0,0,0,0,0
360285,1,1,0,0,0,0,0,0,0,0,0,0
360285,2,1,0,0,0,0,0,0,0,0,0,0
360286,0,1,0,0,0,0,0,0,0,0,0,0
360286,0,2,0,0,0,0,0,0,0,0,0,0
360286,1,1,0,0,0,0,0,0,0,0,0,0
360286,2,1,0,0,0,0,0,0,0,11,0,0
360287,0,1,0,0,0,0,0,0,0,0,0,0
360287,1,1,0,7,0,0,0,0,0,0,0,0
360288,0,1,0,0,0,0,0,0,0,0,0,0
360288,1,1,0,6,0,9,20,0,0,24,0,0
360289,1,1,0,0,0,0,0,0,0,0,0,0
360290,1,1,2,2,2,2,2,2,2,2,2,2
360290,2,1,0,0,0,0,0,0,0,0,0,0
360291,0,1,0,0,0,0,0,0,0,0,0,0
360291,1,1,0,0,16,0,0,0,0,0,0,0
360292,1,1,11,11,11,11,11,11,11,11,11,11
360293,1,1,0,18,0,0,0,0,0,0,0,0
360293,2,1,0,0,0,0,0,0,0,0,0,0
360294,0,1,0,0,0,0,0,0,0,0,0,0
360294,1,1,0,0,0,0,0,0,0,0,0,0
360295,1,1,19,19,19,19,19,19,19,19,19,19
360296,1,1,12,12,12,12,12,12,12,12,12,12
360297,1,1,0,0,0,0,0,0,0,0,0,0
360297,2,1,8,0,28,0,0,0,0,0,21,0
360298,1,1,0,0,0,0,0,0,0,0,0,0
360299,1,1,8,8,8,8,8,8,8,8,8,8
360300,1,1,0,0,0,0,0,0,0,0,0,0
360301,0,1,0,0,0,0,0,0,0,0,0,0
360301,1,1,13,0,13,8,4,22,0,0,0,11
360302,1,1,34,34,34,34,34,34,34,34,34,34
360303,1,1,0,0,0,0,0,21,0,0,0,6
360303,2,1,0,0,0,0,0,0,0,0,0,0
360304,1,1,0,0,0,0,0,0,0,0,0,0
360305,0,1,0,0,0,0,0,0,0,0,0,0
360305,1,1,18,0,0,0,0,2,0,0,0,0
360306,1,1,19,19,19,19,19,19,19,19,19,19
360307,1,1,12,5,9,20,17,20,17,11,10,1
360307,2,1,17,0,0,0,0,0,0,0,18,9
360308,1,1,3,3,3,3,3,3,3,3,3,3
360308,2,1,1,1,1,1,1,1,1,1,1,1
360308,3,1,6,0,0,0,16,0,0,0,0,0
360309,1,1,0,0,0,0,0,0,19,13,0,0
360310,0,1,0,7,23,0,0,0,0,0,18,16
360310,1,1,0,0,0,13,24,0,0,4,18,0
360311,1,1,0,0,0,0,0,0,0,0,0,0
360312,0,1,31,31,31,31,31,31,31,31,31,31
360312,1,1,4,12,13,20,22,17,26,7,6,11
360313,0,1,0,0,0,0,0,0,0,0,0,0
360313,1,1,0,26,13,0,0,0,0,0,0,0
360314,1,1,0,0,0,0,0,0,5,0,0,0
360314,2,1,0,0,0,22,0,0,0,0,0,16
360315,1,1,0,0,0,0,0,0,28,0,0,0
360315,2,1,0,0,0,0,0,0,0,0,0,0
360316,1,1,0,3,0,0,0,0,16,0,0,0
360316,2,1,0,0,0,0,21,0,0,0,21,0
360316,3,1,0,0,0,0,0,17,0,20,0,0
360317,0,1,1,1,1,1,1,1,1,1,1,1
360317,1,1,0,0,0,11,0,9,0,0,0,13
360318,1,1,0,0,0,0,0,0,0,0,0,0
360319,1,1,23,23,23,23,23,23,23,23,23,23
360319,2,1,8,0,8,12,8,11,18,16,0,7
360320,0,1,0,0,0,0,0,0,0,0,0,0
360320,1,1,11,18,0,0,0,0,0,0,0,0
360321,1,1,11,11,11,11,11,11,11,11,11,11
360322,1,1,0,0,8,0,0,0,0,4,0,0
360322,2,1,0,0,0,0,0,0,0,0,0,0
360323,1,1,0,0,0,0,0,0,0,0,0,0
360323,2,1,0,0,0,0,15,0,8,0,0,0
360324,1,1,0,0,0,0,0,0,0,0,0,0
360325,1,1,0,18,0,0,0,11,0,0,15,0
360326,1,1,0,0,0,0,0,0,0,0,0,0
360326,2,1,0,0,0,0,0,0,0,0,0,0
360327,0,1,0,0,0,0,0,0,0,0,0,0
360327,0,2,0,21,0,0,0,0,0,0,0,0
360327,1,1,0,0,0,0,13,0,12,0,16,10
360328,1,1,0,0,0,0,0,0,0,0,0,0
360328,2,1,0,0,0,0,0,0,0,0,0,0
360329,1,1,0,22,8,6,0,0,0,0,11,0
360329,2,1,0,0,0,0,0,0,0,0,0,0
360330,1,1,0,0,0,0,0,0,0,0,0,0
360330,2,1,0,0,0,0,0,0,0,0,0,0
360331,1,1,10,0,0,0,0,0,10,0,0,0
360331,2,1,0,0,0,0,0,0,0,0,0,0
360332,0,1,0,0,0,0,0,0,0,0,0,0
360332,1,1,0,0,0,0,0,20,10,0,14,0
360333,0,1,0,0,0,0,38,0,0,7,26,0
360333,1,1,0,0,0,22,0,0,0,0,0,0
360334,1,1,11,20,40,18,23,14,14,14,14,10
360335,1,1,0,0,0,0,0,0,0,0,0,0
360336,1,1,1,1,1,1,1,1,1,1,1,1
360337,1,1,4,0,0,0,0,0,0,5,3,0
360338,0,1,1,1,1,1,1,1,1,1,1,1
360339,0,1,26,26,26,26,26,26,26,26,26,26
360339,1,1,21,13,0,0,8,0,0,0,0,0
360340,1,1,0,0,0,0,0,0,0,0,0,0
360341,0,1,0,0,0,0,0,0,0,0,0,0
360341,1,1,0,0,0,16,16,0,0,0,0,0
360342,1,1,0,0,0,0,0,0,0,0,0,0
360342,2,1,0,0,0,0,0,0,0,17,0,0
360343,1,1,0,0,0,0,0,0,0,0,0,0
360343,2,1,0,0,2,0,0,9,0,5,0,5
360344,0,1,0,0,0,0,0,0,0,0,0,0
360344,1,1,0,6,0,15,0,0,15,23,0,0
360345,1,1,0,0,0,0,0,0,0,0,0,0
360345,2,1,5,16,0,0,0,0,0,0,0,0
360346,1,1,15,15,15,15,15,15,15,15,15,15
360347,0,1,2,2,2,2,2,2,2,2,2,2
360347,1,1,26,22,14,14,10,11,9,16,8,9
360348,1,1,0,0,0,5,0,10,15,8,0,0
360348,2,1,0,0,0,0,0,0,0,0,0,0
360349,1,1,0,0,0,0,0,0,0,0,0,0
360350,1,1,0,0,0,0,0,0,0,0,0,0
360350,2,1,0,0,0,0,0,0,0,0,0,0
360351,1,1,0,0,0,0,0,30,15,29,23,0
360352,1,1,0,0,0,0,0,0,0,0,0,0
360353,1,1,0,13,11,0,0,38,31,0,19,12
360354,1,1,21,21,21,21,21,21,21,21,21,21
360354,2,1,0,0,0,24,0,20,30,0,22,20
360355,1,1,12,12,12,12,12,12,12,12,12,12
360356,1,1,0,0,0,3,0,13,0,0,0,0
360356,2,1,13,0,0,0,0,0,0,0,0,5
360357,1,1,0,0,0,0,0,0,0,0,0,0
360358,0,1,14,14,14,14,14,14,14,14,14,14
360358,1,1,15,0,0,7,0,16,0,6,0,0
360359,1,1,0,0,0,0,0,0,0,0,0,0
360359,2,1,7,7,8,0,0,0,0,0,11,0
360360,0,1,0,0,0,0,0,0,0,0,0,0
360360,1,1,0,0,0,16,0,0,17,0,21,0
360361,1,1,1,1,1,1,1,1,1,1,1,1
360361,2,1,8,8,8,8,8,8,8,8,8,8
360362,1,1,0,0,0,0,0,0,0,0,0,0
360363,1,1,0,0,0,0,0,0,0,0,0,0
360363,2,1,0,0,0,0,0,0,0,0,0,0
360364,0,1,3,3,3,3,3,3,3,3,3,3
360364,1,1,15,0,11,0,14,37,5,14,0,11
360365,0,1,0,0,0,0,0,0,0,0,0,0
360365,1,1,0,0,0,0,0,0,0,0,0,0
360367,0,1,0,0,0,0,0,0,0,0,0,0
360367,1,1,0,0,0,23,0,0,14,0,11,15
360368,1,1,13,33,13,13,0,10,20,12,18,3
360368,2,1,0,0,22,0,0,21,0,19,0,10
360369,1,1,19,0,0,24,0,14,0,0,0,0
360370,0,1,24,24,24,24,24,24,24,24,24,24
360370,1,1,0,0,0,0,0,0,0,0,0,0
360371,1,1,0,0,0,0,0,0,20,0,0,20
360371,2,1,0,0,0,0,0,0,0,0,0,0
360372,1,1,0,12,0,3,4,0,0,13,0,18
360372,2,1,15,15,15,15,15,15,15,15,15,15
360373,1,1,0,0,0,0,0,0,0,0,0,0
360374,1,1,7,7,7,7,7,7,7,7,7,7
360374,2,1,0,14,9,0,0,8,0,10,0,0
360375,1,1,16,7,6,6,14,17,30,35,10,0
360376,0,1,22,22,22,22,22,22,22,22,22,22
360376,1,1,0,19,0,16,0,0,0,31,0,0
360377,1,1,19,0,42,0,26,0,13,0,17,52
360377,2,1,4,4,4,4,4,4,4,4,4,4
360378,1,1,1,1,1,1,1,1,1,1,1,1
360378,2,1,0,0,0,0,0,0,0,0,0,0
360378,3,1,0,0,12,0,0,0,30,0,0,29
360379,1,1,0,0,0,0,0,0,8,6,0,0
360380,1,1,0,0,14,0,0,0,0,0,0,0
360380,2,1,0,0,0,0,0,0,0,0,0,0
360381,1,1,3,3,3,3,3,3,3,3,3,3
360382,1,1,0,24,0,0,20,28,0,0,0,0
360383,1,1,0,0,18,0,0,0,0,0,0,23
360383,2,1,0,0,0,0,0,0,0,28,27,0
360384,1,1,5,5,5,5,5,5,5,5,5,5
360385,1,1,14,0,0,0,15,0,0,0,0,0
360386,0,1,20,20,20,20,20,20,20,20,20,20
360386,1,1,0,0,28,24,11,16,13,0,11,0
360387,1,1,0,0,0,0,0,0,0,0,0,0
360388,1,1,20,20,20,20,20,20,20,20,20,20
360389,1,1,23,0,16,23,0,0,0,0,12,11
360390,1,1,0,0,0,0,0,0,0,0,0,0
360391,1,1,0,7,0,0,0,6,30,0,0,0
360392,1,1,21,21,21,21,21,21,21,21,21,21
360392,2,1,10,0,0,0,0,13,0,0,11,0
360393,1,1,0,0,0,0,0,0,0,0,0,0
360394,0,1,0,0,0,0,0,0,0,0,0,0
360394,1,1,0,0,0,0,0,8,8,0,0,0
360395,0,1,34,34,34,34,34,34,34,34,34,34
360395,1,1,14,11,0,0,0,13,10,0,20,4
360396,1,1,0,0,0,14,0,2,0,17,0,0
360397,1,1,0,0,0,0,0,0,0,0,0,0
360398,0,1,22,0,7,0,21,34,0,16,21,0
360398,1,1,0,0,0,24,0,0,0,26,0,16
360400,1,1,28,28,28,28,28,28,28,28,28,28
360401,1,1,15,10,17,0,0,31,0,9,19,0
360402,1,1,10,10,10,10,10,10,10,10,10,10
360403,1,1,12,10,4,19,0,13,6,14,14,12
360404,1,1,0,0,0,0,0,0,0,0,0,0
360405,1,1,0,0,0,0,0,0,0,0,0,0
360406,1,1,0,0,0,0,28,0,0,0,0,14
360406,2,1,0,0,0,22,0,9,31,9,0,0
360407,0,1,0,0,0,0,0,0,0,0,0,0
360407,1,1,0,13,0,0,7,0,0,0,0,0
360408,0,1,0,0,0,0,0,0,0,0,0,0
360408,1,1,0,0,13,13,0,18,0,21,30,9
360409,1,1,0,0,0,0,6,0,22,0,0,0
360409,2,1,0,0,0,9,0,0,0,4,0,0
360410,1,1,0,0,0,0,0,0,0,0,0,0
360410,2,1,2,2,2,2,2,2,2,2,2,2
360411,0,1,0,0,0,0,0,0,0,0,0,0
360411,1,1,17,0,4,0,11,0,15,0,25,0
360412,1,1,0,0,16,0,0,0,0,0,0,0
360412,2,1,0,0,0,0,0,0,0,0,0,0
360413,1,1,12,0,0,0,0,0,0,0,0,0
360414,0,1,0,0,0,0,0,0,0,0,0,0
360414,1,1,0,0,0,0,0,0,0,0,0,6
360415,1,1,0,0,0,0,0,0,0,0,0,0
360416,1,1,0,0,13,0,0,0,33,0,17,0
360416,2,1,0,0,0,0,0,20,0,0,6,9
360417,1,1,5,5,5,5,5,5,5,5,5,5
360418,1,1,0,0,0,9,0,0,0,0,0,0
360418,2,1,0,0,0,0,0,0,0,0,0,0
360419,0,1,16,16,16,16,16,16,16,16,16,16
360419,1,1,0,0,0,0,0,0,0,0,0,0
360420,1,1,0,0,7,13,11,16,7,17,6,15
360420,2,1,0,0,0,0,0,0,0,0,0,0
360421,1,1,0,0,0,0,0,0,0,0,0,0
360422,0,1,0,0,0,0,0,0,0,0,0,0
360422,1,1,0,0,0,19,5,0,12,0,0,0
360423,1,1,39,39,39,39,39,39,39,39,39,39
360424,1,1,0,0,0,0,0,0,5,0,0,0
360424,2,1,22,22,22,22,22,22,22,22,22,22
360425,1,1,2,0,0,0,0,0,0,0,0,0
360425,2,1,0,0,0,0,0,0,0,0,0,0
360425,3,1,0,0,15,12,0,0,0,0,0,0
360426,1,1,7,7,7,7,7,7,7,7,7,7
360427,1,1,0,0,0,0,0,0,0,0,0,0
360427,2,1,0,0,0,0,0,0,0,0,0,0
360428,1,1,0,0,0,0,0,0,0,0,0,0
360429,1,1,4,4,4,4,4,4,4,4,4,4
360429,2,1,19,0,6,36,0,0,28,0,0,3
360430,1,1,0,0,0,0,0,0,0,0,0,0
360431,1,1,0,0,0,0,0,0,0,0,0,0
360431,2,1,0,7,0,0,0,0,0,0,0,0
360432,1,1,0,9,20,0,0,0,31,33,0,22
360433,1,1,0,0,0,0,0,0,0,0,0,0
360433,2,1,0,22,0,0,0,0,0,0,26,0
360434,0,1,0,0,0,0,0,0,0,0,0,0
360434,1,1,0,0,0,0,0,0,0,0,0,0
360435,1,1,0,0,0,0,0,0,0,0,0,0
360435,2,1,0,0,0,11,0,0,0,0,0,0
360435,3,1,0,0,0,0,0,0,0,0,0,0
360436,1,1,0,0,8,0,0,0,0,0,0,0
360437,1,1,0,0,0,0,0,0,0,0,0,0
360437,2,1,0,0,0,0,0,0,0,0,0,0
360438,1,1,0,29,33,0,0,0,0,16,17,0
360438,2,1,5,5,5,5,5,5,5,5,5,5
360439,1,1,24,24,24,24,24,24,24,24,24,24
360440,1,1,26,0,9,0,11,0,14,22,0,0
360441,1,1,0,0,0,0,0,0,0,0,0,0
360441,2,1,26,0,0,0,0,5,0,10,10,21
360442,1,1,0,0,0,0,0,0,0,0,0,0
360443,1,1,7,0,0,0,0,26,22,11,20,0
360443,2,1,4,0,0,0,0,0,0,0,19,15
360444,1,1,0,0,0,0,0,0,0,0,0,0
360444,2,1,3,0,26,16,0,0,0,0,0,0
360445,1,1,0,0,0,0,0,0,0,0,0,0
360445,2,1,0,0,0,0,0,0,0,0,0,0
360445,3,1,0,0,0,0,0,16,0,0,31,0
360446,0,1,0,0,0,0,0,0,0,0,0,0
360446,1,1,9,20,12,6,5,19,7,8,12,17
360447,1,1,0,0,0,0,0,0,0,0,0,0
360448,1,1,16,16,16,16,16,16,16,16,16,16
360449,1,1,0,15,0,0,0,0,0,0,0,0
360449,2,1,0,0,0,0,0,0,0,0,0,0
360450,0,1,0,0,15,0,17,0,0,38,0,32
360450,1,1,0,0,0,0,0,18,0,0,0,0
360451,0,1,0,0,0,0,0,0,0,0,0,0
360451,1,1,0,0,0,0,0,0,0,0,0,0
360452,1,1,0,0,0,0,0,0,0,0,0,0
360453,0,1,0,0,17,0,0,0,0,0,0,0
360453,1,1,0,0,0,23,0,0,0,11,17,20
360454,1,1,0,0,0,0,0,0,0,0,0,0
360454,2,1,0,0,0,0,0,0,0,0,0,0
360455,1,1,0,0,0,0,0,0,0,0,0,0
360455,2,1,0,0,0,0,10,0,0,0,7,0
360456,1,1,24,24,24,24,24,24,24,24,24,24
360456,2,1,0,0,0,0,0,0,0,0,0,0
360456,3,1,23,0,0,0,0,12,24,0,16,0
360456,4,1,0,0,0,14,0,5,0,0,17,12
360457,0,1,31,31,31,31,31,31,31,31,31,31
360457,1,1,0,0,0,0,0,0,0,0,0,0
360458,0,1,0,0,0,0,0,0,0,0,0,0
360458,1,1,0,0,0,10,16,0,0,0,0,0
360458,2,1,0,0,0,0,0,14,0,7,0,0
360459,0,1,22,0,0,0,32,18,0,0,0,0
360459,1,1,0,0,0,0,0,0,0,0,0,16
360460,0,1,0,0,0,0,0,0,0,0,0,0
360460,1,1,0,0,0,0,0,0,0,0,0,0
360461,1,1,0,0,0,0,0,0,0,0,0,0
360461,2,1,0,0,0,0,0,0,11,0,0,0
360462,1,1,13,0,0,14,13,0,0,0,0,16
360462,2,1,0,0,0,0,0,0,0,0,0,0
360463,1,1,0,0,0,0,0,0,0,0,0,0
360463,2,1,0,19,0,0,0,0,0,21,0,0
360464,1,1,0,0,0,15,0,11,11,0,0,0