ST_CASE,VEH_NO,PER_NO,P1,P2,P3,P4,P5,P6,P7,P8,P9,P10
370408,2,1,0,0,0,0,0,0,0,0,0,0
370409,1,1,13,6,31,11,11,19,16,0,10,20
370410,0,1,0,0,28,15,0,15,36,21,0,15
370410,0,2,22,0,0,0,0,0,0,16,0,9
370410,1,1,0,0,0,7,0,0,0,0,0,0
370411,1,1,0,0,0,0,0,0,0,0,0,0
370411,2,1,2,2,2,2,2,2,2,2,2,2
370412,1,1,0,0,0,0,3,0,0,0,0,0
370412,2,1,0,0,0,0,0,0,0,0,0,0
370413,1,1,0,0,0,0,0,0,0,0,0,0
370413,2,1,0,0,0,0,0,0,0,0,0,24
370414,1,1,29,17,17,0,24,14,0,0,22,0
370415,1,1,0,0,0,0,0,0,0,0,0,0
370416,1,1,21,21,21,21,21,21,21,21,21,21
370417,1,1,0,0,0,0,0,0,0,0,0,0
370418,1,1,0,0,0,0,0,0,0,0,0,0
370418,2,1,0,0,0,0,0,0,0,0,0,0
370419,1,1,0,0,0,0,0,0,0,0,0,0
370419,2,1,2,2,2,2,2,2,2,2,2,2
370420,1,1,0,0,0,0,0,0,0,0,0,0
370421,0,1,23,23,23,23,23,23,23,23,23,23
370421,0,2,0,17,0,0,0,0,11,9,0,0
370421,1,1,0,0,0,0,0,0,0,0,0,0
370422,1,1,17,17,17,17,17,17,17,17,17,17
370422,2,1,0,0,0,0,0,0,0,0,0,0
370423,0,1,0,0,0,0,0,0,0,0,0,0
370423,1,1,0,5,0,0,0,0,0,0,0,0
370424,1,1,8,8,8,8,8,8,8,8,8,8
370425,1,1,0,0,0,0,0,0,0,0,0,0
370425,2,1,0,0,0,0,0,0,0,0,0,0
370426,1,1,0,0,0,0,0,0,0,0,0,0
370426,2,1,0,0,0,0,0,0,0,0,0,0
370427,0,1,0,0,0,0,0,0,0,0,0,0
370427,1,1,13,17,17,0,13,0,8,18,24,21
370428,1,1,0,0,0,0,0,0,0,0,0,0
370428,2,1,0,0,0,0,0,0,0,0,0,0
370428,3,1,0,0,0,0,0,0,0,0,0,0
370429,1,1,22,36,0,26,0,17,0,0,0,0
370429,2,1,0,0,0,0,0,0,0,0,0,0
370430,0,1,20,20,20,20,20,20,20,20,20,20
370430,1,1,0,0,4,0,0,0,0,0,0,0
370431,1,1,16,16,16,16,16,16,16,16,16,16
370432,1,1,0,0,0,0,0,0,0,0,0,0
370432,2,1,0,0,0,0,0,0,0,0,24,0
370433,1,1,8,8,8,8,8,8,8,8,8,8
370433,2,1,37,13,0,14,6,16,7,12,0,23
370434,1,1,0,0,0,0,0,0,0,0,0,0
370435,1,1,0,0,0,0,0,0,0,0,0,0
370435,2,1,0,0,0,0,0,0,0,0,0,0
370436,0,1,0,0,0,0,0,0,0,0,0,0
370436,1,1,0,0,0,0,0,0,0,3,0,0
370437,1,1,0,0,0,0,0,0,0,0,24,0
370437,2,1,25,0,0,0,0,0,0,0,0,0
370437,3,1,0,0,0,0,0,0,0,0,0,0
370437,4,1,0,0,0,0,0,0,0,0,8,0
370437,5,1,0,0,0,0,0,0,0,0,0,0
370438,0,1,0,0,0,21,0,0,0,0,0,0
370438,1,1,0,0,0,0,0,0,0,0,0,0
370439,1,1,16,0,0,32,9,21,19,4,9,0
370440,1,1,24,10,20,16,23,10,35,27,16,29
370441,1,1,21,21,21,21,21,21,21,21,21,21
370442,1,1,0,0,0,0,0,0,0,0,0,0
370443,0,1,0,0,16,0,0,0,11,23,0,47
370443,1,1,0,0,0,0,0,16,0,0,0,0
370444,1,1,0,0,0,0,0,0,0,0,0,0
370445,1,1,0,0,0,0,0,0,0,0,0,0
370445,2,1,0,0,0,0,0,0,0,0,0,0
370445,3,1,0,0,0,0,0,0,0,0,0,0
370445,4,1,0,0,0,0,0,0,0,0,0,0
370446,1,1,0,0,0,0,19,0,0,10,0,0
370446,2,1,0,0,0,0,0,0,0,0,0,0
370447,0,1,0,0,0,0,0,0,0,0,0,0
370447,1,1,0,0,0,0,0,0,0,0,0,0
370448,1,1,3,3,3,3,3,3,3,3,3,3
370449,1,1,24,29,0,20,45,20,18,0,15,25
370449,2,1,0,0,0,0,0,15,0,13,18,0
370450,1,1,0,0,0,0,0,0,0,0,0,0
370450,2,1,0,0,0,0,0,0,0,0,0,0
370451,1,1,18,0,15,0,0,0,6,0,0,0
370451,2,1,0,0,0,0,0,0,0,0,0,0
370452,1,1,0,0,0,0,0,0,0,0,0,0
370453,1,1,21,16,0,15,15,4,16,37,11,0
370453,2,1,0,0,0,0,0,0,0,0,0,0
370454,1,1,0,0,9,0,0,0,0,0,0,0
370455,0,1,11,0,0,0,0,0,0,0,0,21
370455,1,1,0,0,0,13,14,0,0,0,0,11
370455,2,1,0,0,0,17,38,0,0,7,0,0
370456,1,1,21,21,21,21,21,21,21,21,21,21
370457,0,1,0,0,0,23,0,21,0,0,15,0
370457,1,1,0,0,0,0,0,9,0,0,0,0
370458,1,1,0,0,0,0,0,0,0,0,0,0
370458,2,1,0,0,0,0,0,0,0,15,0,0
370459,1,1,0,0,0,0,0,0,0,0,0,0
370459,2,1,0,0,0,0,0,0,0,0,0,0
370459,3,1,0,0,0,0,0,0,0,0,0,0
370459,4,1,0,0,0,0,0,0,0,0,0,0
370460,1,1,0,0,0,33,0,0,0,0,0,0
370461,1,1,0,14,0,29,21,0,0,0,0,0
370462,1,1,0,0,0,0,0,0,0,0,0,0
370462,2,1,0,0,0,0,0,0,0,0,0,0
370463,1,1,0,0,0,0,0,0,0,0,13,0
370463,2,1,0,0,12,28,0,0,0,0,0,0
370464,1,1,0,0,0,0,0,0,0,0,0,0
370465,1,1,0,0,0,0,0,0,0,0,0,0
370465,2,1,0,0,0,0,0,0,0,0,0,0
370466,1,1,0,0,0,0,0,0,0,0,0,0
370466,2,1,0,0,0,0,0,0,0,0,0,0
370467,1,1,0,0,0,0,0,0,0,0,0,0
370468,1,1,0,0,0,0,0,0,0,0,0,0
370468,2,1,0,0,0,0,0,0,0,0,0,0
370469,1,1,19,19,19,19,19,19,19,19,19,19
370470,0,1,11,11,11,11,11,11,11,11,11,11
370470,1,1,0,0,5,0,0,0,0,0,0,0
370471,1,1,0,0,0,0,0,0,0,0,0,0
370472,0,1,0,0,0,0,0,0,0,0,0,0
370472,1,1,0,0,0,0,0,0,0,0,0,0
370473,1,1,17,17,17,17,17,17,17,17,17,17
370474,1,1,11,11,11,11,11,11,11,11,11,11
370475,0,1,0,0,0,0,0,0,0,0,0,0
370475,1,1,0,0,0,0,0,0,0,0,0,0
370476,1,1,0,0,0,0,0,0,28,0,0,0
370477,1,1,13,24,29,13,14,15,0,17,3,8
370478,1,1,15,15,15,15,15,15,15,15,15,15
370479,1,1,12,12,12,12,12,12,12,12,12,12
370479,2,1,15,15,15,15,15,15,15,15,15,15
370480,1,1,0,0,0,0,0,0,0,0,0,0
370480,2,1,0,0,0,0,0,0,0,0,0,0
370481,1,1,0,0,0,0,0,0,0,0,0,0
370481,2,1,0,0,0,0,0,0,0,0,29,0
370481,3,1,0,0,0,0,0,0,0,0,0,0
370482,1,1,0,0,0,0,0,0,0,0,0,0
370482,2,1,28,0,0,0,0,0,0,0,0,0
370483,0,1,7,0,0,0,0,0,0,28,17,0
370483,1,1,0,9,5,38,19,0,14,16,37,24
370484,0,1,0,0,0,0,0,0,0,0,0,0
370484,1,1,0,0,0,0,0,0,0,0,0,0
370484,2,1,0,0,5,10,0,0,0,0,0,0
370484,3,1,0,0,0,0,0,0,0,0,0,10
370485,1,1,0,0,0,0,0,16,0,0,29,0
370485,2,1,0,10,0,6,13,0,0,12,12,0
370486,1,1,0,0,0,0,0,0,0,0,0,0
370486,2,1,0,0,0,0,20,0,0,0,0,0
370487,1,1,0,0,0,0,0,0,0,0,0,0
370488,1,1,0,0,0,0,0,0,0,9,0,18
370488,2,1,24,0,0,0,0,0,0,0,0,0
370489,1,1,0,0,0,0,0,0,0,0,0,0
370490,1,1,0,0,0,0,0,0,0,0,0,0
370490,2,1,0,0,0,0,0,0,0,0,0,0
370491,0,1,0,0,0,0,0,0,0,0,0,0
370491,1,1,0,0,0,0,0,0,0,0,0,0
370492,1,1,0,0,0,0,0,0,0,0,0,0
370492,2,1,21,0,0,0,0,0,18,0,0,0
370493,1,1,0,0,0,0,0,0,0,0,0,0
370493,2,1,0,0,0,0,0,0,0,0,0,0
370494,1,1,0,0,0,0,0,0,0,0,0,0
370495,1,1,0,20,14,0,0,0,0,0,0,0
370495,2,1,0,0,0,0,0,0,0,0,0,0
370495,3,1,0,0,0,0,0,0,0,0,0,0
370496,1,1,42,42,42,42,42,42,42,42,42,42
370496,2,1,0,0,0,0,0,0,0,0,0,0
370497,1,1,13,13,13,13,13,13,13,13,13,13
370498,1,1,0,0,0,0,0,0,0,0,0,0
370499,1,1,0,0,0,0,0,0,0,0,0,0
370500,1,1,0,0,0,0,0,0,0,0,0,0
370501,1,1,0,0,0,0,0,0,0,0,0,0
370502,0,1,0,0,0,0,0,0,0,0,0,0
370502,1,1,0,0,0,0,0,0,0,0,0,0
370503,1,1,0,0,0,0,0,0,30,0,0,0
370503,2,1,0,0,0,0,0,0,0,0,0,0
370504,1,1,0,0,0,0,0,0,0,0,0,0
370505,1,1,0,0,0,0,2,0,0,0,0,0
370505,2,1,0,0,0,0,0,0,0,0,0,0
370506,1,1,0,0,0,0,0,0,0,0,0,0
370506,2,1,0,0,0,0,0,0,29,0,0,0
370507,1,1,25,25,25,25,25,25,25,25,25,25
370508,1,1,0,0,0,0,0,0,0,0,0,0
370508,2,1,13,13,13,13,13,13,13,13,13,13
370509,1,1,0,0,0,0,0,0,0,0,0,0
370509,2,1,0,0,0,0,0,15,0,0,0,19
370510,1,1,0,0,0,0,0,0,0,0,0,0
370511,1,1,11,11,11,11,11,11,11,11,11,11
370511,2,1,0,0,0,0,0,0,0,0,0,0
370512,1,1,0,0,0,0,0,12,0,0,0,3
370512,2,1,0,0,0,0,0,0,0,0,0,0
370513,1,1,0,0,0,0,0,0,0,0,0,0
370513,2,1,0,0,0,0,0,0,0,0,19,0
370514,1,1,0,0,24,0,0,12,0,0,0,0
370515,1,1,0,0,0,0,0,0,0,0,0,0
370516,0,1,0,0,0,0,0,0,0,0,0,0
370516,0,2,0,14,0,0,0,35,17,0,0,0
370516,1,1,0,0,0,0,0,0,0,0,0,0
370516,2,1,11,0,0,0,0,0,0,0,0,10
370517,1,1,9,9,9,9,9,9,9,9,9,9
370517,2,1,0,0,5,28,11,0,0,27,0,0
370518,1,1,1,1,1,1,1,1,1,1,1,1
370519,0,1,0,0,0,0,0,0,0,0,0,0
370519,1,1,0,0,0,0,0,0,0,0,15,0
370520,0,1,0,0,0,0,16,22,0,0,0,0
370520,2,1,0,0,0,0,0,0,0,0,0,0
370521,1,1,0,0,0,0,0,0,0,0,0,0
370522,0,1,0,0,0,0,0,0,0,0,0,23
370522,1,1,0,0,0,0,0,0,0,0,0,0
370523,0,1,16,16,16,16,16,16,16,16,16,16
370523,1,1,0,0,0,0,0,0,0,0,0,0
370524,1,1,0,0,8,0,0,0,0,0,0,12
370524,2,1,0,0,0,0,0,0,0,0,0,0
370525,0,1,3,3,3,3,3,3,3,3,3,3
370525,1,1,0,0,0,0,4,0,0,0,0,0
370526,1,1,6,6,6,6,6,6,6,6,6,6
370527,1,1,0,0,22,0,0,0,0,0,0,0
370527,2,1,18,0,0,20,0,0,0,0,0,0
370528,1,1,0,0,0,0,0,0,0,0,0,0
370529,1,1,0,0,0,0,0,0,0,0,0,31
370529,2,1,0,18,0,13,0,0,0,0,0,0
370529,3,1,0,0,0,0,0,0,0,0,0,0
370530,1,1,0,0,0,32,0,0,0,0,0,0
370530,2,1,0,0,0,3,0,0,0,0,22,0
370531,1,1,0,0,0,0,0,0,0,0,0,0
370531,2,1,0,0,0,0,0,0,0,0,0,0
370532,1,1,0,0,0,0,0,0,16,0,0,0
370532,2,1,0,0,0,0,0,0,0,0,0,0
370533,1,1,0,0,0,0,0,0,0,0,0,0
370533,2,1,0,0,0,0,0,0,0,0,0,0
370533,3,1,0,0,0,0,0,0,0,0,0,0
370533,4,1,0,0,0,0,0,0,0,0,0,0
370534,1,1,0,0,0,0,0,0,0,0,0,0
370535,1,1,14,14,14,14,14,14,14,14,14,14
370535,2,1,0,14,2,15,0,0,0,0,0,0
370536,0,1,24,24,24,24,24,24,24,24,24,24
370536,1,1,0,0,0,0,0,0,0,0,5,0
370537,1,1,4,4,4,4,4,4,4,4,4,4
370538,1,1,0,0,0,0,0,0,0,0,0,0
370538,2,1,0,0,0,0,0,0,0,0,0,0
370539,1,1,0,0,0,0,0,0,0,0,0,0
370540,1,1,22,22,22,22,22,22,22,22,22,22
370541,1,1,0,0,0,0,0,0,0,0,0,0
370541,2,1,0,0,0,0,0,0,0,0,0,0
370542,1,1,0,0,0,0,0,0,0,0,0,0
370542,2,1,0,0,0,0,0,0,0,0,0,0
370542,3,1,8,7,13,31,19,10,10,22,29,12
370543,1,1,0,0,0,0,0,0,0,5,21,0
370543,2,1,0,0,0,0,0,0,10,0,0,0
370544,1,1,0,0,0,0,0,0,0,0,0,15
370545,1,1,0,0,0,0,0,0,0,0,0,0
370545,2,1,0,0,0,0,0,0,0,0,0,0
370546,1,1,0,0,0,0,11,0,0,25,18,12
370547,1,1,0,0,0,0,0,0,0,0,0,0
370548,1,1,0,0,0,0,0,0,0,0,0,0
370548,2,1,0,0,0,0,0,0,0,0,0,0
370549,1,1,0,0,0,0,0,0,0,0,0,0
370549,2,1,0,0,0,0,0,0,0,0,0,0
370550,1,1,0,0,0,0,0,0,0,0,0,0
370550,2,1,16,0,0,0,0,18,0,0,0,0
370550,3,1,10,0,17,10,7,0,2,0,0,0
370551,1,1,0,0,0,0,0,0,0,0,0,0
370551,2,1,0,0,0,0,0,0,0,0,0,0
370551,3,1,0,0,0,0,0,0,0,0,0,0
370552,1,1,26,26,26,26,26,26,26,26,26,26
370553,1,1,0,0,0,0,0,0,0,0,0,0
370554,1,1,0,0,0,0,0,0,0,0,0,0
370554,2,1,0,0,0,0,0,0,0,0,0,0
370554,3,1,0,0,0,0,0,0,0,0,0,0
370555,1,1,0,0,0,0,0,0,0,0,0,0
370556,1,1,0,0,0,0,0,0,0,0,0,0
370556,2,1,0,0,0,0,0,0,0,0,0,13
370557,1,1,0,0,0,0,0,0,0,0,0,0
370557,2,1,0,0,0,0,0,0,0,0,0,0
370558,1,1,0,20,9,0,4,0,0,20,17,26
370559,1,1,0,0,0,0,0,0,0,0,0,0
370560,1,1,0,0,0,0,0,0,0,0,0,0
370560,2,1,0,0,0,0,0,0,0,0,0,0
370561,1,1,0,0,0,0,0,0,0,0,0,0
370561,2,1,0,0,0,0,0,0,0,0,0,0
370562,1,1,0,0,0,0,0,0,0,0,0,0
370562,2,1,0,0,0,0,0,0,12,0,0,0
370563,1,1,17,17,17,17,17,17,17,17,17,17
370564,1,1,15,15,15,15,15,15,15,15,15,15
370564,2,1,0,0,0,0,0,0,0,17,0,0
370564,3,1,0,0,0,0,0,0,0,0,0,33
370565,1,1,18,18,18,18,18,18,18,18,18,18
370565,2,1,0,0,5,0,0,0,0,0,0,0
370566,1,1,0,0,0,0,0,0,0,0,0,0
370566,2,1,0,0,0,0,0,0,0,0,0,0
370567,1,1,0,0,0,0,0,0,0,0,0,0
370567,2,1,0,23,0,0,0,0,0,0,0,0
370568,1,1,13,0,16,21,0,0,0,0,18,0
370569,0,1,0,0,0,0,0,0,0,0,0,0
370569,1,1,0,10,7,0,0,0,0,0,0,0
370570,1,1,0,0,0,0,0,0,0,0,0,0
370570,2,1,25,0,0,0,0,0,0,0,0,0
370571,1,1,0,10,0,15,0,5,0,0,0,0
370571,2,1,0,0,0,0,0,0,0,0,0,0
370572,1,1,15,0,0,0,0,0,8,0,0,0
370573,1,1,0,0,0,23,0,0,0,0,14,0
370574,1,1,0,0,0,0,0,0,0,0,0,0
370574,2,1,18,18,18,18,18,18,18,18,18,18
370575,1,1,0,0,0,0,0,0,0,0,0,0
370576,1,1,23,23,23,23,23,23,23,23,23,23
370577,0,1,0,0,0,0,0,0,0,0,0,0
370577,1,1,0,0,0,0,0,0,0,0,0,0
370578,0,1,0,0,0,0,0,0,0,0,0,0
370578,1,1,0,0,19,8,13,19,26,0,0,0
370579,2,1,0,0,0,0,0,0,0,0,0,0
370579,3,1,0,0,0,0,0,0,0,0,0,0
370579,4,1,0,0,0,0,0,20,0,0,0,0
370580,0,1,0,0,0,0,28,0,9,14,0,0
370580,1,1,0,0,0,0,0,0,0,0,0,0
370581,1,1,0,0,0,0,0,0,0,0,0,0
370582,1,1,0,0,0,0,0,0,0,0,0,0
370582,2,1,0,0,0,0,0,0,0,0,0,0
370583,1,1,0,0,0,0,0,0,0,0,0,0
370583,2,1,0,0,0,0,0,0,0,0,0,2
370584,1,1,0,0,0,0,0,0,0,0,0,0
370584,2,1,0,0,0,0,0,0,0,14,0,4
370585,1,1,0,0,0,0,0,0,0,0,0,0
370586,1,1,0,0,0,0,0,0,0,0,5,0
370586,2,1,0,0,0,0,0,0,0,0,0,0
370587,1,1,0,0,0,0,0,0,16,0,0,21
370588,1,1,16,16,16,16,16,16,16,16,16,16
370589,0,1,0,0,0,0,0,0,0,0,0,0
370589,0,2,0,0,0,0,3,12,0,0,0,0
370589,1,1,16,17,16,6,15,12,17,15,14,28
370590,1,1,27,2,0,0,0,0,0,0,0,0
370590,2,1,0,0,0,0,0,0,0,0,0,9
370591,1,1,0,0,0,0,0,0,0,0,0,0
370591,2,1,0,0,0,0,0,0,0,0,0,0
370592,1,1,15,15,15,15,15,15,15,15,15,15
370593,1,1,12,0,0,0,0,0,0,0,0,0
370593,2,1,0,0,0,0,0,0,0,0,0,0
370594,1,1,30,30,30,30,30,30,30,30,30,30
370595,0,1,31,31,31,31,31,31,31,31,31,31
370595,1,1,0,0,0,11,0,0,0,0,0,0
370596,1,1,0,8,0,13,0,0,13,0,8,16
370596,2,1,0,0,0,0,0,0,0,0,25,8
370597,1,1,0,0,0,0,0,0,0,0,0,0
370597,2,1,0,0,0,0,14,13,0,27,0,0
370598,1,1,16,16,16,16,16,16,16,16,16,16
370598,2,1,9,0,0,0,0,12,0,0,0,0
370599,1,1,0,0,0,0,0,0,0,0,0,0
370599,2,1,0,0,0,0,0,0,0,0,0,0
370600,1,1,0,0,0,0,0,0,0,0,0,0
370600,2,1,0,0,0,0,0,0,0,0,0,0
370600,3,1,0,0,0,0,0,0,0,0,0,0
370601,1,1,19,19,19,19,19,19,19,19,19,19
370602,1,1,0,0,0,0,0,0,0,0,0,0
370602,2,1,0,0,0,0,0,0,0,0,0,0
370603,1,1,17,17,17,17,17,17,17,17,17,17
370604,1,1,0,0,10,0,0,0,0,14,0,0
370604,2,1,0,0,0,0,0,16,0,0,0,0
370605,1,1,15,13,13,12,7,14,15,18,23,20
370606,1,1,0,0,0,0,0,0,0,0,0,0
370607,1,1,0,0,0,0,0,0,0,0,22,0
370607,2,1,18,0,0,0,18,0,6,0,0,0
370607,3,1,0,0,0,0,21,0,0,0,0,0
370608,1,1,16,16,16,16,16,16,16,16,16,16
370609,1,1,0,0,0,0,0,0,0,0,0,0
370610,1,1,7,7,7,7,7,7,7,7,7,7
370611,1,1,21,23,16,12,7,37,0,35,24,0
370611,2,1,0,0,0,0,0,0,14,0,0,0
370611,3,1,0,0,0,0,19,0,0,0,0,0
370612,0,1,0,10,0,23,37,11,13,0,23,0
370612,1,1,0,0,31,0,0,0,0,8,0,0
370613,0,1,0,0,0,0,0,9,0,0,0,0
370613,1,1,0,0,0,0,30,0,0,0,0,0
370614,1,1,0,0,0,0,0,0,0,0,0,0
370614,2,1,0,0,0,0,0,0,0,0,0,0
370615,0,1,0,9,0,32,0,28,0,16,0,0
370615,1,1,0,0,0,0,23,0,0,0,0,0
370616,1,1,0,0,0,0,0,0,0,0,0,0
370616,2,1,0,0,0,0,0,0,0,0,0,0
370617,0,1,35,25,11,43,29,6,28,18,33,26
370617,1,1,0,0,0,0,0,0,0,0,0,13
370618,1,1,18,18,18,18,18,18,18,18,18,18
370619,1,1,17,17,17,17,17,17,17,17,17,17
370620,0,1,7,7,7,7,7,7,7,7,7,7
370620,1,1,12,13,2,24,7,14,24,9,14,26
370621,1,1,0,0,0,0,0,0,0,0,0,0
370621,2,1,0,0,0,0,0,0,0,0,0,0
370622,1,1,0,0,0,0,0,0,0,0,0,0
370622,2,1,11,0,0,0,0,0,0,0,0,0
370623,1,1,19,15,6,0,23,16,21,47,11,15
370624,1,1,20,14,23,8,3,22,18,10,20,0
370624,2,1,0,0,0,0,0,0,0,0,0,0
370625,2,1,0,0,0,0,0,0,0,0,0,0
370626,1,1,0,0,0,0,0,0,0,0,0,0
370626,2,1,0,0,0,0,0,0,0,0,0,0
370627,0,1,0,0,0,0,0,0,0,0,0,0
370627,1,1,8,0,40,10,12,13,31,5,20,18
370628,1,1,0,0,0,0,0,0,0,0,0,0
370628,2,1,0,0,0,0,0,0,0,0,0,0
370628,3,1,0,0,0,0,0,0,0,0,0,0
370628,4,1,0,0,0,0,0,0,0,0,37,0
370629,1,1,0,0,0,0,0,0,0,0,0,0
370629,2,1,0,0,0,0,0,9,0,0,0,0
370629,3,1,0,0,0,0,0,0,0,0,0,0
370629,4,1,0,0,0,0,0,0,0,0,0,0
370629,5,1,0,0,0,0,0,0,0,0,0,0
370630,1,1,0,0,0,0,0,0,0,0,0,0
370630,2,1,0,0,0,0,0,0,0,0,0,0
370631,1,1,0,0,0,0,0,0,0,0,0,0
370631,2,1,0,0,0,0,0,0,0,0,0,0
370632,1,1,25,28,19,33,14,8,16,17,0,14
370632,2,1,0,0,0,0,0,0,0,0,0,0
370632,3,1,0,0,0,0,0,0,0,0,0,0
370633,1,1,0,0,19,0,0,0,18,0,15,0
370634,1,1,10,10,10,10,10,10,10,10,10,10
370635,1,1,0,0,0,0,11,0,0,0,0,0
370636,1,1,12,0,0,0,0,0,0,0,0,21
370636,2,1,18,0,0,21,0,0,0,0,0,0
370637,1,1,0,0,0,0,0,0,18,0,0,0
370638,0,1,12,10,10,17,0,19,32,18,0,46
370638,1,1,0,11,23,0,0,19,0,0,13,16
370639,1,1,0,0,0,0,0,0,11,0,0,6
370640,1,1,0,0,0,0,0,0,0,0,0,0
370640,2,1,0,0,0,0,0,0,0,0,0,0
370641,1,1,0,0,0,0,0,0,31,0,0,0
370641,2,1,0,0,0,0,0,0,0,0,0,0
370642,1,1,18,18,18,18,18,18,18,18,18,18
370642,2,1,0,0,0,0,0,0,8,0,36,12
370643,1,1,5,0,30,13,19,43,23,0,18,0
370643,2,1,0,0,0,0,0,0,0,13,0,0
370644,0,1,12,12,12,12,12,12,12,12,12,12
370644,1,1,0,0,0,0,0,0,11,0,15,13
370645,1,1,0,0,0,0,0,0,0,11,16,0
370646,1,1,0,0,0,8,0,0,0,0,30,33
370647,1,1,0,0,0,0,0,0,0,0,0,0
370647,2,1,22,22,22,22,22,22,22,22,22,22
370647,3,1,0,0,0,0,0,0,0,0,14,0
370648,1,1,16,15,14,18,4,6,4,20,24,9
370648,2,1,0,0,0,0,0,0,0,0,0,0
370649,1,1,0,0,0,0,0,0,0,0,0,0
370650,1,1,0,0,0,0,0,0,0,0,0,0
370650,2,1,0,0,0,0,0,0,0,14,0,17
370651,1,1,0,0,0,0,0,0,0,0,0,0
370651,2,1,24,24,24,24,24,24,24,24,24,24
370652,1,1,0,0,0,0,0,0,0,0,0,0
370653,1,1,0,0,0,50,0,0,0,0,0,0
370654,1,1,0,0,0,0,0,0,0,0,0,0
370654,2,1,0,0,0,0,0,0,0,0,0,0
370655,1,1,0,0,0,0,0,0,0,0,0,0
370656,0,1,34,34,34,34,34,34,34,34,34,34
370656,1,1,0,0,0,0,0,12,0,0,0,0
370657,1,1,30,30,30,30,30,30,30,30,30,30
370657,2,1,0,0,0,0,11,0,0,0,0,0
370658,1,1,22,22,22,22,22,22,22,22,22,22
370659,1,1,12,4,30,3,10,0,0,4,0,2
370660,0,1,0,0,0,0,0,13,0,0,0,11
370660,1,1,0,0,0,21,0,0,0,0,0,0
370660,2,1,0,0,0,0,0,0,0,0,0,0
370661,1,1,0,0,0,0,0,0,0,0,0,0
370662,1,1,0,0,0,0,0,0,0,0,0,0
370663,1,1,0,0,0,0,0,0,0,0,0,0
370663,2,1,0,0,0,0,0,0,0,0,0,0
370664,0,1,0,0,0,0,0,0,0,0,0,0
370664,1,1,10,10,10,10,10,10,10,10,10,10
370665,0,1,22,12,12,9,14,24,0,20,11,9
370665,1,1,6,14,0,17,0,13,24,20,10,0
370666,0,1,0,0,0,0,0,0,0,0,0,0
370666,1,1,0,0,0,0,0,0,0,0,0,0
370667,0,1,0,0,0,0,0,0,0,0,0,0
370667,0,2,0,0,0,0,0,0,0,0,0,0
370667,1,1,0,0,0,0,0,0,0,0,0,0
370667,2,1,0,0,22,0,0,0,0,0,0,0
370668,1,1,0,0,0,0,0,0,0,0,0,0
370668,2,1,0,0,0,0,0,0,0,0,0,0
370669,1,1,0,0,0,0,0,0,0,0,0,0
370669,2,1,0,0,0,0,0,0,0,0,0,0
370670,1,1,0,22,0,0,7,0,18,0,11,0
370671,1,1,0,0,0,0,0,0,0,0,0,0
370672,1,1,0,0,7,0,0,0,0,0,0,0
370673,1,1,16,16,16,16,16,16,16,16,16,16
370673,2,1,0,0,0,0,0,6,0,0,2,0
370674,0,1,0,0,0,0,0,0,0,0,0,0
370674,2,1,0,0,0,0,0,0,0,0,0,0
370675,1,1,0,0,0,0,0,0,0,0,0,0
370675,2,1,0,0,0,0,0,0,0,0,0,0
370675,3,1,0,0,0,0,0,0,0,0,0,0
370676,1,1,0,0,0,49,0,0,0,0,0,0
370676,2,1,0,0,0,0,0,0,0,0,0,0
370677,1,1,0,0,0,0,0,0,0,0,0,0
370678,1,1,5,5,5,5,5,5,5,5,5,5
370679,0,1,0,0,0,0,0,0,0,0,0,0
370679,1,1,0,0,0,0,6,0,0,0,0,0
370680,1,1,0,0,0,0,17,0,0,0,0,0
370680,2,1,0,3,0,0,10,12,0,0,0,10
370681,0,1,29,20,9,14,21,14,5,13,16,34
370681,1,1,0,0,0,0,0,0,0,0,0,0
370682,0,1,0,22,0,0,0,0,0,0,0,0
370682,1,1,0,5,0,0,0,0,0,0,0,0
370683,0,1,20,0,0,0,0,0,0,0,0,0
370683,0,2,0,0,0,0,19,0,0,0,0,0
370683,1,1,0,0,0,0,10,0,0,0,0,0
370684,0,1,13,17,16,12,16,0,18,25,23,35
370684,1,1,0,37,0,0,0,0,0,0,6,0
370685,1,1,0,0,0,0,0,0,0,0,0,0
370686,1,1,11,23,10,17,16,14,18,15,25,7
370686,2,1,25,0,0,0,0,0,0,0,0,0
370686,3,1,0,0,0,11,0,0,0,4,0,0
370687,1,1,14,39,12,5,24,6,24,8,16,38
370688,1,1,0,0,0,8,0,0,11,0,0,0
370688,2,1,0,0,0,0,0,27,0,0,0,0
370689,1,1,0,17,0,0,0,0,0,0,0,0
370690,1,1,18,18,18,18,18,18,18,18,18,18
370691,1,1,24,24,24,24,24,24,24,24,24,24
370692,1,1,0,0,0,0,0,0,0,0,7,0
370692,2,1,0,0,0,0,0,0,0,0,0,0
370692,3,1,0,0,0,0,0,0,0,0,0,0
370693,1,1,0,0,0,0,0,0,0,0,0,0
370694,1,1,0,0,0,0,0,0,0,0,0,0
370695,1,1,0,0,0,0,0,0,0,0,0,0
370695,2,1,17,10,16,30,36,7,31,15,10,36