ST_CASE,VEH_NO,PER_NO,P1,P2,P3,P4,P5,P6,P7,P8,P9,P10
370696,1,1,0,0,0,0,0,0,0,0,0,0
370696,2,1,0,0,0,0,0,0,0,0,0,0
370697,1,1,0,0,0,0,0,0,0,0,0,0
370697,2,1,0,0,0,0,0,0,0,0,13,0
370697,3,1,0,24,0,0,0,0,0,0,0,0
370697,4,1,0,0,0,0,0,0,0,0,0,0
370698,1,1,0,0,0,0,0,0,0,0,0,0
370698,2,1,0,0,0,0,0,0,0,0,0,0
370699,0,1,0,0,0,0,0,0,0,0,0,0
370699,1,1,0,0,0,0,0,0,0,0,0,0
370700,1,1,0,0,0,0,0,0,0,0,0,0
370701,1,1,0,0,0,0,0,0,0,0,0,0
370702,1,1,0,0,0,0,0,0,0,0,0,0
370702,2,1,0,0,8,0,0,0,0,0,0,9
370703,1,1,6,45,13,10,7,19,11,8,17,18
370703,2,1,0,0,0,25,0,18,0,0,0,0
370704,1,1,0,11,0,21,0,0,0,0,0,0
370704,2,1,0,0,0,0,0,0,0,0,0,0
370705,1,1,23,0,13,0,19,0,0,0,0,0
370706,1,1,0,0,0,0,0,0,0,0,0,0
370707,1,1,21,21,21,21,21,21,21,21,21,21
370708,0,1,0,0,0,26,34,0,0,27,0,0
370708,1,1,0,0,0,0,0,0,0,0,0,0
370709,1,1,2,2,2,2,2,2,2,2,2,2
370710,1,1,13,13,13,13,13,13,13,13,13,13
370711,1,1,0,0,0,0,0,0,0,0,0,0
370712,1,1,0,0,0,0,0,0,0,0,0,0
370712,2,1,0,10,0,0,0,0,4,0,0,0
370713,1,1,0,0,0,0,0,14,0,0,0,0
370714,1,1,6,6,6,6,6,6,6,6,6,6
370714,2,1,0,0,0,0,0,0,0,0,0,0
370715,0,1,0,0,0,0,0,0,0,0,0,0
370715,1,1,3,3,3,3,3,3,3,3,3,3
370716,1,1,26,29,17,9,0,6,0,12,4,26
370716,2,1,0,0,12,0,0,0,0,0,15,0
370717,1,1,0,0,21,9,0,14,0,0,0,0
370717,2,1,0,0,0,0,0,0,0,0,0,0
370718,1,1,0,0,0,0,0,0,0,0,0,0
370719,1,1,0,0,0,0,0,0,0,0,0,0
370720,0,1,0,15,0,0,0,0,0,0,0,0
370720,1,1,16,19,18,7,0,16,13,23,17,12
370721,1,1,0,0,0,0,0,0,0,0,14,0
370721,2,1,0,0,0,0,0,0,0,0,0,0
370721,3,1,0,6,0,0,0,0,0,0,0,0
370721,4,1,0,0,0,0,0,0,0,0,0,0
370722,0,1,25,0,0,26,0,0,19,0,0,0
370722,1,1,0,0,0,34,0,0,0,0,0,0
370723,1,1,20,20,20,20,20,20,20,20,20,20
370723,2,1,0,0,0,0,0,0,0,0,0,0
370724,1,1,20,20,20,20,20,20,20,20,20,20
370725,1,1,0,17,0,0,0,0,0,0,0,0
370726,1,1,0,0,0,0,0,0,0,0,0,0
370727,1,1,0,0,3,0,0,20,0,0,10,0
370728,1,1,0,0,2,0,0,0,0,0,0,0
370728,2,1,0,0,0,0,0,0,0,0,0,0
370729,1,1,0,0,0,0,0,0,0,0,0,0
370730,1,1,0,0,0,0,29,8,0,0,0,0
370730,2,1,0,0,0,0,0,0,0,0,0,0
370731,1,1,17,17,17,17,17,17,17,17,17,17
370732,1,1,0,0,0,9,0,0,0,0,0,0
370733,0,1,0,0,0,0,0,0,0,0,0,0
370733,1,1,4,4,4,4,4,4,4,4,4,4
370734,1,1,0,0,0,0,0,0,0,0,0,0
370735,1,1,0,0,0,0,0,0,0,24,0,0
370736,1,1,12,16,0,8,0,0,21,0,12,27
370737,0,1,33,33,33,33,33,33,33,33,33,33
370737,1,1,0,0,0,0,11,0,12,21,0,0
370738,1,1,0,0,0,0,0,0,0,0,0,0
370738,2,1,0,0,0,0,0,42,0,0,0,0
370739,1,1,0,0,0,0,0,0,0,0,0,0
370739,2,1,0,0,0,0,0,0,0,0,0,0
370740,0,1,0,0,0,23,14,0,27,0,0,12
370740,1,1,0,0,0,0,0,0,0,0,0,0
370741,1,1,0,0,0,28,0,0,0,0,0,0
370742,0,1,0,0,0,0,0,0,0,0,0,0
370742,1,1,0,0,0,0,0,0,0,0,0,0
370742,2,1,0,0,0,0,0,0,0,0,0,0
370743,1,1,0,0,0,0,0,0,0,0,0,0
370743,2,1,0,0,0,0,0,0,0,0,0,0
370744,1,1,16,0,0,0,0,0,0,0,0,0
370744,2,1,0,0,0,0,0,0,0,0,0,0
370745,1,1,13,24,8,30,14,26,13,21,5,6
370746,1,1,0,0,0,0,0,0,0,0,0,0
370747,0,1,0,0,0,0,0,0,0,0,0,0
370747,1,1,0,0,0,0,0,0,0,0,0,0
370748,1,1,0,0,0,0,0,0,0,0,0,0
370749,1,1,10,10,10,10,10,10,10,10,10,10
370750,1,1,0,0,0,0,0,0,0,0,0,0
370750,2,1,0,0,0,0,0,0,0,0,0,0
370750,3,1,0,0,9,0,0,0,0,0,9,0
370750,4,1,0,0,0,0,3,0,0,0,0,0
370750,5,1,0,0,0,0,0,0,0,0,7,0
370750,6,1,0,0,0,0,0,0,0,0,0,0
370751,1,1,0,0,0,15,17,21,11,18,10,0
370752,1,1,14,14,14,14,14,14,14,14,14,14
370753,0,1,6,19,0,16,20,0,20,18,0,0
370753,1,1,0,0,0,0,0,0,0,0,0,0
370754,0,1,26,26,26,26,26,26,26,26,26,26
370754,1,1,0,0,0,0,22,0,0,22,0,0
370755,1,1,0,0,0,0,0,0,0,0,0,0
370755,2,1,0,0,0,0,0,0,0,0,0,0
370756,1,1,38,38,38,38,38,38,38,38,38,38
370757,0,1,0,0,16,0,0,13,0,0,0,0
370757,1,1,39,0,0,13,0,0,0,0,7,21
370758,0,1,27,17,0,0,14,0,24,19,11,0
370758,1,1,0,0,0,0,0,0,0,0,0,0
370759,1,1,0,47,0,24,0,10,0,8,22,19
370760,1,1,0,0,0,0,0,0,0,0,0,0
370760,2,1,0,0,0,0,0,0,7,33,0,0
370761,1,1,0,0,0,0,0,0,0,0,0,0
370762,1,1,0,19,0,0,0,0,0,0,0,0
370763,1,1,0,0,0,24,0,22,0,0,0,0
370763,2,1,0,0,0,0,0,0,0,0,0,0
370764,1,1,16,4,19,0,13,32,0,6,3,8
370765,1,1,0,0,0,0,0,0,0,0,0,0
370765,2,1,0,0,0,0,0,0,0,0,0,0
370766,1,1,17,17,17,17,17,17,17,17,17,17
370767,1,1,0,0,0,0,0,0,0,0,0,0
370767,2,1,0,22,0,0,0,0,0,0,0,0
370768,1,1,0,0,0,0,0,0,0,0,0,0
370768,2,1,0,13,0,0,0,0,0,0,0,0
370769,1,1,9,9,9,9,9,9,9,9,9,9
370770,1,1,0,0,0,0,0,0,0,0,0,0
370771,1,1,0,0,0,0,0,0,0,0,0,0
370772,0,1,0,0,0,0,0,0,0,0,0,0
370772,2,1,0,25,0,0,0,0,0,0,6,0
370773,1,1,8,0,0,0,0,0,0,29,0,0
370773,2,1,0,0,0,0,0,0,0,0,0,25
370774,1,1,0,53,0,16,9,31,20,0,0,0
370775,1,1,26,26,26,26,26,26,26,26,26,26
370776,0,1,0,0,0,0,0,0,0,0,0,0
370776,1,1,0,21,0,0,0,16,0,9,8,0
370777,1,1,0,0,0,0,0,0,0,0,0,0
370778,1,1,0,0,0,0,0,0,0,0,0,0
370779,1,1,0,0,0,0,0,0,0,0,0,0
370780,0,1,0,0,0,0,0,0,0,0,0,0
370780,1,1,0,0,0,0,0,0,0,0,0,0
370781,1,1,0,0,0,0,0,0,0,0,0,0
370781,2,1,0,0,0,0,0,13,0,0,4,0
370782,1,1,18,18,18,18,18,18,18,18,18,18
370783,1,1,0,0,0,0,0,10,0,0,11,17
370783,2,1,9,0,28,0,0,0,0,0,12,15
370784,1,1,0,0,0,0,0,0,0,0,0,0
370784,2,1,0,0,0,0,12,38,0,0,0,16
370785,1,1,0,0,0,0,0,0,0,0,0,0
370786,1,1,10,10,10,10,10,10,10,10,10,10
370787,1,1,0,0,0,0,0,0,0,0,0,0
370787,2,1,0,0,0,0,0,0,0,0,0,0
370788,1,1,19,19,19,19,19,19,19,19,19,19
370789,1,1,12,12,12,12,12,12,12,12,12,12
370789,2,1,0,0,0,0,0,13,0,0,0,0
370790,1,1,0,0,0,0,0,0,0,5,0,0
370790,2,1,0,0,0,0,0,0,0,0,6,0
370790,3,1,0,0,8,0,0,0,0,0,0,0
370791,0,1,0,0,0,0,0,0,0,0,0,0
370791,0,2,0,0,0,0,8,0,0,0,0,0
370791,1,1,0,0,0,0,28,0,0,0,0,11
370792,1,1,0,0,0,0,0,0,0,0,0,0
370792,2,1,0,14,0,0,0,0,0,0,0,0
370793,1,1,13,0,0,0,0,12,0,0,0,0
370793,2,1,0,0,0,0,0,0,0,0,0,0
370794,1,1,14,0,0,25,0,0,0,28,0,5
370795,0,1,36,39,28,17,16,20,18,14,5,13
370795,1,1,0,0,0,0,0,0,0,0,0,0
370796,1,1,0,0,0,0,0,0,0,0,0,0
370797,1,1,0,0,4,0,0,0,0,0,0,0
370798,1,1,0,0,0,0,0,0,0,0,0,0
370799,1,1,0,0,0,0,0,0,0,0,0,0
370799,2,1,1,1,1,1,1,1,1,1,1,1
370800,1,1,0,0,0,0,0,0,0,0,0,0
370800,2,1,0,0,0,0,0,0,0,0,0,0
370801,1,1,0,0,0,0,0,0,0,0,0,0
370801,2,1,0,0,0,0,0,0,0,0,0,0
370802,0,1,0,0,0,0,0,0,0,0,0,0
370802,1,1,0,0,15,0,0,0,0,0,0,0
370803,0,1,0,26,0,0,0,0,0,0,7,0
370803,0,2,15,0,0,0,0,0,0,0,11,0
370803,1,1,0,0,0,0,0,0,0,0,0,0
370804,0,1,0,0,0,0,0,0,0,0,0,0
370805,1,1,7,25,23,29,0,6,0,21,22,26
370806,1,1,0,0,0,0,0,0,0,0,0,0
370806,2,1,12,27,0,20,16,8,8,18,66,14
370806,3,1,0,0,0,0,18,0,0,0,0,0
370807,0,1,0,0,21,16,0,12,21,13,16,0
370807,1,1,10,0,0,0,0,0,0,0,0,0
370808,0,1,0,0,0,0,13,0,0,0,0,0
370808,1,1,0,0,0,0,12,0,0,0,0,28
370809,1,1,0,0,18,0,18,16,26,4,19,10
370810,1,1,0,0,0,0,0,18,0,0,0,0
370810,2,1,15,0,27,0,0,13,0,0,0,16
370811,0,1,0,0,0,0,0,0,0,0,0,0
370811,1,1,0,0,0,0,0,0,0,0,0,0
370812,0,1,18,0,14,0,0,23,0,0,15,16
370812,1,1,17,17,17,17,17,17,17,17,17,17
370813,1,1,0,0,0,0,0,0,0,0,0,0
370813,2,1,18,0,5,0,0,0,8,0,0,0
370814,1,1,9,9,9,9,9,9,9,9,9,9
370814,2,1,0,0,0,0,0,0,0,0,0,0
370815,1,1,0,0,0,0,0,0,0,0,0,0
370815,2,1,0,0,0,0,0,0,0,0,0,0
370816,1,1,0,7,0,0,0,0,8,0,0,0
370817,1,1,13,13,13,13,13,13,13,13,13,13
370817,2,1,0,0,0,0,0,0,8,0,0,0
370818,1,1,38,36,0,0,44,27,0,4,41,28
370818,2,1,0,13,0,0,0,10,0,0,0,0
370819,1,1,20,27,6,13,24,17,8,33,20,20
370819,2,1,0,0,0,0,0,0,0,0,0,0
370820,1,1,0,0,0,0,0,0,0,0,0,0
370821,1,1,0,11,0,0,8,0,9,0,13,11
370821,2,1,0,0,0,0,43,24,0,0,0,0
370822,0,1,23,0,0,0,0,25,0,0,38,0
370822,1,1,0,0,0,0,0,0,0,0,14,0
370823,1,1,7,25,33,16,14,27,30,37,0,0
370824,1,1,16,16,16,16,16,16,16,16,16,16
370825,1,1,0,0,0,0,0,0,0,0,0,0
370825,2,1,0,0,0,0,0,0,0,0,0,0
370825,3,1,0,0,0,0,0,0,0,0,0,0
370826,1,1,0,0,0,0,0,0,0,0,0,0
370827,1,1,0,2,0,7,0,0,0,0,0,0
370827,2,1,14,14,14,14,14,14,14,14,14,14
370828,1,1,0,0,0,0,0,0,0,0,0,0
370828,2,1,0,0,0,0,0,0,0,0,0,0
370829,1,1,0,0,0,0,0,0,0,0,0,0
370829,2,1,0,0,0,0,24,0,0,0,0,0
370829,3,1,0,0,0,0,0,0,0,0,0,0
370829,4,1,0,19,0,0,0,0,0,0,0,0
370829,5,1,0,0,0,0,0,0,0,0,0,0
370829,6,1,0,0,0,0,0,0,0,0,0,0
370829,7,1,0,0,0,0,0,0,0,0,0,0
370829,8,1,0,0,0,0,0,0,0,0,0,0
370829,9,1,0,0,0,0,0,0,0,0,17,0
370829,10,1,0,0,0,0,0,0,0,0,0,0
370830,1,1,24,0,10,0,11,0,0,0,18,20
370831,1,1,0,0,8,0,0,15,0,0,12,0
370831,2,1,0,7,0,0,0,0,0,0,0,0
370832,1,1,30,30,30,30,30,30,30,30,30,30
370833,1,1,0,0,0,0,0,0,0,0,0,0
370834,1,1,10,23,15,18,0,21,24,0,0,28
370835,1,1,0,0,0,0,0,0,0,0,0,0
370835,2,1,0,0,0,0,0,0,0,0,0,0
370835,3,1,0,0,0,0,19,0,0,0,0,0
370836,1,1,0,0,0,0,0,0,0,0,0,0
370836,2,1,0,0,0,0,0,0,0,0,0,0
370837,1,1,0,0,0,0,0,0,0,0,0,0
370837,2,1,4,0,0,0,0,0,0,0,0,0
370838,1,1,0,0,0,0,0,0,0,0,0,0
370838,2,1,0,0,0,0,0,0,0,0,0,0
370839,1,1,0,0,0,0,0,0,0,0,0,0
370839,2,1,0,0,0,0,0,0,0,0,0,0
370839,3,1,0,0,0,0,0,0,0,0,0,0
370839,4,1,0,0,0,0,0,0,0,0,0,0
370840,1,1,9,9,9,9,9,9,9,9,9,9
370841,1,1,13,22,21,17,7,5,4,18,3,20
370841,2,1,0,0,0,0,0,0,0,0,0,0
370842,1,1,0,0,0,0,0,0,0,0,0,0
370842,2,1,0,0,0,0,0,0,0,0,0,0
370843,1,1,0,0,0,0,0,0,0,0,0,0
370843,2,1,0,0,0,11,0,0,15,0,25,11
370843,3,1,0,0,0,0,0,0,0,0,0,0
370844,0,1,0,16,0,0,0,0,0,0,0,0
370844,1,1,3,3,3,3,3,3,3,3,3,3
370845,1,1,0,14,0,0,0,0,0,0,0,0
370846,1,1,35,0,16,6,16,19,6,0,4,9
370847,0,1,32,32,32,32,32,32,32,32,32,32
370847,1,1,0,0,0,0,0,0,0,0,0,0
370848,1,1,0,0,0,0,0,0,0,0,0,0
370849,0,1,14,22,19,21,12,3,27,31,15,12
370849,1,1,15,0,0,0,0,0,0,0,0,0
370850,1,1,10,10,10,10,10,10,10,10,10,10
370851,1,1,0,0,0,0,0,0,0,0,0,0
370852,1,1,0,0,0,0,0,0,0,0,0,0
370853,1,1,36,22,12,17,0,25,0,0,8,0
370854,1,1,0,0,0,0,0,0,0,0,0,0
370855,1,1,10,10,10,10,10,10,10,10,10,10
370856,1,1,15,15,15,15,15,15,15,15,15,15
370857,1,1,0,0,0,0,0,0,0,0,0,0
370858,1,1,0,0,0,12,15,0,0,0,0,14
370859,1,1,0,0,0,0,0,0,0,0,0,0
370859,2,1,0,0,0,0,0,0,0,0,0,0
370860,1,1,0,0,0,0,0,0,0,0,0,0
370861,1,1,0,0,0,0,0,0,0,0,0,0
370862,1,1,0,0,0,0,0,0,0,0,0,0
370863,0,1,0,0,0,0,0,0,0,0,0,0
370863,1,1,0,0,0,0,0,0,0,0,0,16
370864,1,1,0,0,0,0,0,0,0,0,0,0
370864,2,1,0,0,0,0,0,0,0,0,11,0
370865,1,1,0,0,16,0,0,0,0,0,0,0
370866,1,1,21,21,21,21,21,21,21,21,21,21
370867,1,1,0,0,0,12,0,0,0,0,0,0
370867,2,1,9,0,0,0,0,0,0,0,0,0
370868,1,1,0,0,0,0,0,0,0,0,15,0
370868,2,1,0,0,13,0,35,0,0,0,0,13
370869,1,1,7,14,5,15,9,9,21,36,16,7
370870,0,1,7,7,7,7,7,7,7,7,7,7
370870,1,1,0,0,0,0,0,0,0,0,0,0
370871,1,1,0,11,0,0,0,0,0,0,0,0
370872,1,1,0,0,0,0,0,0,0,0,0,0
370872,2,1,0,0,0,0,0,0,0,0,0,0
370873,1,1,0,0,0,19,0,0,0,0,0,0
370873,2,1,0,0,0,0,0,0,0,0,0,0
370874,0,1,16,16,16,16,16,16,16,16,16,16
370874,1,1,15,13,16,13,16,18,19,23,12,4
370875,1,1,0,0,0,0,0,0,0,0,0,0
370875,2,1,0,0,17,0,0,0,0,0,0,0
370875,3,1,13,13,13,13,13,13,13,13,13,13
370876,0,1,0,0,0,0,0,0,0,0,0,0
370876,1,1,0,0,0,0,0,0,0,0,0,0
370876,2,1,0,0,0,0,0,0,0,0,0,0
370877,1,1,32,32,32,32,32,32,32,32,32,32
370878,1,1,0,14,19,26,26,0,0,10,0,0
370879,1,1,0,0,0,0,0,0,0,0,0,0
370879,2,1,0,0,0,0,21,0,0,0,0,0
370880,1,1,0,21,4,19,22,17,5,5,16,19
370880,2,1,0,0,0,0,0,0,0,0,0,0
370881,1,1,0,0,0,0,0,0,0,0,0,26
370882,1,1,0,0,0,0,0,0,0,0,0,0
370882,2,1,0,3,5,0,15,0,8,4,8,16
370883,1,1,0,0,0,0,0,0,0,0,0,0
370883,2,1,0,0,0,0,0,0,0,0,0,0
370884,1,1,0,0,0,0,0,0,0,0,0,0
370885,1,1,0,0,0,0,0,0,0,0,0,0
370885,2,1,0,0,0,0,0,0,0,0,0,0
370886,1,1,19,19,19,19,19,19,19,19,19,19
370886,2,1,0,0,0,0,0,0,0,0,0,0
370887,1,1,9,9,9,9,9,9,9,9,9,9
370888,1,1,0,0,0,0,0,0,0,0,0,0
370889,1,1,15,10,25,4,29,3,14,16,30,8
370890,1,1,3,8,10,28,27,6,21,5,22,11
370890,2,1,0,0,0,10,0,0,16,0,0,0
370891,1,1,0,28,0,0,0,0,0,0,0,0
370891,2,1,0,0,0,0,0,0,0,0,0,0
370892,1,1,0,0,0,0,0,0,0,0,0,0
370892,2,1,0,0,0,0,0,0,0,0,0,0
370892,3,1,0,0,0,0,0,0,0,0,0,0
370893,1,1,22,22,22,22,22,22,22,22,22,22
370894,1,1,17,0,0,0,0,0,29,0,0,0
370895,1,1,0,0,0,0,0,0,0,0,0,0
370896,1,1,0,0,0,0,0,0,0,0,0,0
370897,1,1,0,0,0,0,0,0,0,0,0,0
370897,2,1,0,0,0,0,0,0,0,0,0,0
370897,3,1,0,0,0,0,0,0,12,0,0,0
370898,0,1,29,0,11,17,31,31,0,30,0,0
370898,1,1,28,20,17,1,28,25,21,21,10,12
370899,1,1,0,0,0,0,0,31,0,0,0,7
370899,2,1,0,0,0,0,0,0,0,0,0,0
370900,1,1,0,0,0,15,0,0,16,0,0,10
370901,0,1,9,0,0,0,0,10,0,0,14,22
370901,1,1,0,0,0,0,0,0,0,0,0,0
370902,0,1,0,27,0,0,0,0,14,0,0,0
370902,1,1,0,0,0,0,0,0,0,0,0,0
370903,1,1,0,0,0,0,0,0,0,0,0,0
370904,1,1,0,0,0,0,0,0,0,0,0,0
370905,1,1,6,6,6,6,6,6,6,6,6,6
370905,2,1,0,9,0,0,0,0,0,0,0,0
370906,0,1,15,13,0,4,12,13,0,0,0,0
370906,1,1,15,0,0,0,10,0,0,0,0,0
370907,1,1,0,0,0,0,0,0,0,0,0,0
370907,2,1,0,15,0,0,0,0,0,0,0,0
370908,1,1,0,0,0,0,0,9,0,0,0,0
370909,0,1,18,20,0,9,9,42,22,0,0,24
370909,1,1,21,3,8,0,0,0,18,0,30,8
370910,1,1,0,0,0,0,0,0,0,0,0,0
370910,2,1,0,0,0,0,0,0,0,0,0,0
370911,1,1,0,0,0,0,0,0,0,0,0,0
370911,2,1,0,0,0,0,0,9,0,0,0,0
370912,1,1,23,0,0,0,0,30,0,0,0,0
370913,1,1,13,13,13,13,13,13,13,13,13,13
370913,2,1,30,30,30,30,30,30,30,30,30,30
370913,3,1,26,0,0,0,0,0,14,0,11,0
370914,0,1,0,0,0,0,0,0,0,0,0,0
370914,1,1,0,0,0,0,13,0,0,0,0,0
370914,2,1,0,0,0,0,0,0,0,0,0,0
370915,1,1,0,0,0,0,0,0,0,0,0,0
370916,1,1,0,10,0,0,0,0,0,0,0,0
370916,2,1,0,0,0,0,0,0,0,0,0,0
370917,1,1,12,0,12,5,16,24,15,15,12,28
370918,1,1,0,24,0,0,0,0,0,0,0,0
370919,1,1,0,0,0,0,0,0,0,0,0,0
370919,2,1,0,0,0,0,0,0,0,0,0,0
370920,1,1,0,17,27,0,0,29,0,0,0,0
370921,0,1,0,18,21,0,0,0,9,0,0,0
370921,1,1,0,0,0,0,0,0,0,0,0,0
370922,1,1,0,0,0,0,0,0,0,0,0,0
370923,0,1,0,0,0,12,0,28,0,8,0,0
370923,1,1,0,10,0,7,0,17,0,0,0,10
370924,2,1,0,0,0,0,0,0,0,0,0,0
370925,1,1,0,0,0,0,0,11,0,0,0,0
370925,2,1,0,0,0,0,0,0,0,0,0,0
370926,1,1,0,0,0,0,0,0,0,0,0,0
370926,2,1,0,0,0,0,0,0,0,0,0,0
370927,1,1,0,0,0,0,0,0,0,0,0,0
370928,1,1,0,0,0,0,0,0,0,0,0,0
370929,1,1,0,0,0,19,0,0,0,0,0,0
370930,1,1,0,0,0,0,6,0,0,0,0,0
370930,2,1,0,0,0,0,0,0,0,0,0,0
370931,1,1,0,0,0,0,0,0,0,0,16,0
370931,2,1,0,0,0,0,0,0,0,0,0,0
370932,1,1,0,0,0,0,0,0,0,0,0,0
370933,0,1,0,0,0,0,0,0,0,0,0,0
370933,1,1,0,0,18,0,0,0,0,0,12,0
370934,0,1,0,0,0,0,0,0,7,0,0,0
370934,1,1,0,0,0,0,0,13,0,0,0,0
370935,1,1,0,0,0,0,0,0,0,0,0,0
370936,1,1,0,0,0,0,0,0,0,19,0,0
370937,1,1,0,0,0,0,0,0,0,0,0,0
370937,2,1,0,0,0,0,0,0,0,0,0,0
370938,1,1,21,14,29,35,30,21,21,27,17,12
370939,1,1,0,0,0,0,0,0,0,0,0,0
370940,1,1,0,0,0,13,7,0,0,0,0,0
370941,1,1,0,0,13,0,0,27,30,0,0,0
370942,1,1,0,0,0,0,0,0,0,0,0,0
370943,0,1,0,11,0,39,33,0,0,0,24,0
370943,1,1,0,0,0,0,0,0,0,0,0,0
370944,1,1,0,0,0,0,0,0,0,0,0,0
370944,2,1,0,0,0,0,0,0,0,0,0,0
370945,1,1,20,20,20,20,20,20,20,20,20,20
370946,1,1,7,0,0,0,0,0,0,17,0,0
370947,1,1,0,0,0,0,0,0,0,0,0,0
370947,2,1,0,0,0,0,0,0,0,0,0,0
370948,1,1,0,0,0,0,0,0,0,0,0,0
370949,0,1,0,0,0,0,0,13,0,0,0,0
370949,1,1,0,0,0,0,0,0,0,0,0,0
370950,1,1,0,0,0,0,0,0,0,0,0,0
370950,2,1,0,0,0,0,0,0,0,0,0,0
370950,3,1,0,0,0,0,0,0,0,0,0,0
370951,0,1,29,29,29,29,29,29,29,29,29,29
370951,1,1,0,0,0,0,0,0,0,0,0,9
370952,0,1,27,27,27,27,27,27,27,27,27,27
370952,1,1,0,0,0,0,0,0,54,0,0,0
370953,1,1,0,0,0,0,0,0,0,0,0,0
370954,1,1,0,0,0,0,0,0,0,0,0,0
370955,1,1,30,30,30,30,30,30,30,30,30,30
370955,2,1,0,0,0,0,30,0,21,0,0,0
370956,0,1,0,0,0,0,0,0,0,0,15,0
370956,1,1,0,0,0,0,0,0,0,0,0,0
370957,1,1,22,26,20,8,24,15,19,18,16,23
370957,2,1,0,0,14,0,31,0,0,24,0,12
370958,1,1,0,0,0,0,0,0,0,0,0,0
370958,2,1,0,0,0,0,0,0,0,0,0,0
370959,1,1,0,0,0,0,0,0,0,0,0,0
370959,2,1,0,0,0,0,0,0,0,0,0,0
370960,1,1,27,22,10,26,21,10,9,28,12,19
370961,1,1,0,0,0,0,0,0,0,0,0,0
370961,2,1,0,0,0,26,0,0,0,0,0,0
370962,1,1,0,0,19,0,0,0,14,0,0,0
370963,1,1,20,16,20,22,15,12,20,26,17,16
370963,2,1,0,0,0,0,0,0,0,0,0,9
370964,1,1,0,0,0,0,0,0,0,0,0,0
370964,2,1,0,0,13,0,0,0,0,0,0,0
370965,1,1,0,0,0,0,0,0,0,0,0,0
370965,2,1,0,0,0,0,0,0,0,0,0,0
370966,1,1,0,0,30,0,0,0,0,20,16,0
370967,1,1,12,12,12,12,12,12,12,12,12,12
370968,0,1,0,0,0,0,0,0,0,0,0,0
370968,1,1,0,0,0,0,0,0,0,0,0,0
370969,1,1,0,0,0,0,0,0,0,0,0,0
370970,1,1,0,0,0,0,0,0,0,0,0,0
370970,2,1,0,0,0,0,0,0,0,0,0,0
370970,3,1,0,0,0,0,0,0,0,0,0,0
370971,1,1,0,0,0,0,0,0,0,0,0,0
370972,0,1,0,0,0,0,0,0,0,0,0,0
370972,1,1,0,0,0,0,0,0,0,0,0,0
370973,1,1,30,30,30,30,30,30,30,30,30,30
370974,1,1,0,29,0,25,0,0,0,0,0,0
370974,2,1,0,0,0,0,0,0,0,0,0,0
370975,1,1,15,20,16,28,14,15,26,17,32,10
370976,1,1,19,10,0,15,16,17,17,10,20,19
370977,1,1,0,0,0,0,0,0,0,0,0,0
370977,2,1,0,0,0,0,0,0,0,0,0,0
370978,0,1,17,17,26,25,29,18,21,25,19,14
370978,1,1,0,0,0,0,0,0,0,0,0,0
370979,1,1,16,25,0,11,3,11,23,27,17,26
370980,1,1,0,0,0,0,0,0,0,0,0,0
370980,2,1,0,0,0,0,0,0,0,0,0,0
370980,3,1,0,0,0,0,0,0,0,0,0,0
370981,1,1,0,0,0,0,14,0,0,24,0,0
370981,2,1,9,0,6,11,3,12,15,0,19,0
370982,1,1,0,0,0,0,0,0,0,33,0,0
370982,2,1,0,0,0,16,0,0,0,14,0,0
370983,1,1,0,0,0,0,0,0,0,0,0,0
370983,2,1,0,0,0,0,0,0,0,0,0,0
370984,0,1,0,0,0,11,0,0,0,0,0,0
370984,1,1,0,0,0,0,0,0,0,0,0,0
370985,1,1,19,38,20,13,20,20,30,13,38,18
370986,1,1,21,21,21,21,21,21,21,21,21,21
370986,2,1,0,0,0,0,0,0,0,0,0,0
370986,3,1,0,0,0,0,0,0,0,0,0,0
370986,4,1,0,0,0,0,0,0,0,0,28,0
370986,5,1,0,0,0,0,0,0,0,0,0,0
370987,1,1,0,0,0,0,0,0,0,0,0,0
370987,2,1,0,0,0,0,0,0,0,0,0,0
370987,3,1,0,0,0,0,0,0,0,0,0,0
370988,1,1,0,0,0,0,0,0,0,0,0,0
370988,2,1,0,0,0,0,0,0,0,0,0,0
370989,1,1,0,3,0,0,0,0,0,0,0,0
370989,2,1,0,0,0,0,0,0,0,0,0,0
370989,3,1,15,0,0,9,0,13,0,17,14,0
370989,4,1,0,0,0,0,0,0,0,0,0,0
370990,1,1,21,21,21,21,21,21,21,21,21,21
370990,2,1,0,0,0,4,0,0,5,0,0,0
370991,1,1,20,20,20,20,20,20,20,20,20,20
370991,2,1,0,0,0,0,0,0,0,0,0,0
370992,1,1,22,22,22,22,22,22,22,22,22,22
370993,1,1,0,25,10,0,25,0,16,0,0,0
370993,2,1,0,0,0,0,0,0,0,0,0,0
370994,1,1,20,20,20,20,20,20,20,20,20,20
370994,2,1,0,0,0,0,0,0,0,0,0,0
370994,3,1,0,0,0,0,0,0,0,0,0,16
370995,0,1,18,0,0,37,0,0,0,42,0,21
370995,1,1,0,0,0,0,0,0,0,0,0,0
370996,1,1,0,25,0,0,12,0,0,0,0,0