ST_CASE,VEH_NO,PER_NO,P1,P2,P3,P4,P5,P6,P7,P8,P9,P10
370997,1,1,0,0,0,0,0,0,0,0,0,0
370997,2,1,0,0,0,0,0,0,0,0,0,0
370998,1,1,0,0,0,0,0,0,0,0,0,0
370998,2,1,0,0,0,0,0,0,0,0,0,0
370999,0,1,0,0,0,0,0,0,0,0,0,0
370999,1,1,0,23,0,11,0,0,0,0,0,0
371000,1,1,11,20,16,3,9,18,13,16,25,0
371000,2,1,0,0,0,0,0,0,0,0,0,0
371001,1,1,0,12,0,0,0,0,8,0,0,0
371002,1,1,0,0,0,27,0,31,0,0,10,0
371003,1,1,0,0,0,0,0,0,0,0,0,0
371003,2,1,0,0,0,0,0,0,15,0,0,0
371004,1,1,0,0,31,45,27,0,0,0,15,0
371005,1,1,21,21,21,21,21,21,21,21,21,21
371006,1,1,11,0,0,0,12,23,0,0,0,13
371006,2,1,0,0,0,0,0,0,0,0,0,0
371007,1,1,18,30,10,0,13,0,29,20,11,17
371008,1,1,14,14,14,14,14,14,14,14,14,14
371009,0,1,24,24,24,24,24,24,24,24,24,24
371009,1,1,0,14,0,0,0,0,11,24,0,0
371010,1,1,15,15,15,15,15,15,15,15,15,15
371011,1,1,17,17,17,17,17,17,17,17,17,17
371012,0,1,0,0,0,0,0,0,0,0,0,0
371012,1,1,0,0,6,0,11,0,0,2,0,0
371013,1,1,0,0,0,0,0,0,0,0,0,0
371014,1,1,0,0,0,0,0,0,0,0,0,0
371015,0,1,0,0,0,0,0,0,25,0,0,0
371015,1,1,0,0,0,0,0,0,0,0,0,0
371016,0,1,19,19,19,19,19,19,19,19,19,19
371016,1,1,32,9,9,0,3,0,26,0,8,0
371017,1,1,0,0,31,0,0,0,0,0,0,0
371018,1,1,0,0,0,0,0,0,0,0,0,0
371018,2,1,0,0,0,0,0,0,0,0,0,0
371018,3,1,16,0,0,0,0,0,0,0,0,0
371019,1,1,0,0,0,0,0,0,0,0,0,0
371019,2,1,0,0,0,0,0,0,0,0,0,0
371020,1,1,18,0,19,14,18,0,8,14,0,0
371021,0,1,0,11,7,0,16,32,0,0,4,10
371021,1,1,0,0,0,6,0,0,0,0,0,0
371022,0,1,0,0,0,0,0,0,0,0,0,0
371022,1,1,0,0,0,0,0,0,0,0,0,0
371022,2,1,0,0,0,0,0,0,0,0,0,0
371023,0,1,0,24,0,17,34,15,21,0,0,32
371023,1,1,10,10,10,10,10,10,10,10,10,10
371024,1,1,0,0,0,0,0,0,22,14,0,0
371024,2,1,0,0,0,0,0,0,0,0,0,0
371025,1,1,0,0,0,0,0,0,0,0,0,0
371025,2,1,0,0,0,0,0,0,0,0,0,0
371026,1,1,0,0,0,0,0,0,0,0,0,0
371026,2,1,0,8,0,0,0,0,0,0,14,0
371027,1,1,0,0,0,0,0,0,0,0,0,0
371027,2,1,0,0,11,0,0,0,0,0,0,0
371028,0,1,0,0,0,8,0,12,0,0,0,0
371028,1,1,0,0,0,0,0,0,0,0,0,0
371029,1,1,0,0,0,0,0,0,0,0,0,0
371029,2,1,0,0,0,0,0,0,0,11,0,10
371030,1,1,0,0,0,0,0,0,0,0,0,0
371030,2,1,0,0,0,0,0,0,0,0,0,0
371031,1,1,19,19,19,19,19,19,19,19,19,19
371032,1,1,32,25,16,24,27,23,16,18,22,31
371033,1,1,6,6,6,6,6,6,6,6,6,6
371034,0,1,23,23,23,23,23,23,23,23,23,23
371034,1,1,0,0,0,0,0,0,0,0,0,0
371035,0,1,0,0,0,0,32,0,0,0,0,0
371035,1,1,0,0,0,0,0,0,0,0,0,0
371036,1,1,0,0,0,25,0,0,0,0,0,0
371036,2,1,0,0,0,0,0,0,0,0,0,0
371037,0,1,0,10,30,13,12,4,8,29,23,21
371037,1,1,0,0,0,0,0,0,0,0,0,0
371038,0,1,27,0,22,20,0,0,0,0,0,0
371038,1,1,0,0,0,0,0,0,0,0,0,0
371038,2,1,0,0,0,0,0,0,13,0,0,0
371039,1,1,18,18,18,18,18,18,18,18,18,18
371040,0,1,26,26,26,26,26,26,26,26,26,26
371040,1,1,0,0,0,0,0,0,0,0,0,0
371041,1,1,0,0,0,0,0,0,0,0,0,0
371041,2,1,0,0,0,0,0,0,0,0,0,0
371042,1,1,0,0,0,0,0,0,0,0,0,0
371042,2,1,14,14,14,14,14,14,14,14,14,14
371043,1,1,0,0,0,0,0,0,0,0,0,0
371043,2,1,0,0,0,0,0,0,0,0,0,0
371043,3,1,0,0,0,0,0,0,0,0,0,0
371044,1,1,0,0,0,0,0,0,0,0,0,0
371044,2,1,0,0,0,0,17,0,31,0,15,0
371045,1,1,0,0,0,0,20,17,38,0,0,20
371046,1,1,22,22,22,22,22,22,22,22,22,22
371046,2,1,0,0,0,0,0,0,0,0,0,0
371046,3,1,0,0,0,0,0,28,0,16,0,0
371047,1,1,0,0,0,0,0,0,0,0,0,0
371048,1,1,0,0,26,0,0,0,0,0,0,0
371049,1,1,0,0,0,0,0,0,0,0,0,0
371050,1,1,10,10,10,10,10,10,10,10,10,10
371050,2,1,0,0,0,0,0,0,0,0,0,0
371050,3,1,0,0,0,0,0,0,0,0,0,0
371050,4,1,0,0,20,0,12,0,24,9,5,0
371051,1,1,14,0,0,0,0,0,0,0,0,0
371052,1,1,0,0,0,0,0,0,0,0,0,0
371053,1,1,0,0,0,28,0,0,0,0,0,0
371053,2,1,0,0,0,0,0,0,0,0,0,0
371054,1,1,0,7,0,11,0,0,0,0,0,0
371054,2,1,0,0,0,0,0,0,0,0,0,0
371055,1,1,0,0,0,0,0,0,0,0,0,0
371055,2,1,0,13,0,0,0,0,0,0,0,0
371056,1,1,0,0,0,0,8,0,0,0,0,0
371057,0,1,0,0,26,0,0,39,0,0,0,0
371057,1,1,0,8,0,32,0,0,0,0,0,15
371058,1,1,32,0,0,0,0,4,0,0,0,0
371059,1,1,0,0,0,0,0,3,0,0,0,0
371060,1,1,0,0,0,0,0,0,0,0,0,0
371061,1,1,0,0,0,0,0,0,0,0,0,0
371061,2,1,0,0,0,0,0,0,0,0,0,0
371062,1,1,14,14,14,14,14,14,14,14,14,14
371062,2,1,0,0,0,0,0,0,0,9,0,0
371063,1,1,11,11,11,11,11,11,11,11,11,11
371063,2,1,0,0,0,0,0,0,25,0,0,0
371064,1,1,0,0,0,0,0,0,0,0,0,0
371064,2,1,0,0,0,0,0,0,0,0,0,0
371065,1,1,10,10,10,10,10,10,10,10,10,10
371065,2,1,0,0,0,0,0,0,0,0,0,0
371066,1,1,0,0,0,15,0,0,0,0,0,0
371067,0,1,0,0,0,0,0,0,0,0,0,5
371067,1,1,0,0,0,0,0,0,0,0,0,0
371068,0,1,0,0,0,18,0,0,0,0,0,0
371068,1,1,0,0,0,0,0,0,0,0,0,0
371068,2,1,0,0,0,0,0,0,0,0,0,0
371068,3,1,0,0,0,0,0,0,0,0,0,0
371068,4,1,0,0,0,0,0,0,0,0,0,0
371068,5,1,0,0,0,0,0,0,0,0,0,0
371069,1,1,0,0,0,0,0,0,0,0,0,0
371069,2,1,0,0,0,0,0,0,0,0,0,0
371069,3,1,0,0,0,0,0,0,0,0,0,0
371070,1,1,14,14,14,14,14,14,14,14,14,14
371071,0,1,14,36,0,0,13,7,36,0,8,10
371071,1,1,0,0,0,0,17,0,0,0,0,10
371072,1,1,0,20,0,0,16,0,0,0,16,10
371073,0,1,0,0,0,30,0,0,0,0,0,0
371073,1,1,0,0,0,0,0,0,0,0,0,0
371073,2,1,0,0,0,0,0,0,0,16,0,0
371073,3,1,0,0,0,0,0,0,0,0,0,0
371073,4,1,0,0,0,0,0,0,0,0,0,0
371073,5,1,0,0,0,0,20,0,0,0,0,0
371073,6,1,0,0,0,0,0,0,0,0,0,0
371073,7,1,0,0,0,0,0,0,0,0,0,0
371074,0,1,0,0,0,0,0,0,0,0,0,0
371074,1,1,0,0,7,0,0,0,0,0,0,0
371075,1,1,0,0,0,0,0,0,0,0,0,0
371075,2,1,0,0,0,0,0,0,0,0,0,0
371075,3,1,0,0,0,0,0,17,0,0,0,15
371076,1,1,16,16,16,16,16,16,16,16,16,16
371076,2,1,0,0,0,26,0,27,0,0,0,0
371077,1,1,0,0,0,0,0,0,0,0,0,0
371077,2,1,15,18,2,13,12,17,11,13,20,17
371078,1,1,0,0,0,0,0,0,0,0,0,0
371078,2,1,0,0,0,14,0,0,0,0,20,0
371079,1,1,0,0,0,0,0,0,0,0,0,0
371079,2,1,10,18,3,6,0,14,16,13,18,30
371079,3,1,0,0,0,0,0,17,0,0,0,0
371080,0,1,0,0,0,0,0,12,0,0,0,0
371080,1,1,0,0,0,0,0,0,0,0,0,0
371081,0,1,12,16,0,0,0,6,0,0,12,13
371081,1,1,16,10,10,15,18,8,9,11,10,10
371082,1,1,0,0,0,0,0,0,0,0,0,0
371082,2,1,0,0,0,0,0,8,0,0,0,0
371083,1,1,0,0,0,0,0,0,0,0,0,0
371083,2,1,0,0,0,0,22,0,16,0,0,0
371084,1,1,0,0,0,0,12,0,0,0,0,0
371085,1,1,0,0,0,0,0,0,0,0,0,0
371085,2,1,0,0,0,0,0,0,0,0,0,0
371086,1,1,0,0,0,0,0,0,0,0,0,0
371087,1,1,0,0,0,0,0,0,0,0,0,0
371088,1,1,0,0,0,0,0,0,0,0,0,0
371088,2,1,0,0,0,0,0,0,0,0,0,0
371089,1,1,0,0,0,0,0,0,0,0,24,0
371089,2,1,0,0,0,0,0,0,0,0,0,0
371090,0,1,0,0,24,0,0,0,7,0,0,0
371090,1,1,0,0,0,0,0,0,0,0,9,0
371091,1,1,0,0,0,0,0,0,0,0,0,0
371091,2,1,20,20,20,20,20,20,20,20,20,20
371092,1,1,21,21,21,21,21,21,21,21,21,21
371093,0,1,21,21,21,21,21,21,21,21,21,21
371093,1,1,0,0,0,0,0,0,0,0,0,0
371094,1,1,0,0,0,0,0,0,0,0,0,0
371094,2,1,0,0,0,0,5,0,0,0,0,0
371095,1,1,31,0,0,0,0,0,0,0,0,0
371095,2,1,0,0,0,0,0,0,0,0,0,0
371096,1,1,25,25,25,25,25,25,25,25,25,25
371097,0,1,12,12,12,12,12,12,12,12,12,12
371097,1,1,0,0,0,0,0,0,0,0,0,0
371098,0,1,0,0,0,0,0,0,0,0,0,0
371098,1,1,0,0,0,0,0,0,0,0,0,0
371099,1,1,12,12,12,12,12,12,12,12,12,12
371099,2,1,0,0,0,0,0,0,0,0,0,0
371100,1,1,16,16,16,16,16,16,16,16,16,16
371101,1,1,0,0,0,0,0,0,0,0,0,0
371101,2,1,0,0,0,0,16,0,0,0,0,0
371101,3,1,0,10,0,0,0,0,0,0,0,0
371102,0,1,0,0,0,0,0,0,0,0,0,0
371102,1,1,0,0,0,0,0,14,2,0,0,23
371102,2,1,0,0,0,0,0,0,0,0,0,0
371103,1,1,0,0,0,0,0,0,0,0,0,0
371103,2,1,11,0,0,0,0,0,0,0,0,0
371104,1,1,27,19,26,13,19,16,19,25,7,24
371104,2,1,0,0,0,11,25,0,0,0,0,0
371104,3,1,0,14,19,0,0,0,0,0,0,0
371104,4,1,0,0,0,0,0,30,0,0,0,0
371105,1,1,0,0,0,0,0,0,0,0,0,0
371105,2,1,0,0,0,0,0,0,0,0,0,0
371106,1,1,0,0,0,0,4,0,0,0,0,0
371106,2,1,0,0,0,0,19,0,0,0,0,0
371106,3,1,0,0,0,0,0,0,6,0,0,0
371107,1,1,0,0,0,0,0,12,0,0,0,0
371108,1,1,17,25,53,0,0,0,0,43,14,22
371109,1,1,0,22,0,0,25,13,0,17,0,13
371110,1,1,0,0,0,0,0,0,0,0,0,0
371111,0,1,11,0,0,0,26,20,0,0,27,0
371111,1,1,0,0,0,0,0,0,0,0,28,0
371112,0,1,5,26,14,36,24,13,18,3,27,38
371112,1,1,0,0,0,0,0,0,0,0,0,0
371113,1,1,0,0,0,0,0,0,0,14,0,0
371113,2,1,0,0,0,0,0,0,0,6,0,0
371114,1,1,0,0,1,0,17,0,36,0,14,0
371114,2,1,0,0,0,0,0,0,0,0,0,0
371115,1,1,0,0,20,0,0,0,0,0,0,0
371116,1,1,0,11,0,10,27,0,0,12,0,3
371116,2,1,0,0,0,0,0,0,0,0,0,0
371117,1,1,0,12,0,0,0,14,0,0,0,24
371118,0,1,0,0,0,0,33,0,0,0,0,0
371118,1,1,0,0,0,0,0,0,22,0,0,0
371119,1,1,0,0,0,0,0,0,0,0,0,0
371119,2,1,0,0,0,0,0,0,0,0,0,0
371119,3,1,0,0,0,0,0,0,0,0,0,0
371120,1,1,0,0,0,0,0,0,0,0,0,0
371120,2,1,0,0,0,0,0,0,0,0,0,0
371121,1,1,17,17,17,17,17,17,17,17,17,17
371121,2,1,0,0,0,0,0,0,0,0,0,0
371122,1,1,17,17,17,17,17,17,17,17,17,17
371124,1,1,0,0,0,0,0,0,0,0,0,0
371124,2,1,0,0,0,0,0,0,0,0,0,0
371125,1,1,0,0,0,0,0,0,0,0,0,0
371125,2,1,0,0,0,0,0,0,0,0,0,0
371126,1,1,0,0,0,0,0,0,0,0,0,0
371127,1,1,0,0,0,0,0,0,0,0,0,0
371127,2,1,0,0,0,0,0,0,0,0,0,0
371128,1,1,0,0,0,0,0,0,0,0,21,0
371129,1,1,20,20,20,20,20,20,20,20,20,20
371130,1,1,13,13,13,13,13,13,13,13,13,13
371131,1,1,0,4,27,0,26,0,0,6,0,0
371131,2,1,0,0,0,0,0,0,0,0,0,0
371132,1,1,0,0,0,0,0,0,0,0,0,0
371132,2,1,0,0,0,0,0,0,0,0,0,0
371132,3,1,0,0,0,0,0,0,0,0,0,0
371133,1,1,0,0,0,0,0,17,0,0,0,0
371133,2,1,0,11,16,0,0,0,11,0,0,17
371133,3,1,0,5,0,0,0,5,0,14,0,6
371134,0,1,0,0,0,0,8,0,0,22,0,0
371134,1,1,0,0,0,35,0,0,15,0,0,15
371135,1,1,31,31,31,31,31,31,31,31,31,31
371135,2,1,0,0,0,0,0,0,0,0,0,0
371136,1,1,0,0,0,0,0,0,0,0,0,0
371136,2,1,0,0,0,0,0,0,0,0,0,0
371137,1,1,0,0,0,0,0,0,0,0,0,0
371138,0,1,20,20,20,20,20,20,20,20,20,20
371138,1,1,6,4,9,13,15,15,0,6,0,0
371139,1,1,0,0,0,0,26,0,0,0,0,0
371139,2,1,0,0,0,0,0,0,0,0,0,0
371140,1,1,0,0,0,0,0,0,0,0,0,0
371140,2,1,7,0,0,0,0,0,7,0,0,0
371141,1,1,0,0,0,0,0,0,0,0,0,0
371141,2,1,0,0,0,0,0,0,0,0,0,0
371142,0,1,40,10,8,29,25,27,26,47,32,12
371142,1,1,0,0,12,0,0,0,0,0,0,0
371143,1,1,0,0,0,0,0,0,12,0,0,0
371143,2,1,0,0,0,0,0,0,0,0,0,0
371143,3,1,0,0,0,0,0,0,0,0,0,0
371144,0,1,13,0,8,22,0,19,0,0,30,0
371144,1,1,7,0,18,0,0,0,31,33,0,0
371145,0,1,33,33,33,33,33,33,33,33,33,33
371145,1,1,0,16,0,0,0,0,0,0,0,0
371146,1,1,21,23,20,0,13,0,18,0,12,19
371146,2,1,0,0,3,0,0,10,0,0,0,0
371147,1,1,0,0,0,0,0,0,0,0,0,0
371147,2,1,0,0,0,0,0,0,0,0,0,0
371147,3,1,0,0,0,0,0,0,0,0,0,0
371147,4,1,0,0,0,0,0,0,0,0,0,0
371147,5,1,0,0,0,12,0,0,0,0,0,0
371148,1,1,26,26,26,26,26,26,26,26,26,26
371149,1,1,0,0,0,0,0,0,0,0,0,0
371149,2,1,0,0,0,0,14,0,0,0,0,0
371150,0,1,11,0,23,0,0,0,0,0,23,0
371150,1,1,0,0,0,0,0,0,0,0,0,0
371151,0,1,0,0,0,0,0,0,0,0,0,0
371151,1,1,4,14,20,20,7,20,14,0,8,4
371152,1,1,0,0,0,0,0,0,0,0,0,0
371152,2,1,0,0,0,0,0,0,25,0,0,0
371153,0,1,16,16,16,16,16,16,16,16,16,16
371153,1,1,0,9,0,0,0,0,0,0,0,0
371154,1,1,0,0,0,0,0,0,0,0,0,0
371155,1,1,0,0,30,0,14,13,0,0,0,0
371155,2,1,0,0,0,0,0,0,0,0,0,0
371156,1,1,0,0,0,0,0,0,0,0,0,0
371156,2,1,0,33,0,0,0,0,0,0,3,0
371157,1,1,0,0,0,0,0,0,0,0,0,0
371157,2,1,5,5,5,5,5,5,5,5,5,5
371157,3,1,10,10,10,10,10,10,10,10,10,10
371158,0,1,18,10,26,39,27,30,24,29,30,25
371158,1,1,25,0,0,0,0,0,0,15,27,9
371159,1,1,28,0,0,0,0,0,0,34,0,0
371159,2,1,0,0,0,0,0,0,0,0,0,0
371160,1,1,0,38,0,0,4,0,0,22,0,0
371161,1,1,0,0,0,16,10,21,10,0,22,0
371161,2,1,0,0,0,0,0,0,0,0,0,0
371162,0,1,14,14,14,14,14,14,14,14,14,14
371162,1,1,0,0,0,0,0,0,0,0,0,0
371163,1,1,20,20,20,20,20,20,20,20,20,20
371164,1,1,0,0,27,0,0,0,0,0,0,0
371165,1,1,10,10,10,10,10,10,10,10,10,10
371165,2,1,0,0,0,0,0,0,0,0,0,17
371166,1,1,0,0,0,0,0,0,0,0,0,0
371166,2,1,0,0,0,0,0,0,17,8,0,0
371166,3,1,0,0,0,0,0,0,0,0,0,5
371167,0,1,0,0,16,0,0,0,0,45,0,12
371167,1,1,20,20,20,20,20,20,20,20,20,20
371168,1,1,25,25,25,25,25,25,25,25,25,25
371169,1,1,0,0,0,0,0,0,0,0,0,0
371169,2,1,0,0,0,0,0,0,0,0,0,0
371170,1,1,0,0,0,0,0,0,0,0,0,0
371171,1,1,0,3,0,0,0,21,0,0,0,0
371172,1,1,0,0,0,0,0,0,0,0,0,0
371173,1,1,0,0,0,0,0,0,0,0,0,0
371173,2,1,0,0,0,0,0,0,0,0,0,0
371174,1,1,0,0,0,0,0,0,0,0,0,0
371174,2,1,0,0,0,0,0,0,0,0,0,0
371175,0,1,0,0,0,0,0,0,0,0,0,0
371175,1,1,0,0,0,0,0,0,8,0,0,0
371176,0,1,0,0,0,0,0,17,0,0,27,0
371176,1,1,12,0,0,0,0,0,0,0,0,0
371177,1,1,22,20,17,20,15,29,12,17,13,17
371178,1,1,0,0,0,0,0,0,0,0,0,0
371178,2,1,0,0,0,0,0,0,0,0,0,0
371179,1,1,0,0,0,0,0,0,0,0,0,0
371179,2,1,0,0,0,0,0,0,0,0,0,0
371180,1,1,0,0,0,0,0,0,0,0,0,0
371181,1,1,0,0,0,0,0,0,0,0,0,0
371182,1,1,0,0,0,0,0,0,0,0,0,0
371182,2,1,5,5,5,5,5,5,5,5,5,5
371182,3,1,0,0,0,0,0,0,0,0,0,0
371183,1,1,0,0,0,0,0,0,0,31,0,14
371184,1,1,16,16,16,16,16,16,16,16,16,16
371185,1,1,24,24,24,24,24,24,24,24,24,24
371185,2,1,0,0,0,0,0,0,0,0,0,0
371186,1,1,0,0,0,0,0,12,10,0,0,0
371187,0,1,0,27,0,0,38,0,0,0,0,29
371187,0,2,0,18,0,0,0,0,0,0,0,0
371187,0,3,0,0,0,26,5,0,0,0,0,23
371187,0,4,0,0,22,0,0,14,0,0,0,0
371187,1,1,0,0,0,0,0,0,0,0,0,24
371188,1,1,0,0,0,0,0,0,21,0,0,0
371188,2,1,0,0,0,0,0,0,24,0,0,13
371189,1,1,0,0,0,0,0,0,0,0,0,0
371190,1,1,0,0,0,0,0,0,0,0,0,14
371190,2,1,0,16,0,0,0,0,2,0,0,0
371191,1,1,0,0,0,0,0,0,5,0,0,0
371191,2,1,0,0,0,0,0,0,9,0,0,0
371192,1,1,0,0,0,0,0,14,0,17,0,0
371192,2,1,0,0,0,0,0,0,0,0,0,0
371193,1,1,0,0,0,0,0,0,0,0,0,0
371193,2,1,0,0,0,16,0,0,22,0,0,0
371194,1,1,0,0,0,0,0,0,0,0,0,0
371195,1,1,0,0,0,0,0,0,0,0,0,0
371195,2,1,0,0,0,0,0,0,0,0,0,0
371196,1,1,0,0,0,0,0,0,17,0,25,0
371196,2,1,0,0,14,0,0,25,18,0,0,0
371197,1,1,10,10,10,10,10,10,10,10,10,10
371198,0,1,0,0,0,0,0,0,0,0,0,0
371198,1,1,0,0,0,0,0,0,0,0,0,0
371199,1,1,0,0,0,0,0,0,0,0,0,0
371200,1,1,0,0,0,0,0,0,0,0,0,0
371200,2,1,0,0,0,0,0,0,0,0,0,0
371200,3,1,0,0,0,0,0,0,0,0,0,0
371201,1,1,0,0,0,0,0,0,0,0,0,0
371201,2,1,0,0,0,0,0,0,0,0,0,0
371202,1,1,15,15,15,15,15,15,15,15,15,15
371202,2,1,0,0,0,0,0,0,0,0,0,22
371203,1,1,9,9,9,9,9,9,9,9,9,9
371204,1,1,0,0,0,0,0,0,0,0,0,0
371204,2,1,0,0,0,0,0,0,0,0,9,0
371205,0,1,0,0,0,0,0,0,0,0,0,0
371205,1,1,0,0,0,0,0,0,0,0,0,0
371206,1,1,10,0,0,17,12,10,0,0,0,0
371207,1,1,0,18,10,0,0,0,20,0,21,0
371208,1,1,15,15,15,15,15,15,15,15,15,15
371209,0,1,0,0,27,3,26,0,9,0,20,0
371209,1,1,4,24,12,10,22,8,8,14,27,11
371210,0,1,30,0,0,0,0,0,0,11,17,0
371210,1,1,22,15,0,21,0,0,0,0,0,0
371211,1,1,14,14,14,14,14,14,14,14,14,14
371212,0,1,0,0,0,0,0,0,0,0,0,31
371212,1,1,0,0,0,0,0,0,0,0,0,0
371213,0,1,0,0,16,0,0,0,0,41,0,22
371213,1,1,0,0,0,0,0,0,0,0,0,0
371213,2,1,0,0,22,0,0,0,0,0,0,0
371214,1,1,12,12,12,12,12,12,12,12,12,12
371214,2,1,0,0,0,0,7,0,38,17,0,0
371215,1,1,18,18,18,18,18,18,18,18,18,18
371216,1,1,0,0,0,0,0,0,0,0,0,0
371217,1,1,0,0,0,0,0,0,0,0,0,0
371217,2,1,0,0,0,0,0,0,0,0,0,0
371218,0,1,0,0,0,0,0,29,0,0,0,0
371218,1,1,18,0,0,0,18,16,0,32,0,0
371219,0,1,26,26,26,26,26,26,26,26,26,26
371219,1,1,0,0,0,0,0,0,0,0,0,0
371220,0,1,22,22,22,22,22,22,22,22,22,22
371220,1,1,0,0,0,0,0,0,0,16,0,0
371221,1,1,0,0,0,0,0,0,0,0,0,0
371222,1,1,0,0,0,0,0,0,0,22,0,0
371223,0,1,0,0,0,0,0,0,0,0,13,0
371223,1,1,0,0,0,0,0,0,0,0,0,0
371224,1,1,0,0,0,0,0,0,0,0,0,0
371224,2,1,0,0,0,0,0,0,0,0,0,0
371225,1,1,0,0,0,18,0,0,0,0,0,0
371225,2,1,0,0,0,0,0,0,0,0,0,0
371226,1,1,22,16,14,34,37,21,12,10,19,23
371227,1,1,0,0,0,0,0,0,0,0,0,0
371227,2,1,17,0,0,0,0,0,0,13,0,0
371228,0,1,0,0,0,0,0,17,24,31,0,35
371228,0,2,0,0,0,0,0,0,0,0,0,0
371228,0,3,0,0,0,0,0,0,0,0,0,0
371228,0,4,0,0,0,0,0,0,0,0,0,0
371228,1,1,20,20,20,20,20,20,20,20,20,20
371228,2,1,0,0,0,0,0,0,0,0,0,0
371229,1,1,25,15,27,0,23,12,0,22,28,0
371230,1,1,0,0,0,0,0,0,0,0,0,0
371230,2,1,27,27,27,27,27,27,27,27,27,27
371231,1,1,25,25,25,25,25,25,25,25,25,25
371232,1,1,10,10,10,10,10,10,10,10,10,10
371233,1,1,0,0,0,0,0,0,0,0,0,0
371233,2,1,0,0,0,0,0,0,0,0,0,0
371233,3,1,0,0,0,0,0,0,0,0,0,0
371234,1,1,0,0,0,0,0,23,0,0,0,0
371234,2,1,0,0,0,0,0,0,0,5,0,0
371234,3,1,0,0,0,0,0,0,0,0,0,0
371235,0,1,0,0,20,0,0,0,0,0,0,30
371235,1,1,22,22,22,22,22,22,22,22,22,22
371236,0,1,0,0,0,0,0,0,0,0,0,0
371236,1,1,0,0,0,0,28,0,0,0,0,0
371237,1,1,0,25,0,0,0,0,0,33,0,0
371238,1,1,0,0,0,0,0,0,0,0,0,0
371238,2,1,0,0,0,0,5,29,16,0,0,0
371239,1,1,0,11,0,23,5,0,0,0,0,0
371240,1,1,0,0,0,0,0,0,0,0,0,0
371240,2,1,0,0,0,0,0,0,0,0,0,0
371240,3,1,0,0,0,0,0,0,0,0,0,0
371241,1,1,0,0,0,0,0,0,0,0,0,0
371241,2,1,0,0,0,0,0,0,0,0,0,0
371242,1,1,9,9,9,9,9,9,9,9,9,9
371243,1,1,20,20,20,20,20,20,20,20,20,20
371244,0,1,0,0,0,0,0,0,0,0,0,0
371244,1,1,0,0,0,19,0,22,0,0,0,0
371245,1,1,0,0,0,0,0,0,0,0,0,0
371246,0,1,0,0,0,0,0,0,0,0,0,0
371246,1,1,0,0,0,0,27,0,0,0,0,0
371247,0,1,0,0,0,0,0,0,0,0,0,0
371247,1,1,0,0,0,0,0,0,0,0,0,0
371248,1,1,0,0,0,0,0,0,26,0,0,0
371248,2,1,10,10,10,10,10,10,10,10,10,10
371249,1,1,20,20,20,20,20,20,20,20,20,20
371250,1,1,0,0,0,0,0,0,0,0,0,0
371251,1,1,0,0,0,0,0,0,0,0,0,0
371251,2,1,0,0,0,0,0,0,0,0,0,0
371252,1,1,18,15,15,0,10,15,11,0,12,26
371253,0,1,15,15,15,15,15,15,15,15,15,15
371253,1,1,17,0,0,0,0,0,0,0,0,0
371254,1,1,18,18,18,18,18,18,18,18,18,18
371255,1,1,0,0,0,0,0,0,0,0,0,0
371255,2,1,0,0,0,0,0,0,0,0,0,0
371256,1,1,0,0,0,0,0,0,0,0,0,0
371256,2,1,0,0,0,0,0,0,0,0,0,0
371256,3,1,0,0,0,0,0,0,0,0,0,0
371257,0,1,18,17,5,15,20,0,18,13,11,0
371257,1,1,0,0,0,0,0,0,0,0,0,0
371257,2,1,0,0,0,0,0,0,0,0,0,0
371258,1,1,0,0,0,0,0,0,0,0,0,0
371259,1,1,16,16,16,16,16,16,16,16,16,16
371260,1,1,0,0,0,0,0,0,0,0,0,0
371261,0,1,0,0,26,0,0,0,0,0,0,0
371261,1,1,0,0,0,0,0,0,0,0,0,0
371262,1,1,0,0,0,0,0,0,0,0,0,0
371262,2,1,0,0,0,16,0,0,0,0,0,0
371263,1,1,0,0,0,0,0,0,0,13,0,0
371263,2,1,0,0,0,0,0,0,0,0,0,0
371264,1,1,25,25,25,25,25,25,25,25,25,25
371265,1,1,10,10,10,10,10,10,10,10,10,10
371266,1,1,0,0,0,0,0,0,0,0,0,0
371266,2,1,0,0,0,0,0,0,0,0,0,0
371266,3,1,0,0,0,0,0,0,0,0,0,0
371267,0,1,0,0,0,37,0,0,0,20,0,0
371267,1,1,0,0,0,28,0,0,0,0,18,0
371268,1,1,11,11,11,11,11,11,11,11,11,11
371269,1,1,21,21,21,21,21,21,21,21,21,21
371269,2,1,0,0,15,17,15,12,0,0,0,0
371270,1,1,0,0,0,0,0,0,0,0,0,0
371271,0,1,14,14,0,7,0,4,0,0,0,0
371271,1,1,0,0,0,0,0,0,0,0,25,0
371271,2,1,0,0,0,0,0,0,0,0,0,0
371271,3,1,0,0,0,0,0,0,0,0,0,10
371272,1,1,0,0,0,0,0,0,0,0,0,0
371272,2,1,0,0,0,0,0,0,0,0,0,0