ST_CASE,VEH_NO,PER_NO,P1,P2,P3,P4,P5,P6,P7,P8,P9,P10
371273,1,1,0,25,0,10,0,34,0,0,22,0
371274,1,1,0,0,9,0,0,0,0,0,0,0
371275,0,1,27,27,27,27,27,27,27,27,27,27
371275,1,1,0,0,0,0,0,0,0,0,0,0
371276,1,1,0,27,7,0,9,0,25,14,5,0
371277,1,1,20,20,20,20,20,20,20,20,20,20
371277,2,1,7,0,0,0,0,13,0,13,0,3
371278,1,1,0,26,0,0,0,0,0,0,0,0
371278,2,1,0,0,0,0,0,0,0,0,0,0
371279,1,1,0,0,0,0,0,0,0,0,0,0
371279,2,1,0,0,0,0,14,0,0,0,0,0
371280,1,1,0,0,0,0,0,0,0,0,0,0
371280,2,1,0,0,0,0,0,0,0,0,0,0
371281,1,1,0,0,0,0,0,0,0,0,0,0
371281,2,1,0,0,0,0,0,17,0,0,0,0
371282,1,1,0,0,0,0,0,28,0,0,0,0
371282,2,1,0,0,0,0,0,0,0,0,0,0
371283,0,1,11,0,0,15,0,0,0,16,0,9
371283,0,2,0,0,0,0,0,0,0,0,0,0
371283,1,1,0,0,0,0,0,0,0,0,0,0
371284,1,1,0,0,0,0,0,0,0,0,0,0
371284,2,1,0,0,0,0,0,0,0,0,0,0
371285,1,1,22,0,0,0,7,0,0,15,0,0
371285,2,1,0,0,0,0,0,0,0,0,0,0
371286,1,1,0,0,0,0,0,0,0,0,0,0
371286,2,1,0,0,0,0,0,0,0,0,0,0
371286,3,1,4,0,0,20,30,0,0,0,0,0
371287,1,1,0,0,11,32,22,15,10,15,8,0
371287,2,1,0,0,0,0,0,0,0,0,0,0
371287,3,1,0,0,0,0,0,0,0,25,0,0
371288,1,1,0,0,0,0,0,0,0,0,0,0
371289,1,1,15,15,15,15,15,15,15,15,15,15
371289,2,1,0,0,0,0,0,0,0,0,0,0
371290,0,1,4,4,4,4,4,4,4,4,4,4
371290,2,1,0,7,0,0,0,0,28,0,0,0
371291,1,1,0,0,0,0,0,0,0,33,0,0
371291,2,1,0,0,18,0,0,0,0,0,0,0
371291,3,1,0,0,0,0,0,0,0,0,0,0
371291,4,1,0,0,0,15,0,0,0,0,0,0
371292,1,1,0,0,13,26,0,0,0,0,28,14
371292,2,1,0,0,0,0,0,0,0,0,0,0
371293,1,1,0,0,0,0,0,0,0,0,0,0
371294,1,1,0,0,0,0,0,18,12,0,0,0
371294,2,1,0,0,0,0,0,0,0,0,0,0
371295,1,1,19,19,19,19,19,19,19,19,19,19
371295,2,1,0,0,0,0,0,0,0,0,0,3
371296,1,1,20,20,20,20,20,20,20,20,20,20
371297,0,1,0,0,0,0,0,0,19,0,8,0
371297,1,1,0,0,0,0,0,0,29,0,0,0
371298,1,1,15,15,15,15,15,15,15,15,15,15
371299,1,1,0,0,0,0,0,0,0,0,0,0
371299,2,1,0,0,0,0,0,0,0,0,0,0
371300,0,1,16,16,16,16,16,16,16,16,16,16
371300,1,1,0,0,0,0,0,0,0,0,0,0
371301,0,1,0,23,0,0,0,8,0,0,0,0
371301,0,2,0,0,0,0,0,0,0,0,0,0
371301,0,3,0,7,0,0,0,0,0,0,37,0
371301,1,1,8,8,8,8,8,8,8,8,8,8
371302,0,1,0,0,0,0,0,0,0,0,0,0
371302,1,1,3,3,3,3,3,3,3,3,3,3
371303,1,1,0,0,0,9,0,0,0,0,0,0
371303,2,1,0,0,0,0,0,0,0,0,0,0
371304,1,1,0,0,33,0,0,0,0,0,0,0
371304,2,1,0,0,0,0,0,0,0,0,0,0
371305,1,1,0,0,0,0,0,0,0,10,0,0
371305,2,1,0,0,16,0,0,0,0,0,0,0
371306,0,1,14,18,3,0,16,23,0,21,12,0
371306,1,1,0,0,0,0,0,10,0,0,0,17
371307,1,1,0,0,0,0,0,0,0,0,0,0
371307,2,1,0,0,0,0,0,0,0,0,0,0
371308,1,1,46,11,0,4,21,25,5,12,25,11
371309,1,1,0,0,0,0,0,0,0,0,0,0
371310,0,1,0,0,0,0,0,0,0,0,0,0
371310,1,1,0,0,0,0,0,0,0,0,0,0
371311,1,1,0,0,0,0,0,0,0,0,0,0
371311,2,1,16,0,0,0,0,0,0,0,0,0
371312,1,1,14,13,6,14,8,24,19,0,12,18
371313,0,1,23,22,12,37,0,34,15,21,36,0
371313,1,1,0,0,0,0,0,0,0,0,11,0
371314,1,1,21,21,21,21,21,21,21,21,21,21
371315,1,1,0,0,0,0,0,0,0,0,0,0
371315,2,1,0,0,0,0,0,0,0,0,0,0
371316,1,1,0,0,0,0,0,0,0,0,0,0
371316,2,1,0,0,0,0,0,0,11,0,0,0
371317,1,1,0,0,0,0,0,0,0,0,0,0
371317,2,1,0,0,0,0,0,0,0,0,0,0
371318,1,1,0,0,0,0,0,0,0,0,0,0
371318,2,1,0,0,0,0,0,0,0,0,0,0
371319,1,1,0,17,0,0,0,38,0,0,0,0
371320,1,1,0,0,0,0,0,0,0,0,0,0
371320,2,1,0,0,0,0,0,0,0,0,0,0
371321,0,1,0,0,0,0,0,0,0,0,0,0
371321,1,1,0,0,0,0,0,0,0,0,0,0
371322,0,1,0,0,0,0,0,0,0,0,0,0
371322,1,1,0,0,0,0,0,0,0,0,0,0
371323,1,1,0,0,0,14,4,16,7,19,27,15
371324,0,1,14,14,14,14,14,14,14,14,14,14
371324,1,1,0,0,0,0,0,0,0,0,0,0
380001,1,1,0,0,0,0,0,0,0,0,0,0
380001,2,1,1,1,1,1,1,1,1,1,1,1
380002,1,1,0,0,0,0,0,0,0,0,0,0
380002,2,1,0,0,0,0,0,0,4,0,0,0
380003,1,1,0,0,0,0,0,0,0,0,0,0
380003,2,1,0,0,0,0,0,0,14,0,0,0
380004,1,1,0,0,0,0,0,0,0,0,0,0
380004,2,1,0,0,0,0,0,0,0,0,0,0
380005,1,1,22,22,22,22,22,22,22,22,22,22
380006,1,1,0,0,0,0,0,0,0,0,0,0
380006,2,1,0,0,0,0,0,0,0,0,0,0
380007,1,1,0,0,0,0,0,0,0,0,23,0
380008,1,1,0,0,0,0,0,0,0,0,0,0
380008,2,1,0,0,0,0,0,0,0,0,0,0
380009,1,1,0,0,0,0,0,0,0,0,0,0
380009,2,1,0,0,0,0,0,0,0,0,0,0
380010,0,1,0,0,0,0,0,0,0,0,0,0
380010,1,1,0,0,0,0,0,0,0,0,0,0
380011,1,1,0,0,0,0,0,0,0,0,0,0
380011,2,1,0,0,0,0,0,0,0,0,0,0
380012,1,1,10,0,0,27,0,0,15,0,0,0
380012,2,1,0,0,0,0,0,0,0,0,0,0
380013,1,1,0,0,0,0,0,0,0,0,0,0
380013,2,1,0,0,0,0,0,0,0,0,0,0
380014,1,1,0,0,0,0,0,0,0,0,0,0
380014,2,1,0,0,0,0,0,0,0,0,0,0
380015,1,1,15,15,15,15,15,15,15,15,15,15
380016,1,1,0,0,0,0,0,0,0,0,0,0
380017,1,1,0,0,0,0,0,0,0,0,0,0
380018,1,1,18,18,18,18,18,18,18,18,18,18
380019,0,1,0,0,0,0,0,0,0,0,0,0
380019,1,1,0,0,0,0,0,0,0,0,0,0
380020,1,1,0,0,0,0,0,0,0,0,0,0
380021,1,1,0,0,7,0,0,0,0,0,0,0
380021,2,1,0,0,0,0,0,0,0,0,0,0
380022,1,1,20,20,20,20,20,20,20,20,20,20
380023,1,1,0,0,0,0,0,0,0,0,0,0
380023,2,1,0,0,0,0,0,12,0,0,0,0
380024,0,1,24,24,24,24,24,24,24,24,24,24
380024,1,1,0,0,0,0,0,0,0,0,0,0
380025,1,1,0,0,0,0,0,0,0,0,0,0
380026,1,1,0,0,0,0,0,0,0,0,0,0
380027,1,1,30,30,30,30,30,30,30,30,30,30
380028,1,1,0,0,0,0,7,0,0,0,0,0
380028,2,1,0,0,0,0,0,0,0,0,0,0
380029,0,1,10,10,10,10,10,10,10,10,10,10
380029,1,1,0,0,0,0,0,0,0,0,0,0
380030,1,1,0,0,0,0,0,0,0,0,0,0
380030,2,1,0,0,0,0,0,0,0,0,0,0
380031,1,1,0,0,0,0,0,0,0,0,0,0
380031,2,1,0,0,0,0,0,0,0,0,0,0
380031,3,1,0,0,0,0,0,0,3,0,0,0
380032,1,1,0,0,0,0,0,0,0,0,0,0
380032,2,1,0,0,0,0,0,0,0,0,0,0
380033,1,1,0,18,0,0,0,0,0,0,0,0
380033,2,1,0,0,0,0,0,0,0,0,0,0
380034,1,1,0,0,0,0,0,0,14,0,0,0
380034,2,1,0,0,0,0,0,0,0,0,0,0
380035,1,1,22,22,22,22,22,22,22,22,22,22
380036,1,1,0,0,0,0,0,0,0,0,0,0
380036,2,1,0,0,0,0,0,0,0,0,0,0
380037,1,1,0,0,0,0,0,0,0,0,0,0
380038,1,1,1,1,1,1,1,1,1,1,1,1
380039,0,1,0,18,0,10,0,0,0,0,0,8
380039,1,1,0,0,0,0,0,0,0,0,0,0
380040,1,1,19,19,19,19,19,19,19,19,19,19
380041,1,1,0,0,0,0,0,0,0,0,0,0
380041,2,1,0,0,0,0,0,0,0,0,0,0
380042,1,1,0,0,0,0,0,0,0,0,0,0
380043,1,1,6,0,16,19,14,35,16,24,0,0
380044,1,1,0,0,0,0,0,0,0,0,0,0
380045,0,1,18,18,18,18,18,18,18,18,18,18
380045,1,1,0,0,0,0,0,0,0,0,0,0
380046,1,1,0,0,0,0,0,0,0,0,0,0
380047,1,1,21,21,21,21,21,21,21,21,21,21
380048,1,1,0,0,0,0,0,23,0,0,0,0
380049,1,1,0,0,0,0,0,0,0,0,0,0
380049,2,1,0,0,0,0,0,0,0,0,0,0
380050,1,1,0,0,0,25,0,0,0,0,8,0
380051,1,1,0,0,0,0,0,0,0,0,0,0
380052,1,1,0,0,0,0,0,0,0,0,0,0
380052,2,1,0,0,0,0,0,0,0,0,0,4
380053,1,1,0,0,0,0,0,0,0,0,0,0
380054,1,1,13,13,13,13,13,13,13,13,13,13
380055,1,1,12,12,12,12,12,12,12,12,12,12
380056,1,1,22,22,22,22,22,22,22,22,22,22
380057,1,1,0,14,12,0,0,0,12,0,0,0
380058,1,1,0,0,0,0,0,11,0,0,0,0
380059,1,1,13,13,13,13,13,13,13,13,13,13
380060,1,1,0,0,0,0,0,0,0,0,0,0
380060,2,1,0,0,0,0,0,0,19,0,0,0
380061,1,1,0,0,0,0,0,0,0,0,0,0
380062,1,1,0,0,0,0,0,0,0,0,0,0
380062,2,1,0,0,0,0,0,0,0,0,0,0
380063,1,1,19,19,19,19,19,19,19,19,19,19
380064,1,1,0,0,0,0,0,0,0,0,0,0
380064,2,1,0,23,0,0,0,0,0,0,0,0
380064,3,1,0,0,0,0,0,0,0,0,0,0
380065,1,1,25,25,25,25,25,25,25,25,25,25
380065,2,1,0,0,0,0,0,0,0,0,0,16
380065,3,1,0,0,0,0,0,0,0,0,0,0
380066,1,1,0,0,0,0,0,0,0,0,0,0
380066,2,1,0,0,0,0,0,0,0,0,0,0
380067,1,1,1,1,1,1,1,1,1,1,1,1
380067,2,1,0,0,0,0,0,0,0,0,0,0
380068,1,1,16,16,16,16,16,16,16,16,16,16
380069,1,1,0,0,0,0,0,0,0,0,0,0
380069,2,1,0,0,0,0,0,0,0,0,0,0
380069,3,1,0,0,0,0,0,0,0,0,0,0
380070,1,1,0,0,0,0,0,0,0,0,0,0
380070,2,1,0,0,0,0,0,0,0,0,0,0
380071,0,1,0,12,14,0,0,0,0,40,0,0
380071,1,1,0,0,0,0,0,20,0,0,0,0
380072,1,1,12,12,12,12,12,12,12,12,12,12
380073,1,1,0,0,0,0,0,0,0,0,0,0
380073,2,1,0,0,0,0,0,0,0,0,0,0
380074,1,1,0,0,0,0,0,0,0,0,0,0
380074,2,1,0,12,0,0,0,0,0,0,17,0
380075,1,1,18,18,18,18,18,18,18,18,18,18
380076,1,1,18,18,18,18,18,18,18,18,18,18
380077,1,1,0,0,0,0,0,0,0,0,0,0
380077,2,1,0,0,0,0,0,0,0,0,0,0
380078,1,1,24,24,24,24,24,24,24,24,24,24
380079,1,1,0,0,0,0,0,0,0,0,0,0
380079,2,1,0,0,0,0,0,0,0,0,0,0
380080,1,1,17,17,17,17,17,17,17,17,17,17
380081,0,1,20,23,0,16,29,0,0,0,22,0
380081,1,1,0,0,0,0,0,0,0,0,0,0
380082,1,1,0,0,0,0,11,0,0,8,0,0
380082,2,1,0,0,0,0,0,10,0,0,0,0
380083,1,1,0,0,0,0,0,0,0,0,0,0
380083,2,1,0,0,0,14,0,0,0,0,0,0
380083,3,1,0,0,0,0,0,0,0,0,0,0
380084,1,1,26,26,26,26,26,26,26,26,26,26
380084,2,1,0,0,0,0,0,0,0,0,0,0
380085,1,1,0,0,0,0,0,0,0,0,0,0
380085,2,1,0,0,0,0,0,0,0,0,0,0
380086,1,1,0,0,0,0,0,0,0,0,0,0
380087,1,1,18,12,29,0,29,12,14,0,13,7
380088,1,1,0,0,0,0,0,0,0,0,0,0
380089,1,1,0,0,0,0,0,0,0,0,0,0
380089,2,1,0,0,0,0,0,0,0,0,0,0
380090,1,1,24,24,24,24,24,24,24,24,24,24
380091,1,1,0,0,0,0,0,0,0,0,0,0
380092,1,1,0,0,0,0,0,0,0,0,0,0
380092,2,1,0,3,0,0,0,0,0,0,0,0
380092,3,1,0,0,0,0,0,0,0,0,0,0
380093,1,1,0,0,0,0,0,0,0,0,0,0
380094,1,1,24,24,24,24,24,24,24,24,24,24
380095,1,1,0,0,0,0,0,0,21,0,0,0
380095,2,1,0,0,0,0,0,0,0,0,0,0
380095,3,1,0,0,0,0,0,0,0,0,0,0
390002,0,1,0,0,0,0,0,0,0,0,0,0
390002,1,1,0,0,0,0,0,0,0,0,0,0
390003,1,1,0,0,0,0,0,0,0,0,0,0
390003,2,1,0,0,0,0,0,0,0,0,0,0
390004,0,1,14,14,14,14,14,14,14,14,14,14
390004,1,1,0,0,0,0,0,0,0,12,0,0
390005,1,1,0,0,0,0,0,0,0,0,0,0
390006,0,1,0,0,0,0,0,0,0,0,0,0
390006,1,1,34,0,0,0,10,0,0,0,0,0
390006,2,1,18,0,19,0,0,0,0,0,0,0
390007,1,1,0,0,0,0,0,0,0,0,0,0
390008,1,1,0,0,0,0,0,0,0,0,0,0
390008,2,1,6,0,0,0,0,0,0,0,0,0
390009,0,1,20,20,20,20,20,20,20,20,20,20
390009,1,1,0,0,0,11,0,0,16,23,0,0
390010,1,1,0,0,0,0,0,0,0,0,0,0
390011,1,1,0,0,0,0,0,0,0,0,0,0
390011,2,1,0,0,0,0,0,0,0,0,0,0
390012,1,1,27,27,27,27,27,27,27,27,27,27
390013,1,1,0,0,0,0,0,0,0,0,0,0
390013,2,1,0,4,0,0,0,0,0,17,0,0
390014,1,1,0,16,0,0,0,0,0,0,0,0
390014,2,1,30,16,21,8,19,31,15,8,14,29
390014,3,1,0,0,0,0,0,0,0,0,0,0
390015,1,1,8,8,8,8,8,8,8,8,8,8
390015,2,1,0,0,0,0,0,0,0,0,0,0
390016,1,1,0,0,0,0,0,0,0,0,0,0
390016,2,1,0,0,0,0,0,0,0,0,0,0
390017,1,1,27,27,27,27,27,27,27,27,27,27
390018,1,1,0,0,0,0,0,0,0,0,0,0
390018,2,1,0,0,0,0,0,0,0,0,0,0
390020,1,1,0,0,0,0,0,0,0,0,0,0
390021,1,1,0,0,0,0,0,0,0,0,0,0
390021,2,1,0,0,0,0,0,0,0,0,0,0
390022,1,1,0,0,0,0,0,0,0,0,0,0
390023,1,1,0,0,0,0,0,0,0,0,0,0
390023,2,1,0,0,0,0,0,0,0,0,7,0
390024,1,1,16,0,20,12,21,29,18,26,11,12
390026,1,1,16,16,16,16,16,16,16,16,16,16
390027,1,1,20,20,20,20,20,20,20,20,20,20
390028,1,1,0,0,0,0,0,0,0,0,0,0
390028,2,1,0,0,0,0,0,0,0,0,0,0
390029,1,1,0,0,0,0,0,0,0,0,0,0
390030,1,1,0,0,0,0,0,0,0,0,0,0
390031,1,1,0,0,0,0,0,0,0,0,0,0
390032,1,1,8,8,8,8,8,8,8,8,8,8
390033,0,1,37,37,37,37,37,37,37,37,37,37
390033,1,1,14,0,0,10,0,0,0,10,0,0
390034,0,1,0,0,0,0,0,0,0,0,0,0
390034,1,1,16,14,7,19,11,16,5,14,0,21
390035,1,1,0,0,0,0,0,0,7,0,0,0
390035,2,1,0,0,0,0,0,0,0,0,0,0
390035,3,1,0,0,0,0,0,0,0,0,0,0
390035,4,1,30,30,30,30,30,30,30,30,30,30
390036,1,1,0,0,0,0,0,0,0,0,0,0
390036,2,1,0,0,0,0,0,0,0,0,0,0
390037,0,1,0,0,0,0,0,0,0,0,0,0
390037,1,1,0,0,0,0,0,0,0,0,0,0
390038,1,1,21,21,21,21,21,21,21,21,21,21
390039,1,1,16,16,16,16,16,16,16,16,16,16
390040,1,1,50,50,50,50,50,50,50,50,50,50
390040,2,1,0,0,0,0,0,0,0,0,0,0
390041,1,1,0,0,0,0,0,0,0,0,0,0
390042,1,1,0,0,26,0,22,0,0,0,0,0
390043,1,1,0,0,8,0,0,0,0,0,0,0
390044,1,1,0,0,0,0,0,0,0,0,0,0
390044,2,1,0,0,0,0,0,0,0,0,0,0
390045,1,1,0,0,0,0,0,0,0,0,0,0
390046,1,1,0,0,0,0,0,0,0,0,0,0
390046,2,1,0,0,0,0,0,15,0,0,0,0
390047,1,1,16,0,0,32,0,0,0,0,0,0
390048,1,1,0,0,0,0,0,0,0,0,0,0
390048,2,1,0,6,0,0,0,0,0,0,0,0
390048,3,1,0,0,0,0,0,0,0,0,0,25
390050,1,1,16,16,16,16,16,16,16,16,16,16
390051,1,1,0,0,0,0,0,0,0,0,0,0
390052,1,1,0,0,0,0,0,0,0,0,0,0
390052,2,1,0,0,0,13,0,0,0,0,0,0
390054,1,1,0,0,0,0,0,0,0,0,0,0
390055,1,1,0,0,0,0,0,0,0,0,0,0
390056,1,1,0,0,0,0,0,0,6,0,0,0
390056,2,1,0,0,0,0,0,0,0,0,0,16
390057,1,1,0,0,0,0,0,0,0,0,0,0
390057,2,1,0,0,0,0,0,0,0,0,0,0
390059,0,1,18,18,18,18,18,18,18,18,18,18
390059,1,1,0,0,0,0,0,0,0,0,0,0
390060,1,1,0,11,0,0,0,0,0,31,0,0
390060,2,1,0,0,0,0,0,0,0,0,0,0
390061,1,1,0,0,0,0,0,0,0,0,0,0
390061,2,1,10,10,10,10,10,10,10,10,10,10
390061,3,1,0,0,0,0,0,0,0,0,0,0
390062,1,1,0,0,0,0,0,0,0,0,10,0
390062,2,1,0,0,0,0,0,0,0,0,0,0
390063,1,1,0,0,0,0,0,0,0,0,0,0
390063,2,1,0,0,0,0,0,0,0,0,0,0
390064,1,1,0,0,0,0,0,0,0,0,0,0
390064,2,1,0,0,0,0,0,0,0,0,0,0
390065,1,1,6,6,6,6,6,6,6,6,6,6
390066,1,1,0,0,0,0,0,0,0,0,0,0
390067,1,1,0,0,0,0,0,0,0,0,0,0
390067,2,1,0,0,0,0,0,0,0,0,0,0
390068,1,1,0,0,0,0,18,0,0,0,0,0
390068,2,1,0,0,0,0,0,0,0,0,0,0
390068,3,1,0,0,0,0,0,0,0,0,0,0
390069,1,1,0,10,0,25,0,0,0,0,0,0
390070,1,1,0,0,0,0,0,0,0,0,0,0
390071,1,1,11,11,11,11,11,11,11,11,11,11
390072,0,1,0,0,0,0,0,0,0,0,0,0
390072,1,1,0,0,0,0,0,0,0,0,21,0
390073,1,1,0,0,0,0,0,0,0,0,0,0
390073,2,1,0,0,0,0,0,0,15,0,0,0
390073,3,1,0,0,0,0,0,0,0,0,0,0
390073,4,1,0,0,0,0,0,0,0,0,0,0
390074,1,1,0,0,0,0,0,0,0,0,0,0
390074,2,1,0,0,0,0,0,0,0,0,0,0
390075,1,1,0,0,0,0,0,0,0,0,0,0
390075,2,1,0,0,0,0,0,0,0,0,0,0
390076,1,1,0,0,0,0,0,0,0,0,0,0
390076,2,1,0,0,0,0,0,0,0,0,0,0
390077,1,1,0,0,0,0,0,0,0,0,0,0
390078,1,1,0,0,0,0,0,0,0,0,0,0
390079,0,1,1,1,1,1,1,1,1,1,1,1
390079,0,2,0,0,0,0,0,0,0,0,0,0
390079,2,1,0,0,0,0,0,0,0,0,0,0
390080,0,1,0,0,0,0,0,0,0,0,0,0
390080,1,1,19,19,19,19,19,19,19,19,19,19
390081,1,1,19,19,19,19,19,19,19,19,19,19
390082,0,1,12,12,12,12,12,12,12,12,12,12
390082,1,1,0,0,0,0,0,0,0,0,0,0
390083,0,1,0,0,0,0,0,0,0,0,0,0
390083,1,1,0,0,0,0,0,0,0,0,0,0
390084,1,1,0,0,0,0,0,0,0,0,0,0
390084,2,1,0,0,0,0,0,0,0,0,0,0
390085,1,1,0,0,0,0,0,0,0,0,0,0
390085,2,1,0,0,0,0,0,0,0,0,0,0
390085,3,1,0,0,0,0,0,0,0,0,0,0
390086,1,1,0,0,0,0,0,0,0,0,0,0
390086,2,1,0,0,0,0,0,0,0,0,0,0
390087,1,1,0,0,0,0,0,0,0,0,0,0
390087,2,1,0,0,0,0,0,0,0,0,0,0
390088,1,1,26,26,26,26,26,26,26,26,26,26
390089,1,1,17,31,15,21,6,10,14,13,21,33
390090,1,1,0,0,0,0,0,0,0,0,0,0
390090,2,1,0,0,0,0,0,0,0,0,0,0
390092,1,1,0,0,0,0,0,0,0,0,0,0
390094,1,1,0,0,0,0,0,0,0,0,0,0
390095,1,1,27,27,27,27,27,27,27,27,27,27
390096,0,1,24,24,24,24,24,24,24,24,24,24
390096,1,1,0,0,0,0,24,0,0,0,0,0
390098,1,1,0,0,0,0,0,0,0,0,7,0
390098,2,1,0,0,0,0,0,0,0,0,0,0
390100,1,1,0,0,0,0,0,0,0,0,0,0
390101,0,1,0,0,0,0,0,5,0,0,0,0
390101,1,1,9,10,0,0,0,0,0,0,0,17
390102,1,1,1,1,1,1,1,1,1,1,1,1
390102,2,1,0,0,0,0,0,0,17,26,0,30
390102,3,1,0,0,0,0,0,0,0,0,0,0
390103,1,1,29,29,29,29,29,29,29,29,29,29
390104,1,1,17,17,17,17,17,17,17,17,17,17
390105,0,1,0,0,0,0,0,0,0,0,0,0
390105,1,1,0,0,0,0,0,0,0,0,0,0
390106,1,1,19,19,19,19,19,19,19,19,19,19
390107,1,1,0,0,0,0,0,0,0,0,0,0
390108,1,1,29,29,29,29,29,29,29,29,29,29
390109,1,1,0,0,0,0,0,0,0,0,0,0
390110,1,1,0,0,0,0,0,0,0,0,0,0
390110,2,1,0,0,0,0,0,0,0,0,6,0
390111,1,1,0,0,0,0,0,0,18,0,0,0
390111,2,1,0,0,0,0,0,0,0,0,0,14
390112,1,1,0,0,0,0,0,0,0,0,0,0
390112,2,1,0,0,0,0,0,0,0,0,0,0
390113,1,1,1,1,1,1,1,1,1,1,1,1
390113,2,1,0,0,0,0,0,0,0,0,0,0
390114,1,1,0,0,0,0,0,0,0,0,6,0
390114,2,1,0,0,0,0,0,0,0,18,0,0
390115,1,1,0,0,0,0,0,0,0,0,0,0
390116,1,1,0,0,0,0,0,0,0,0,0,0
390116,2,1,0,0,0,0,0,0,0,0,0,0
390117,0,1,0,0,0,0,0,0,0,0,0,0
390117,1,1,0,12,0,0,0,0,0,0,0,0
390118,1,1,0,0,0,0,0,0,0,0,0,0
390119,1,1,18,18,18,18,18,18,18,18,18,18
390119,2,1,5,5,5,5,5,5,5,5,5,5
390120,1,1,15,0,0,0,0,18,0,0,0,0
390121,1,1,21,21,21,21,21,21,21,21,21,21
390121,2,1,0,0,0,0,0,0,0,0,0,0
390122,1,1,0,0,6,0,0,0,0,0,0,0
390122,2,1,0,0,0,0,0,0,0,0,0,0
390122,3,1,13,13,13,13,13,13,13,13,13,13
390123,1,1,31,31,31,31,31,31,31,31,31,31
390124,1,1,0,0,0,0,0,0,0,0,0,0
390124,2,1,0,0,0,18,0,0,0,0,0,33
390125,1,1,14,14,14,14,14,14,14,14,14,14
390126,1,1,0,0,0,0,0,0,0,0,0,0
390126,2,1,0,0,0,0,0,0,0,0,0,0
390126,3,1,0,0,0,0,0,0,0,0,0,0
390126,4,1,0,0,0,0,0,0,0,0,0,0
390127,1,1,21,21,21,21,21,21,21,21,21,21
390128,0,1,0,0,0,0,0,0,0,0,0,0
390128,0,2,0,0,0,0,0,0,0,0,0,0
390128,2,1,0,0,0,0,0,0,0,0,0,0
390128,3,1,0,0,0,0,0,0,0,0,0,0
390129,1,1,4,4,4,4,4,4,4,4,4,4
390129,2,1,0,0,0,0,0,0,0,0,0,0
390129,3,1,0,0,0,12,0,0,0,0,0,19
390130,1,1,0,0,0,0,0,0,0,0,0,0
390130,2,1,4,4,4,4,4,4,4,4,4,4
390131,1,1,0,0,0,0,0,0,0,0,0,0
390131,2,1,0,0,0,0,0,0,0,0,0,0
390131,3,1,0,3,0,0,0,0,0,0,0,0
390132,1,1,0,0,0,0,0,0,0,0,0,0
390132,2,1,0,0,0,0,0,0,0,0,0,0
390134,0,1,10,0,0,19,6,0,0,0,0,0
390134,1,1,6,3,22,17,0,0,13,21,14,12
390135,0,1,0,0,0,0,0,0,0,0,0,0
390135,1,1,0,0,0,20,0,0,0,0,0,0
390136,1,1,0,0,0,0,0,0,0,0,0,0
390137,1,1,20,20,20,20,20,20,20,20,20,20
390138,1,1,0,0,0,0,0,0,0,0,0,0
390138,2,1,12,14,0,0,6,22,14,45,38,6
390139,1,1,0,0,0,0,0,0,0,0,0,0
390139,2,1,0,0,0,0,0,0,0,0,0,0
390140,1,1,0,0,0,0,0,0,0,0,0,0
390140,2,1,0,0,0,0,0,0,0,0,0,0
390141,1,1,0,0,0,0,0,0,0,0,0,0
390141,2,1,0,0,0,0,0,0,0,0,0,0
390142,1,1,0,0,0,0,0,4,0,0,0,0
390142,2,1,0,0,0,0,0,0,0,0,0,0
390143,1,1,0,0,0,0,0,0,0,0,0,0
390144,1,1,0,0,0,0,0,0,0,0,0,0
390145,1,1,0,0,0,0,0,0,0,0,0,0
390146,1,1,0,0,0,0,0,0,0,0,0,0
390147,1,1,0,0,0,0,0,0,0,0,0,0
390147,2,1,0,0,0,0,0,0,0,0,0,0
390148,1,1,13,13,13,13,13,13,13,13,13,13
390149,1,1,0,0,0,0,0,0,0,0,0,0
390150,1,1,0,0,0,0,0,0,0,0,0,0
390151,0,1,0,0,0,0,0,0,0,0,0,0
390151,0,2,0,0,0,0,0,0,27,16,0,30
390151,1,1,0,0,0,0,0,0,0,0,0,0
390152,0,1,0,0,0,0,0,0,0,0,0,0
390152,0,2,0,0,0,0,0,0,0,0,0,0
390152,2,1,0,0,0,0,0,0,0,0,0,0
390153,0,1,30,30,30,30,30,30,30,30,30,30
390153,1,1,0,0,0,0,0,0,0,0,0,0
390154,1,1,0,18,0,0,0,0,0,0,0,0
390154,2,1,0,0,0,0,0,0,0,0,0,0
390155,1,1,0,0,0,17,0,0,24,0,0,0
390156,1,1,19,19,19,19,19,19,19,19,19,19
390157,1,1,0,0,0,0,0,0,0,0,0,0
390158,1,1,0,0,0,0,0,0,0,0,0,0
390159,1,1,0,0,0,0,0,0,0,0,0,0
390160,1,1,0,0,0,0,0,0,0,0,0,0
390160,2,1,0,0,0,0,0,0,0,0,0,0
390161,1,1,0,0,0,0,0,0,0,0,0,0
390161,2,1,0,0,0,0,0,0,0,0,0,0
390162,1,1,15,15,15,15,15,15,15,15,15,15
390163,1,1,0,0,0,0,0,0,0,0,0,0
390163,2,1,0,0,0,0,0,0,0,0,0,0
390164,1,1,10,19,17,11,24,14,14,22,23,9
390166,2,1,0,0,0,0,0,0,0,0,0,0
390167,1,1,0,0,0,0,0,0,0,0,0,0