ST_CASE,VEH_NO,PER_NO,P1,P2,P3,P4,P5,P6,P7,P8,P9,P10
390769,1,1,12,23,7,16,9,8,3,6,10,3
390770,1,1,0,0,0,0,0,0,0,0,0,0
390770,2,1,0,0,0,0,0,0,0,0,0,0
390771,1,1,13,13,13,13,13,13,13,13,13,13
390772,0,1,20,20,20,20,20,20,20,20,20,20
390772,1,1,0,10,0,0,0,0,0,0,0,0
390773,1,1,21,21,21,21,21,21,21,21,21,21
390774,1,1,0,0,0,0,0,0,0,0,0,0
390774,2,1,0,0,0,0,0,0,0,0,0,0
390775,1,1,0,0,0,0,0,0,0,0,0,23
390775,2,1,0,0,0,0,0,0,0,0,0,0
390775,3,1,0,11,0,18,0,0,0,0,16,2
390776,1,1,0,0,0,0,0,0,0,0,0,0
390777,1,1,0,0,0,0,0,0,0,0,0,0
390777,2,1,0,0,0,0,0,0,0,0,0,0
390778,1,1,0,0,0,0,0,0,0,0,0,0
390778,2,1,0,0,0,0,9,0,0,0,0,0
390779,0,1,0,0,0,0,0,0,0,0,0,0
390779,1,1,0,0,0,0,0,0,0,0,0,0
390780,1,1,0,0,0,0,0,0,0,0,0,0
390780,2,1,0,0,0,0,0,14,0,0,0,0
390781,1,1,0,0,0,0,0,0,0,11,0,0
390781,2,1,0,0,0,0,0,0,0,0,0,0
390782,1,1,0,0,0,0,0,0,0,0,0,0
390782,2,1,0,0,0,0,0,0,0,0,0,0
390783,1,1,0,0,0,0,0,0,0,0,0,0
390784,1,1,0,0,0,0,0,0,0,0,0,0
390784,2,1,0,0,0,0,0,0,0,0,0,0
390785,1,1,14,14,14,14,14,14,14,14,14,14
390786,0,1,26,26,26,26,26,26,26,26,26,26
390786,1,1,35,14,0,0,0,0,0,0,0,0
390787,1,1,0,0,0,0,0,0,0,0,0,0
390788,1,1,0,14,0,0,0,0,0,0,9,0
390789,1,1,0,0,0,0,0,0,0,0,0,0
390789,2,1,0,0,0,0,0,0,0,0,0,0
390790,1,1,0,0,0,0,0,0,0,0,0,0
390791,1,1,0,0,0,0,0,0,0,0,0,0
390792,1,1,0,0,0,0,0,0,0,0,0,0
390792,2,1,0,0,0,0,0,0,0,0,0,0
390793,0,1,0,0,0,0,0,0,0,0,0,0
390793,1,1,0,0,0,0,0,0,0,0,0,0
390794,1,1,0,0,0,0,0,0,0,0,0,0
390795,0,1,0,0,0,0,0,0,0,0,0,0
390795,1,1,0,0,0,0,0,37,0,0,0,0
390796,1,1,0,0,0,0,0,0,0,0,0,0
390796,2,1,0,22,0,0,0,0,0,0,0,0
390797,1,1,0,0,0,0,0,0,0,0,0,0
390797,2,1,0,0,0,0,0,0,0,0,0,0
390798,1,1,0,0,0,0,0,0,20,0,17,0
390799,1,1,28,28,28,28,28,28,28,28,28,28
390800,1,1,0,0,0,0,0,0,0,0,0,0
390801,1,1,0,0,0,0,0,0,0,0,0,0
390801,2,1,0,0,8,0,0,0,0,11,0,0
390802,1,1,20,20,20,20,20,20,20,20,20,20
390802,2,1,0,0,0,0,0,0,0,0,0,0
390802,3,1,0,0,0,0,0,24,0,0,0,0
390803,0,1,0,0,0,0,0,0,0,0,0,0
390803,1,1,0,0,0,0,0,0,0,0,0,0
390804,0,1,0,0,0,0,0,0,0,0,0,0
390804,1,1,15,0,0,0,0,0,0,0,0,0
390804,2,1,9,0,0,0,0,0,0,0,0,0
390805,1,1,0,0,0,0,0,0,0,0,0,0
390805,2,1,0,0,0,0,0,0,0,0,0,0
390806,1,1,5,5,5,5,5,5,5,5,5,5
390807,1,1,0,0,0,0,0,0,0,0,0,0
390807,2,1,0,0,0,0,0,0,0,0,0,0
390807,3,1,23,23,23,23,23,23,23,23,23,23
390808,1,1,28,28,28,28,28,28,28,28,28,28
390809,0,1,14,14,14,14,14,14,14,14,14,14
390809,1,1,0,0,0,0,0,0,0,0,0,0
390810,1,1,15,15,15,15,15,15,15,15,15,15
390811,1,1,0,0,0,0,0,0,0,0,0,0
390811,2,1,0,0,0,0,0,0,0,0,0,0
390812,0,1,27,27,27,27,27,27,27,27,27,27
390812,1,1,0,0,0,0,0,0,0,0,14,13
390813,1,1,0,0,0,0,0,0,0,0,0,0
390814,1,1,0,0,0,0,0,0,0,0,0,0
390814,2,1,0,0,0,0,0,0,0,0,0,0
390815,1,1,0,0,0,0,0,0,0,0,0,0
390815,2,1,0,0,0,0,0,0,0,0,0,0
390816,1,1,0,0,0,0,0,0,0,0,0,0
390817,1,1,10,10,10,10,10,10,10,10,10,10
390818,1,1,0,0,0,0,0,0,0,0,0,0
390818,2,1,0,7,0,0,0,0,0,0,0,0
390819,1,1,23,23,23,23,23,23,23,23,23,23
390819,2,1,0,12,0,13,0,0,0,34,0,0
390820,1,1,6,6,6,6,6,6,6,6,6,6
390821,1,1,0,0,0,0,0,0,0,0,0,0
390822,0,1,0,0,0,0,0,0,0,0,0,0
390822,1,1,0,0,0,0,0,0,0,0,0,0
390823,0,1,23,23,23,23,23,23,23,23,23,23
390823,1,1,0,0,0,0,0,0,0,0,0,0
390824,0,1,0,0,0,0,0,0,0,0,0,0
390824,1,1,0,0,0,0,0,0,27,0,0,10
390824,2,1,0,0,0,0,0,0,0,0,0,0
390825,0,1,0,0,0,0,0,0,0,0,0,0
390825,1,1,0,0,0,0,0,0,0,0,0,0
390826,1,1,12,12,12,12,12,12,12,12,12,12
390826,2,1,19,19,19,19,19,19,19,19,19,19
390827,0,1,0,0,0,0,0,0,0,0,0,0
390827,1,1,0,0,0,0,0,0,0,0,0,0
390828,1,1,0,0,0,0,0,0,0,0,0,0
390828,2,1,0,0,0,0,0,0,36,10,7,0
390829,1,1,23,20,0,0,0,0,0,0,0,6
390829,2,1,25,0,0,0,0,0,0,0,0,0
390830,1,1,26,26,26,26,26,26,26,26,26,26
390830,2,1,0,0,0,0,0,0,0,0,0,0
390830,3,1,0,0,0,0,0,0,0,0,0,0
390831,0,1,13,35,43,16,14,8,26,17,28,26
390831,2,1,0,0,0,0,0,17,0,0,0,0
390831,3,1,0,0,0,0,0,0,0,0,0,0
390832,1,1,22,22,22,22,22,22,22,22,22,22
390832,2,1,0,0,0,0,0,3,0,0,0,0
390833,1,1,0,0,0,0,0,0,0,0,0,0
390833,2,1,0,0,0,0,8,11,0,0,0,0
390835,1,1,0,0,0,0,0,0,0,0,0,0
390836,1,1,0,0,0,0,0,0,0,0,0,0
390836,2,1,0,0,0,0,0,0,0,0,0,0
390837,1,1,20,20,20,20,20,20,20,20,20,20
390837,2,1,0,0,0,0,0,0,0,0,0,0
390838,0,1,0,0,0,0,0,0,0,0,0,0
390838,1,1,0,0,0,0,0,0,23,0,0,0
390839,1,1,0,0,0,0,0,0,0,0,0,0
390840,1,1,27,27,27,27,27,27,27,27,27,27
390841,1,1,0,0,0,0,25,0,0,0,0,0
390841,2,1,0,11,0,0,20,0,0,0,0,0
390842,1,1,15,15,15,15,15,15,15,15,15,15
390843,1,1,0,0,0,0,0,0,0,0,0,0
390843,2,1,0,0,0,0,0,0,0,0,0,0
390844,1,1,0,0,0,0,0,0,0,0,0,0
390845,1,1,0,0,0,0,0,0,0,0,0,0
390847,1,1,0,0,0,0,0,0,0,0,0,0
390848,1,1,15,15,15,15,15,15,15,15,15,15
390848,2,1,0,0,10,0,0,0,0,0,0,0
390849,1,1,6,6,6,6,6,6,6,6,6,6
390849,2,1,0,0,0,0,0,0,0,0,0,0
390850,1,1,0,0,0,0,0,0,0,0,0,0
390852,1,1,6,15,3,18,7,0,0,0,18,0
390852,2,1,21,21,21,21,21,21,21,21,21,21
390853,0,1,0,0,0,0,0,0,0,0,0,0
390853,1,1,17,17,17,17,17,17,17,17,17,17
390854,1,1,20,20,20,20,20,20,20,20,20,20
390855,1,1,2,2,2,2,2,2,2,2,2,2
390856,1,1,0,0,0,0,0,0,0,0,0,0
390856,2,1,0,0,0,0,22,0,0,0,0,13
390857,1,1,0,0,0,0,0,0,0,0,0,0
390858,1,1,0,0,0,0,0,0,0,0,0,0
390859,1,1,0,0,0,0,0,0,0,0,0,0
390859,2,1,0,0,0,0,0,0,0,0,0,0
390860,1,1,0,0,0,0,0,0,0,0,0,0
390860,2,1,0,0,0,0,0,0,0,0,0,0
390862,1,1,0,0,0,0,0,0,0,0,0,0
390862,2,1,0,0,0,0,0,0,0,9,0,0
390862,3,1,0,0,0,0,0,0,0,0,0,0
390863,1,1,0,0,0,0,6,0,0,0,0,0
390863,2,1,0,0,0,0,0,0,0,0,0,0
390863,3,1,0,0,0,0,0,21,0,0,0,0
390863,4,1,0,12,0,0,0,0,0,0,0,0
390863,5,1,0,0,0,0,0,0,0,0,0,0
390864,1,1,0,0,0,0,0,0,0,0,0,0
390864,2,1,0,0,0,0,0,0,0,0,0,0
390864,3,1,0,14,0,0,0,0,0,0,0,0
390865,0,1,16,16,16,16,16,16,16,16,16,16
390865,1,1,0,0,0,13,0,0,0,0,0,0
390866,1,1,0,0,0,0,0,0,0,0,0,0
390866,2,1,0,0,0,0,0,0,0,0,0,0
390867,1,1,0,0,0,0,0,0,0,0,0,0
390867,2,1,0,0,0,0,0,0,0,0,0,0
390868,1,1,0,0,0,0,0,0,0,0,0,0
390868,2,1,0,0,0,0,0,0,0,0,0,0
390869,1,1,24,24,24,24,24,24,24,24,24,24
390870,0,1,18,18,18,18,18,18,18,18,18,18
390870,1,1,0,0,0,0,0,0,0,0,0,0
390870,2,1,0,0,0,0,0,0,0,0,0,0
390871,1,1,15,15,15,15,15,15,15,15,15,15
390872,1,1,30,30,30,30,30,30,30,30,30,30
390873,1,1,20,20,20,20,20,20,20,20,20,20
390874,1,1,0,0,0,0,0,0,0,0,0,0
390875,1,1,16,0,0,0,11,0,0,0,0,0
390875,2,1,0,0,0,0,0,0,0,0,0,0
390875,3,1,0,0,0,0,0,0,0,0,0,0
390875,4,1,0,25,0,0,0,0,0,0,0,0
390875,5,1,15,0,0,18,0,11,0,0,0,0
390875,6,1,0,0,0,0,0,0,0,0,0,0
390876,1,1,9,9,9,9,9,9,9,9,9,9
390876,2,1,0,0,0,0,0,0,0,0,0,0
390877,1,1,0,0,0,0,0,0,0,0,0,0
390877,2,1,0,0,0,0,0,0,0,0,0,0
390878,0,1,0,15,0,0,0,0,0,35,0,0
390879,1,1,0,0,0,0,0,0,0,13,0,0
390879,2,1,0,0,0,0,13,0,0,0,0,23
390880,1,1,19,19,19,19,19,19,19,19,19,19
390881,1,1,20,20,20,20,20,20,20,20,20,20
390882,1,1,0,0,0,0,0,0,0,0,0,0
390882,2,1,0,0,0,0,0,0,0,0,0,22
390883,1,1,24,24,24,24,24,24,24,24,24,24
390884,1,1,25,25,25,25,25,25,25,25,25,25
390885,1,1,0,0,0,0,0,0,0,0,0,0
390886,0,1,0,0,0,0,0,0,0,0,0,0
390886,1,1,15,0,0,0,6,27,0,0,0,0
390887,1,1,0,0,0,0,0,0,0,0,0,0
390888,0,1,0,0,0,0,0,0,0,0,0,0
390888,1,1,0,0,0,0,0,0,0,0,0,0
390889,1,1,0,0,0,0,0,0,0,0,0,0
390889,2,1,0,0,0,6,0,0,0,0,0,0
390889,3,1,24,0,0,0,0,0,0,0,0,0
390890,1,1,26,26,26,26,26,26,26,26,26,26
390891,1,1,0,0,0,26,0,0,0,25,0,39
390892,1,1,0,0,0,0,0,0,0,0,0,0
390892,2,1,0,0,0,0,0,0,0,0,0,0
390893,0,1,0,0,0,0,0,0,0,0,0,0
390893,1,1,0,0,0,0,0,0,0,0,0,0
390893,2,1,0,0,0,0,0,0,0,0,0,0
390894,1,1,0,0,0,0,0,0,0,0,0,0
390895,1,1,30,30,30,30,30,30,30,30,30,30
390896,1,1,0,0,0,0,0,0,0,0,0,0
390896,2,1,0,0,12,0,0,0,0,0,0,0
390897,2,1,0,0,0,0,0,0,0,0,0,0
390898,1,1,23,23,23,23,23,23,23,23,23,23
390898,2,1,0,0,0,0,0,8,0,0,0,0
390899,1,1,0,0,0,0,0,0,0,0,0,0
390899,2,1,17,17,17,17,17,17,17,17,17,17
390900,1,1,0,0,0,0,0,0,0,0,0,0
390901,1,1,0,0,0,0,0,0,0,0,0,0
390902,1,1,0,0,0,0,0,0,0,0,0,0
390902,2,1,0,0,0,0,0,0,0,0,0,0
390903,1,1,0,0,0,0,0,0,0,0,0,0
390903,2,1,0,0,0,0,0,0,0,0,0,0
390904,0,1,0,0,0,0,0,0,0,0,0,0
390904,1,1,0,0,0,0,0,0,0,0,0,0
390905,1,1,0,0,0,0,0,0,0,0,0,0
390906,0,1,0,0,0,0,0,0,0,0,0,0
390906,1,1,0,8,0,0,0,0,0,0,0,0
390907,0,1,21,21,21,21,21,21,21,21,21,21
390907,1,1,0,0,0,0,0,0,0,0,0,0
390908,1,1,0,0,0,0,0,0,0,0,0,0
390909,1,1,18,18,18,18,18,18,18,18,18,18
390910,1,1,0,0,0,0,0,9,0,0,0,0
390911,0,1,0,0,0,0,0,0,0,0,0,0
390911,1,1,0,0,0,0,0,0,0,0,0,0
390912,1,1,16,16,16,16,16,16,16,16,16,16
390912,2,1,0,0,0,0,0,0,0,0,0,0
390913,0,1,0,0,0,0,0,0,0,0,0,0
390913,1,1,0,0,0,0,0,0,0,0,0,0
390914,1,1,10,0,0,0,0,0,0,0,0,0
390915,1,1,0,0,0,0,0,0,0,0,0,0
390916,1,1,0,0,0,17,0,0,0,0,0,0
390916,2,1,0,0,0,0,0,0,0,0,0,0
390917,1,1,0,0,0,0,0,0,0,0,0,0
390917,2,1,0,0,0,0,0,0,0,0,0,0
390918,0,1,0,0,0,0,0,0,0,0,0,0
390918,1,1,8,0,19,0,7,10,16,4,15,0
390919,1,1,0,0,0,0,0,0,0,0,0,0
390920,1,1,0,0,0,0,0,0,0,0,0,0
390920,2,1,0,0,0,0,0,0,0,0,0,0
390921,1,1,0,0,0,0,0,0,22,0,0,0
390921,2,1,0,0,0,0,0,0,0,0,0,0
390922,0,1,0,0,0,0,0,0,0,0,0,0
390922,1,1,0,12,0,0,0,0,0,0,0,0
390923,1,1,0,0,0,0,0,0,0,0,0,0
390923,2,1,0,0,0,0,0,0,0,0,0,0
390924,1,1,0,0,0,0,0,0,0,0,0,0
390924,2,1,0,0,0,0,0,0,0,0,0,0
390925,1,1,0,0,0,0,0,0,0,0,0,0
390925,2,1,0,0,0,0,0,0,0,0,0,0
390926,1,1,0,0,0,0,0,0,0,0,0,0
390926,2,1,0,0,0,0,0,0,0,0,0,0
390927,1,1,7,7,7,7,7,7,7,7,7,7
390928,1,1,21,21,21,21,21,21,21,21,21,21
390928,2,1,0,0,0,0,0,0,0,0,0,0
390928,3,1,0,0,0,0,0,0,0,0,0,0
390928,4,1,0,14,25,0,0,0,0,0,0,0
390929,1,1,17,17,17,17,17,17,17,17,17,17
390929,2,1,0,0,0,0,0,0,0,0,0,0
390930,1,1,24,24,24,24,24,24,24,24,24,24
390930,2,1,0,0,0,0,0,0,0,0,0,0
390931,1,1,0,0,0,0,0,0,0,0,0,0
390931,2,1,0,0,0,0,0,0,0,0,0,0
390933,1,1,0,0,0,0,0,0,0,0,0,0
390933,2,1,0,0,0,0,0,0,0,0,0,0
390934,0,1,0,0,0,0,0,0,0,0,0,0
390934,1,1,0,0,19,21,0,7,0,0,0,24
390935,1,1,0,0,0,0,0,0,0,0,0,0
390937,1,1,0,0,0,0,0,0,0,0,0,27
390937,2,1,0,0,0,0,0,0,0,0,0,0
390938,1,1,23,23,23,23,23,23,23,23,23,23
390939,1,1,0,0,0,0,0,0,0,0,0,0
390940,1,1,0,0,0,0,0,0,0,0,0,0
390940,2,1,0,0,0,0,0,0,0,0,0,0
390941,1,1,0,0,0,0,0,0,0,0,0,0
390941,2,1,0,0,0,0,0,0,0,0,0,0
390942,1,1,0,0,0,0,0,0,0,0,0,0
390942,2,1,0,0,0,0,0,0,0,37,0,0
390943,1,1,0,0,0,0,0,0,0,0,10,0
390943,2,1,0,0,0,0,0,0,23,0,0,0
390944,1,1,0,0,0,0,0,0,0,0,0,0
390945,1,1,0,0,0,0,0,0,20,0,0,0
390945,2,1,0,0,0,12,0,0,0,0,0,0
390946,1,1,0,0,0,0,0,0,0,0,0,0
390948,1,1,11,11,11,11,11,11,11,11,11,11
390948,2,1,0,0,0,0,0,0,0,0,0,0
390948,3,1,0,0,7,0,0,0,0,0,0,0
390949,0,1,0,0,0,0,0,0,0,0,0,0
390949,1,1,0,0,0,0,0,0,0,0,0,0
390950,1,1,0,0,0,0,0,0,0,0,0,0
390950,2,1,0,0,0,0,0,0,0,0,0,0
390950,3,1,0,0,0,6,0,0,0,0,0,0
390951,1,1,0,0,0,0,0,0,0,0,0,0
390952,1,1,0,0,0,0,0,0,0,0,0,0
390952,2,1,0,0,0,0,0,0,0,0,0,0
390953,0,1,26,26,26,26,26,26,26,26,26,26
390953,1,1,0,0,0,0,0,0,0,0,0,14
390954,1,1,0,0,0,0,0,0,0,0,0,0
390955,1,1,15,15,15,15,15,15,15,15,15,15
390956,1,1,0,0,0,0,0,0,0,0,0,0
390956,2,1,0,0,0,0,0,0,0,0,0,0
390957,1,1,0,0,0,0,0,0,0,0,0,0
390958,1,1,0,0,0,0,0,0,0,0,0,0
390958,2,1,0,0,0,0,0,0,0,0,0,0
390958,3,1,14,14,14,14,14,14,14,14,14,14
390959,0,1,9,9,9,9,9,9,9,9,9,9
390959,1,1,0,0,29,0,0,0,0,0,0,0
390960,1,1,23,22,0,0,0,0,0,0,0,13
390960,2,1,0,0,0,0,0,0,0,0,0,0
390961,1,1,0,0,0,0,0,0,0,0,0,0
390962,1,1,0,0,0,0,0,0,0,0,0,0
390962,2,1,0,0,0,0,0,0,0,0,0,0
390962,3,1,0,0,0,0,0,0,0,9,0,0
390964,0,1,7,7,7,7,7,7,7,7,7,7
390964,1,1,0,0,0,0,35,0,0,0,0,0
390965,1,1,0,0,0,0,0,0,0,0,0,0
390966,1,1,46,46,46,46,46,46,46,46,46,46
390967,1,1,0,0,0,0,0,0,0,0,0,0
390968,1,1,0,17,0,0,0,0,0,5,0,0
390968,2,1,0,0,0,0,0,0,0,0,0,0
390969,1,1,0,0,0,0,0,0,0,0,0,0
390969,2,1,0,0,0,0,0,0,0,0,0,0
390970,1,1,25,25,25,25,25,25,25,25,25,25
390970,2,1,0,8,0,0,0,0,0,0,0,0
390970,3,1,0,0,15,0,18,0,20,0,13,0
390971,1,1,0,0,0,0,0,0,0,24,0,0
390971,2,1,0,0,0,0,0,0,0,0,0,0
390972,0,1,21,21,21,21,21,21,21,21,21,21
390972,1,1,0,0,0,0,0,0,0,0,0,0
390973,1,1,0,0,0,0,0,0,0,0,0,0
390974,1,1,0,0,0,0,0,0,0,0,0,0
390974,2,1,0,0,0,0,0,0,0,0,0,0
390974,3,1,0,0,0,0,0,0,0,0,0,0
390975,1,1,29,29,29,29,29,29,29,29,29,29
390976,1,1,0,0,0,0,0,0,0,0,0,0
390977,1,1,0,0,0,0,0,0,0,0,0,0
390977,2,1,0,0,0,0,0,0,0,0,0,0
390978,1,1,0,0,0,0,0,0,0,0,0,0
390978,2,1,0,0,0,0,0,0,0,0,0,0
390978,3,1,0,0,0,0,19,0,0,0,0,0
390978,4,1,0,0,0,0,0,0,0,0,0,0
390978,5,1,0,0,0,0,0,0,0,0,0,0
390979,1,1,0,0,0,0,0,0,0,0,0,0
390979,2,1,0,0,0,0,0,0,0,0,0,0
390980,1,1,0,0,0,0,0,0,0,0,0,0
390981,0,1,41,41,41,41,41,41,41,41,41,41
390981,1,1,0,0,0,0,0,0,0,0,0,0
390982,0,1,29,29,29,29,29,29,29,29,29,29
390982,1,1,0,0,0,0,0,0,0,0,0,0
390983,1,1,20,20,20,20,20,20,20,20,20,20
390984,1,1,0,0,0,0,0,0,0,0,0,0
390985,0,1,0,0,0,0,0,0,0,0,0,0
390985,1,1,12,12,12,12,12,12,12,12,12,12
390985,2,1,0,0,0,0,0,0,0,17,0,0
390986,1,1,0,0,0,0,0,0,0,0,0,0
390986,2,1,0,0,0,0,0,0,0,0,0,4
390987,1,1,0,11,19,14,18,9,10,17,0,7
390987,2,1,0,0,0,0,0,0,0,0,0,0
390988,1,1,24,24,24,24,24,24,24,24,24,24
390989,1,1,0,0,0,0,0,0,0,0,0,0
390990,1,1,14,14,14,14,14,14,14,14,14,14
390991,1,1,19,19,19,19,19,19,19,19,19,19
390992,1,1,0,0,0,0,0,0,0,0,0,0
390992,2,1,0,0,0,0,0,0,0,0,0,0
390993,1,1,0,0,0,0,0,0,0,0,0,0
390993,2,1,0,0,8,0,0,0,0,0,0,0
390994,1,1,0,0,0,0,0,0,0,0,0,0
390995,1,1,0,0,0,0,0,0,0,0,0,0
390995,2,1,0,0,0,0,0,0,0,0,0,0
390996,1,1,17,17,17,17,17,17,17,17,17,17
390997,1,1,0,0,0,0,0,0,0,0,0,0
390998,1,1,0,0,0,0,0,0,0,0,0,0
390998,2,1,0,0,0,0,0,0,25,0,15,0
390998,3,1,0,0,0,0,0,0,0,0,0,0
390998,4,1,0,0,0,0,0,0,0,0,5,0
390998,5,1,0,19,0,0,0,0,0,0,14,0
390998,6,1,0,0,0,17,0,0,0,0,0,0
390999,1,1,0,0,0,0,0,0,0,0,0,0
390999,2,1,0,0,0,0,0,0,0,0,0,0
391000,0,1,0,0,0,0,0,0,0,0,0,0
391000,1,1,0,0,0,0,0,0,0,0,0,0
391001,1,1,15,15,15,15,15,15,15,15,15,15
391001,2,1,0,0,0,0,0,0,0,0,0,0
391002,1,1,22,22,22,22,22,22,22,22,22,22
391003,1,1,0,0,0,0,0,0,0,0,0,0
391003,2,1,0,0,0,0,0,0,0,0,0,0
391004,0,1,0,0,0,0,0,0,24,0,0,0
391004,1,1,0,0,0,0,0,17,0,0,0,18
391005,0,1,0,0,20,0,0,0,0,0,0,0
391005,1,1,0,0,0,0,0,0,0,0,0,0
391006,1,1,0,0,0,0,0,0,0,0,0,0
391007,1,1,9,9,9,9,9,9,9,9,9,9
391008,1,1,0,0,0,0,0,0,0,0,0,0
391009,1,1,0,0,0,0,0,0,0,0,0,0
391010,2,1,0,0,0,0,0,0,0,0,0,0
391013,1,1,0,0,0,0,0,0,0,0,0,0
391013,2,1,0,0,0,0,0,0,0,0,0,0
391014,0,1,0,0,0,0,0,0,0,0,0,0
391014,1,1,0,0,0,0,0,0,0,16,0,0
391015,0,1,0,0,0,0,0,0,0,0,0,0
391015,1,1,0,0,0,0,0,0,0,0,0,0
391016,1,1,22,22,22,22,22,22,22,22,22,22
391017,0,1,0,0,0,0,24,0,0,0,0,0
391017,1,1,0,0,0,0,0,0,0,0,0,0
391018,1,1,0,0,0,0,0,0,0,0,0,0
391019,1,1,0,0,0,0,0,0,0,0,0,0
391020,1,1,0,0,0,0,0,0,0,0,0,0
391020,2,1,0,0,0,0,0,0,0,0,0,0
391021,1,1,0,0,0,0,0,0,0,0,0,0
391022,1,1,0,0,0,0,0,0,0,0,0,0
391023,1,1,0,0,0,0,0,0,0,0,0,0
391024,1,1,0,0,0,0,0,0,0,0,0,0
391025,1,1,28,28,28,28,28,28,28,28,28,28
391026,1,1,0,0,0,0,0,0,0,0,0,0
391026,2,1,0,0,0,30,0,0,0,0,0,0
391027,0,1,0,0,0,0,0,0,0,0,0,0
391027,1,1,0,0,0,0,0,0,0,0,0,0
391028,1,1,0,0,0,0,19,0,0,0,0,0
391028,2,1,0,0,0,0,0,0,0,0,0,0
391028,3,1,0,0,0,0,0,0,0,0,0,0
391029,1,1,26,26,26,26,26,26,26,26,26,26
391029,2,1,7,0,0,0,0,0,0,0,0,0
391030,0,1,0,0,0,0,0,0,9,0,0,0
391030,0,2,0,0,0,0,0,0,0,0,0,0
391030,1,1,0,0,0,0,0,0,0,25,0,0
400001,1,1,13,13,13,13,13,13,13,13,13,13
400002,1,1,17,17,17,17,17,17,17,17,17,17
400003,1,1,0,0,0,0,0,0,0,0,0,0
400003,2,1,0,0,0,0,0,0,0,0,0,0
400004,1,1,0,0,0,0,0,0,0,0,0,0
400004,2,1,0,0,0,0,0,0,0,0,0,0
400005,1,1,26,26,26,26,26,26,26,26,26,26
400006,1,1,0,0,0,0,0,0,0,0,0,0
400006,2,1,0,0,0,0,0,0,0,0,0,0
400007,0,1,0,0,0,0,0,0,0,0,0,0
400007,1,1,0,0,0,0,0,0,0,0,0,0
400008,1,1,0,0,0,0,0,0,0,0,0,0
400008,2,1,0,0,0,0,0,0,0,0,0,0
400009,1,1,0,0,0,0,0,0,0,0,0,0
400009,2,1,0,0,0,0,0,0,0,0,0,0
400010,0,1,0,0,19,18,0,0,0,0,0,21
400010,1,1,15,18,30,2,11,30,12,12,3,13
400011,1,1,16,25,3,3,15,20,6,11,11,5
400011,2,1,0,0,0,0,0,0,0,0,0,0
400012,1,1,0,0,0,0,0,0,0,0,0,0
400013,1,1,0,0,0,0,0,0,0,0,0,0
400014,1,1,5,5,5,5,5,5,5,5,5,5
400015,1,1,9,9,9,9,9,9,9,9,9,9
400016,1,1,0,0,0,0,0,0,0,0,0,0
400017,1,1,0,0,0,0,0,0,0,0,0,0
400018,1,1,0,0,0,0,0,0,0,0,0,0
400018,2,1,0,0,0,0,0,0,0,0,0,0
400018,3,1,0,0,0,0,0,0,0,0,0,0
400019,0,1,26,26,26,26,26,26,26,26,26,26
400019,1,1,0,0,0,0,0,0,0,0,0,0
400020,1,1,0,0,0,0,0,0,0,0,0,0
400020,2,1,0,0,0,4,0,0,0,0,0,0
400021,1,1,0,0,0,0,0,0,0,0,0,0
400021,2,1,0,0,0,0,0,0,0,0,0,0
400022,1,1,0,0,0,0,0,0,0,0,0,0
400022,2,1,0,9,0,0,0,0,0,0,0,0
400023,1,1,0,0,15,0,0,0,19,0,0,0
400023,2,1,0,0,0,0,0,0,0,0,0,0
400024,0,1,0,0,0,0,0,0,0,0,0,0
400024,1,1,0,0,0,0,0,0,0,0,0,0
400025,1,1,13,13,13,13,13,13,13,13,13,13
400026,1,1,0,0,0,0,0,0,0,0,0,0
400027,1,1,0,0,0,0,0,0,0,0,0,0
400027,2,1,0,0,0,0,0,0,0,0,0,0
400027,3,1,0,0,0,0,0,0,0,0,0,0
400027,4,1,0,0,0,0,0,0,0,0,0,0
400028,1,1,0,0,0,0,0,0,0,0,0,0
400029,1,1,0,0,0,0,0,0,0,0,0,0
400029,2,1,0,0,0,0,0,0,0,0,0,0
400030,1,1,0,0,0,0,0,0,0,0,0,0
400030,2,1,0,0,0,0,0,0,0,0,0,0
400031,1,1,0,0,0,0,0,0,0,0,0,0
400032,1,1,0,0,0,0,0,0,0,0,0,0
400032,2,1,0,0,0,0,0,0,0,0,0,0
400033,1,1,0,0,0,0,0,0,0,0,0,0
400034,1,1,0,0,0,0,0,0,0,0,0,0
400035,1,1,0,0,0,0,0,0,0,0,0,0
400036,1,1,0,0,0,0,0,0,0,0,0,0
400036,2,1,0,0,0,0,0,0,0,0,0,0
400037,1,1,0,0,0,0,0,0,0,0,0,0
400038,1,1,0,0,0,0,0,0,0,0,0,0
400039,1,1,0,0,0,0,0,0,0,0,0,0
400040,1,1,0,0,0,0,0,0,0,0,0,0
400040,2,1,0,21,0,0,0,0,0,0,0,0
400041,1,1,0,0,0,0,0,0,0,0,0,0
400041,2,1,0,0,0,0,0,0,0,0,0,0
400041,3,1,0,0,0,6,0,0,0,0,0,0
400042,1,1,0,0,0,0,0,0,0,0,0,0
400042,2,1,0,0,0,0,0,0,0,0,0,0
400043,1,1,0,0,0,0,0,0,0,0,0,0
400043,2,1,0,0,0,0,0,0,0,0,0,0
400044,1,1,0,6,0,0,0,0,0,0,0,0
400045,0,1,0,0,0,0,0,0,0,0,0,0
400045,1,1,0,0,0,0,0,0,0,0,0,0