ST_CASE,VEH_NO,PER_NO,P1,P2,P3,P4,P5,P6,P7,P8,P9,P10
400046,1,1,0,0,0,0,0,0,0,0,0,0
400047,1,1,0,0,0,0,0,0,0,0,0,0
400047,2,1,0,0,0,0,0,0,0,0,0,0
400048,0,1,19,19,19,19,19,19,19,19,19,19
400048,1,1,0,0,0,15,0,0,0,0,0,0
400049,1,1,15,15,15,15,15,15,15,15,15,15
400050,1,1,27,27,27,27,27,27,27,27,27,27
400051,1,1,24,24,24,24,24,24,24,24,24,24
400051,2,1,4,0,0,0,0,0,0,0,0,0
400051,3,1,0,16,0,0,0,0,0,0,0,0
400052,1,1,18,18,18,18,18,18,18,18,18,18
400053,1,1,0,0,0,0,0,0,0,28,0,0
400053,2,1,0,0,0,0,0,0,0,0,0,0
400053,3,1,0,0,0,0,0,16,0,0,0,0
400053,4,1,0,0,0,0,0,0,0,0,0,0
400054,1,1,0,0,0,0,0,0,0,0,0,0
400054,2,1,0,0,0,0,0,0,0,0,0,0
400055,1,1,0,0,0,0,0,0,0,0,0,0
400056,1,1,7,7,7,7,7,7,7,7,7,7
400057,1,1,0,0,0,0,0,0,0,0,0,0
400057,2,1,0,0,0,0,0,0,0,0,0,0
400057,3,1,0,0,0,0,4,0,0,0,0,0
400058,1,1,0,5,0,0,0,0,0,0,11,0
400058,2,1,0,0,0,0,0,0,0,0,0,0
400059,1,1,0,0,0,0,25,0,0,0,0,0
400060,1,1,0,0,0,0,0,0,0,0,0,0
400060,2,1,0,0,0,0,0,0,0,0,0,0
400061,1,1,0,0,0,0,0,0,0,0,0,0
400062,1,1,0,0,0,0,0,0,0,0,0,0
400063,1,1,0,0,0,0,0,0,0,0,0,0
400064,1,1,6,6,6,6,6,6,6,6,6,6
400065,1,1,0,0,0,0,0,0,0,0,0,0
400065,2,1,0,0,0,0,0,0,0,0,0,0
400066,0,1,0,0,0,0,0,0,0,0,0,0
400066,1,1,0,0,0,0,0,0,0,0,0,0
400067,1,1,0,0,0,0,0,0,0,0,0,0
400068,1,1,0,0,0,0,0,0,0,0,0,0
400068,2,1,0,0,0,0,0,0,0,0,0,0
400069,0,1,0,0,0,0,0,0,0,0,0,0
400069,1,1,0,0,0,0,0,0,0,0,0,0
400070,1,1,0,0,0,0,0,0,0,0,0,0
400071,1,1,27,27,27,27,27,27,27,27,27,27
400071,2,1,13,0,7,15,0,0,0,27,0,27
400071,3,1,0,7,0,0,0,0,0,0,0,0
400071,4,1,0,0,0,0,0,0,0,0,0,0
400072,1,1,0,0,0,0,0,0,0,0,0,0
400072,2,1,0,0,0,0,0,0,0,0,0,0
400073,1,1,0,0,0,0,0,0,0,0,0,0
400073,2,1,0,0,0,0,0,0,0,0,0,0
400073,3,1,0,0,0,0,0,0,0,0,0,0
400074,1,1,0,0,0,0,0,0,0,0,0,0
400075,1,1,0,0,0,0,0,0,0,0,0,0
400076,1,1,0,0,0,0,0,0,0,0,0,0
400076,2,1,0,0,0,0,0,0,0,0,0,0
400077,1,1,0,0,0,0,0,0,0,0,0,0
400077,2,1,0,0,0,0,0,0,0,0,0,0
400078,0,1,31,31,31,31,31,31,31,31,31,31
400078,1,1,0,0,0,0,4,0,0,0,14,0
400079,0,1,0,0,0,0,0,0,0,0,0,0
400079,0,2,0,0,0,0,0,0,0,0,0,0
400079,1,1,0,0,0,0,0,0,0,0,0,0
400079,2,1,0,0,0,0,0,0,0,0,0,0
400080,1,1,26,26,26,26,26,26,26,26,26,26
400081,1,1,0,0,0,0,0,0,0,0,0,0
400081,2,1,0,0,0,0,0,11,0,0,0,0
400081,3,1,0,0,0,0,0,0,0,0,0,0
400081,4,1,0,0,0,2,0,8,0,0,0,0
400081,5,1,0,0,0,0,0,0,0,0,0,15
400081,6,1,0,0,0,0,0,0,0,0,0,0
400082,1,1,0,0,0,0,0,0,0,0,0,0
400083,1,1,13,13,13,13,13,13,13,13,13,13
400084,1,1,14,14,14,14,14,14,14,14,14,14
400084,2,1,0,0,0,0,0,0,0,0,0,0
400085,1,1,0,0,0,0,0,0,0,0,0,0
400085,2,1,0,0,0,0,0,0,0,0,0,0
400085,3,1,0,0,0,0,0,0,0,0,0,0
400086,1,1,0,0,0,0,0,0,0,0,0,0
400086,2,1,0,0,0,0,0,0,0,0,0,0
400087,1,1,0,0,0,0,0,0,0,0,0,0
400088,1,1,0,0,0,0,0,0,0,0,0,0
400088,2,1,0,0,0,0,0,18,0,21,0,0
400089,1,1,21,21,21,21,21,21,21,21,21,21
400090,1,1,0,0,0,0,0,0,0,0,0,0
400090,2,1,0,0,0,0,0,0,0,0,0,0
400090,3,1,0,13,0,0,0,0,0,0,0,0
400090,4,1,0,0,0,0,0,0,0,0,0,0
400090,5,1,0,0,0,0,0,0,0,0,18,0
400091,1,1,0,0,0,0,0,0,0,0,0,0
400091,2,1,0,0,0,0,0,0,0,0,0,0
400092,1,1,0,0,0,0,0,0,0,0,0,0
400092,2,1,0,0,0,0,0,0,0,0,0,0
400092,3,1,0,0,0,0,0,0,0,0,0,0
400093,1,1,0,0,0,0,0,0,0,0,0,0
400094,1,1,0,0,0,0,0,0,0,0,0,0
400094,2,1,0,0,0,0,0,0,0,0,0,0
400095,1,1,0,0,0,0,0,0,0,0,0,0
400095,2,1,0,0,0,0,0,0,0,0,0,0
400096,1,1,0,0,0,0,0,0,0,0,0,0
400097,1,1,0,0,0,0,0,0,0,0,0,0
400097,2,1,0,0,0,0,0,0,0,0,0,0
400098,1,1,0,0,0,0,0,0,0,0,0,0
400099,1,1,0,0,0,0,0,0,0,0,0,0
400099,2,1,0,0,0,0,0,0,0,0,0,0
400100,1,1,23,23,23,23,23,23,23,23,23,23
400101,1,1,3,3,3,3,3,3,3,3,3,3
400102,1,1,0,0,0,0,0,0,0,0,0,0
400102,2,1,0,0,0,0,0,0,0,0,0,0
400102,3,1,0,0,0,0,0,0,0,0,0,0
400103,1,1,21,21,21,21,21,21,21,21,21,21
400104,1,1,3,3,3,3,3,3,3,3,3,3
400104,2,1,0,0,0,0,0,0,0,0,0,0
400105,1,1,0,0,0,0,0,0,0,0,0,0
400105,2,1,0,0,0,0,0,0,0,0,0,0
400106,1,1,0,0,0,0,0,0,0,0,0,0
400106,2,1,0,0,0,0,0,0,0,0,0,0
400107,1,1,0,0,13,35,0,0,0,13,0,0
400107,2,1,0,0,0,0,0,0,0,0,0,0
400107,3,1,0,0,0,0,0,0,0,0,21,0
400107,4,1,0,0,0,0,0,0,0,0,0,0
400108,1,1,0,0,0,0,0,0,0,0,0,0
400108,2,1,0,0,0,0,0,0,0,0,0,0
400108,3,1,0,0,0,0,0,0,0,0,0,0
400109,1,1,20,20,20,20,20,20,20,20,20,20
400110,0,1,0,0,0,0,0,0,0,0,0,0
400110,1,1,0,0,0,0,0,0,0,0,0,0
400111,1,1,0,0,0,0,0,0,0,0,0,0
400111,2,1,0,0,0,0,0,0,0,0,0,0
400111,3,1,0,0,0,0,0,0,0,0,0,0
400112,1,1,0,0,0,0,0,0,0,8,0,0
400113,1,1,0,8,0,0,0,0,0,0,0,0
400114,1,1,22,22,22,22,22,22,22,22,22,22
400115,1,1,0,0,0,0,0,0,0,0,0,0
400115,2,1,0,0,0,0,0,0,0,0,0,0
400116,1,1,44,0,0,26,0,0,3,7,0,29
400117,1,1,0,23,0,0,0,0,0,0,0,0
400118,1,1,30,30,30,30,30,30,30,30,30,30
400119,1,1,0,0,0,0,0,0,0,0,0,0
400120,1,1,21,21,21,21,21,21,21,21,21,21
400121,1,1,0,0,0,0,0,0,0,0,0,0
400122,1,1,0,0,0,0,0,0,0,0,0,0
400122,2,1,0,0,0,0,0,0,0,0,0,0
400123,1,1,0,0,0,0,0,0,0,0,0,0
400124,1,1,0,0,0,0,0,0,0,0,0,0
400124,2,1,0,0,0,0,0,0,0,0,0,0
400125,1,1,21,15,15,19,20,25,16,19,27,28
400126,1,1,0,0,0,0,0,0,0,0,0,0
400127,1,1,21,21,21,21,21,21,21,21,21,21
400127,2,1,0,0,0,0,9,0,0,0,0,0
400128,1,1,0,0,0,0,0,0,0,0,0,0
400128,2,1,0,0,0,0,0,0,0,0,0,0
400129,1,1,19,19,19,19,19,19,19,19,19,19
400129,2,1,0,0,0,29,31,0,0,0,0,0
400130,1,1,26,26,26,26,26,26,26,26,26,26
400130,2,1,0,0,0,0,0,0,0,0,0,0
400130,3,1,0,12,0,0,22,0,0,0,0,0
400131,1,1,0,0,0,0,0,0,0,0,0,0
400132,1,1,0,0,0,0,0,0,0,0,0,0
400132,2,1,0,0,0,0,0,0,0,0,0,0
400133,1,1,0,0,0,0,0,0,0,0,0,0
400133,2,1,0,0,0,0,0,0,0,0,0,0
400134,1,1,0,0,0,0,0,0,0,0,0,0
400134,2,1,0,0,0,0,0,0,0,0,0,0
400135,1,1,0,0,0,0,0,0,0,0,0,0
400136,1,1,0,0,0,0,0,0,0,0,0,0
400136,2,1,0,0,0,0,0,0,0,0,0,0
400137,1,1,0,0,0,0,0,0,0,0,0,0
400138,1,1,0,0,0,0,0,0,0,0,0,0
400138,2,1,0,0,0,0,0,0,0,0,0,0
400139,0,1,0,0,0,0,0,0,0,0,0,0
400139,1,1,0,0,0,0,0,0,0,0,0,0
400140,1,1,0,0,0,0,0,0,0,0,0,0
400141,1,1,0,0,0,0,0,0,0,0,0,0
400141,2,1,0,0,0,0,0,0,0,0,0,0
400142,0,1,0,0,0,0,0,0,0,0,0,0
400142,1,1,0,0,0,0,0,0,0,0,0,0
400143,1,1,9,9,9,9,9,9,9,9,9,9
400144,1,1,0,0,0,0,0,0,0,0,0,0
400144,2,1,0,0,0,0,0,0,0,0,0,0
400145,1,1,0,0,0,0,0,0,0,0,0,0
400146,1,1,0,0,0,0,0,0,0,0,0,0
400147,1,1,0,0,0,0,0,0,0,0,0,0
400147,2,1,0,0,0,0,0,0,0,0,0,0
400148,1,1,0,0,0,0,0,0,0,0,0,0
400148,2,1,28,28,28,28,28,28,28,28,28,28
400149,1,1,0,0,0,0,0,0,0,0,0,0
400150,1,1,0,0,0,0,0,0,0,0,0,0
400150,2,1,0,0,0,0,0,0,0,0,0,0
400150,3,1,0,0,0,11,0,0,0,0,0,0
400151,1,1,8,8,8,8,8,8,8,8,8,8
400152,1,1,15,15,15,15,15,15,15,15,15,15
400152,2,1,0,0,0,0,0,0,0,0,0,0
400152,3,1,0,0,0,0,0,0,0,0,0,0
400153,1,1,0,0,0,0,0,0,0,0,0,0
400154,1,1,16,16,16,16,16,16,16,16,16,16
400155,1,1,18,18,18,18,18,18,18,18,18,18
400155,2,1,0,0,0,0,0,0,0,0,0,0
400156,1,1,0,0,0,0,0,5,0,0,0,0
400156,2,1,0,0,0,0,0,0,0,0,0,0
400157,1,1,0,0,0,0,0,0,0,0,0,0
400158,1,1,0,0,0,0,0,0,0,0,0,0
400158,2,1,19,19,19,19,19,19,19,19,19,19
400159,1,1,6,6,6,6,6,6,6,6,6,6
400160,1,1,0,0,0,0,0,0,0,0,0,0
400160,2,1,0,0,0,0,0,0,0,0,0,0
400161,0,1,10,16,14,0,8,0,15,10,0,0
400161,1,1,0,0,0,0,4,0,0,0,0,0
400162,0,1,29,29,29,29,29,29,29,29,29,29
400162,1,1,0,0,0,0,0,0,0,2,0,0
400163,1,1,20,20,20,20,20,20,20,20,20,20
400164,1,1,0,0,0,0,0,0,0,0,0,0
400164,2,1,0,0,0,0,0,0,0,0,0,0
400164,3,1,0,0,0,0,0,0,0,0,0,0
400165,1,1,0,0,0,0,0,0,0,0,0,0
400165,2,1,0,0,0,0,0,0,0,0,0,0
400166,1,1,0,0,0,0,0,0,0,0,0,0
400166,2,1,0,0,0,0,0,0,0,0,0,0
400167,1,1,0,0,0,0,0,0,0,0,0,0
400168,0,1,0,0,0,0,0,0,0,0,0,0
400168,1,1,0,0,0,0,0,0,0,0,0,0
400169,1,1,19,19,19,19,19,19,19,19,19,19
400170,1,1,0,0,0,0,0,0,0,0,0,0
400171,1,1,21,21,21,21,21,21,21,21,21,21
400172,1,1,0,0,0,0,0,0,0,0,0,0
400172,2,1,0,0,0,0,0,0,0,0,0,0
400173,1,1,0,0,0,0,0,0,0,0,0,0
400173,2,1,0,0,0,0,0,0,0,0,0,0
400174,0,1,0,0,0,0,0,0,0,0,0,0
400174,1,1,0,0,0,0,0,0,0,0,0,0
400175,0,1,0,0,0,0,0,0,0,0,0,0
400175,1,1,0,0,0,0,0,0,0,0,0,0
400176,1,1,0,0,0,0,0,0,0,0,0,0
400177,1,1,16,0,26,0,0,0,0,0,17,0
400178,1,1,0,0,0,0,0,0,0,0,0,0
400178,2,1,0,0,0,0,0,0,0,0,0,0
400179,1,1,0,0,0,0,0,0,0,0,0,0
400179,2,1,0,0,0,0,0,0,0,0,0,0
400180,1,1,0,0,0,0,0,0,0,0,0,0
400181,1,1,0,0,0,0,0,0,0,0,0,0
400181,2,1,0,0,0,0,0,0,0,0,0,0
400182,1,1,0,0,0,0,0,0,0,0,0,0
400183,1,1,0,0,0,0,0,0,21,0,0,0
400183,2,1,0,0,0,0,0,0,0,0,0,0
400184,1,1,29,29,29,29,29,29,29,29,29,29
400185,1,1,0,0,0,0,0,0,0,0,0,0
400185,2,1,0,0,0,0,0,0,0,0,0,0
400186,1,1,25,25,25,25,25,25,25,25,25,25
400186,2,1,0,0,0,0,0,0,0,0,0,0
400187,1,1,0,0,0,0,0,0,0,0,0,0
400187,2,1,0,0,0,0,0,0,0,0,0,0
400188,1,1,17,17,17,17,17,17,17,17,17,17
400188,2,1,0,0,0,0,0,0,0,0,0,0
400188,3,1,0,0,0,0,0,0,0,0,0,0
400189,1,1,0,9,0,22,0,0,0,16,0,8
400189,2,1,0,0,0,0,0,0,0,0,0,0
400190,1,1,0,0,0,0,0,0,0,0,0,0
400190,2,1,0,0,0,0,0,0,0,0,0,0
400191,1,1,22,22,22,22,22,22,22,22,22,22
400191,2,1,0,0,0,0,0,0,0,0,0,0
400191,3,1,0,0,0,0,0,0,0,0,0,0
400192,1,1,0,0,0,0,0,0,0,0,0,5
400192,2,1,0,0,0,0,0,0,0,0,0,0
400193,1,1,0,0,0,0,0,0,0,0,0,0
400193,2,1,0,0,0,0,0,0,0,0,0,0
400194,1,1,8,8,8,8,8,8,8,8,8,8
400194,2,1,0,0,0,0,0,0,0,0,0,0
400195,1,1,0,0,0,0,0,0,0,0,0,0
400196,1,1,21,21,21,21,21,21,21,21,21,21
400197,0,1,0,0,0,0,0,0,0,0,0,0
400197,1,1,0,0,0,0,0,0,0,0,0,0
400198,1,1,0,0,0,0,0,0,0,32,0,0
400199,1,1,0,0,0,0,0,0,0,0,0,0
400200,1,1,0,0,0,0,0,0,0,0,0,0
400200,2,1,0,0,0,0,0,0,0,0,0,0
400201,1,1,0,0,28,0,0,0,0,0,0,0
400202,1,1,0,11,18,0,0,0,0,0,0,0
400203,1,1,19,19,19,19,19,19,19,19,19,19
400204,1,1,0,0,0,0,0,0,0,0,0,0
400205,1,1,17,17,17,17,17,17,17,17,17,17
400205,2,1,21,19,9,30,3,20,15,10,24,10
400206,1,1,0,0,0,0,0,0,0,0,0,0
400206,2,1,0,0,0,0,0,0,0,0,0,0
400207,1,1,0,0,0,0,0,0,0,0,0,0
400207,2,1,0,0,0,0,23,0,0,0,0,0
400208,1,1,0,0,0,0,0,0,0,0,0,0
400209,1,1,0,0,0,0,0,0,0,0,0,0
400210,1,1,0,0,0,0,0,0,0,0,0,0
400210,2,1,0,0,0,0,0,0,0,0,0,0
400210,3,1,0,0,0,0,0,0,0,0,0,0
400211,1,1,0,0,0,0,0,0,0,0,0,0
400211,2,1,0,0,0,0,0,0,0,0,0,0
400212,1,1,0,0,0,0,0,0,0,0,0,0
400212,2,1,0,0,0,0,0,10,0,0,0,0
400213,1,1,0,0,0,0,0,0,0,0,0,0
400213,2,1,0,0,0,0,0,0,0,0,0,0
400214,1,1,0,0,0,0,0,0,0,0,0,0
400215,1,1,2,2,2,2,2,2,2,2,2,2
400215,2,1,0,0,0,0,0,0,0,0,0,0
400216,1,1,27,27,27,27,27,27,27,27,27,27
400216,2,1,0,0,29,6,8,26,7,17,0,0
400217,1,1,0,0,0,0,0,0,0,0,0,0
400217,2,1,12,0,0,0,0,0,0,0,0,0
400218,0,1,2,2,2,2,2,2,2,2,2,2
400218,1,1,0,0,0,0,0,0,0,8,0,0
400219,1,1,11,11,11,11,11,11,11,11,11,11
400220,1,1,0,0,0,0,0,0,0,0,0,0
400220,2,1,0,0,0,0,0,0,0,0,0,0
400221,0,1,0,0,0,0,0,0,0,0,0,0
400221,1,1,16,16,16,16,16,16,16,16,16,16
400222,1,1,0,0,0,0,0,0,0,0,0,0
400222,2,1,0,0,0,0,0,0,0,0,0,13
400223,1,1,0,0,0,0,0,0,0,0,0,0
400224,1,1,0,0,0,0,0,0,0,0,0,0
400225,1,1,30,30,30,30,30,30,30,30,30,30
400226,1,1,0,0,0,0,17,0,0,0,0,6
400226,2,1,0,0,0,0,0,0,0,0,0,0
400227,1,1,0,0,0,0,0,0,0,0,0,0
400228,1,1,0,0,0,0,0,0,0,0,0,0
400228,2,1,0,0,0,0,0,0,0,0,0,0
400229,1,1,0,0,0,0,0,0,0,0,0,0
400230,1,1,0,0,0,0,0,0,0,0,0,0
400230,2,1,0,0,0,0,0,0,0,0,0,0
400231,1,1,4,4,4,4,4,4,4,4,4,4
400231,2,1,0,0,0,0,0,0,0,0,0,0
400232,1,1,20,20,20,20,20,20,20,20,20,20
400232,2,1,0,0,0,0,0,0,0,6,0,0
400233,1,1,0,0,30,0,17,18,13,0,0,0
400233,2,1,14,0,0,0,0,0,13,0,9,0
400234,1,1,0,0,0,0,0,0,0,0,0,0
400234,2,1,6,6,6,6,6,6,6,6,6,6
400235,0,1,0,0,0,0,0,0,0,0,0,0
400235,1,1,15,27,13,8,36,18,31,0,0,10
400236,1,1,0,0,0,0,0,0,0,0,0,0
400236,2,1,0,0,0,0,0,0,0,0,0,0
400237,1,1,0,0,0,0,0,0,0,0,0,0
400237,2,1,19,19,19,19,19,19,19,19,19,19
400238,1,1,0,0,0,0,0,0,0,0,0,0
400238,2,1,0,0,0,0,0,0,0,0,0,0
400239,1,1,3,3,3,3,3,3,3,3,3,3
400239,2,1,0,0,0,0,0,0,0,0,0,0
400240,1,1,0,0,0,0,0,0,0,0,0,0
400240,2,1,0,0,5,0,0,0,3,8,6,0
400241,0,1,0,0,0,0,0,0,0,0,0,0
400241,1,1,0,0,0,0,0,0,0,0,0,0
400242,1,1,0,0,0,0,0,0,0,0,0,0
400243,2,1,0,0,0,5,0,17,0,0,35,0
400244,0,1,0,0,0,0,0,0,0,0,0,0
400244,1,1,19,13,19,4,0,0,0,0,0,0
400245,1,1,32,32,32,32,32,32,32,32,32,32
400246,1,1,0,0,0,0,0,0,0,0,0,0
400247,1,1,0,0,0,0,0,0,0,0,0,0
400247,2,1,0,0,0,0,0,0,0,0,0,0
400248,1,1,0,0,0,0,0,0,0,0,0,0
400248,2,1,0,0,0,0,0,0,0,0,0,0
400249,0,1,0,0,0,0,0,0,0,0,0,0
400249,1,1,22,11,19,8,16,21,24,7,34,19
400250,1,1,0,0,0,0,0,0,0,0,0,0
400250,2,1,0,0,0,0,0,0,0,0,0,0
400251,1,1,0,0,0,0,0,0,0,0,0,0
400252,1,1,0,0,0,0,0,0,0,0,0,0
400253,1,1,0,0,0,0,0,0,0,0,0,0
400253,2,1,0,0,0,0,0,0,0,0,0,0
400254,1,1,17,17,17,17,17,17,17,17,17,17
400255,1,1,0,0,0,0,0,0,0,0,0,0
400255,2,1,0,0,0,0,0,0,0,0,0,15
400256,1,1,0,0,0,0,0,0,0,0,0,0
400257,1,1,0,0,0,0,5,0,0,0,0,0
400257,2,1,0,0,0,0,0,0,0,0,0,0
400257,3,1,0,0,0,0,0,0,0,0,0,0
400258,1,1,0,0,0,0,0,0,0,0,0,0
400259,0,1,0,0,0,0,0,0,0,0,0,0
400259,1,1,0,0,28,0,8,0,0,6,0,0
400259,2,1,0,0,0,9,0,6,0,0,0,0
400259,3,1,26,0,9,0,0,0,0,0,0,0
400259,5,1,23,0,0,0,0,3,0,0,21,14
400260,1,1,0,0,0,0,0,0,0,0,0,0
400260,2,1,0,0,0,0,0,0,0,0,0,0
400261,1,1,0,0,0,0,0,0,0,0,0,0
400261,2,1,0,0,0,0,0,0,0,0,0,0
400262,0,1,0,0,0,0,0,0,0,0,0,0
400262,1,1,0,0,0,0,0,0,0,0,0,0
400263,1,1,9,9,9,9,9,9,9,9,9,9
400264,0,1,20,20,20,20,20,20,20,20,20,20
400264,1,1,0,0,0,0,0,0,0,0,0,0
400265,1,1,17,0,0,0,0,0,0,0,0,0
400265,2,1,0,0,0,0,0,0,0,0,0,0
400266,1,1,0,0,0,0,0,0,0,0,0,0
400266,2,1,0,0,0,0,0,0,0,0,0,0
400267,1,1,23,23,23,23,23,23,23,23,23,23
400268,0,1,9,15,0,0,14,0,6,29,0,19
400268,1,1,10,10,10,10,10,10,10,10,10,10
400269,0,1,17,19,29,0,35,5,0,0,0,0
400269,1,1,0,0,0,0,0,0,0,0,0,0
400270,1,1,14,14,14,14,14,14,14,14,14,14
400270,2,1,0,0,0,0,0,0,0,0,0,0
400271,1,1,23,0,0,0,0,17,0,0,14,0
400272,1,1,0,0,0,0,0,0,0,0,0,0
400272,2,1,0,0,0,0,0,0,0,0,0,0
400273,1,1,18,18,18,18,18,18,18,18,18,18
400274,1,1,0,0,0,0,0,0,0,0,0,0
400274,2,1,0,0,0,0,0,0,0,0,0,0
400274,3,1,0,0,0,0,0,0,0,0,0,0
400275,1,1,0,0,0,0,0,0,0,0,0,0
400276,1,1,0,0,0,0,0,0,0,0,0,0
400276,2,1,0,0,0,0,0,0,0,0,0,0
400277,1,1,14,14,14,14,14,14,14,14,14,14
400277,2,1,0,0,0,0,0,0,0,0,0,0
400278,0,1,14,14,14,14,14,14,14,14,14,14
400278,1,1,0,0,0,0,0,0,0,0,0,0
400279,1,1,2,2,2,2,2,2,2,2,2,2
400279,2,1,0,0,0,0,0,0,0,0,0,0
400280,1,1,0,0,0,0,0,0,0,0,0,0
400281,1,1,0,0,0,0,0,0,0,0,0,0
400282,1,1,0,0,0,0,0,0,0,0,0,0
400282,2,1,0,0,0,0,0,0,0,0,0,0
400283,1,1,0,0,0,0,0,0,0,0,0,0
400283,2,1,0,0,0,0,0,0,0,6,0,0
400284,1,1,0,0,0,0,0,0,0,0,0,0
400284,2,1,0,0,0,0,0,0,0,0,0,0
400285,1,1,0,0,0,0,0,0,0,0,0,0
400286,1,1,0,0,0,0,0,0,0,0,0,0
400287,0,1,0,0,0,0,0,0,0,0,0,0
400287,1,1,0,0,0,0,0,0,0,0,0,0
400288,1,1,0,0,0,0,0,0,0,0,0,0
400289,1,1,0,0,0,0,0,0,0,0,0,0
400290,0,1,13,13,13,13,13,13,13,13,13,13
400290,1,1,8,8,8,8,8,8,8,8,8,8
400291,1,1,17,17,17,17,17,17,17,17,17,17
400292,1,1,0,0,0,0,0,0,0,0,0,0
400293,1,1,0,0,0,0,0,0,0,0,0,0
400293,2,1,0,0,0,0,0,0,0,0,0,0
400294,0,1,10,17,28,0,0,0,0,0,0,16
400294,1,1,0,0,0,0,0,0,0,0,0,0
400295,1,1,0,0,0,0,0,0,0,0,0,0
400296,1,1,0,0,0,0,0,0,0,0,0,0
400296,2,1,0,0,0,0,0,0,0,0,0,0
400297,1,1,0,0,0,0,0,0,0,0,0,0
400297,2,1,0,0,0,0,0,0,0,0,0,0
400298,1,1,0,0,0,0,0,0,0,0,0,0
400298,2,1,0,0,0,0,0,0,0,0,0,0
400299,1,1,0,0,0,0,0,0,0,0,0,0
400299,2,1,0,0,0,0,0,0,0,0,0,0
400300,1,1,18,18,18,18,18,18,18,18,18,18
400300,2,1,0,0,0,0,0,0,0,0,0,0
400301,1,1,0,0,0,0,0,0,0,0,0,0
400302,1,1,0,0,0,0,0,0,0,0,0,0
400303,1,1,0,0,0,0,0,0,0,0,0,0
400303,2,1,0,0,0,0,0,0,0,0,0,0
400304,1,1,25,25,25,25,25,25,25,25,25,25
400305,1,1,0,0,0,0,0,0,0,0,0,0
400305,2,1,0,0,0,0,0,0,0,0,0,0
400306,1,1,0,0,0,0,0,0,0,0,0,0
400306,2,1,0,0,0,0,0,0,0,0,0,0
400306,3,1,0,0,0,0,0,0,0,0,0,0
400306,4,1,0,0,0,0,0,0,0,0,0,0
400306,5,1,0,0,0,0,0,0,0,0,0,0
400307,1,1,1,1,1,1,1,1,1,1,1,1
400307,2,1,0,0,0,0,0,0,0,0,0,0
400308,1,1,0,0,0,0,0,0,0,0,0,0
400308,2,1,0,0,0,0,0,0,0,0,0,0
400308,3,1,0,0,0,0,0,0,0,0,0,0
400309,1,1,22,22,22,22,22,22,22,22,22,22
400310,1,1,7,7,7,7,7,7,7,7,7,7
400311,1,1,0,0,0,0,0,0,0,0,0,0
400311,2,1,0,0,0,27,0,13,0,0,0,0
400312,0,1,0,0,0,0,0,0,0,0,0,0
400312,1,1,0,0,0,0,0,0,0,0,0,0
400313,1,1,0,0,0,0,0,0,0,0,0,0
400314,1,1,16,16,16,16,16,16,16,16,16,16
400315,1,1,0,0,0,0,0,0,0,0,0,0
400316,1,1,42,42,42,42,42,42,42,42,42,42
400317,1,1,17,17,17,17,17,17,17,17,17,17
400317,2,1,0,0,0,0,0,0,0,19,0,11
400318,0,1,24,0,0,0,0,0,46,0,0,0
400318,0,2,0,0,0,0,0,0,0,0,0,0
400318,1,1,14,17,11,10,0,15,35,7,9,5
400319,1,1,0,0,0,0,0,0,0,0,0,0
400319,2,1,0,0,0,0,0,0,0,0,0,0
400320,1,1,0,0,0,0,0,0,0,0,0,0
400320,2,1,0,0,0,0,0,0,0,0,0,0
400321,0,1,12,12,12,12,12,12,12,12,12,12
400321,1,1,0,0,0,0,0,0,0,0,0,0
400322,1,1,0,0,0,0,0,0,0,0,0,0
400322,2,1,0,0,0,0,0,0,0,0,0,0
400323,1,1,0,0,0,0,0,5,0,0,0,0
400323,2,1,0,0,0,0,0,0,0,0,0,0
400324,0,1,28,28,28,28,28,28,28,28,28,28
400324,1,1,0,0,0,0,0,0,0,0,0,0
400324,2,1,0,0,0,0,0,0,0,0,0,0
400325,0,1,0,0,0,0,0,0,0,0,0,0
400325,1,1,6,19,15,14,0,14,21,26,13,19
400326,1,1,0,0,0,0,0,0,0,0,0,0
400326,2,1,0,0,0,0,0,0,0,0,0,0
400327,1,1,14,14,14,14,14,14,14,14,14,14
400328,1,1,19,19,19,19,19,19,19,19,19,19
400329,1,1,0,0,0,0,0,0,0,0,0,0
400330,1,1,0,0,0,0,0,0,0,0,0,0
400331,1,1,20,16,35,11,9,20,5,0,12,23
400332,1,1,0,0,0,0,0,0,0,0,0,0
400333,1,1,0,0,0,0,0,0,0,0,0,0
400333,2,1,0,0,0,0,0,0,0,0,0,0
400334,1,1,0,0,0,0,0,0,0,0,0,0
400334,2,1,0,0,7,28,0,10,6,33,0,30
400335,1,1,9,24,0,13,22,0,16,31,37,10
400336,1,1,0,0,0,0,0,0,0,0,0,0
400337,1,1,0,0,0,0,0,0,0,0,0,0
400338,0,1,0,0,0,7,0,0,0,14,0,25
400338,1,1,0,0,18,0,0,0,0,0,0,0
400339,1,1,0,0,0,0,0,0,0,9,7,0
400340,1,1,0,0,0,0,0,0,0,0,0,0
400341,1,1,0,0,12,0,0,0,0,12,0,15
400342,1,1,0,0,0,0,0,0,0,0,0,0
400342,2,1,0,0,0,0,0,0,0,0,0,0
400343,1,1,0,0,0,0,0,0,0,0,0,0
400344,1,1,4,4,4,4,4,4,4,4,4,4
400345,1,1,0,0,0,0,0,0,0,0,0,0
400346,1,1,16,16,16,16,16,16,16,16,16,16
400347,1,1,0,0,0,0,0,0,0,0,0,0