ST_CASE,VEH_NO,PER_NO,P1,P2,P3,P4,P5,P6,P7,P8,P9,P10
410343,1,1,20,36,9,15,14,0,0,23,12,25
410344,1,1,15,15,15,15,15,15,15,15,15,15
410344,2,1,0,0,0,0,0,0,0,0,0,22
410345,1,1,11,0,0,0,0,0,0,0,0,0
410346,1,1,12,0,0,0,0,0,0,0,0,0
410346,2,1,0,0,0,0,0,0,0,0,0,0
410347,0,1,0,0,0,0,0,0,0,0,0,0
410347,1,1,11,0,6,15,0,10,0,17,14,0
410348,1,1,23,23,23,23,23,23,23,23,23,23
410349,1,1,0,0,0,0,0,11,0,0,0,0
410350,1,1,0,0,11,0,0,0,0,0,0,0
410350,2,1,0,0,0,0,0,0,0,0,0,0
410351,1,1,0,0,0,0,0,0,0,0,0,0
410352,1,1,15,15,15,15,15,15,15,15,15,15
410352,2,1,0,0,0,0,0,27,0,29,0,0
410353,1,1,0,0,0,0,0,0,0,0,0,0
410354,1,1,0,0,0,0,0,0,0,0,0,0
410355,1,1,9,9,9,9,9,9,9,9,9,9
410356,1,1,0,0,0,0,0,0,0,0,0,0
410356,2,1,0,0,0,0,0,0,0,0,0,0
410357,1,1,0,0,0,0,0,0,0,0,0,0
410358,0,1,0,0,0,0,0,0,0,0,0,0
410358,1,1,0,0,0,0,0,0,0,0,0,0
410359,1,1,0,30,0,30,12,0,0,15,14,15
410360,0,1,24,24,24,24,24,24,24,24,24,24
410360,1,1,0,0,0,0,0,0,0,0,0,0
410361,1,1,0,0,0,0,0,0,0,0,0,0
410361,2,1,0,0,0,10,0,0,0,0,0,0
410362,1,1,15,14,25,4,3,7,19,22,9,9
410363,1,1,0,0,0,0,0,3,5,0,8,16
410363,2,1,26,0,23,0,0,0,22,4,0,16
410364,1,1,0,0,0,0,0,0,0,0,0,0
410364,2,1,0,13,7,17,32,0,0,15,19,0
410365,1,1,0,0,0,0,0,0,0,0,0,0
410366,0,1,22,22,22,22,22,22,22,22,22,22
410366,0,2,0,0,13,31,14,0,0,34,0,17
410366,1,1,0,15,6,27,23,7,24,13,6,45
410367,1,1,0,0,0,0,0,0,0,0,0,0
410367,2,1,0,0,0,0,0,0,0,0,0,0
410368,0,1,0,0,0,0,0,0,0,0,0,0
410368,1,1,0,0,0,0,0,0,0,0,0,0
410369,0,1,0,0,0,0,0,0,0,0,0,0
410369,1,1,0,0,0,22,0,0,22,0,0,0
410370,1,1,21,21,21,21,21,21,21,21,21,21
410371,1,1,1,1,1,1,1,1,1,1,1,1
410372,1,1,0,0,0,0,0,0,0,0,0,0
410372,2,1,0,0,0,0,0,0,0,0,0,0
410373,1,1,8,8,8,8,8,8,8,8,8,8
410374,1,1,0,0,0,0,0,0,0,0,0,0
410374,2,1,0,0,0,0,0,0,0,0,0,0
410375,1,1,0,0,0,0,0,0,0,0,0,0
410375,2,1,0,0,0,0,0,0,0,0,0,0
410376,0,1,0,0,0,0,0,0,0,0,0,0
410376,1,1,0,0,0,0,10,0,10,0,3,0
410377,1,1,13,13,13,13,13,13,13,13,13,13
410377,2,1,8,8,8,8,8,8,8,8,8,8
410377,3,1,9,0,0,0,0,0,0,0,0,6
410378,1,1,0,0,0,0,0,0,0,0,0,0
410378,2,1,0,0,3,0,0,0,0,0,0,6
410378,3,1,0,0,11,0,0,0,0,0,0,0
410379,1,1,9,8,14,21,19,11,14,18,31,17
410380,1,1,0,0,0,0,0,0,0,0,0,0
410380,2,1,0,0,0,0,0,0,24,0,0,0
410381,1,1,0,0,6,0,0,0,7,4,21,0
410382,0,1,21,21,21,21,21,21,21,21,21,21
410382,1,1,21,5,7,22,0,4,12,19,13,21
410383,1,1,12,9,19,12,10,0,0,8,0,0
410384,1,1,11,11,11,11,11,11,11,11,11,11
410385,1,1,0,0,0,0,21,0,0,0,0,12
410385,2,1,0,0,0,0,0,0,0,0,0,0
410386,1,1,14,25,14,5,19,10,19,17,16,28
410386,2,1,0,0,0,0,0,0,0,0,0,0
410387,1,1,0,7,20,0,24,9,26,0,0,0
410388,1,1,5,5,5,5,5,5,5,5,5,5
410389,0,1,0,0,0,0,0,0,0,0,0,0
410389,1,1,26,30,18,10,38,11,16,26,8,0
410390,0,1,21,21,21,21,21,21,21,21,21,21
410390,1,1,0,4,0,25,22,25,0,0,6,18
410390,2,1,22,0,0,0,35,0,0,0,0,0
410390,3,1,9,0,0,0,0,0,0,10,0,0
410391,1,1,0,17,0,0,0,0,0,0,0,0
410391,2,1,0,0,0,0,0,0,0,0,0,0
410392,1,1,0,0,0,0,0,0,0,0,0,13
410393,1,1,0,0,0,0,0,0,0,0,0,0
410394,1,1,9,9,9,9,9,9,9,9,9,9
410395,1,1,0,0,0,0,0,0,0,0,0,0
410396,1,1,5,5,5,5,5,5,5,5,5,5
410397,0,1,0,0,0,0,0,0,0,0,0,0
410397,1,1,7,0,27,0,0,0,0,0,0,0
410398,1,1,9,9,9,9,9,9,9,9,9,9
410399,1,1,18,18,18,18,18,18,18,18,18,18
410401,0,1,0,0,0,0,0,0,0,0,0,0
410401,1,1,14,5,0,0,0,0,0,0,0,0
410401,2,1,0,0,0,0,14,0,0,0,0,0
410402,1,1,0,0,0,0,0,0,0,0,0,0
410403,0,1,0,0,31,0,0,0,16,0,0,0
410403,1,1,0,0,0,0,0,0,0,0,0,0
410404,0,1,0,13,0,23,0,24,16,0,0,0
410404,1,1,0,0,0,0,0,0,0,0,0,0
410405,0,1,0,0,0,0,0,0,0,0,0,0
410405,1,1,0,0,0,0,0,0,0,0,0,0
410406,1,1,0,0,0,0,0,0,0,0,0,0
410408,0,1,0,0,0,0,0,0,0,0,0,0
410408,1,1,0,0,0,0,0,0,0,0,0,0
410409,0,1,6,0,27,0,0,0,0,0,0,0
410409,1,1,10,10,10,10,10,10,10,10,10,10
410410,1,1,0,15,0,0,0,0,0,8,0,14
410411,0,1,0,0,0,0,0,0,0,0,0,0
410411,1,1,0,19,15,0,0,0,0,15,0,0
410411,2,1,4,19,19,0,0,0,11,0,0,0
410412,0,1,0,0,0,0,0,0,0,0,0,0
410412,1,1,15,15,15,15,15,15,15,15,15,15
410413,1,1,5,9,0,0,0,0,12,0,0,24
410413,2,1,0,0,0,0,0,0,0,0,0,0
410413,3,1,0,0,0,0,0,0,0,0,0,0
410415,0,1,0,0,0,0,0,0,0,0,0,0
410415,1,1,0,0,0,0,0,0,0,0,0,0
410417,1,1,0,0,0,0,0,0,0,0,0,0
410417,2,1,0,0,0,0,0,0,0,0,0,0
410418,1,1,0,0,0,0,0,0,0,0,0,36
410418,2,1,0,0,0,0,2,0,0,0,0,0
410419,1,1,0,0,0,0,0,0,13,0,19,0
410419,2,1,0,0,19,0,0,14,0,0,0,0
410420,0,1,0,0,0,0,0,0,0,0,0,0
410420,1,1,0,21,0,0,0,9,20,0,0,0
410420,2,1,0,0,0,0,0,0,0,0,0,0
410421,1,1,0,4,0,0,13,3,0,0,0,0
410421,2,1,15,0,18,48,20,21,11,11,0,11
410421,3,1,0,11,27,15,10,7,0,16,14,8
410422,1,1,19,0,17,15,0,13,0,0,11,0
410423,0,1,20,20,20,20,20,20,20,20,20,20
410423,1,1,0,3,0,0,0,0,39,0,0,0
410424,1,1,1,1,1,1,1,1,1,1,1,1
410425,1,1,36,36,36,36,36,36,36,36,36,36
410426,0,1,0,0,0,0,0,0,0,0,0,0
410427,1,1,0,0,0,0,0,0,0,0,0,0
410428,1,1,0,0,0,0,0,0,0,0,0,0
410428,2,1,0,0,0,0,0,0,0,0,0,0
410428,3,1,0,0,0,0,0,19,0,0,0,0
410429,0,1,0,0,0,0,0,0,0,22,12,21
410429,1,1,21,0,13,29,0,4,0,0,25,0
410430,0,1,0,0,0,0,0,0,0,0,0,0
410430,1,1,5,0,0,16,0,0,0,0,0,0
410431,1,1,11,19,6,20,16,14,23,0,0,8
410431,2,1,0,0,0,0,0,0,0,0,0,0
410432,1,1,0,0,0,0,0,0,0,0,0,0
410433,1,1,0,0,0,0,0,0,0,0,0,0
410433,2,1,0,0,0,0,0,0,0,0,0,0
410434,1,1,0,0,0,0,0,0,0,0,0,0
410436,1,1,0,0,0,0,0,0,0,0,0,0
410436,2,1,0,0,0,0,0,19,0,21,0,0
410437,1,1,0,0,0,0,0,0,0,0,0,0
410437,2,1,15,0,0,10,0,16,0,0,0,0
410438,1,1,0,19,20,0,0,0,13,21,0,19
410439,1,1,0,0,3,0,0,24,0,0,0,0
410439,2,1,0,0,0,0,0,0,21,0,0,0
410440,1,1,0,0,0,18,0,16,0,0,0,23
410441,1,1,0,0,0,0,0,15,0,0,0,0
410441,2,1,51,0,0,0,0,15,0,0,14,0
410442,0,1,41,41,41,41,41,41,41,41,41,41
410442,1,1,13,12,26,0,13,5,0,14,14,0
410443,1,1,0,0,0,0,0,0,12,22,0,0
410443,2,1,0,0,0,0,0,0,0,0,0,0
410443,3,1,0,0,0,0,0,0,0,0,0,0
410444,0,1,0,0,0,0,0,0,0,0,0,0
410444,1,1,16,0,0,0,0,15,0,0,0,17
410445,1,1,0,0,0,0,0,0,0,0,0,0
410445,2,1,0,14,0,0,0,0,0,29,0,0
410446,1,1,0,19,0,0,0,0,14,21,0,17
410447,0,1,0,0,0,0,0,0,0,0,0,0
410447,1,1,12,15,0,12,12,0,0,13,0,23
410448,1,1,0,0,0,0,0,0,0,0,0,0
410449,1,1,25,25,25,25,25,25,25,25,25,25
410450,1,1,0,0,0,0,0,0,0,0,0,0
410452,0,1,0,0,0,0,0,0,0,0,0,0
410452,1,1,8,19,18,0,0,0,27,6,0,12
410453,1,1,2,2,2,2,2,2,2,2,2,2
410453,2,1,16,12,0,33,0,0,0,0,0,0
410454,1,1,0,0,0,0,0,0,0,0,0,0
410455,1,1,18,0,49,19,0,0,0,0,0,0
410456,1,1,0,0,0,0,0,0,0,0,0,0
420001,1,1,0,0,0,0,0,0,0,0,0,0
420002,1,1,0,0,0,0,0,22,19,0,0,0
420003,1,1,0,0,0,0,0,0,0,0,0,0
420004,1,1,0,0,0,0,0,0,0,0,0,0
420004,2,1,0,4,0,0,0,0,0,0,0,0
420005,1,1,0,0,0,0,0,0,0,0,0,0
420005,2,1,0,0,0,0,0,0,22,0,0,0
420006,1,1,21,21,21,21,21,21,21,21,21,21
420007,1,1,24,18,13,28,0,0,26,7,24,0
420008,1,1,0,0,0,0,0,0,0,0,0,0
420008,2,1,0,0,0,0,0,0,0,0,0,0
420008,3,1,0,0,0,0,0,0,0,0,0,0
420009,1,1,0,0,0,0,0,0,0,0,0,32
420009,2,1,0,0,0,0,0,0,0,0,0,0
420009,3,1,0,0,0,0,0,0,0,0,0,0
420010,1,1,0,10,0,0,0,0,0,0,0,0
420010,2,1,0,0,15,0,0,0,0,0,0,0
420010,3,1,0,0,0,0,0,0,0,0,0,0
420011,0,1,0,0,0,0,0,0,0,0,0,0
420011,1,1,0,0,0,0,0,0,0,18,0,0
420011,2,1,0,0,0,0,0,0,0,0,6,0
420011,3,1,0,0,0,0,0,0,31,0,0,8
420012,1,1,0,0,0,0,0,0,0,0,0,0
420013,1,1,0,0,0,0,0,0,0,0,0,0
420014,0,1,0,0,0,0,0,0,0,0,0,0
420014,1,1,0,0,0,0,0,0,0,0,0,0
420015,1,1,0,0,0,0,0,0,0,0,0,0
420016,1,1,4,4,4,4,4,4,4,4,4,4
420016,2,1,0,0,0,0,0,0,0,0,0,0
420017,1,1,18,24,0,0,0,0,0,37,29,17
420018,1,1,0,0,0,0,0,18,9,0,0,0
420018,2,1,0,0,0,0,0,0,0,0,0,0
420019,1,1,0,0,18,0,0,0,0,0,0,0
420019,2,1,0,14,0,0,0,0,0,0,0,0
420020,1,1,25,25,25,25,25,25,25,25,25,25
420021,1,1,0,0,0,0,0,0,0,0,0,0
420021,2,1,0,0,0,0,0,0,0,0,0,0
420022,1,1,0,23,0,0,0,0,0,0,0,0
420022,2,1,0,0,0,0,0,0,0,0,0,0
420023,1,1,14,0,0,33,0,15,0,0,0,23
420023,2,1,0,0,9,0,0,0,0,0,0,0
420024,1,1,0,0,0,0,0,0,0,0,0,0
420025,1,1,0,0,0,0,0,0,0,0,0,0
420025,2,1,0,0,0,0,0,0,0,0,0,0
420026,1,1,0,0,0,0,0,0,0,0,0,0
420026,2,1,0,0,0,0,0,0,0,0,0,0
420027,1,1,0,0,0,0,0,0,0,0,0,0
420027,2,1,0,0,0,0,0,0,0,0,0,0
420028,1,1,30,30,30,30,30,30,30,30,30,30
420029,1,1,0,0,0,0,0,0,19,0,0,0
420029,2,1,0,0,0,0,0,0,0,0,0,0
420030,1,1,19,19,19,19,19,19,19,19,19,19
420030,2,1,0,0,0,0,0,0,0,0,0,0
420031,1,1,0,0,6,0,0,0,0,0,0,0
420031,2,1,0,0,0,0,0,0,0,0,0,0
420032,1,1,9,9,9,9,9,9,9,9,9,9
420032,2,1,0,0,0,0,0,0,0,0,0,0
420033,1,1,31,31,31,31,31,31,31,31,31,31
420034,0,1,11,23,14,0,0,0,0,0,41,37
420034,1,1,0,0,0,0,0,0,0,0,0,0
420035,0,1,0,0,0,0,0,0,0,0,0,0
420035,1,1,0,0,0,0,0,0,0,0,0,0
420036,0,1,0,0,0,0,0,0,0,0,0,0
420036,1,1,0,9,0,0,0,0,0,0,0,0
420037,0,1,27,27,27,27,27,27,27,27,27,27
420037,1,1,0,0,0,0,0,0,0,0,0,0
420038,0,1,0,0,0,0,0,0,0,0,0,0
420038,1,1,0,0,0,0,0,0,0,0,0,0
420039,1,1,0,0,0,0,0,0,0,0,0,0
420039,2,1,0,0,0,0,0,0,0,0,0,0
420039,3,1,0,0,0,0,0,0,0,0,0,0
420040,0,1,0,0,0,0,0,0,0,0,0,0
420040,1,1,0,0,0,0,0,27,0,18,0,0
420041,1,1,7,7,7,7,7,7,7,7,7,7
420042,1,1,0,0,0,0,0,0,0,0,0,0
420042,2,1,0,0,0,0,0,0,0,0,0,0
420043,1,1,0,0,0,0,0,0,0,0,0,0
420044,1,1,0,0,0,0,0,0,0,0,0,0
420045,1,1,0,0,0,0,0,0,0,0,0,0
420046,0,1,31,41,36,11,2,35,14,22,21,18
420046,1,1,0,0,13,10,8,5,14,3,0,0
420047,1,2,0,0,0,0,0,0,0,0,0,0
420048,1,1,0,0,0,31,0,15,0,0,0,0
420049,0,1,0,0,0,0,0,0,20,0,0,0
420049,1,1,0,0,0,0,0,0,0,0,0,0
420050,0,1,0,0,0,0,0,0,0,0,0,0
420050,1,1,0,0,0,0,0,0,0,0,0,0
420051,0,1,0,0,0,0,0,0,0,11,0,0
420051,1,1,0,0,0,0,0,0,0,0,0,0
420052,0,1,0,0,0,0,0,0,0,0,23,0
420052,1,1,0,0,0,0,0,0,0,0,0,0
420053,1,1,0,0,0,0,0,0,0,0,0,0
420054,1,1,16,16,16,16,16,16,16,16,16,16
420055,1,1,17,17,17,17,17,17,17,17,17,17
420056,1,1,0,0,0,0,0,0,0,0,0,0
420057,1,1,0,0,0,0,0,0,0,0,0,0
420057,2,1,6,0,30,0,0,0,18,0,0,0
420058,0,1,19,19,19,19,19,19,19,19,19,19
420058,1,1,0,0,0,0,0,0,0,0,0,0
420059,1,1,16,16,16,16,16,16,16,16,16,16
420059,2,1,0,0,0,0,0,0,0,0,0,0
420060,1,1,0,0,0,0,0,0,0,0,0,0
420060,2,1,0,0,0,0,0,0,0,0,0,0
420061,1,1,0,13,0,21,16,0,17,0,12,12
420062,1,1,25,25,25,25,25,25,25,25,25,25
420063,1,1,0,0,0,0,0,0,0,0,0,0
420064,1,1,0,0,0,0,0,0,33,0,0,0
420064,2,1,0,0,0,0,0,0,0,0,0,0
420065,1,1,0,0,0,0,0,0,0,0,0,11
420065,2,1,0,0,0,0,0,0,0,0,0,0
420066,1,1,0,0,0,0,0,0,0,0,0,0
420066,2,1,0,0,0,0,0,0,0,0,0,0
420067,1,1,0,0,0,0,0,0,0,0,12,0
420067,2,1,0,0,0,0,0,0,0,0,0,0
420068,1,1,6,0,0,0,0,0,0,0,11,12
420068,2,1,0,0,0,0,0,0,0,0,0,0
420069,1,1,0,0,0,0,0,0,0,0,26,0
420069,2,1,0,0,0,0,0,0,0,0,0,0
420070,0,1,25,25,25,25,25,25,25,25,25,25
420070,1,1,0,0,0,0,0,0,0,0,0,0
420071,0,1,0,0,0,0,0,0,0,0,0,0
420071,1,1,0,0,0,0,0,0,0,0,0,0
420072,0,1,0,0,32,0,0,0,0,0,0,0
420072,1,1,0,0,0,0,0,0,0,0,0,0
420073,0,1,0,0,0,0,0,0,0,0,0,0
420073,1,1,0,0,0,0,0,0,14,0,0,0
420074,0,1,0,0,0,0,0,18,0,0,18,0
420074,1,1,0,0,0,0,0,0,0,0,0,0
420075,0,1,6,6,6,6,6,6,6,6,6,6
420075,1,1,0,0,0,0,0,0,0,13,0,0
420076,1,1,0,21,0,0,0,0,22,0,0,0
420077,1,1,27,20,0,0,0,23,0,7,0,0
420078,1,1,4,4,4,4,4,4,4,4,4,4
420078,2,1,16,31,9,14,0,12,14,17,23,10
420079,0,1,0,0,0,0,0,0,0,0,0,0
420079,1,1,0,0,0,0,0,0,0,0,0,0
420080,0,1,0,0,0,0,0,0,23,0,0,0
420080,1,1,0,0,0,0,0,0,0,0,0,0
420081,0,1,0,0,19,0,0,0,0,0,0,0
420081,1,1,0,0,0,0,0,0,0,0,0,0
420082,0,1,15,15,15,15,15,15,15,15,15,15
420082,1,1,0,0,0,0,0,0,0,0,0,8
420083,1,2,0,0,0,25,0,13,0,0,23,0
420084,1,1,0,0,0,0,0,0,0,18,0,0
420085,1,1,0,0,16,0,3,16,0,0,0,17
420086,1,1,0,0,0,0,0,0,0,0,0,0
420087,1,1,12,18,19,20,12,13,7,19,29,20
420087,2,1,0,0,0,0,0,0,0,0,0,0
420088,1,1,0,0,0,0,0,0,0,0,0,0
420088,2,1,0,0,0,0,0,0,0,0,0,0
420089,1,1,0,0,0,0,0,0,0,0,0,0
420090,1,1,0,0,0,0,0,0,0,0,0,0
420091,1,1,26,26,26,26,26,26,26,26,26,26
420092,1,1,0,0,0,0,0,0,0,0,0,0
420093,1,1,11,16,12,24,8,13,5,15,12,7
420093,2,1,0,0,0,0,0,0,0,0,11,0
420094,1,1,0,0,0,0,0,0,0,0,0,0
420094,2,1,0,0,10,0,0,0,0,11,0,0
420095,1,1,16,0,10,21,18,15,24,16,15,11
420096,0,1,0,0,0,0,0,0,0,0,0,0
420096,1,1,0,0,0,0,19,12,0,0,0,0
420097,0,1,33,0,14,13,4,20,0,21,0,0
420097,1,1,0,0,0,10,0,0,0,0,0,0
420098,0,1,0,0,0,0,0,0,0,0,0,0
420098,1,1,11,11,11,11,11,11,11,11,11,11
420099,1,1,0,0,0,0,0,0,0,0,0,0
420100,1,1,20,16,18,13,22,23,18,0,14,0
420100,2,1,0,0,0,0,0,0,0,0,0,0
420101,1,1,24,7,29,5,14,24,23,24,30,30
420101,2,1,0,0,11,0,14,0,0,0,0,0
420102,1,1,0,0,0,0,0,0,0,0,0,0
420103,1,1,0,0,0,0,0,0,0,0,0,0
420104,1,1,0,2,15,0,0,0,0,0,0,10
420105,1,1,0,0,0,0,0,21,0,0,0,0
420106,1,1,0,0,0,0,0,0,0,0,0,0
420106,2,1,0,0,0,0,0,0,0,0,0,0
420106,3,1,0,0,0,0,0,0,0,0,0,0
420107,0,1,0,0,0,0,0,0,0,0,0,0
420107,0,2,0,0,0,0,0,0,0,0,0,0
420107,1,1,0,0,0,0,0,0,0,0,0,0
420108,0,1,22,22,22,22,22,22,22,22,22,22
420108,1,1,17,0,13,0,0,16,0,9,0,0
420109,1,1,0,0,0,9,0,0,0,0,0,0
420109,2,1,0,0,12,0,0,0,0,0,0,0
420110,1,1,0,0,0,0,0,0,0,0,0,0
420110,2,1,0,0,0,0,0,0,0,0,0,0
420111,1,1,0,0,0,0,0,0,0,0,0,0
420112,1,1,0,0,0,0,0,0,0,0,0,0
420112,2,1,0,0,0,0,0,0,0,0,0,0
420112,3,1,0,0,0,0,0,0,0,0,0,0
420113,1,1,0,0,0,0,0,0,0,16,16,0
420113,2,1,0,0,0,0,0,0,0,0,0,0
420114,1,1,0,0,0,0,0,0,0,0,0,0
420114,2,1,0,0,0,0,0,0,0,0,0,0
420115,1,1,0,0,0,0,0,0,0,0,0,0
420116,1,1,0,0,0,0,0,0,0,0,0,0
420117,1,1,0,11,0,0,0,0,0,0,0,0
420117,2,1,9,0,0,0,0,0,0,0,0,10
420117,3,1,0,0,0,0,0,0,0,0,0,19
420118,1,1,0,0,23,0,0,11,0,8,0,18
420119,1,1,0,0,0,0,0,0,0,0,0,0
420119,2,1,0,0,0,0,0,0,0,0,0,0
420119,3,1,0,0,0,0,0,0,0,0,0,0
420120,1,1,0,0,0,0,0,0,0,0,0,0
420120,2,1,0,0,0,0,0,0,0,0,0,0
420120,3,1,0,0,0,0,0,0,0,0,0,0
420120,4,1,0,0,0,0,0,0,0,0,0,0
420121,1,1,0,0,0,0,0,0,0,0,0,0
420121,2,1,0,0,0,0,0,0,0,0,0,0
420121,3,1,0,0,0,0,0,0,0,0,0,0
420121,4,1,0,0,0,0,0,0,0,0,0,0
420122,1,1,0,0,0,0,0,0,0,0,0,0
420122,2,1,20,0,0,0,0,0,0,0,0,0
420122,3,1,0,0,0,0,27,0,0,0,0,0
420122,4,1,0,0,23,0,0,0,0,0,0,0
420123,1,1,0,9,0,0,0,9,0,0,12,0
420123,2,1,0,0,0,0,0,0,0,0,0,0
420123,3,1,5,0,0,0,0,0,0,0,0,0
420124,1,1,0,0,0,0,0,0,0,0,0,0
420124,2,1,0,0,0,0,0,0,0,0,18,0
420124,3,1,0,0,0,0,0,0,0,0,0,0
420125,1,1,0,0,0,0,0,0,0,0,0,0
420126,0,1,0,0,0,0,0,0,0,0,0,0
420126,1,1,0,19,0,0,0,0,0,0,9,0
420127,0,1,0,0,0,0,0,0,0,0,0,0
420127,1,1,0,0,0,14,0,14,0,0,0,0
420128,0,1,3,3,3,3,3,3,3,3,3,3
420128,1,1,0,19,0,5,11,15,27,0,0,16
420129,0,1,0,12,0,0,0,0,0,0,0,0
420129,1,1,0,19,0,0,0,0,0,0,0,0
420130,0,1,0,0,0,0,0,0,0,0,0,0
420130,1,1,0,0,0,0,0,0,0,0,0,0
420131,1,1,0,0,0,0,0,0,0,0,0,0
420131,2,1,0,0,0,0,0,0,0,0,0,0
420132,1,1,16,16,16,16,16,16,16,16,16,16
420133,1,1,0,0,0,0,0,0,0,0,0,0
420133,2,1,0,0,0,0,0,0,0,0,0,0
420134,1,1,0,0,0,0,0,0,0,0,0,21
420134,2,1,0,0,0,0,0,0,0,0,0,15
420135,1,1,0,0,0,0,0,0,0,5,0,12
420135,2,1,0,0,0,0,33,0,0,0,0,0
420136,1,1,0,0,0,0,0,0,0,0,0,0
420136,2,1,0,0,0,0,10,0,0,0,0,0
420137,1,1,0,0,0,20,19,0,0,0,17,0
420137,2,1,0,0,0,0,19,0,0,0,4,0
420138,1,1,13,13,13,13,13,13,13,13,13,13
420139,1,1,15,15,15,15,15,15,15,15,15,15
420140,1,1,0,0,0,0,0,0,0,0,0,0
420140,2,1,0,0,0,0,0,0,0,0,0,0
420141,1,1,0,0,0,0,0,0,0,0,0,0
420142,1,1,10,10,10,10,10,10,10,10,10,10
420143,1,1,0,0,0,0,0,0,0,0,0,0
420144,1,1,0,28,0,0,0,11,0,0,0,0
420145,1,1,0,0,0,0,0,0,0,0,0,0
420146,1,1,0,0,0,0,0,0,0,0,0,0
420147,1,1,0,0,0,0,0,0,0,0,0,0
420147,2,1,0,0,0,0,0,0,0,0,0,0
420148,1,1,0,0,0,0,0,0,0,0,0,21
420148,2,1,0,0,0,0,0,0,0,0,0,0
420149,1,1,13,13,14,29,12,14,5,12,15,0
420150,1,1,0,0,0,0,0,0,0,0,0,0
420150,2,1,0,0,0,0,0,0,16,0,0,0
420151,1,1,0,13,19,0,15,29,21,0,0,0
420152,0,1,0,0,0,27,0,0,0,0,0,0
420152,1,1,0,0,0,0,0,0,0,0,0,0
420153,1,1,0,0,0,0,0,0,0,0,0,0
420153,2,1,7,7,7,7,7,7,7,7,7,7
420154,0,1,0,3,0,0,8,0,0,0,0,8
420154,1,1,0,0,0,0,23,0,0,0,0,0
420155,0,1,0,0,0,0,0,0,0,0,0,0
420155,1,1,0,0,0,0,0,0,0,0,0,0
420156,1,1,0,0,0,25,9,0,18,0,0,0
420156,2,1,0,0,0,0,0,0,0,0,0,0
420157,1,1,0,0,0,0,0,0,0,0,0,0
420158,1,1,15,15,15,15,15,15,15,15,15,15
420159,1,1,22,22,22,22,22,22,22,22,22,22
420159,2,1,0,0,0,0,0,0,0,0,0,0
420160,1,1,0,0,0,0,0,0,0,0,0,0
420161,1,1,11,6,8,16,0,6,7,10,22,5
420161,2,1,0,0,0,0,0,0,0,0,0,0
420162,1,1,0,0,0,0,0,0,0,0,0,0
420162,2,1,0,0,0,0,0,0,0,0,0,0
420163,1,1,0,16,0,0,24,0,33,0,17,0
420164,0,1,18,22,8,11,9,13,25,22,33,24
420164,1,1,16,7,16,29,18,28,24,21,23,0
420165,1,1,17,5,0,11,27,10,31,8,20,0
420166,1,1,25,25,25,25,25,25,25,25,25,25
420167,1,1,0,0,0,0,0,0,0,0,0,0
420167,2,1,0,0,0,0,0,0,0,0,0,0
420168,1,1,0,0,0,0,0,0,0,0,0,0
420168,2,1,0,0,12,15,0,0,0,15,0,0
420169,1,1,0,0,0,6,35,0,0,0,0,4
420169,2,1,7,0,20,0,0,0,0,0,0,0
420170,1,1,0,0,0,0,0,0,0,0,0,0
420171,1,1,29,29,29,29,29,29,29,29,29,29
420172,0,1,0,0,0,0,0,0,0,0,0,0
420172,0,2,0,0,0,0,0,0,0,0,0,0
420172,1,1,0,0,61,0,0,0,0,0,0,0
420172,2,1,0,0,0,0,0,0,0,0,0,0
420173,0,1,35,39,10,15,22,0,15,7,24,24
420173,1,1,0,0,0,0,0,0,0,0,0,0
420174,1,1,0,14,0,0,0,0,0,0,0,0
420174,2,1,0,0,0,0,0,0,0,0,0,0
420175,0,1,0,0,0,0,0,0,0,0,0,0
420175,1,1,22,22,22,22,22,22,22,22,22,22
420176,1,1,0,0,19,10,0,13,18,0,0,0
420176,2,1,25,0,24,0,6,17,14,0,0,0
420177,1,1,16,16,16,16,16,16,16,16,16,16
420177,2,1,2,2,2,2,2,2,2,2,2,2
420178,1,1,0,0,0,0,0,0,0,0,0,0
420179,1,1,0,0,0,0,0,0,0,0,0,0
420180,0,1,24,16,8,0,0,0,20,0,0,0
420180,1,1,0,0,13,0,0,0,0,0,0,0
420181,1,1,15,18,28,31,22,4,15,9,12,14
420182,0,1,0,0,34,0,0,0,16,0,0,0
420182,1,1,17,17,17,17,17,17,17,17,17,17
420183,0,1,31,11,3,25,21,30,17,24,19,23
420183,1,1,0,10,0,0,16,0,0,0,3,27
420184,1,1,1,1,1,1,1,1,1,1,1,1
420184,2,1,0,0,0,0,0,0,0,0,0,0
420184,3,1,0,0,0,0,0,0,0,0,0,0
420185,1,1,0,0,0,0,0,0,0,0,0,0
420185,2,1,0,0,0,0,0,0,0,0,0,0
420185,3,1,0,0,0,0,19,0,0,0,0,0
420186,1,1,10,10,10,10,10,10,10,10,10,10
420186,2,1,0,0,0,0,0,0,0,0,0,0
420186,3,1,0,0,0,0,0,0,0,0,0,0
420187,1,1,0,0,0,0,0,0,0,0,0,0
420187,2,1,0,0,0,0,0,0,0,0,0,0
420187,3,1,0,0,0,0,0,0,0,0,0,0
420188,1,1,0,0,0,0,0,0,0,0,0,0