ST_CASE,VEH_NO,PER_NO,P1,P2,P3,P4,P5,P6,P7,P8,P9,P10
420188,2,1,0,0,0,0,0,0,0,0,0,0
420188,3,1,0,0,0,0,0,0,0,0,0,0
420189,1,1,0,0,0,0,0,0,0,0,0,0
420189,2,1,0,0,0,0,0,0,0,0,0,0
420190,1,1,0,0,0,0,0,0,0,0,0,0
420190,2,1,0,0,0,0,0,0,0,7,0,0
420191,1,1,0,0,0,10,0,0,0,0,0,0
420191,2,1,0,0,0,0,0,0,0,0,0,0
420192,1,1,22,22,22,22,22,22,22,22,22,22
420193,0,1,0,0,0,18,19,19,0,0,11,0
420193,1,1,6,6,6,6,6,6,6,6,6,6
420194,0,1,20,10,4,14,22,16,20,20,7,18
420194,1,1,2,2,2,2,2,2,2,2,2,2
420195,1,1,0,0,0,0,8,0,0,0,0,0
420195,2,1,0,0,0,0,0,0,0,0,0,0
420196,1,1,4,4,4,4,4,4,4,4,4,4
420197,0,1,0,7,12,0,20,0,27,0,0,34
420197,1,1,0,0,0,0,0,0,0,0,0,0
420198,0,1,0,0,0,0,0,0,0,0,0,0
420198,1,1,0,0,0,0,0,0,0,0,0,0
420199,0,1,0,0,0,0,0,0,24,0,0,0
420199,1,1,0,0,0,0,0,0,0,0,0,0
420200,1,1,0,0,0,0,0,0,0,0,0,35
420200,2,1,0,0,0,0,0,0,0,0,0,0
420201,0,1,0,0,0,0,0,0,0,0,0,0
420201,1,1,0,0,25,0,0,0,0,0,0,15
420202,1,1,20,20,20,20,20,20,20,20,20,20
420203,1,1,0,0,0,0,0,0,0,0,0,0
420204,0,1,23,20,19,12,9,23,14,0,16,14
420204,1,1,0,8,3,9,0,28,0,7,0,0
420204,2,1,0,0,3,0,0,0,3,0,0,0
420205,1,1,19,8,22,0,6,30,13,30,24,0
420205,2,1,0,0,0,0,0,0,0,0,0,0
420206,1,1,0,0,0,0,0,0,0,0,0,0
420206,2,1,14,14,14,14,14,14,14,14,14,14
420207,0,1,0,28,0,7,0,0,0,0,0,0
420207,1,1,0,19,0,0,0,0,0,0,0,0
420208,0,1,0,0,8,0,0,0,0,0,0,0
420208,1,1,0,0,0,0,0,0,0,0,0,0
420209,1,1,13,13,13,13,13,13,13,13,13,13
420209,2,1,0,0,0,0,21,0,0,32,0,0
420210,0,1,0,0,0,0,0,0,0,0,0,0
420210,1,1,0,0,0,0,0,0,0,0,0,0
420211,1,1,0,24,0,0,0,0,0,0,0,0
420211,2,1,0,0,19,0,0,0,0,0,0,0
420212,1,1,14,14,14,14,14,14,14,14,14,14
420213,1,1,13,13,13,13,13,13,13,13,13,13
420214,1,1,0,0,0,0,0,0,0,0,0,0
420214,2,1,0,0,0,0,0,0,0,0,0,0
420215,1,1,0,0,0,0,0,0,0,0,0,0
420216,1,1,0,0,0,0,0,0,0,0,0,0
420217,1,1,0,0,0,0,0,0,0,0,0,0
420218,1,1,18,18,18,18,18,18,18,18,18,18
420218,2,1,0,0,0,0,0,0,0,0,0,0
420219,1,1,0,0,0,0,0,0,0,0,0,0
420220,1,1,0,0,0,24,0,0,0,0,0,0
420220,2,1,0,0,0,0,0,0,0,0,0,0
420221,1,1,0,0,0,0,0,0,0,0,0,0
420221,2,1,0,0,0,0,0,0,0,0,0,0
420222,1,1,0,0,0,0,0,0,0,0,0,0
420222,2,1,0,0,0,0,0,0,0,0,0,0
420223,1,1,15,15,15,15,15,15,15,15,15,15
420224,1,1,17,17,17,17,17,17,17,17,17,17
420225,1,1,0,0,0,0,0,0,0,0,0,0
420225,2,1,0,0,0,0,0,0,0,0,0,0
420226,1,1,0,0,0,0,0,0,0,12,0,0
420227,1,1,20,20,20,20,20,20,20,20,20,20
420228,1,1,23,0,0,0,0,0,6,0,0,0
420229,1,1,0,0,0,0,0,0,0,0,0,0
420229,2,1,0,0,0,0,0,0,0,0,0,9
420230,1,1,13,13,13,13,13,13,13,13,13,13
420230,2,1,0,0,0,0,0,0,0,0,0,0
420231,1,1,24,10,16,28,11,12,27,29,20,21
420231,2,1,0,0,0,0,27,13,0,9,0,0
420231,3,1,0,0,0,0,0,0,3,0,0,19
420231,4,1,0,14,18,0,0,0,0,0,32,0
420231,5,1,0,0,0,0,0,0,0,0,0,0
420232,0,1,0,0,0,0,0,0,0,0,0,0
420232,1,1,0,0,0,17,0,0,0,0,21,0
420233,1,1,17,17,17,17,17,17,17,17,17,17
420234,1,1,0,0,0,0,0,0,0,0,0,0
420234,2,1,0,0,0,0,0,0,0,0,0,0
420235,1,1,24,24,24,24,24,24,24,24,24,24
420235,2,1,0,0,0,0,0,11,0,0,0,0
420236,1,1,0,0,0,0,0,0,0,0,0,0
420236,2,1,0,0,0,0,0,0,0,0,0,0
420237,1,1,15,15,15,15,15,15,15,15,15,15
420237,2,1,0,0,0,0,0,0,0,0,0,0
420238,1,1,0,0,22,18,0,0,0,0,0,0
420239,0,1,27,0,0,0,0,0,14,10,0,27
420239,1,1,0,0,0,0,0,0,0,0,0,0
420240,0,1,0,0,0,0,0,0,0,0,0,0
420240,1,1,0,0,0,0,0,0,0,0,0,0
420241,1,1,0,0,0,0,0,0,0,0,0,0
420241,2,1,0,0,0,0,0,0,0,0,22,0
420242,1,1,0,7,12,21,35,30,16,15,30,23
420243,1,1,0,0,0,0,0,0,0,0,0,0
420244,1,1,0,0,0,0,0,0,9,13,0,0
420244,2,1,0,0,0,0,0,0,0,0,0,0
420245,1,1,0,0,0,0,0,0,0,0,0,0
420246,1,1,24,24,24,24,24,24,24,24,24,24
420247,1,1,23,23,23,23,23,23,23,23,23,23
420248,1,1,0,0,0,0,0,0,0,0,0,0
420249,1,1,0,0,0,0,0,0,0,0,0,0
420250,1,1,0,0,0,0,0,0,0,0,0,0
420251,1,1,0,0,0,0,0,0,0,0,0,0
420252,1,1,0,0,0,15,0,0,0,0,0,0
420252,2,1,0,0,12,9,0,21,12,0,15,25
420253,1,1,0,0,0,0,0,0,0,0,0,0
420254,1,1,0,0,0,0,0,0,0,0,0,0
420255,1,1,20,26,14,5,16,28,17,15,11,6
420256,1,1,0,0,0,0,0,0,0,0,0,0
420257,1,1,7,7,7,7,7,7,7,7,7,7
420258,1,1,0,0,5,0,0,21,0,16,0,0
420259,1,1,0,15,14,10,7,0,0,32,0,0
420260,1,1,13,13,13,13,13,13,13,13,13,13
420261,1,1,0,0,0,0,0,0,0,0,0,0
420262,1,1,0,0,0,0,0,0,0,0,0,0
420263,1,1,0,0,0,0,0,0,0,0,0,0
420263,2,1,0,0,0,0,0,0,0,0,0,0
420264,0,1,0,0,0,9,0,0,0,0,0,0
420264,1,1,0,0,0,0,0,0,0,0,0,0
420265,0,1,12,30,16,13,27,18,15,11,47,28
420265,1,1,0,0,0,0,0,0,0,0,23,0
420266,1,1,0,0,0,0,0,0,0,0,0,0
420266,2,1,0,0,0,0,0,0,0,0,0,0
420267,0,1,0,0,0,0,0,0,0,0,0,0
420267,1,1,0,0,0,0,0,0,0,0,0,0
420268,0,1,32,32,32,32,32,32,32,32,32,32
420268,1,1,0,0,0,0,0,0,0,0,0,0
420269,1,1,0,28,0,0,0,0,0,0,0,0
420269,2,1,0,0,0,0,0,0,0,0,0,0
420270,1,1,0,0,0,0,0,0,0,0,0,0
420270,2,1,0,0,0,0,0,0,0,0,0,0
420271,0,1,0,0,0,0,0,28,0,0,0,0
420271,1,1,0,0,0,0,0,0,7,0,0,0
420272,1,1,0,0,0,0,3,0,0,0,0,0
420272,2,1,1,1,1,1,1,1,1,1,1,1
420273,1,1,29,29,29,29,29,29,29,29,29,29
420273,2,1,0,0,0,0,0,0,0,0,0,0
420274,1,1,9,9,9,9,9,9,9,9,9,9
420275,1,1,0,0,0,0,0,0,0,0,0,0
420275,2,1,0,0,0,0,0,9,0,0,0,0
420276,1,1,16,16,16,16,16,16,16,16,16,16
420277,1,1,0,0,0,0,0,0,0,0,0,0
420277,2,1,0,0,0,0,0,0,0,0,0,0
420278,1,1,27,26,13,10,14,31,27,10,19,18
420278,2,1,0,0,0,0,0,0,0,0,0,0
420279,1,1,0,0,0,7,0,0,16,18,18,0
420280,1,1,14,14,14,14,14,14,14,14,14,14
420281,1,1,0,0,0,0,0,0,0,0,0,0
420281,2,1,0,0,0,0,0,0,0,0,0,0
420282,1,1,0,0,0,0,0,0,0,0,0,0
420283,1,1,0,0,0,10,0,0,0,0,0,0
420283,2,1,11,11,11,11,11,11,11,11,11,11
420284,0,1,0,0,31,7,0,0,24,0,0,19
420284,1,1,10,24,5,22,14,6,3,0,0,0
420285,0,1,0,0,0,0,0,0,0,0,0,0
420285,1,1,0,0,0,0,0,0,0,0,0,6
420286,1,1,13,13,13,13,13,13,13,13,13,13
420286,2,1,0,0,0,0,0,0,0,0,0,0
420287,1,1,23,23,23,23,23,23,23,23,23,23
420288,0,1,5,5,5,5,5,5,5,5,5,5
420288,1,1,0,0,0,0,0,0,0,0,0,0
420289,1,1,0,0,0,0,0,0,0,0,0,0
420289,2,1,0,0,0,0,0,0,0,0,0,0
420290,1,1,13,13,13,13,13,13,13,13,13,13
420291,1,1,0,0,0,0,0,0,0,0,0,0
420291,2,1,0,0,0,0,0,0,0,0,0,0
420291,3,1,0,0,0,0,0,0,0,28,0,0
420292,1,1,0,0,0,0,0,0,0,0,0,0
420293,1,1,0,0,0,0,0,0,0,0,0,0
420294,1,1,0,0,0,0,0,0,0,0,0,0
420295,1,1,0,0,0,11,6,0,17,0,0,0
420296,1,1,20,3,0,0,0,0,0,26,0,0
420297,1,1,26,26,26,26,26,26,26,26,26,26
420297,2,1,0,0,0,0,0,0,0,0,0,0
420298,1,1,15,15,15,15,15,15,15,15,15,15
420299,1,1,0,0,0,0,0,0,0,0,0,0
420300,1,1,0,0,0,19,0,0,0,0,0,0
420301,1,1,0,0,0,0,0,0,0,0,0,0
420302,1,1,0,0,0,0,0,0,0,0,0,0
420302,2,1,26,0,0,0,0,0,0,0,0,0
420303,1,1,0,0,0,0,0,0,0,0,0,0
420303,2,1,0,0,0,0,0,0,0,0,9,0
420304,1,1,0,0,0,0,0,0,0,0,0,0
420304,2,1,0,0,0,0,0,0,0,0,0,0
420305,1,1,0,0,0,0,0,0,0,0,0,0
420305,2,1,0,0,0,0,0,0,0,0,0,0
420305,3,1,0,0,0,0,0,0,0,0,0,0
420306,1,1,0,0,0,0,0,0,0,0,0,0
420306,2,1,0,0,0,0,0,0,0,0,0,0
420307,1,1,0,0,0,0,0,0,0,0,0,0
420307,2,1,0,0,0,0,0,0,0,0,0,0
420308,1,1,11,11,11,11,11,11,11,11,11,11
420308,2,1,7,25,0,28,15,15,11,0,22,0
420309,1,1,35,35,35,35,35,35,35,35,35,35
420309,2,1,0,0,0,0,0,0,0,0,0,0
420310,1,1,0,0,0,0,0,0,0,0,0,0
420310,2,1,0,0,0,0,0,0,0,0,0,0
420310,3,1,0,0,0,0,0,0,0,0,0,0
420311,1,1,0,0,21,0,0,0,0,0,13,12
420311,2,1,0,0,0,0,0,0,21,0,0,0
420312,1,1,0,0,0,0,19,0,17,0,22,0
420312,2,1,0,0,0,0,0,0,0,0,0,0
420313,0,1,0,0,0,0,0,0,0,0,0,0
420313,1,1,0,0,18,43,0,0,0,29,0,0
420314,0,1,23,23,23,23,23,23,23,23,23,23
420314,1,1,12,12,12,12,12,12,12,12,12,12
420315,1,1,0,0,0,0,0,0,0,0,0,0
420315,2,1,0,0,0,0,0,0,0,0,0,0
420316,1,1,0,0,0,0,0,0,0,0,0,6
420317,1,1,0,0,0,0,0,0,0,0,0,0
420317,2,1,0,0,0,0,0,0,0,0,0,0
420318,1,1,0,0,5,0,21,16,12,0,11,0
420319,1,1,13,14,10,2,18,35,16,25,7,24
420320,1,1,22,22,22,22,22,22,22,22,22,22
420321,1,1,0,0,0,0,0,0,0,0,0,0
420321,2,1,0,0,0,0,0,0,0,0,0,0
420322,1,1,8,8,8,8,8,8,8,8,8,8
420323,1,1,20,20,20,20,20,20,20,20,20,20
420323,2,1,0,0,0,0,0,0,0,0,25,0
420324,0,1,0,0,0,0,0,0,0,0,0,0
420324,1,1,0,0,0,0,0,0,0,0,0,0
420325,1,1,24,24,24,24,24,24,24,24,24,24
420326,1,1,19,9,15,12,8,9,6,13,13,36
420327,1,1,0,0,0,0,0,0,0,0,0,0
420327,2,1,0,0,0,0,0,0,0,0,0,0
420328,1,1,26,0,12,19,11,8,12,16,21,12
420329,1,1,0,0,0,0,0,0,0,0,0,0
420329,2,1,11,11,11,11,11,11,11,11,11,11
420330,1,1,20,0,0,0,0,0,0,0,0,0
420330,2,1,0,0,0,0,0,0,0,0,0,0
420331,1,1,0,0,0,0,12,0,0,5,21,0
420331,2,1,14,0,0,0,0,0,0,0,15,0
420332,1,1,0,0,0,0,11,0,0,0,0,22
420333,0,1,21,0,0,0,0,0,0,0,0,0
420333,1,1,0,0,0,0,0,0,0,0,0,0
420334,0,1,16,16,16,16,16,16,16,16,16,16
420334,1,1,0,0,0,0,0,0,0,0,0,0
420335,1,1,3,9,9,20,35,0,20,18,9,18
420336,1,1,14,14,14,14,14,14,14,14,14,14
420337,1,1,18,18,18,18,18,18,18,18,18,18
420338,1,1,0,0,0,0,0,0,0,0,0,0
420338,2,1,0,0,0,0,0,0,0,0,0,0
420339,1,1,0,0,0,0,0,0,0,0,0,0
420339,2,1,0,0,0,0,0,0,0,0,0,0
420340,1,1,0,0,0,0,0,0,0,0,0,0
420340,2,1,0,0,0,0,0,0,0,0,0,0
420341,1,1,0,0,19,0,0,0,0,0,0,8
420342,1,1,0,0,0,0,0,0,0,0,0,0
420342,2,1,0,0,0,0,0,0,0,0,0,0
420343,0,1,0,0,0,0,0,0,0,0,0,0
420343,1,1,0,0,0,0,0,0,0,0,0,0
420344,0,1,0,0,0,0,0,0,0,0,0,0
420344,0,2,0,0,0,0,0,0,0,0,0,0
420344,1,1,0,0,0,0,0,0,0,0,0,0
420345,0,1,44,0,0,0,12,0,17,0,30,11
420345,1,1,4,4,4,4,4,4,4,4,4,4
420346,0,1,0,0,0,0,0,0,0,0,0,0
420346,1,1,0,0,0,0,0,0,0,0,0,0
420347,1,1,28,10,6,24,19,22,14,16,22,24
420348,1,1,0,0,0,0,0,0,12,0,0,2
420349,1,1,0,0,0,0,0,0,0,0,0,0
420349,2,1,0,5,0,0,15,18,0,0,5,4
420350,1,1,0,0,0,0,0,0,0,0,15,0
420351,0,1,0,0,0,0,0,0,0,0,0,0
420351,1,1,18,16,24,7,6,40,16,9,18,14
420352,1,1,0,0,0,0,0,0,0,0,0,0
420352,2,1,0,0,0,0,0,17,0,0,0,0
420352,3,1,0,0,0,0,0,0,0,0,0,0
420353,1,2,2,2,2,2,2,2,2,2,2,2
420353,2,1,0,0,0,0,0,0,0,0,0,0
420354,1,1,0,0,0,0,0,0,0,0,0,0
420354,2,1,0,0,0,0,0,0,0,0,0,0
420355,1,1,0,0,24,0,0,0,0,0,0,0
420355,2,1,0,0,28,0,0,0,0,0,0,0
420356,1,1,0,0,0,0,0,0,0,0,0,0
420356,2,1,0,0,0,0,0,0,0,0,0,0
420357,1,1,0,23,30,9,13,21,28,15,25,0
420357,2,1,12,12,12,12,12,12,12,12,12,12
420358,1,1,0,0,0,0,0,0,0,0,0,0
420359,1,1,27,27,27,27,27,27,27,27,27,27
420360,1,1,0,0,0,0,0,0,0,0,0,0
420361,1,1,0,0,18,0,0,0,16,16,0,0
420362,1,1,18,18,18,18,18,18,18,18,18,18
420362,2,1,12,0,0,25,0,0,17,0,0,0
420363,1,1,6,6,6,6,6,6,6,6,6,6
420363,2,1,0,0,0,0,0,0,0,0,0,0
420364,1,1,0,0,0,0,0,0,0,0,0,0
420364,2,1,0,0,0,0,0,0,0,0,0,0
420365,1,1,0,0,0,0,0,0,0,0,0,0
420365,2,1,0,0,0,0,0,0,0,0,0,0
420366,1,1,0,0,0,0,0,0,0,0,0,0
420367,1,1,0,0,0,0,0,0,0,0,0,0
420368,1,1,21,21,21,21,21,21,21,21,21,21
420369,0,1,0,0,0,0,0,0,0,0,0,0
420369,1,1,0,0,0,0,0,0,0,0,0,0
420370,1,1,0,0,0,0,0,0,0,0,0,0
420371,1,1,11,9,3,9,0,20,16,28,0,9
420372,1,1,0,0,0,0,0,0,0,0,0,0
420373,0,1,28,28,28,28,28,28,28,28,28,28
420373,1,1,0,0,0,0,0,0,0,24,0,0
420374,0,1,0,0,0,0,0,0,0,0,0,0
420374,1,1,25,0,40,0,0,0,11,9,0,0
420375,1,1,11,0,0,14,10,0,0,5,0,0
420375,2,1,0,25,8,0,0,0,0,10,0,5
420376,1,1,0,0,0,0,0,0,0,0,0,0
420376,2,1,0,0,0,0,0,0,0,0,0,0
420377,1,1,0,0,0,0,0,0,0,0,0,0
420378,0,1,0,0,0,0,0,0,0,0,0,0
420378,1,1,0,0,0,0,0,0,0,0,0,0
420379,0,1,0,0,0,0,0,0,0,0,0,0
420379,1,1,0,0,0,0,0,0,0,0,0,26
420380,1,1,0,0,0,0,0,7,0,0,0,0
420380,2,1,0,0,0,0,0,0,0,0,0,0
420380,3,1,0,0,0,0,0,0,0,0,0,18
420381,1,1,0,0,0,0,0,0,0,0,19,0
420382,1,1,0,0,0,0,0,0,0,0,0,0
420382,2,1,0,0,0,0,0,0,0,0,0,0
420383,1,1,44,14,0,5,0,0,15,0,3,0
420384,1,1,0,0,0,0,0,0,0,0,0,0
420385,1,1,21,12,17,15,0,13,16,0,26,19
420385,2,1,0,0,0,0,0,0,0,0,0,0
420385,3,1,0,0,0,0,0,0,0,0,0,0
420386,1,1,0,0,9,0,0,15,35,0,0,0
420387,1,1,0,6,17,34,21,0,16,18,11,27
420387,2,1,30,18,6,4,10,8,25,8,8,4
420388,1,1,4,15,31,16,0,8,17,19,30,22
420389,1,1,0,0,0,0,0,0,0,0,0,0
420390,0,1,0,0,0,0,0,0,0,0,0,0
420390,1,1,0,0,0,0,0,0,0,0,0,0
420391,0,1,0,0,0,0,0,0,0,0,0,0
420391,1,1,0,0,0,0,0,0,0,0,0,0
420392,1,1,1,1,1,1,1,1,1,1,1,1
420392,2,1,0,0,0,0,0,0,0,0,0,0
420393,1,1,0,0,0,20,0,0,0,0,0,0
420393,2,1,0,0,0,0,0,0,0,0,0,0
420394,0,1,0,0,0,0,0,0,0,0,0,0
420394,1,1,0,0,0,0,0,7,0,0,0,0
420395,1,1,15,15,15,15,15,15,15,15,15,15
420395,2,1,0,0,0,0,0,0,0,0,0,0
420396,1,1,33,33,33,33,33,33,33,33,33,33
420396,2,1,0,0,0,0,0,0,0,0,0,0
420397,1,1,0,0,0,0,0,0,0,0,0,0
420398,1,1,0,0,0,0,0,0,0,0,0,0
420398,2,1,0,0,0,0,0,0,0,0,0,0
420399,1,1,20,20,20,20,20,20,20,20,20,20
420399,2,1,19,0,16,0,0,0,0,0,0,0
420400,1,1,0,0,0,0,0,0,0,0,0,0
420401,1,1,0,0,20,0,9,9,8,0,0,0
420402,1,1,0,19,0,12,12,0,0,0,24,20
420403,1,1,0,14,0,0,0,11,8,0,6,0
420403,2,1,6,0,0,0,0,0,0,0,0,6
420404,1,1,0,23,4,14,20,24,14,10,13,30
420404,2,1,0,0,0,0,0,0,0,0,0,0
420405,1,1,0,0,0,19,24,21,0,22,19,13
420406,0,1,23,23,23,23,23,23,23,23,23,23
420406,1,1,0,0,0,0,18,0,0,0,0,0
420407,0,1,0,0,0,0,0,0,0,0,0,0
420407,1,1,10,0,0,0,0,0,0,0,0,0
420408,1,1,0,0,0,0,0,0,0,0,0,0
420408,2,1,0,0,0,0,0,0,0,0,0,0
420409,1,1,14,0,0,0,0,11,22,0,0,0
420409,2,1,0,0,8,0,0,0,7,0,0,0
420410,1,1,0,0,0,0,0,0,0,0,0,0
420410,2,1,0,0,0,0,10,0,0,0,0,0
420411,1,1,0,0,0,0,11,0,0,0,0,0
420411,2,1,14,0,0,0,0,0,0,0,0,10
420411,3,1,0,0,0,0,0,0,0,0,0,0
420411,4,1,0,0,0,0,5,0,0,0,0,0
420412,1,1,0,0,0,0,0,0,0,0,0,0
420412,2,1,13,0,0,0,14,0,0,0,0,0
420412,3,1,0,0,0,0,0,10,0,0,0,0
420413,1,1,0,0,9,0,0,0,0,0,17,4
420413,2,1,13,0,0,19,0,0,0,0,0,12
420414,1,1,17,0,7,0,0,0,14,0,0,0
420414,2,1,0,0,0,0,0,35,5,6,9,0
420415,1,1,0,0,0,0,0,0,0,0,0,0
420415,2,1,0,0,0,0,0,0,0,0,0,0
420416,1,1,22,22,22,22,22,22,22,22,22,22
420416,2,1,0,10,0,0,0,0,0,0,0,0
420417,1,1,0,0,0,0,0,0,0,0,0,0
420418,1,1,0,0,0,0,0,0,0,0,12,0
420418,2,1,0,5,0,0,0,0,0,0,0,0
420419,1,1,0,0,0,0,0,0,0,0,0,0
420420,1,1,0,0,0,0,0,0,0,0,0,0
420421,1,1,7,0,0,0,0,4,20,0,0,0
420421,2,1,0,0,0,0,0,0,0,0,0,0
420422,1,1,0,0,0,14,0,0,0,0,0,0
420423,1,1,11,11,11,11,11,11,11,11,11,11
420423,2,1,0,0,0,0,0,0,0,0,0,0
420424,1,1,0,0,0,0,0,0,0,0,0,0
420424,2,1,0,0,0,0,0,0,0,0,0,0
420425,0,1,0,0,0,0,0,0,0,0,0,0
420425,0,2,0,0,0,0,0,0,0,0,0,0
420425,1,1,0,0,0,0,0,0,0,0,0,0
420426,1,1,14,0,0,0,42,0,12,20,17,16
420427,1,1,0,0,0,35,6,17,0,9,0,20
420428,1,1,8,0,0,0,0,0,0,0,0,0
420428,2,1,0,0,0,0,0,0,10,0,0,0
420429,1,1,0,0,0,0,0,0,0,0,0,0
420429,2,1,0,0,0,0,0,0,0,0,0,0
420430,1,1,0,0,0,0,0,0,0,0,0,0
420430,2,1,0,0,0,0,0,0,0,0,0,0
420431,1,1,0,0,0,0,0,0,0,0,0,0
420432,0,1,0,0,0,0,0,0,0,0,0,0
420432,0,2,0,0,0,0,0,0,0,0,0,0
420432,0,3,0,0,0,0,0,0,0,0,0,0
420432,1,1,0,0,0,0,0,23,0,0,0,0
420433,1,1,0,34,7,0,17,16,0,22,0,0
420434,0,1,5,5,5,5,5,5,5,5,5,5
420434,1,1,0,0,0,0,0,0,0,0,0,0
420435,0,1,0,13,0,8,0,14,0,0,0,34
420435,1,1,0,0,0,0,0,0,0,0,0,0
420436,1,1,0,0,0,0,0,0,0,0,30,20
420437,0,1,39,39,39,39,39,39,39,39,39,39
420437,1,1,0,0,0,0,0,0,0,0,15,0
420438,1,1,15,15,15,15,15,15,15,15,15,15
420438,2,1,0,0,0,0,15,0,0,0,0,0
420439,1,1,9,0,0,9,0,24,0,0,17,0
420439,2,1,6,0,0,0,0,0,0,0,0,0
420440,0,1,0,0,0,0,0,0,0,0,0,0
420440,1,1,0,0,0,0,0,0,0,0,0,0
420441,1,1,0,0,0,0,0,0,0,0,0,0
420442,1,1,0,0,0,0,0,0,0,0,0,0
420443,1,1,0,0,0,0,0,0,0,0,0,11
420444,1,1,28,28,28,28,28,28,28,28,28,28
420445,1,1,0,0,11,0,0,0,0,0,11,0
420445,2,1,0,0,0,0,0,0,0,0,0,0
420446,1,1,0,0,0,0,0,0,13,0,0,0
420446,2,1,0,0,0,0,0,0,0,0,0,0
420447,1,1,0,20,9,10,12,0,9,16,19,0
420448,1,1,28,28,28,28,28,28,28,28,28,28
420449,1,1,0,0,0,0,0,0,0,0,0,0
420449,2,1,0,0,0,0,0,0,0,0,0,0
420450,0,1,0,0,0,0,0,0,0,0,0,0
420450,1,1,0,0,0,0,0,0,0,0,0,0
420451,1,1,0,0,0,0,0,0,0,0,0,0
420451,2,1,0,0,0,0,0,0,0,0,0,0
420452,1,1,21,21,21,21,21,21,21,21,21,21
420453,1,1,0,0,0,0,0,0,0,0,0,0
420453,2,1,0,0,0,0,0,0,0,0,0,0
420454,1,1,28,0,0,0,17,0,21,0,0,14
420455,1,1,0,0,16,0,0,0,0,0,0,26
420456,1,1,18,18,18,18,18,18,18,18,18,18
420456,2,1,19,0,0,0,0,0,0,0,0,0
420457,1,1,0,0,21,0,0,18,0,0,0,14
420457,2,1,0,0,0,21,0,0,0,0,0,0
420458,1,1,0,15,0,0,0,22,0,0,0,0
420459,1,1,13,13,13,13,13,13,13,13,13,13
420460,1,1,0,0,0,0,0,0,0,0,0,0
420461,1,1,0,0,0,0,0,0,0,0,0,0
420461,2,1,0,0,0,0,0,10,0,0,0,10
420462,1,1,0,0,0,0,0,0,0,0,0,0
420462,2,1,0,0,0,0,0,0,0,0,0,0
420463,1,1,1,1,1,1,1,1,1,1,1,1
420463,2,1,0,0,0,0,0,0,0,0,0,0
420464,1,1,0,0,0,0,0,0,0,0,0,0
420465,1,1,0,0,12,0,0,0,0,0,0,0
420465,2,1,0,0,0,8,0,29,0,0,0,0
420465,3,1,0,0,0,0,0,0,0,0,0,0
420466,0,1,19,19,19,19,19,19,19,19,19,19
420466,1,1,0,0,0,0,0,28,0,0,0,5
420467,1,1,0,0,0,0,0,0,0,0,0,0
420467,2,1,0,0,0,0,0,0,0,0,0,0
420468,1,1,0,0,0,0,6,17,0,0,0,0
420469,1,1,0,19,0,0,0,0,15,0,0,0
420470,1,1,21,14,8,7,11,16,3,18,11,10
420470,2,1,0,0,0,10,0,0,0,0,0,0
420471,1,1,0,0,0,0,0,0,0,0,0,0
420471,2,1,0,0,0,0,0,0,0,0,0,0
420471,3,1,0,0,0,0,0,0,0,0,0,0
420472,1,1,0,0,0,0,0,10,0,0,0,0
420472,2,1,0,0,0,15,0,0,28,0,0,0
420472,3,1,0,0,0,0,0,0,0,0,0,0
420473,1,1,0,0,0,0,0,0,0,0,0,0
420474,1,1,0,0,0,8,21,0,0,12,20,0
420474,2,1,0,0,0,25,0,0,0,0,28,0
420475,1,1,8,12,20,20,20,15,5,36,17,9
420476,1,1,15,15,15,15,15,15,15,15,15,15
420477,1,1,24,24,24,24,24,24,24,24,24,24
420478,0,1,0,0,0,0,0,0,0,0,0,0
420478,1,1,0,0,0,27,0,0,0,0,0,0
420479,1,1,0,0,0,0,0,0,0,11,0,0
420480,0,1,0,0,0,0,0,0,0,0,0,0
420480,1,1,0,0,0,0,0,0,0,0,0,0
420481,1,1,0,0,0,0,0,0,0,0,0,0
420482,1,1,24,24,24,24,24,24,24,24,24,24
420483,0,1,0,0,0,0,0,0,0,0,0,0
420483,1,1,0,0,0,21,0,39,0,0,0,0
420484,0,1,15,13,10,0,0,0,0,0,0,29
420484,1,1,0,0,0,0,0,0,0,0,0,0
420485,1,1,0,0,0,0,0,0,0,0,0,0
420485,2,1,13,0,0,0,0,0,0,0,0,0
420486,1,1,10,15,7,6,6,33,9,22,28,0
420487,1,1,0,0,0,0,0,0,0,0,5,0
420488,1,1,27,27,27,27,27,27,27,27,27,27
420489,0,1,0,0,0,0,0,0,0,0,0,0
420489,1,1,0,0,0,0,0,0,15,0,0,0
420490,1,1,0,0,0,0,28,11,0,9,0,0
420490,2,1,0,0,0,0,0,0,0,0,0,0
420491,0,1,0,0,0,0,0,0,0,0,0,0
420491,2,1,0,0,0,0,0,0,0,0,0,0
420492,0,1,0,0,0,0,0,0,0,0,0,0
420492,1,1,0,0,0,4,0,0,0,0,0,0
420493,1,1,29,0,7,0,0,0,0,0,0,0
420494,1,1,0,0,0,0,0,0,0,5,0,0
420494,2,1,2,0,0,0,0,0,0,0,0,0
420495,1,1,19,0,12,32,4,13,20,0,0,9