ST_CASE,VEH_NO,PER_NO,P1,P2,P3,P4,P5,P6,P7,P8,P9,P10
420495,2,1,0,0,0,0,0,0,25,0,24,0
420496,0,1,20,20,20,20,20,20,20,20,20,20
420496,1,1,0,0,40,0,19,17,9,0,0,0
420496,2,1,0,0,0,0,0,0,0,0,0,0
420496,3,1,0,0,0,0,0,0,0,0,0,21
420497,1,1,11,17,14,0,42,11,6,0,20,0
420498,1,1,0,0,0,0,0,0,0,0,0,0
420498,2,1,0,0,0,0,0,0,0,0,0,0
420499,0,1,0,0,0,0,0,0,0,0,0,0
420499,1,1,14,14,14,14,14,14,14,14,14,14
420500,0,1,0,0,0,18,0,0,0,0,0,9
420500,1,1,0,0,0,0,0,0,0,0,0,0
420501,0,1,0,0,0,0,0,0,0,0,0,0
420501,1,1,0,0,0,0,0,0,0,0,0,0
420502,1,1,21,14,26,17,5,12,12,0,5,11
420503,1,1,14,14,14,14,14,14,14,14,14,14
420504,1,1,0,0,0,0,0,0,0,0,0,0
420505,1,1,0,0,0,0,0,0,0,0,0,0
420506,1,1,0,7,0,16,0,0,19,0,0,5
420506,2,1,0,0,0,0,8,0,0,0,0,0
420507,1,1,0,0,0,0,0,0,0,0,0,0
420508,1,1,0,0,0,0,0,0,0,0,0,0
420508,2,1,0,0,0,0,0,8,0,0,0,0
420509,1,1,8,26,17,10,12,14,18,0,8,0
420510,1,1,0,0,0,0,0,0,0,0,0,0
420511,0,1,0,0,18,0,0,0,0,0,0,0
420511,1,1,0,0,0,0,0,0,0,0,0,0
420511,2,1,0,0,0,0,0,0,0,0,0,0
420511,3,1,0,7,0,0,0,0,0,0,0,0
420512,1,1,15,15,15,15,15,15,15,15,15,15
420513,1,1,0,0,0,0,0,0,0,0,0,0
420513,2,1,0,0,0,10,0,0,0,0,0,0
420514,1,1,0,0,0,0,0,0,0,0,0,0
420514,2,1,20,0,0,0,0,0,0,0,0,0
420515,1,1,0,0,0,0,0,0,0,0,0,0
420515,2,1,0,0,0,0,0,3,0,0,0,0
420516,1,1,0,0,0,0,0,0,0,0,0,0
420516,2,1,0,0,0,0,0,0,0,0,0,0
420516,3,1,0,0,0,0,0,0,0,0,0,0
420517,1,1,11,11,11,11,11,11,11,11,11,11
420518,1,1,20,8,19,24,0,17,9,32,23,6
420519,1,1,0,0,0,0,0,0,0,0,0,0
420520,1,1,0,0,0,0,0,0,0,0,0,0
420520,2,1,0,0,0,0,0,0,0,0,0,0
420521,1,1,0,0,0,0,0,0,0,0,0,0
420521,2,1,0,0,0,0,0,0,0,0,0,0
420522,1,1,0,0,0,0,0,0,0,0,0,0
420522,2,1,0,0,0,0,0,0,0,0,0,0
420523,1,1,0,0,0,0,0,0,0,0,0,0
420523,2,1,15,15,15,15,15,15,15,15,15,15
420524,1,1,0,0,0,0,0,0,0,0,0,0
420524,2,1,0,0,5,0,0,0,0,0,0,0
420525,1,1,0,0,0,0,0,0,0,0,0,0
420525,2,1,0,0,0,0,0,0,0,0,0,0
420526,1,1,0,0,0,0,0,0,0,0,0,0
420526,2,1,0,0,0,0,0,0,0,0,0,0
420527,1,1,0,0,0,0,0,0,0,0,0,0
420527,2,1,0,17,6,0,14,7,0,0,0,0
420528,1,1,17,0,0,18,0,0,0,21,0,16
420528,2,1,0,0,0,0,0,0,0,0,0,0
420529,1,1,6,6,6,6,6,6,6,6,6,6
420530,1,1,0,0,0,0,0,0,0,0,0,0
420530,2,1,0,0,0,0,0,0,0,0,0,0
420530,3,1,0,0,0,0,0,0,0,15,16,0
420531,1,1,5,5,5,5,5,5,5,5,5,5
420531,2,1,0,0,0,0,0,0,0,0,0,0
420532,1,1,0,0,0,0,0,0,0,0,0,0
420532,2,1,0,0,0,0,0,0,0,0,0,0
420533,1,1,0,0,0,6,0,0,0,20,0,0
420534,1,1,11,11,11,11,11,11,11,11,11,11
420535,1,1,16,16,16,16,16,16,16,16,16,16
420536,1,1,0,0,0,0,0,0,0,0,0,0
420536,2,1,0,0,0,0,0,0,0,0,0,0
420537,0,1,0,0,0,0,0,0,0,0,0,0
420537,1,1,0,0,0,0,0,0,0,0,0,0
420538,1,1,0,0,0,0,0,0,0,0,0,0
420538,2,1,0,0,18,0,0,0,0,0,0,0
420539,1,1,0,0,0,0,0,0,0,0,0,0
420539,2,1,0,0,0,0,0,0,0,0,0,0
420540,1,1,0,0,0,0,0,23,0,0,0,0
420540,2,1,0,0,0,0,0,0,0,0,0,0
420541,1,1,0,0,0,0,0,0,0,0,0,0
420541,2,1,0,0,0,0,0,0,0,0,0,0
420542,1,1,0,0,0,0,0,0,0,0,0,0
420542,2,1,0,0,0,0,0,0,0,0,0,0
420543,1,1,0,15,0,0,0,0,0,0,0,0
420543,2,1,0,0,0,0,0,0,0,0,0,0
420543,3,1,0,0,0,0,0,0,0,0,0,0
420544,1,1,0,0,0,0,0,0,0,0,0,0
420544,2,1,0,0,0,0,0,0,0,0,0,0
420545,1,1,0,0,0,0,0,0,0,0,0,0
420546,1,1,0,0,0,0,0,0,0,0,0,0
420546,2,1,0,0,0,0,0,0,0,0,0,0
420547,0,1,0,0,0,0,0,0,0,0,0,0
420547,1,1,0,0,0,0,0,0,0,0,0,0
420548,1,1,0,4,15,14,23,39,16,18,14,6
420549,1,1,30,30,30,30,30,30,30,30,30,30
420550,1,1,0,0,0,0,14,0,0,0,0,0
420550,2,1,0,0,0,0,0,0,0,0,0,0
420551,1,1,0,0,0,0,0,0,0,0,0,0
420552,1,1,0,0,0,0,0,0,0,0,0,0
420552,2,1,0,0,11,0,0,0,0,0,0,0
420553,1,1,0,0,0,0,0,0,0,0,0,0
420553,2,1,0,0,0,0,0,0,0,0,0,0
420554,0,1,24,24,24,24,24,24,24,24,24,24
420554,1,1,23,0,0,0,0,0,0,0,16,0
420555,1,1,29,29,29,29,29,29,29,29,29,29
420556,1,1,18,18,18,18,18,18,18,18,18,18
420557,0,1,0,0,0,0,0,0,0,0,0,37
420557,1,1,0,0,13,14,4,12,21,0,23,0
420558,0,1,0,0,0,0,0,0,0,0,0,0
420558,1,1,0,0,16,0,0,0,22,34,23,21
420559,0,1,0,0,0,0,0,0,0,0,0,0
420559,1,1,15,5,0,18,15,16,11,7,21,0
420560,1,1,16,16,16,16,16,16,16,16,16,16
420561,1,1,13,0,0,0,12,0,0,0,0,9
420561,2,1,0,0,0,0,0,0,0,0,0,0
420562,1,1,0,0,0,0,0,0,0,0,0,16
420563,1,1,21,8,4,26,15,13,25,8,5,16
420564,0,1,9,9,9,9,9,9,9,9,9,9
420564,1,1,0,19,0,0,0,19,16,9,0,0
420565,1,1,0,0,0,0,0,0,0,0,0,0
420565,2,1,0,0,0,15,0,0,0,0,0,0
420566,1,1,0,0,22,0,0,0,0,24,0,0
420567,1,1,0,0,0,0,0,0,0,0,0,0
420567,2,1,0,0,0,0,0,0,0,0,0,0
420568,1,1,0,0,0,0,0,0,0,0,0,0
420568,2,1,0,0,0,0,0,0,0,0,0,0
420569,1,1,0,0,0,0,0,0,0,0,0,0
420569,2,1,0,0,12,0,0,17,0,0,0,0
420570,0,1,0,0,0,0,0,0,0,0,0,0
420570,1,1,0,0,0,0,0,0,0,0,0,0
420571,1,1,0,0,0,0,0,0,0,0,0,0
420572,1,1,0,0,0,0,0,0,0,0,0,0
420572,2,1,0,0,0,0,0,0,0,0,0,0
420573,1,1,3,3,3,3,3,3,3,3,3,3
420574,1,1,21,21,21,21,21,21,21,21,21,21
420575,1,1,24,24,24,24,24,24,24,24,24,24
420576,1,1,0,0,0,0,0,0,0,0,0,0
420576,2,1,0,0,0,0,0,0,0,0,0,0
420576,3,1,0,0,0,0,0,0,0,0,0,0
420577,1,1,0,0,0,0,14,0,0,0,0,0
420577,2,1,0,0,0,0,0,0,0,0,0,0
420577,3,1,0,0,0,0,0,0,0,0,0,0
420578,0,1,0,0,0,0,0,0,0,0,0,0
420578,1,1,0,0,0,0,0,0,0,0,0,0
420579,1,1,0,0,0,0,0,0,0,0,0,0
420579,2,1,0,16,0,0,0,0,0,0,3,0
420580,1,1,0,0,0,0,0,0,0,0,0,0
420580,2,1,0,0,0,0,0,0,0,0,0,0
420581,1,1,8,8,8,8,8,8,8,8,8,8
420581,2,1,25,14,15,15,22,21,11,13,13,20
420582,1,1,0,0,0,0,0,0,0,0,0,0
420582,2,1,0,0,0,0,0,0,0,0,0,0
420583,1,1,0,0,0,0,0,0,0,0,0,0
420584,0,1,0,0,0,0,0,0,0,0,0,0
420584,1,1,0,0,0,0,0,0,0,0,0,0
420585,0,1,19,19,19,19,19,19,19,19,19,19
420585,1,1,0,0,0,0,26,0,0,0,0,0
420586,0,1,0,0,0,0,0,12,40,0,0,0
420586,1,1,0,0,0,0,0,0,0,0,0,0
420587,1,1,0,18,0,0,0,14,13,0,0,9
420587,2,1,0,0,0,0,0,0,0,0,0,0
420588,0,1,0,0,0,0,0,0,0,0,0,8
420588,1,1,0,0,0,27,0,0,0,0,0,7
420589,1,2,0,42,0,21,26,10,0,9,0,0
420590,0,1,0,0,0,0,0,0,0,0,0,0
420590,1,1,0,0,0,0,0,0,0,0,0,0
420591,1,1,0,0,23,0,29,0,0,0,0,0
420591,2,1,0,0,0,0,0,0,0,0,0,0
420591,3,1,0,0,0,0,0,0,0,0,0,0
420592,1,1,0,0,0,0,0,0,0,0,0,0
420592,2,1,0,0,0,0,0,0,0,0,0,0
420593,1,1,0,0,0,0,0,0,0,0,0,0
420593,2,1,0,0,0,0,0,0,0,0,0,0
420594,1,1,16,5,19,17,23,36,14,25,18,22
420595,1,1,0,0,0,0,0,0,0,0,0,0
420596,1,1,0,0,0,0,0,0,0,0,0,0
420596,2,1,0,0,0,0,0,0,0,0,0,0
420597,1,1,30,30,30,30,30,30,30,30,30,30
420598,1,1,14,0,0,12,0,0,0,0,16,0
420599,1,1,0,29,0,0,31,11,0,4,27,16
420600,1,1,21,21,21,21,21,21,21,21,21,21
420601,1,1,0,10,0,19,0,0,0,38,0,0
420602,1,1,0,0,0,0,0,0,10,0,0,0
420603,1,1,0,0,0,0,0,0,0,0,0,0
420604,0,1,0,0,0,0,0,0,0,0,0,0
420604,0,2,0,0,0,0,0,0,0,0,15,0
420604,0,3,0,0,0,0,0,0,0,0,0,0
420604,1,1,0,0,0,0,0,0,0,0,0,0
420605,1,1,21,12,12,44,0,12,0,0,0,9
420606,1,1,0,0,0,0,0,0,0,0,0,0
420606,2,1,0,0,0,0,0,0,0,0,0,0
420606,3,1,7,0,1,0,0,0,0,0,13,0
420607,1,1,0,0,0,0,19,0,0,14,0,0
420607,2,1,0,0,0,0,0,0,0,0,0,0
420607,3,1,12,3,0,23,8,0,0,0,0,7
420608,1,1,0,0,16,6,0,0,0,0,8,0
420608,2,1,0,0,0,0,0,0,0,0,0,0
420608,3,1,0,0,0,0,0,0,0,0,0,0
420610,0,1,0,0,0,0,0,0,0,0,0,0
420610,1,1,0,0,0,0,0,0,0,0,0,0
420611,0,1,0,0,0,0,0,0,0,0,0,0
420611,1,1,0,0,0,0,0,0,0,0,0,0
420612,1,1,0,21,0,0,0,11,0,0,0,0
420613,1,1,0,24,0,0,0,0,0,0,0,0
420613,2,1,9,9,9,9,9,9,9,9,9,9
420614,1,1,0,0,0,0,0,0,0,10,7,0
420614,2,1,0,0,0,0,0,0,0,0,0,0
420615,0,1,0,0,0,0,0,18,0,30,0,23
420615,1,1,0,0,0,0,0,0,20,26,0,0
420615,2,1,0,7,0,0,0,12,0,0,0,0
420616,0,1,0,0,0,0,0,0,0,0,0,0
420616,1,1,0,0,0,0,0,0,0,0,0,0
420617,1,1,21,16,28,7,15,5,16,15,10,10
420618,0,1,0,0,0,0,0,0,0,0,0,0
420618,1,1,22,16,10,14,25,6,16,11,0,16
420619,1,1,0,0,0,0,0,0,0,0,0,0
420619,2,1,0,0,0,0,0,0,0,0,0,0
420620,1,1,0,0,0,0,0,0,0,0,0,0
420621,1,1,16,16,16,16,16,16,16,16,16,16
420622,1,1,24,24,24,24,24,24,24,24,24,24
420622,2,1,0,0,0,0,0,0,0,0,0,0
420622,3,1,0,0,0,0,0,0,0,0,0,0
420623,1,1,0,0,0,0,0,0,0,0,0,0
420623,2,1,0,0,0,0,0,0,0,24,0,0
420623,3,1,0,0,0,0,0,0,0,0,0,0
420624,0,1,0,0,0,0,0,0,0,0,0,0
420624,1,1,0,13,0,0,0,0,0,0,0,0
420625,1,1,8,0,0,0,0,0,0,0,0,0
420625,2,1,0,0,0,0,0,0,0,0,0,0
420626,1,1,0,16,0,0,5,9,0,0,0,0
420626,2,1,0,0,0,0,0,0,0,0,0,0
420627,1,1,0,0,0,0,0,0,0,0,0,0
420628,1,1,0,0,0,0,0,0,0,0,0,0
420629,1,1,0,0,0,0,0,0,14,0,0,0
420629,2,1,0,0,0,0,0,0,0,0,0,0
420630,1,1,0,0,0,0,0,0,0,0,0,0
420630,2,1,0,0,0,0,0,0,0,0,0,0
420631,1,1,28,0,14,14,0,0,19,0,10,9
420632,1,2,0,0,0,0,0,0,0,19,42,0
420632,2,1,0,0,0,0,0,16,0,9,0,0
420633,0,1,0,0,0,0,0,0,0,0,0,0
420633,1,1,8,0,0,0,0,0,19,0,22,4
420634,0,1,0,0,0,0,0,21,0,0,20,1
420634,1,1,0,0,0,0,0,0,0,0,0,0
420635,1,1,0,0,0,6,0,15,0,0,0,0
420635,2,1,0,0,0,0,0,0,0,0,0,0
420636,0,1,2,2,2,2,2,2,2,2,2,2
420636,1,1,0,0,0,0,0,0,0,0,0,0
420637,1,1,0,0,0,0,0,0,0,0,0,0
420637,2,1,0,0,0,0,0,0,0,0,0,0
420638,1,1,0,0,0,0,0,0,0,0,0,0
420638,2,1,0,0,33,0,0,0,0,0,0,0
420639,1,1,0,0,0,0,0,0,0,0,0,0
420640,0,1,0,0,0,0,0,0,0,0,0,0
420640,0,2,25,0,8,23,0,0,0,13,0,0
420640,1,1,0,0,0,0,0,0,0,0,0,0
420641,1,1,0,0,0,0,0,0,0,0,0,0
420641,2,1,0,0,0,0,0,0,0,0,0,0
420642,1,1,0,0,0,0,0,0,0,0,0,0
420642,2,1,27,0,0,0,0,0,0,0,0,0
420643,1,1,0,0,0,0,0,0,0,0,0,0
420643,2,1,0,0,0,0,0,0,0,0,0,0
420644,1,1,0,0,0,0,0,33,17,0,0,12
420645,1,1,18,16,12,24,7,13,7,21,3,8
420646,1,1,9,30,0,0,0,0,0,0,0,0
420647,0,1,0,0,0,0,0,0,0,0,0,0
420647,1,1,0,0,0,0,0,0,0,0,0,0
420648,0,1,0,15,61,17,0,0,0,0,0,26
420648,1,1,0,0,0,0,0,0,0,0,18,0
420649,1,1,0,0,0,0,0,0,0,0,0,0
420649,2,1,0,0,0,0,0,0,0,0,0,0
420650,1,1,0,0,0,18,0,0,14,14,0,6
420650,2,1,22,12,15,11,26,8,14,9,12,13
420651,1,1,0,0,0,9,0,0,0,0,0,0
420652,1,1,0,0,0,0,0,0,19,24,0,0
420653,1,1,30,30,30,30,30,30,30,30,30,30
420654,1,1,9,9,9,9,9,9,9,9,9,9
420655,1,1,0,0,0,0,0,0,0,0,0,0
420656,1,1,0,0,0,0,0,0,0,0,0,0
420657,1,1,13,13,13,13,13,13,13,13,13,13
420658,1,1,20,20,20,20,20,20,20,20,20,20
420659,1,1,19,22,10,28,8,0,27,23,19,23
420660,1,1,30,0,0,0,16,43,0,0,0,0
420660,2,1,0,0,0,0,0,0,38,0,20,0
420660,3,1,0,0,0,0,0,0,0,0,0,0
420661,1,1,0,0,0,0,0,0,0,0,0,0
420661,2,1,0,0,0,0,0,0,0,0,0,0
420662,1,1,16,0,0,0,11,0,19,0,16,0
420662,2,1,0,0,0,12,0,0,0,0,15,0
420663,1,1,0,0,0,0,0,0,0,0,0,0
420663,2,1,29,0,0,0,0,0,0,0,0,0
420664,1,1,0,0,0,0,0,0,0,0,0,0
420664,2,1,0,0,4,0,0,0,0,5,0,0
420665,1,1,26,26,26,26,26,26,26,26,26,26
420666,1,1,0,0,0,0,0,0,0,0,0,0
420667,1,1,0,0,0,0,0,0,0,0,0,0
420668,1,1,0,0,0,0,0,0,0,0,0,0
420669,1,1,25,25,25,25,25,25,25,25,25,25
420670,1,1,0,8,0,0,0,10,0,0,0,0
420670,2,1,0,0,0,0,0,0,0,0,0,0
420671,0,1,0,0,0,6,0,0,0,0,0,0
420671,1,1,0,0,0,0,0,0,0,0,0,0
420672,1,1,24,24,24,24,24,24,24,24,24,24
420673,1,1,21,21,21,21,21,21,21,21,21,21
420674,1,1,19,0,0,0,0,0,0,0,0,0
420675,1,1,0,0,0,0,0,0,0,0,0,0
420676,1,1,0,0,0,0,0,0,0,0,0,0
420677,1,1,19,19,19,19,19,19,19,19,19,19
420678,1,1,25,25,25,25,25,25,25,25,25,25
420679,1,1,0,0,0,0,0,0,0,0,0,0
420679,2,1,0,0,0,0,0,0,0,0,11,0
420679,3,1,0,0,0,0,0,0,0,0,0,0
420680,1,1,0,0,0,0,0,0,0,0,0,0
420681,1,1,10,10,10,10,10,10,10,10,10,10
420681,2,1,0,0,0,0,0,19,0,0,0,0
420682,1,1,13,0,0,0,0,0,0,0,0,0
420682,2,1,0,0,0,0,0,0,0,0,0,0
420683,1,1,20,20,20,20,20,20,20,20,20,20
420683,2,1,0,0,0,0,0,0,0,0,0,0
420684,1,1,0,0,0,0,0,0,0,0,0,0
420684,2,1,9,0,0,0,0,0,0,0,0,4
420685,1,1,0,16,0,30,0,9,0,5,10,0
420686,1,1,0,0,0,0,0,0,0,0,0,10
420687,1,1,10,16,4,29,10,10,4,12,35,23
420687,2,1,0,13,25,6,0,0,0,0,12,0
420688,1,1,0,0,0,0,0,0,0,0,0,0
420689,1,1,21,21,21,21,21,21,21,21,21,21
420690,1,1,13,13,13,13,13,13,13,13,13,13
420691,1,1,16,16,16,16,16,16,16,16,16,16
420692,0,1,0,25,0,23,0,0,0,22,5,0
420692,1,1,0,7,15,8,0,29,0,0,0,0
420693,1,1,0,0,0,0,0,0,0,0,0,0
420693,2,1,0,0,0,0,0,0,0,0,0,0
420694,1,1,25,9,17,7,33,0,19,3,12,26
420695,1,1,0,0,0,0,0,0,0,0,0,0
420696,0,1,0,0,0,0,0,0,0,0,0,0
420696,1,1,0,0,0,0,0,0,0,0,0,0
420697,1,1,1,1,1,1,1,1,1,1,1,1
420698,1,1,0,0,0,0,0,0,0,0,0,0
420699,1,1,30,30,30,30,30,30,30,30,30,30
420700,1,1,14,14,14,14,14,14,14,14,14,14
420701,1,1,0,0,0,0,0,0,0,15,0,0
420702,1,1,0,0,0,0,0,0,0,0,0,0
420702,2,1,0,14,0,0,0,0,0,0,0,0
420703,2,1,0,0,0,0,0,0,0,0,0,0
420703,3,1,0,0,0,0,0,0,0,0,0,0
420703,4,1,0,0,0,0,0,0,0,0,0,0
420704,0,1,0,0,0,0,0,0,0,0,0,0
420704,1,1,19,19,19,19,19,19,19,19,19,19
420705,1,1,0,0,0,0,0,0,0,0,0,0
420705,2,1,0,0,0,0,0,0,0,0,0,0
420706,1,1,0,0,0,0,0,0,0,0,0,0
420707,1,1,18,18,18,18,18,18,18,18,18,18
420708,1,1,0,0,0,0,0,0,0,0,0,0
420708,2,1,0,0,0,0,0,0,0,0,0,0
420708,3,1,0,0,0,31,0,0,30,12,0,0
420709,1,1,20,23,18,9,10,16,24,11,10,3
420710,1,1,0,0,0,0,0,0,0,0,0,0
420711,1,1,0,0,0,0,0,0,0,0,0,0
420711,2,1,0,0,0,0,0,0,0,0,0,0
420711,3,1,0,0,0,0,0,0,11,0,0,0
420712,1,1,0,0,0,0,0,0,0,0,0,0
420713,1,1,0,0,0,0,0,0,0,0,0,0
420714,0,1,0,0,0,0,0,0,0,0,0,0
420714,1,1,0,0,0,0,0,0,0,0,0,0
420715,0,1,0,0,0,0,0,0,0,0,0,0
420715,1,1,0,0,0,0,0,0,0,0,0,11
420716,0,1,0,0,0,0,0,0,0,0,0,0
420716,1,1,0,0,0,0,0,0,0,0,0,0
420717,1,1,0,22,0,23,17,17,18,5,29,0
420717,2,1,26,20,10,16,5,11,23,4,23,14
420718,1,1,28,28,28,28,28,28,28,28,28,28
420720,1,1,0,0,0,0,0,0,0,0,0,0
420721,1,1,0,0,0,24,26,5,17,28,0,0
420721,2,1,0,0,0,0,0,0,0,0,0,11
420722,1,1,0,0,0,15,0,0,0,0,0,0
420723,1,1,0,0,0,0,0,0,0,0,0,0
420723,2,1,0,0,0,0,0,0,0,0,0,0
420724,1,1,0,0,0,0,0,0,0,0,0,0
420724,2,1,0,0,0,0,0,0,0,0,0,0
420724,3,1,0,0,0,0,0,0,0,0,0,0
420725,1,1,6,0,0,0,0,0,0,0,0,0
420726,0,1,0,0,0,0,0,0,0,0,0,0
420726,1,1,0,0,0,0,0,0,0,0,0,0
420727,0,1,9,0,0,0,0,9,0,0,0,0
420727,1,1,0,0,0,0,0,21,0,0,15,0
420728,0,1,17,17,17,17,17,17,17,17,17,17
420728,1,1,0,0,31,0,0,20,0,0,0,0
420729,1,1,0,0,0,0,0,37,0,0,11,18
420730,1,1,0,11,0,0,0,0,0,20,19,23
420731,1,1,0,0,15,18,0,0,0,0,15,0
420732,1,1,0,16,14,12,10,11,41,21,14,12
420733,1,1,0,0,0,0,0,0,0,18,0,8
420734,1,1,22,22,22,22,22,22,22,22,22,22
420735,1,1,23,31,7,20,6,12,14,16,15,12
420736,1,1,2,2,2,2,2,2,2,2,2,2
420737,1,1,0,0,0,0,0,0,24,0,0,0
420738,1,1,0,0,0,0,0,0,0,0,0,0
420739,1,1,0,0,0,0,0,0,0,0,0,0
420739,2,1,0,0,0,0,0,0,0,0,0,0
420739,3,1,0,0,0,0,0,0,0,0,0,0
420740,0,1,0,0,0,0,0,0,0,0,0,0
420740,1,1,0,0,0,0,0,46,0,0,0,0
420741,1,1,0,0,0,0,0,0,0,0,0,10
420742,0,1,0,0,0,0,0,0,0,0,0,0
420742,1,1,0,0,0,0,0,0,0,0,9,0
420743,1,1,21,12,14,12,10,13,16,24,19,11
420744,1,1,0,0,0,0,0,0,0,0,0,0
420745,0,1,0,42,0,0,0,12,0,0,28,0
420745,1,1,22,0,0,0,0,0,0,0,0,0
420746,1,1,0,0,0,0,0,0,0,0,0,0
420747,1,1,0,0,0,0,0,0,0,0,23,0
420748,1,1,0,0,0,0,0,0,0,0,0,0
420748,2,1,0,0,0,0,0,0,0,0,0,0
420749,0,1,0,0,0,0,0,0,0,0,0,0
420749,1,1,17,5,13,18,10,19,17,7,11,5
420750,1,1,19,7,19,21,8,0,7,17,14,26
420750,2,1,0,0,0,0,0,0,0,0,0,0
420750,3,1,0,0,0,16,0,0,0,0,0,0
420751,1,1,0,0,0,0,0,0,0,0,0,0
420751,2,1,0,0,0,0,0,0,0,0,0,0
420752,0,1,0,0,0,0,0,0,0,0,0,0
420752,1,1,0,0,0,0,0,0,0,0,0,0
420753,0,1,0,0,0,0,0,0,0,22,0,0
420753,1,1,22,0,0,0,12,0,0,0,0,0
420754,0,1,0,0,0,0,0,0,0,0,0,0
420754,1,1,0,0,0,16,15,0,0,0,0,0
420755,1,1,0,0,0,0,0,0,0,0,0,0
420755,2,1,0,0,0,0,0,0,0,0,0,0
420756,1,1,0,25,0,0,0,0,0,0,0,0
420757,0,1,20,20,20,20,20,20,20,20,20,20
420757,1,1,0,0,0,0,0,0,0,0,0,0
420758,0,1,19,19,19,19,19,19,19,19,19,19
420758,1,1,0,0,0,0,20,0,0,0,0,0
420759,1,1,19,19,19,19,19,19,19,19,19,19
420759,2,1,0,0,0,0,0,0,0,0,0,0
420760,0,1,0,0,0,0,0,0,0,0,0,0
420760,1,1,0,0,0,0,0,0,0,0,0,0
420761,1,1,0,0,0,0,0,0,0,0,0,0
420761,2,1,0,23,0,0,0,0,0,0,0,0
420762,1,1,0,0,3,0,25,0,0,0,0,0
420762,2,1,0,0,0,0,0,0,0,0,0,0
420763,1,1,0,0,0,0,0,0,20,0,0,0
420763,2,1,0,0,0,0,0,0,0,0,0,0
420764,1,1,13,13,13,13,13,13,13,13,13,13
420765,0,1,0,0,0,0,0,0,0,0,0,0
420765,0,2,11,40,0,28,0,5,0,26,15,0
420765,1,1,5,0,0,0,0,0,0,0,0,0
420766,0,1,0,0,0,0,0,0,0,0,0,0
420766,1,1,0,0,0,0,0,0,0,0,0,0
420767,1,1,0,0,0,0,0,0,0,0,20,0
420767,2,1,0,0,0,0,0,0,0,0,0,0
420768,1,1,0,0,0,0,0,0,0,0,0,0
420768,2,1,0,0,0,0,0,0,26,40,22,0
420769,1,1,0,0,0,0,0,0,0,0,0,0
420769,2,1,0,0,0,0,0,0,0,0,0,0
420770,1,1,0,0,0,0,0,0,0,0,0,0
420770,2,1,0,0,0,0,0,0,0,0,0,0
420771,1,1,0,0,0,0,0,0,0,0,0,0
420771,2,1,0,0,0,0,0,0,0,0,0,0
420772,1,1,29,19,5,11,5,11,10,0,17,34
420772,2,1,0,0,0,0,0,0,0,0,0,0
420773,1,1,0,0,0,0,0,0,0,0,0,0
420773,2,1,0,0,0,0,0,0,0,0,0,0
420774,1,1,0,0,0,0,0,0,0,0,0,0
420774,2,1,0,0,0,0,0,0,0,0,12,16
420774,3,1,0,0,0,0,0,0,0,0,0,0
420775,1,1,0,0,0,0,0,18,0,0,0,0
420775,2,1,0,0,0,0,0,0,0,0,0,0
420776,1,1,0,0,0,0,0,0,0,0,0,0
420777,1,1,0,0,0,12,0,0,9,0,0,20
420777,2,1,0,0,0,0,0,0,0,0,0,0
420778,0,1,0,0,0,0,27,0,0,0,0,0
420778,1,1,0,0,0,0,0,0,0,0,0,0
420779,1,1,0,0,0,0,0,0,8,0,0,0
420779,2,1,0,0,0,0,0,0,0,0,0,0
420779,3,1,0,0,0,0,0,0,0,0,0,0
420780,1,1,0,0,0,0,0,0,0,0,0,0
420780,2,1,0,0,0,0,0,0,0,0,0,0
420781,0,1,0,19,0,0,0,20,0,0,0,0
420781,0,2,0,0,0,0,0,0,0,0,0,0
420781,1,1,0,0,0,0,0,0,0,0,0,0
420781,2,1,0,0,0,0,0,0,0,0,0,0
420782,1,1,26,26,26,26,26,26,26,26,26,26
420782,2,1,0,0,0,0,0,0,0,0,0,0
420783,1,1,12,0,25,0,0,0,0,0,0,0
420783,2,1,0,0,0,0,0,0,0,0,0,0
420784,0,1,0,0,0,0,0,0,0,0,0,0
420784,1,1,0,0,0,0,0,0,0,0,0,0
420785,1,1,0,0,0,0,0,0,0,0,0,0
420785,2,1,0,0,0,0,8,0,0,0,0,0
420786,1,1,0,0,0,0,0,0,0,0,0,0
420786,2,1,0,0,0,0,0,0,0,0,0,0
420787,1,1,10,10,10,10,10,10,10,10,10,10
420788,1,1,0,0,0,0,0,0,0,0,0,0
420788,2,1,13,13,13,13,13,13,13,13,13,13
420789,1,1,9,9,9,9,9,9,9,9,9,9
420790,1,1,0,0,0,0,0,0,16,0,0,24
420790,2,1,0,0,0,0,0,0,0,0,0,0
420791,1,1,0,0,0,0,10,13,0,0,0,0
420791,2,1,2,2,2,2,2,2,2,2,2,2
420792,0,1,0,0,0,0,0,0,0,0,0,0
420792,1,1,0,0,0,0,0,0,0,0,0,0
420793,0,1,0,0,0,0,0,0,0,0,0,0
420793,1,1,0,10,0,0,0,0,0,0,0,0
420794,1,1,0,0,0,0,0,0,0,0,0,0
420794,2,1,0,0,0,0,0,0,0,16,0,0
420795,1,1,0,0,14,16,22,0,0,7,0,12
420795,2,1,0,0,0,0,0,0,0,0,0,22
420796,1,1,6,6,6,6,6,6,6,6,6,6
420796,2,1,0,0,0,0,0,0,0,0,0,0