ST_CASE,VEH_NO,PER_NO,P1,P2,P3,P4,P5,P6,P7,P8,P9,P10
420796,3,1,0,0,0,0,0,0,0,0,10,0
420796,4,1,0,0,0,0,0,0,0,0,0,0
420797,1,1,0,0,0,0,0,0,0,0,0,0
420798,1,1,0,0,0,0,0,0,0,0,0,0
420798,2,1,0,0,0,0,0,0,0,0,0,0
420799,1,1,0,0,0,0,0,0,0,0,0,0
420800,1,1,0,0,0,0,0,0,0,0,0,0
420800,2,1,0,0,0,0,0,0,0,0,0,0
420801,1,1,17,0,0,14,0,9,0,0,0,0
420801,2,1,0,12,0,0,0,0,0,0,0,0
420802,0,1,0,0,0,0,0,0,0,0,0,0
420802,1,1,0,0,0,0,0,0,0,0,0,0
420803,1,1,0,0,0,0,0,0,0,0,0,0
420803,2,1,0,0,0,0,0,0,0,0,0,0
420804,1,1,0,0,0,0,0,0,0,0,0,0
420804,2,1,0,0,0,0,0,0,0,0,0,0
420805,1,1,31,31,31,31,31,31,31,31,31,31
420806,1,1,0,0,0,0,13,0,0,0,0,0
420806,2,1,0,0,0,14,18,5,0,16,14,0
420807,1,1,0,0,0,0,0,0,0,0,0,0
420807,2,1,0,0,0,0,0,0,0,0,0,0
420808,1,1,0,0,0,0,0,0,0,0,0,0
420809,1,1,0,0,0,0,0,0,0,0,0,0
420810,1,1,7,4,4,0,0,0,24,0,26,0
420811,1,1,0,0,0,0,0,0,0,0,0,0
420811,2,1,0,0,0,0,0,0,0,0,0,0
420812,1,1,0,0,0,0,0,0,0,0,0,0
420812,2,1,0,0,0,0,0,0,0,10,0,0
420813,1,1,10,0,19,10,17,0,0,0,0,0
420813,2,1,15,15,15,15,15,15,15,15,15,15
420814,1,1,15,22,12,20,24,22,6,7,37,13
420815,1,1,14,14,14,14,14,14,14,14,14,14
420816,0,1,10,0,0,0,13,0,0,0,0,0
420816,1,1,0,0,0,0,15,0,0,0,0,0
420816,2,1,0,0,0,0,0,0,0,0,0,0
420817,1,1,16,16,16,16,16,16,16,16,16,16
420818,1,1,33,33,33,33,33,33,33,33,33,33
420819,1,1,0,0,0,27,0,0,0,0,0,0
420820,1,1,21,21,21,21,21,21,21,21,21,21
420821,1,1,15,15,15,15,15,15,15,15,15,15
420821,2,1,0,0,0,0,0,0,0,0,0,0
420821,3,1,0,0,0,0,0,0,0,0,0,0
420821,4,1,0,0,0,0,0,0,0,0,0,0
420821,5,1,0,0,0,0,0,0,0,0,0,0
420821,6,1,0,0,17,0,0,0,0,0,0,13
420821,7,1,0,0,13,17,0,15,0,24,0,10
420821,8,1,23,27,0,0,0,0,0,0,0,0
420821,9,1,0,18,0,0,0,0,0,0,0,0
420821,10,1,0,0,0,0,0,0,0,0,0,0
420821,11,1,0,0,0,0,0,0,0,0,0,0
420821,12,1,0,9,0,0,0,0,0,0,20,0
420822,1,1,13,30,17,13,16,8,13,24,22,22
420823,1,1,0,9,0,0,0,0,0,0,0,5
420824,1,1,0,0,0,0,0,0,0,0,0,0
420824,2,1,0,0,0,0,0,0,0,0,0,0
420824,3,1,0,0,0,0,0,0,0,0,0,0
420825,1,1,0,0,0,0,0,0,0,0,0,0
420826,1,4,0,0,0,0,0,0,0,0,0,0
420827,0,1,0,0,0,0,0,0,0,0,0,0
420827,1,1,0,0,0,0,0,15,0,0,18,0
420827,2,1,0,34,0,0,0,0,0,0,0,0
420828,1,1,0,0,0,0,0,0,0,0,0,0
420828,2,1,0,0,6,7,0,0,0,0,0,0
420829,1,1,0,0,0,0,0,0,0,0,0,0
420829,2,1,0,0,0,0,0,0,0,0,0,0
420830,1,1,24,0,0,0,17,0,0,0,0,0
420830,2,1,0,0,0,0,0,0,0,0,0,0
420831,0,1,0,0,0,0,0,0,0,0,0,0
420831,1,1,0,0,0,0,0,0,0,0,0,0
420832,0,1,0,0,0,0,0,0,0,0,0,0
420832,1,1,0,0,0,0,23,0,0,0,15,44
420832,2,1,0,0,0,0,21,0,0,0,0,14
420833,1,1,17,17,17,17,17,17,17,17,17,17
420834,1,1,0,0,0,0,0,0,12,9,20,0
420834,2,1,0,0,0,0,0,0,0,23,0,0
420835,0,1,0,0,0,0,0,0,0,0,0,0
420835,1,1,22,0,0,26,36,21,0,0,0,30
420836,0,1,0,0,0,0,0,0,0,0,0,0
420836,1,1,0,0,0,0,0,0,0,0,0,0
420837,0,1,0,0,0,0,0,0,0,0,0,0
420837,1,1,0,0,0,0,0,0,0,0,5,0
420838,1,1,0,0,0,0,0,0,0,0,0,0
420839,0,1,14,10,22,0,13,28,14,26,12,34
420839,1,1,0,0,0,0,0,0,0,0,0,0
420840,1,1,0,0,0,0,18,0,0,0,0,0
420841,1,1,0,0,0,0,0,0,0,0,0,0
420841,2,1,0,0,0,0,0,0,0,0,0,0
420842,1,1,0,0,0,0,0,0,0,0,0,0
420843,1,1,0,0,0,0,0,0,0,0,0,0
420843,2,1,0,0,0,0,0,0,0,0,0,0
420844,1,1,0,0,0,0,0,18,0,0,0,0
420844,2,1,0,0,0,0,0,0,0,0,0,0
420845,0,1,0,0,0,0,0,0,0,0,0,0
420845,1,1,0,0,0,0,0,0,0,15,0,0
420846,0,1,0,0,0,0,0,0,0,0,0,0
420846,1,1,5,5,5,5,5,5,5,5,5,5
420847,1,1,34,8,21,14,16,0,26,0,9,13
420847,2,1,0,0,0,0,10,0,0,0,0,19
420848,1,1,0,0,0,30,0,14,0,0,23,10
420848,2,1,0,0,0,0,0,7,0,8,0,0
420849,1,1,0,0,0,0,0,0,0,0,0,0
420849,2,1,0,0,0,0,0,0,0,0,0,0
420850,1,1,0,0,0,0,0,0,0,0,0,0
420850,2,1,0,0,0,0,0,0,0,0,29,0
420850,3,1,0,0,0,0,0,0,0,0,0,0
420851,1,1,7,7,7,7,7,7,7,7,7,7
420852,1,1,23,23,23,23,23,23,23,23,23,23
420852,2,1,0,0,0,0,0,0,0,22,0,0
420853,0,1,0,0,0,0,0,0,0,0,0,0
420853,1,1,0,0,0,0,0,0,0,0,0,0
420854,1,1,0,0,0,0,0,0,0,0,0,0
420854,2,1,0,0,0,0,0,0,0,0,0,0
420855,1,1,0,0,0,0,0,0,0,0,0,0
420855,2,1,0,0,0,0,0,0,0,0,0,0
420856,1,1,0,0,0,18,0,0,0,0,0,0
420857,1,1,0,0,0,0,0,0,0,29,15,0
420857,2,1,0,0,0,0,0,17,0,0,0,19
420858,1,1,0,0,0,0,0,0,0,0,0,0
420858,2,1,0,0,0,0,0,10,0,0,0,0
420859,1,1,0,0,0,0,0,0,7,0,0,0
420859,2,1,0,26,0,0,22,0,0,0,0,0
420860,1,1,0,0,0,0,0,0,0,0,0,0
420861,1,1,18,18,18,18,18,18,18,18,18,18
420861,2,1,0,0,0,0,0,0,0,0,0,0
420862,1,1,0,0,0,0,0,0,0,0,0,0
420862,2,1,0,0,0,0,0,0,0,0,0,0
420863,1,1,0,0,9,0,0,0,0,0,19,0
420864,1,1,0,0,0,0,0,0,0,0,0,0
420864,2,1,0,0,0,0,0,0,0,0,0,0
420864,3,1,0,0,0,0,0,0,0,0,11,0
420865,1,1,0,0,0,0,0,0,0,0,0,0
420866,1,1,0,23,0,0,0,12,0,0,0,21
420867,1,1,30,30,30,30,30,30,30,30,30,30
420868,1,1,0,4,0,0,16,0,0,18,0,0
420869,1,1,0,0,0,0,0,0,0,0,0,0
420870,1,1,0,0,0,0,0,0,0,0,0,0
420871,1,1,0,0,0,0,0,0,0,0,0,0
420872,1,1,22,22,22,22,22,22,22,22,22,22
420873,1,1,0,0,0,0,0,0,0,0,0,0
420874,1,1,0,0,0,0,0,0,0,0,0,0
420874,2,1,0,0,0,0,0,0,0,0,0,0
420874,3,1,20,0,0,0,0,0,0,0,0,10
420875,1,1,0,0,0,0,0,0,0,0,41,0
420876,0,1,10,10,0,0,0,7,0,14,20,16
420876,1,1,0,0,0,0,0,0,0,0,0,0
420877,1,1,0,0,0,0,0,0,0,0,0,0
420878,0,1,0,0,0,0,0,0,0,0,0,0
420878,1,1,0,0,0,0,0,0,0,0,0,0
420879,1,1,0,0,0,0,0,0,0,0,0,0
420879,2,1,0,0,0,0,0,0,0,0,0,0
420880,1,1,14,14,14,14,14,14,14,14,14,14
420881,1,1,9,0,28,0,0,0,0,0,0,25
420881,2,1,0,0,0,0,0,0,0,0,0,0
420882,0,1,0,0,0,0,0,0,0,0,0,0
420882,1,1,0,0,0,0,0,0,0,0,0,0
420883,1,1,12,12,12,12,12,12,12,12,12,12
420884,1,1,21,21,21,21,21,21,21,21,21,21
420885,1,1,0,0,0,0,0,0,0,0,0,0
420886,1,1,31,31,31,31,31,31,31,31,31,31
420887,1,1,0,0,0,0,0,0,0,0,0,0
420887,2,1,0,0,0,0,0,0,0,0,0,0
420888,1,1,0,0,0,0,0,0,0,0,0,0
420888,2,1,0,19,0,0,0,0,0,0,0,0
420889,1,1,0,0,0,0,0,0,0,0,0,0
420890,1,1,0,0,0,0,0,0,0,0,0,0
420890,2,1,0,0,0,0,0,0,0,0,0,0
420891,1,1,0,0,0,0,0,0,0,0,0,0
420891,2,1,0,0,0,0,0,0,0,0,0,0
420892,1,1,20,20,20,20,20,20,20,20,20,20
420892,2,1,0,0,0,0,0,0,0,0,0,0
420893,1,1,0,0,0,0,0,0,0,0,0,0
420893,2,1,9,9,9,9,9,9,9,9,9,9
420894,1,1,0,0,0,16,0,0,0,0,0,0
420894,2,1,0,0,0,0,0,0,0,0,0,0
420895,0,1,0,0,0,0,0,0,0,0,0,0
420895,1,1,0,15,0,0,0,0,0,0,0,0
420896,1,1,0,0,0,0,0,0,0,0,0,0
420897,1,1,0,0,0,0,0,21,0,0,0,0
420898,1,1,0,0,0,0,0,0,0,0,0,0
420899,1,1,5,5,5,5,5,5,5,5,5,5
420900,1,1,16,16,16,16,16,16,16,16,16,16
420901,1,1,0,0,0,0,0,0,0,0,0,0
420901,2,1,0,0,0,0,0,0,0,0,0,0
420901,3,1,0,0,0,0,0,0,0,0,0,0
420902,1,1,0,0,0,0,0,0,0,0,0,0
420903,1,1,0,18,0,0,0,0,0,8,0,0
420904,1,1,24,24,24,24,24,24,24,24,24,24
420905,0,1,22,22,22,22,22,22,22,22,22,22
420905,1,1,0,13,0,0,0,0,0,0,0,0
420906,1,1,0,0,0,0,0,0,0,0,0,0
420906,2,1,50,21,0,5,12,39,11,12,0,0
420907,1,1,0,0,0,0,0,0,0,0,0,16
420907,2,1,0,0,0,0,0,0,0,0,0,0
420908,1,1,0,0,0,10,18,0,0,0,0,0
420909,1,1,0,0,0,0,0,0,0,0,0,0
420909,2,1,0,0,0,0,0,0,10,0,0,0
420910,0,1,2,4,15,0,0,0,3,9,0,0
420910,1,1,0,0,0,0,0,0,0,0,0,0
420911,1,1,16,16,16,16,16,16,16,16,16,16
420911,2,1,0,0,0,0,0,0,0,0,0,0
420912,0,1,27,29,15,34,32,22,31,8,23,22
420912,1,1,0,0,0,0,0,0,0,0,0,0
420913,0,1,0,0,0,0,0,0,0,0,26,0
420913,0,2,0,0,0,0,0,0,0,0,0,0
420913,1,1,0,6,0,0,0,0,0,16,0,12
420914,1,1,0,0,0,0,0,0,0,0,0,0
420914,2,1,0,0,0,0,0,0,0,0,0,0
420915,1,1,0,0,0,0,0,0,0,0,0,0
420916,1,1,13,22,16,8,5,0,30,10,23,0
420917,0,1,0,0,0,0,0,0,0,0,0,0
420917,1,1,14,0,0,0,0,0,0,33,0,0
420918,1,1,0,0,0,0,0,0,0,0,0,0
420918,2,1,0,0,0,0,0,0,0,0,0,0
420919,1,1,23,23,23,23,23,23,23,23,23,23
420919,2,1,0,0,0,0,0,0,0,0,0,0
420920,1,1,16,0,0,0,11,10,0,0,0,14
420921,1,1,0,0,0,0,0,30,17,21,0,0
420921,2,1,0,0,0,0,0,0,0,0,0,0
420922,0,1,0,0,0,31,0,0,0,0,0,0
420922,1,1,0,0,0,0,0,0,0,0,0,0
420923,1,1,0,6,0,0,12,0,7,0,0,0
420923,2,1,0,0,0,0,0,0,0,0,0,0
420924,1,1,22,22,22,22,22,22,22,22,22,22
420925,1,1,0,0,0,0,0,0,0,0,0,0
420925,2,1,0,0,0,0,0,0,0,0,0,0
420926,1,1,5,5,5,5,5,5,5,5,5,5
420927,1,1,0,0,0,0,0,0,0,0,0,0
420927,2,1,0,0,0,0,0,0,0,0,0,0
420928,0,1,0,0,0,0,0,0,0,0,0,0
420928,1,1,0,0,0,0,0,0,0,0,0,0
420929,0,1,0,0,0,0,0,0,0,0,0,0
420929,1,1,0,0,0,0,25,7,0,0,0,0
420930,0,1,0,0,0,0,0,0,0,0,0,0
420930,1,1,0,0,24,0,0,0,0,0,0,0
420931,1,1,0,0,0,0,0,0,0,0,0,0
420932,1,1,15,15,15,15,15,15,15,15,15,15
420933,0,1,0,0,0,0,0,0,0,0,0,0
420933,1,1,0,0,0,0,0,0,0,0,0,0
420934,0,1,23,23,23,23,23,23,23,23,23,23
420934,1,1,0,5,13,0,0,13,0,0,0,16
420935,0,1,8,25,23,24,16,0,12,7,16,34
420935,1,1,0,27,21,3,7,8,0,14,2,21
420936,0,1,6,6,6,6,6,6,6,6,6,6
420936,1,1,0,0,0,0,0,0,0,0,0,0
420937,0,1,0,0,0,0,0,0,0,0,0,0
420937,1,1,0,0,0,0,0,0,0,0,0,0
420938,0,1,17,19,17,24,38,17,0,20,5,27
420938,1,1,0,0,0,0,0,0,0,0,16,0
420939,0,1,0,0,0,0,0,0,0,0,0,0
420939,1,1,0,0,0,0,0,0,0,0,0,0
420940,0,1,0,0,0,0,0,0,0,0,0,0
420940,1,1,14,14,14,14,14,14,14,14,14,14
420941,1,1,19,19,19,19,19,19,19,19,19,19
420942,1,1,16,16,16,16,16,16,16,16,16,16
420943,1,1,14,14,14,14,14,14,14,14,14,14
420943,2,1,0,0,13,0,0,0,0,0,30,0
420943,3,1,0,0,0,0,0,0,0,0,0,0
420943,4,1,0,0,0,0,0,9,0,0,0,0
420943,5,1,0,0,0,0,0,0,0,19,0,0
420944,1,1,21,18,22,19,21,19,21,15,23,2
420945,0,1,0,0,0,0,0,0,0,6,34,0
420945,1,1,0,0,0,0,41,0,0,0,0,0
420946,0,1,0,0,0,0,0,0,0,0,0,0
420946,1,1,0,0,0,0,0,0,0,0,0,0
420947,1,1,27,27,27,27,27,27,27,27,27,27
420947,2,1,0,0,0,0,0,0,0,0,0,0
420948,0,1,4,4,4,4,4,4,4,4,4,4
420948,1,1,0,0,0,0,0,0,0,0,0,14
420949,1,1,16,16,16,16,16,16,16,16,16,16
420950,0,1,13,13,13,13,13,13,13,13,13,13
420950,1,1,25,9,17,20,15,12,7,27,24,8
420951,1,1,19,19,19,19,19,19,19,19,19,19
420952,1,1,0,0,0,0,0,0,0,0,0,0
420953,0,1,0,16,0,0,0,0,0,0,0,0
420953,1,1,0,0,0,0,0,0,0,0,0,0
420953,2,1,0,0,0,0,0,5,0,0,0,0
420954,1,1,0,0,0,0,0,0,0,0,0,0
420954,2,1,0,0,0,0,0,0,0,8,0,0
420955,2,1,0,0,0,0,0,0,0,0,0,0
420955,3,1,0,0,0,0,0,0,0,0,0,0
420956,1,1,0,36,5,13,9,0,16,0,0,26
420956,2,1,0,0,0,0,6,15,0,0,0,28
420957,1,1,0,0,0,0,0,0,0,0,0,0
420957,2,1,4,4,4,4,4,4,4,4,4,4
420957,3,1,0,0,0,0,0,0,0,0,0,0
420958,1,1,13,0,0,0,17,0,0,0,0,0
420958,2,1,0,0,0,0,0,0,0,0,0,0
420959,1,1,0,0,0,0,0,0,0,0,0,0
420960,1,1,0,13,0,0,0,0,0,0,0,0
420960,2,1,0,0,0,0,0,0,0,0,0,0
420961,1,1,0,0,0,0,0,0,0,0,0,0
420961,2,1,0,0,0,0,0,0,0,0,0,0
420962,1,1,0,0,0,0,11,0,0,0,0,0
420962,2,1,0,0,0,0,0,0,0,0,0,0
420962,3,1,0,0,0,0,0,0,0,0,0,0
420963,1,1,0,0,0,0,0,0,0,0,0,0
420963,2,1,0,0,0,0,0,0,0,0,0,0
420963,3,1,0,0,0,0,0,0,0,0,0,0
420964,1,1,21,21,21,21,21,21,21,21,21,21
420965,1,1,0,0,0,0,0,0,0,13,0,0
420965,2,1,0,0,0,0,0,0,0,0,0,0
420965,3,1,0,0,0,0,0,0,0,0,0,0
420966,1,1,0,0,0,0,0,0,0,0,0,0
420966,2,1,0,3,0,0,26,19,0,0,0,0
420966,3,1,0,0,0,0,0,0,0,0,0,0
420967,1,1,0,0,0,29,23,0,0,0,0,0
420967,2,1,0,0,0,0,0,0,0,0,0,0
420967,3,1,0,15,0,0,0,0,0,0,0,0
420968,1,1,0,0,0,0,0,0,0,0,0,0
420969,1,1,0,0,0,0,0,0,0,0,0,0
420970,0,1,0,0,0,0,0,0,0,0,0,0
420970,1,1,0,0,0,0,0,0,0,0,0,0
420971,1,1,0,0,0,0,0,0,0,0,0,0
420971,2,1,0,0,0,0,0,0,0,0,0,0
420972,0,1,0,0,0,0,0,0,0,0,0,0
420972,1,1,0,0,0,0,0,0,0,0,0,0
420973,0,1,0,0,0,0,0,0,0,0,0,0
420973,1,1,0,0,0,0,0,0,0,0,14,0
420974,1,1,0,16,21,0,0,0,0,0,0,0
420974,2,1,0,0,0,0,0,0,0,0,0,0
420974,3,1,0,0,0,0,0,0,0,0,0,0
420975,1,1,0,0,0,18,0,0,9,0,0,0
420975,2,1,0,0,0,0,0,0,0,0,0,0
420975,3,1,0,0,0,0,0,0,0,0,0,0
420976,1,1,21,30,18,19,21,10,0,3,26,0
420976,3,1,0,0,0,0,0,0,0,0,0,0
420977,1,1,22,22,22,22,22,22,22,22,22,22
420977,2,1,0,0,0,0,0,0,0,0,0,0
420977,3,1,0,0,0,0,0,0,0,0,0,20
420978,1,1,0,0,10,7,20,0,0,0,0,0
420978,2,1,0,0,0,0,0,0,0,0,0,0
420978,3,1,0,0,0,0,0,0,0,0,0,0
420978,4,1,14,0,0,0,0,0,0,0,0,0
420978,5,1,0,0,0,0,0,0,0,0,0,0
420978,6,1,0,0,0,0,0,0,0,0,0,0
420978,7,1,0,0,0,0,0,0,0,0,0,0
420978,8,1,0,0,0,0,0,0,0,0,0,0
420979,0,1,0,0,0,0,0,0,0,0,0,0
420979,1,1,0,0,0,0,0,0,0,0,0,0
420980,1,1,22,22,22,22,22,22,22,22,22,22
420981,1,1,0,0,0,0,0,0,0,0,0,0
420981,2,1,0,0,0,0,0,0,0,0,0,0
420981,3,1,0,0,0,0,12,0,0,0,0,15
420981,4,1,0,0,17,0,0,0,0,0,0,0
420982,0,1,0,0,0,0,0,0,0,0,0,0
420982,1,1,12,5,10,17,9,5,0,0,17,7
420983,1,1,0,0,0,0,0,0,0,0,0,0
420984,1,1,0,0,0,0,0,0,0,0,0,0
420985,1,1,0,0,0,0,0,13,0,0,0,0
420986,0,1,22,22,22,22,22,22,22,22,22,22
420986,1,1,0,0,0,0,0,0,0,0,0,0
420987,1,1,0,0,0,0,0,0,0,0,0,0
420987,2,1,0,0,0,0,0,0,0,0,0,0
420988,0,1,27,17,0,27,3,13,8,22,18,25
420988,1,1,0,0,0,0,0,0,0,0,0,0
420989,1,1,0,0,0,0,0,0,0,0,0,0
420989,2,1,0,0,0,0,0,0,11,0,0,0
420989,3,1,0,0,0,0,9,0,0,0,0,0
420989,4,1,0,0,0,0,0,0,0,0,0,0
420990,1,1,17,19,0,0,19,0,7,31,0,0
420990,2,1,0,0,0,0,0,0,0,0,0,0
420991,1,1,0,0,0,19,0,0,0,0,0,0
420991,2,1,0,0,0,0,0,0,0,0,0,0
420992,1,1,0,0,0,0,0,27,20,0,0,15
420993,1,1,0,0,0,0,0,0,0,0,0,0
420994,1,1,0,0,0,25,0,0,0,0,0,10
420995,1,1,0,0,0,0,0,0,0,0,0,0
420996,1,1,0,0,10,0,0,0,0,0,0,0
420996,2,1,0,0,0,0,0,0,0,0,0,0
420996,3,1,0,0,0,0,0,0,0,14,0,0
420997,1,1,8,0,12,0,0,18,0,0,0,0
420997,2,1,0,0,0,0,0,0,16,0,0,0
420997,3,1,0,0,0,0,0,0,0,0,0,0
420998,0,1,0,0,0,0,0,0,0,0,0,0
420998,1,1,0,0,0,14,16,10,16,24,14,38
420999,0,1,0,0,0,0,0,0,0,0,0,0
420999,1,1,0,0,0,0,0,0,0,0,0,0
421000,0,1,13,13,13,13,13,13,13,13,13,13
421000,1,1,0,0,0,18,16,0,0,0,0,0
421001,1,1,18,0,0,0,0,0,0,0,0,0
421002,1,1,0,0,0,0,0,0,0,0,13,0
421002,2,1,0,0,0,0,0,0,0,0,0,0
421003,1,1,0,0,0,0,0,0,0,0,0,0
421003,2,1,0,0,0,0,0,0,0,0,0,0
421004,1,1,0,0,0,0,0,0,0,0,0,0
421005,1,1,0,0,0,0,0,0,0,0,0,0
421005,2,1,0,0,0,0,0,0,0,0,0,0
421006,1,1,0,0,0,0,0,0,0,0,0,0
421006,2,1,0,0,0,0,0,0,0,0,0,0
421007,1,1,0,0,0,0,0,0,0,0,9,19
421008,1,1,0,0,0,0,0,0,0,0,0,0
421008,2,1,0,0,0,0,0,0,0,0,0,0
421009,1,1,0,0,0,0,0,0,0,0,0,0
421009,2,1,0,0,0,0,0,0,0,0,0,0
421010,1,1,22,22,22,22,22,22,22,22,22,22
421011,1,1,0,0,0,0,0,0,0,0,23,0
421012,1,1,0,0,0,0,0,0,0,0,0,0
421012,2,1,0,0,0,0,0,0,0,0,0,0
421012,3,1,0,0,0,0,0,0,0,0,0,0
421013,1,1,0,0,0,0,0,0,0,0,0,0
421013,2,1,0,0,0,0,0,0,0,0,0,0
421013,3,1,0,0,0,0,9,0,0,0,0,11
421014,1,1,0,0,0,0,0,0,0,0,0,0
421014,2,1,0,0,0,0,0,0,0,0,0,0
421015,1,1,30,30,30,30,30,30,30,30,30,30
421016,1,1,26,26,26,26,26,26,26,26,26,26
421017,1,1,0,0,0,0,0,0,0,0,0,0
421018,0,1,0,0,0,0,0,0,0,0,0,0
421018,1,1,0,5,17,36,28,0,21,0,0,29
421019,1,1,0,0,0,0,0,0,0,0,0,0
421019,2,1,0,0,0,0,0,0,0,0,0,0
421020,1,1,0,0,0,0,0,0,0,0,0,0
421021,1,1,0,0,0,0,0,0,0,0,0,0
421021,2,1,0,0,0,0,6,0,0,0,0,0
421022,1,1,0,0,0,0,0,0,0,0,0,0
421023,1,1,2,2,2,2,2,2,2,2,2,2
421023,2,1,0,0,0,0,0,0,0,0,0,0
421024,1,1,0,24,0,16,0,0,0,0,0,0
421024,2,1,0,0,0,0,0,0,0,0,0,0
421025,1,1,12,35,13,16,8,18,33,0,14,13
421026,1,1,0,0,16,23,0,0,0,0,18,0
421027,1,1,0,0,0,0,0,0,0,0,0,0
421027,2,1,0,0,0,0,26,0,0,0,0,0
421028,1,1,21,17,19,8,23,22,16,51,28,16
421029,1,1,17,17,17,17,17,17,17,17,17,17
421029,2,1,6,6,6,6,6,6,6,6,6,6
421030,1,1,39,39,39,39,39,39,39,39,39,39
421031,0,1,0,0,0,0,0,0,0,0,0,0
421031,1,1,0,0,0,0,0,0,0,0,0,0
421032,1,1,0,0,0,0,0,0,0,0,0,0
421033,0,1,19,0,0,0,0,0,0,0,22,0
421033,1,1,0,0,0,0,0,0,0,0,0,0
421034,1,1,0,0,0,0,0,0,0,0,0,0
421034,2,1,0,0,0,0,0,0,0,0,0,0
421035,1,1,27,27,27,27,27,27,27,27,27,27
421036,1,1,0,0,0,0,0,0,0,0,0,0
421036,2,1,0,0,0,0,14,0,12,0,0,0
421037,1,1,19,19,19,19,19,19,19,19,19,19
421038,1,1,0,0,0,0,0,0,0,0,0,0
421038,2,1,0,0,0,0,0,0,0,0,0,0
421039,1,1,25,25,25,25,25,25,25,25,25,25
421040,1,1,0,0,0,0,0,0,0,0,0,0
421041,1,1,0,0,0,0,0,0,0,0,0,0
421042,1,1,12,30,16,21,15,27,9,20,28,9
421042,2,1,0,9,0,0,0,11,28,0,18,0
421043,1,1,21,21,21,21,21,21,21,21,21,21
421044,1,1,0,0,0,0,0,0,0,0,0,0
421044,2,1,0,0,0,0,0,0,0,0,0,0
421044,3,1,0,0,16,0,0,0,0,0,0,0
421045,1,1,0,0,0,0,12,8,0,0,0,12
421045,2,1,0,0,0,0,0,0,0,0,0,0
421045,3,1,0,0,0,0,0,0,0,0,0,0
421046,0,1,13,13,13,13,13,13,13,13,13,13
421046,1,1,0,0,0,0,0,0,0,8,0,10
421047,0,1,0,0,0,0,0,0,0,0,0,0
421047,1,1,0,0,0,0,0,0,0,0,0,0
421048,1,1,0,0,0,0,0,0,0,0,0,0
421048,2,1,0,0,0,0,0,0,0,0,0,0
421049,1,1,0,19,0,0,0,0,0,0,0,0
421049,2,1,0,0,7,0,0,0,0,0,0,0
421050,1,1,0,0,0,0,0,0,0,0,0,0
421051,1,1,0,0,0,0,0,0,0,0,0,0
421051,2,1,0,0,0,0,0,0,0,0,0,0
421052,1,1,0,0,0,0,0,0,0,0,0,0
421052,2,1,0,13,0,0,10,0,0,0,0,13
421053,1,1,0,0,0,0,0,0,0,0,0,0
421053,2,1,0,0,0,0,0,0,0,0,22,0
421054,1,1,0,0,20,29,0,0,0,0,0,11
421055,1,1,14,7,17,26,27,29,0,14,27,17
421056,1,1,0,0,19,0,0,16,6,0,0,0
421056,2,1,0,0,0,0,0,0,0,16,0,0
421057,1,1,0,0,0,0,0,0,0,0,0,0
421058,1,1,0,0,0,0,0,0,0,0,0,0
421059,1,1,0,0,0,0,0,0,0,0,0,0
421059,2,1,0,0,0,0,0,0,0,0,0,0
421060,0,1,0,0,0,0,0,0,0,0,0,0
421060,1,1,0,0,0,0,0,0,0,0,0,0
421061,0,1,0,0,0,0,0,0,0,0,0,0
421061,1,1,0,0,0,0,0,0,0,0,0,0
421062,1,1,0,0,0,0,0,22,0,11,0,0
421063,1,1,4,12,15,31,20,2,14,0,20,37
421064,0,1,0,0,0,0,0,0,0,0,0,0
421064,1,1,2,20,14,20,10,3,12,22,19,22
421065,0,1,0,7,20,23,0,28,18,0,37,0
421065,0,2,34,0,14,5,0,14,25,12,11,19
421065,0,3,0,16,17,0,14,0,0,30,0,0
421065,1,1,0,14,0,38,10,0,0,0,0,13
421066,1,1,0,0,0,0,0,0,0,0,0,0
421066,2,1,0,0,0,0,0,0,0,0,0,0
421066,3,1,0,0,0,0,0,0,0,0,0,0
421066,4,1,0,0,0,0,0,0,0,0,0,0
421066,5,1,0,0,0,0,0,0,0,0,0,0
421066,6,1,0,0,0,0,0,0,0,0,0,0
421067,1,1,0,0,0,0,0,0,0,0,0,0
421067,2,1,0,0,0,0,0,0,0,0,0,17
421067,3,1,0,0,0,0,0,0,0,0,0,0
421068,0,1,0,0,0,0,0,0,0,0,0,0
421068,1,1,0,0,0,0,0,0,0,0,0,0
421069,1,1,0,0,0,0,0,0,0,0,0,0
421069,2,1,0,0,0,0,0,0,0,0,0,0
421070,1,1,0,0,0,0,0,0,0,0,0,0
421070,2,1,0,0,0,0,0,0,0,0,0,0
421071,1,1,0,0,0,0,0,0,0,0,0,0
421071,2,1,0,6,7,22,10,0,16,0,0,0
421072,1,1,11,11,11,11,11,11,11,11,11,11
421073,1,1,0,0,0,0,0,0,0,0,0,0
421074,1,1,0,0,0,0,0,0,0,0,0,0
421074,2,1,0,0,0,0,0,0,0,0,0,0
421075,1,1,2,2,2,2,2,2,2,2,2,2
421075,2,1,0,0,0,0,0,0,0,0,0,0
421076,1,1,0,0,0,0,0,13,0,0,0,0
421076,2,1,0,0,0,0,0,0,0,0,0,0
421077,1,1,0,0,0,0,0,0,0,0,0,0
421078,1,1,0,0,0,0,0,0,0,0,0,0