ST_CASE,VEH_NO,PER_NO,P1,P2,P3,P4,P5,P6,P7,P8,P9,P10
450222,0,1,0,0,0,0,0,0,0,0,0,0
450222,1,1,0,0,0,0,0,0,0,10,0,20
450222,2,1,0,0,18,0,0,0,0,0,0,0
450222,3,1,0,0,0,0,0,0,14,0,0,0
450223,0,1,0,0,0,0,0,0,0,0,0,0
450223,1,1,0,0,0,0,0,0,0,0,0,0
450223,2,1,11,8,0,0,0,0,0,13,11,0
450224,1,1,5,5,5,5,5,5,5,5,5,5
450225,1,1,0,0,0,0,0,0,0,0,0,0
450225,2,1,0,0,0,0,0,0,0,0,0,0
450226,1,1,0,0,0,0,0,0,0,0,0,0
450227,1,1,0,0,0,0,0,0,0,0,0,0
450227,2,1,0,0,0,0,0,0,0,0,0,0
450228,1,1,0,0,0,0,0,0,0,0,0,0
450228,2,1,0,0,0,0,0,0,0,0,0,0
450229,1,1,0,0,0,0,0,0,0,0,0,0
450229,2,1,0,0,0,0,0,0,0,0,9,28
450231,1,1,0,0,0,0,0,0,0,0,0,0
450232,1,1,8,9,21,2,0,19,0,0,0,19
450232,2,1,0,0,0,0,0,0,0,0,0,0
450233,1,1,0,0,0,0,0,0,0,0,0,0
450234,1,1,14,14,14,14,14,14,14,14,14,14
450235,1,1,0,0,0,0,0,0,0,0,0,0
450235,2,1,15,15,15,15,15,15,15,15,15,15
450236,1,1,6,6,6,6,6,6,6,6,6,6
450237,1,1,0,0,0,0,14,0,0,0,18,0
450237,2,1,15,15,15,15,15,15,15,15,15,15
450238,0,1,0,0,0,0,0,0,0,0,0,0
450238,1,1,4,0,12,0,0,0,0,0,0,0
450239,1,1,0,0,0,0,0,0,0,0,0,0
450239,2,1,0,0,0,0,0,0,0,0,0,0
450240,1,1,0,0,0,0,0,0,11,0,0,0
450241,1,1,0,15,0,13,0,0,0,0,0,0
450241,2,1,0,0,0,0,0,0,0,0,0,0
450242,0,1,3,3,3,3,3,3,3,3,3,3
450242,1,1,0,0,0,7,0,0,0,0,0,29
450243,0,1,0,0,0,0,0,0,0,0,0,0
450243,0,2,0,0,34,0,0,18,0,0,0,0
450243,0,3,0,0,0,0,0,0,0,0,0,0
450243,0,4,0,0,0,0,17,0,0,20,0,0
450243,1,1,0,0,0,0,0,0,0,0,0,0
450244,1,1,22,22,22,22,22,22,22,22,22,22
450245,0,1,15,31,0,0,0,0,0,0,0,18
450245,1,1,22,0,0,0,0,0,0,0,23,0
450246,1,1,23,23,23,23,23,23,23,23,23,23
450247,1,1,0,0,0,0,0,0,0,0,0,0
450247,2,1,18,0,0,0,0,0,0,0,0,0
450248,1,1,0,0,10,0,0,0,0,0,0,0
450248,2,1,0,0,0,0,0,0,0,0,0,0
450249,1,1,29,0,0,0,43,10,0,0,0,0
450250,1,1,0,0,0,0,0,0,0,0,0,0
450250,2,1,0,0,0,0,0,0,0,0,0,0
450251,1,1,18,18,18,18,18,18,18,18,18,18
450252,1,1,0,0,0,0,0,0,0,5,0,0
450252,2,1,0,23,0,0,0,0,0,0,0,0
450253,1,1,0,0,0,0,0,0,0,0,0,0
450254,1,1,11,11,11,11,11,11,11,11,11,11
450255,1,1,15,15,15,15,15,15,15,15,15,15
450256,1,1,0,0,0,0,0,0,0,0,0,0
450257,1,1,0,0,0,0,0,0,0,0,0,0
450257,2,1,1,1,1,1,1,1,1,1,1,1
450258,1,1,0,0,0,0,0,0,24,0,0,0
450258,2,1,0,0,0,0,0,0,0,0,0,0
450259,1,1,0,0,0,0,0,0,0,0,0,0
450259,2,1,0,0,0,0,0,0,0,0,0,0
450260,1,1,0,0,0,0,0,0,0,0,0,0
450261,1,1,0,0,0,0,0,0,0,0,0,0
450261,2,1,0,0,0,0,0,0,0,0,0,0
450262,1,1,0,0,0,0,0,0,0,0,0,0
450263,1,1,0,0,0,0,0,0,0,0,0,0
450263,2,1,0,0,0,0,0,0,0,0,0,0
450264,0,1,0,0,0,0,0,0,0,0,0,0
450264,1,1,0,0,0,0,29,0,0,7,0,10
450265,1,1,0,0,0,0,0,0,0,0,0,0
450266,1,1,29,21,20,14,0,14,13,16,22,25
450267,1,1,19,19,19,19,19,19,19,19,19,19
450268,1,1,10,0,0,0,0,0,0,0,0,0
450268,2,1,0,0,0,0,0,0,0,0,0,0
450269,0,1,0,0,0,0,0,0,0,0,0,0
450269,1,1,11,0,0,0,12,0,0,18,0,0
450270,1,1,0,0,0,0,0,0,0,0,0,0
450270,2,1,8,8,8,8,8,8,8,8,8,8
450271,1,1,21,21,21,21,21,21,21,21,21,21
450272,1,1,0,0,0,0,0,0,0,0,0,0
450273,1,1,0,0,0,0,0,0,0,0,0,0
450273,2,1,0,0,0,0,0,0,0,0,0,0
450274,1,1,0,0,0,0,0,0,0,0,0,0
450274,2,1,0,0,0,0,0,0,0,0,0,0
450274,3,1,5,5,5,5,5,5,5,5,5,5
450275,1,1,0,0,0,0,0,0,0,0,0,0
450276,0,1,0,0,0,0,0,0,0,0,0,0
450276,1,1,0,0,0,9,0,0,0,18,0,0
450277,1,1,0,0,0,0,0,0,0,0,0,0
450277,2,1,0,0,0,0,0,0,0,0,0,0
450278,1,1,13,13,0,17,0,20,17,21,30,19
450279,1,1,8,8,8,8,8,8,8,8,8,8
450279,2,1,0,0,0,0,0,0,0,0,0,0
450280,1,1,0,0,0,0,0,0,0,0,0,0
450281,1,1,0,0,0,0,0,0,0,0,0,0
450281,2,1,0,0,0,0,0,0,0,0,0,0
450282,1,1,19,19,19,19,19,19,19,19,19,19
450283,0,1,0,0,0,0,0,0,0,0,0,0
450283,1,1,0,0,0,0,0,0,0,0,14,0
450284,0,1,37,37,37,37,37,37,37,37,37,37
450284,0,2,0,0,0,0,0,0,0,0,0,0
450284,0,3,0,0,18,0,0,0,0,0,0,0
450284,2,1,0,0,0,0,0,0,0,0,0,0
450285,1,1,0,0,0,0,0,0,0,0,0,0
450285,2,1,0,0,0,0,0,0,0,0,0,0
450286,1,1,0,0,0,0,0,14,0,0,0,0
450286,2,1,0,0,0,0,0,0,0,0,0,0
450286,3,1,0,0,0,0,0,0,0,0,0,0
450286,4,1,0,0,0,0,0,0,0,0,0,0
450286,5,1,0,0,0,0,0,0,0,0,0,0
450286,6,1,0,0,0,0,0,0,0,0,0,0
450286,7,1,0,0,0,0,0,0,0,0,0,0
450286,8,1,0,0,0,0,0,0,0,0,0,0
450286,9,1,0,0,0,0,0,0,0,0,0,0
450286,10,1,0,0,0,0,0,0,0,0,0,0
450287,2,1,0,8,0,0,0,0,0,0,0,0
450287,3,1,0,6,0,0,0,0,0,0,2,0
450288,1,1,0,0,0,0,0,0,0,0,0,0
450289,1,1,0,0,0,0,0,0,0,0,0,0
450289,2,1,0,0,0,0,0,0,0,0,0,0
450290,1,1,0,0,0,0,0,0,0,0,0,0
450291,1,1,0,0,0,0,0,0,0,0,0,0
450292,1,1,0,0,0,0,0,0,0,0,0,0
450292,2,1,0,0,0,0,0,0,0,0,0,0
450293,1,1,8,20,11,10,0,13,14,13,0,19
450293,2,1,0,0,0,0,0,0,0,0,0,0
450293,3,1,0,0,0,0,0,0,0,0,0,0
450293,4,1,0,0,0,0,0,0,0,0,0,0
450294,1,1,23,23,23,23,23,23,23,23,23,23
450295,1,1,0,0,0,0,0,0,0,0,20,0
450295,2,1,0,0,0,0,0,0,0,0,0,0
450296,1,1,17,17,17,17,17,17,17,17,17,17
450296,2,1,0,0,0,0,0,0,0,0,0,0
450297,1,1,0,0,0,0,0,0,0,0,0,0
450297,2,1,0,0,0,0,0,0,0,0,0,0
450298,1,1,0,0,0,0,0,0,0,0,0,0
450298,2,1,0,0,0,0,0,0,0,0,0,0
450298,3,1,0,0,0,0,0,0,0,0,0,0
450298,4,1,12,12,3,18,5,21,7,18,17,0
450299,1,1,0,0,0,0,0,0,0,0,0,0
450299,2,1,0,0,0,0,0,0,0,0,0,0
450300,1,1,0,0,10,0,0,0,0,12,0,0
450301,1,1,15,15,15,15,15,15,15,15,15,15
450302,1,1,15,15,15,15,15,15,15,15,15,15
450302,2,1,0,0,0,0,0,0,0,0,0,0
450303,0,1,18,18,18,18,18,18,18,18,18,18
450303,1,1,17,0,18,36,0,0,18,0,18,0
450304,1,1,0,0,0,0,0,0,0,0,0,0
450304,2,1,0,0,0,0,0,0,0,0,0,0
450305,1,1,0,0,0,0,0,0,0,0,0,0
450305,2,1,0,0,0,0,0,0,0,0,29,0
450306,1,1,27,23,0,0,0,0,0,0,0,0
450307,1,1,0,0,0,0,0,0,0,0,0,0
450308,1,1,14,14,14,14,14,14,14,14,14,14
450309,1,1,0,0,0,0,0,0,0,0,0,0
450309,2,1,0,0,0,0,0,0,0,0,0,0
450310,1,1,0,0,0,0,0,0,0,0,0,0
450310,2,1,14,0,0,0,0,0,12,0,0,0
450311,0,1,0,0,0,0,0,0,0,38,2,0
450311,0,2,0,0,0,25,40,0,4,0,18,13
450311,1,1,0,0,0,0,0,0,0,0,0,0
450312,1,1,0,0,0,0,0,0,0,0,0,0
450312,2,1,0,0,0,0,0,0,0,0,0,0
450313,1,1,0,0,0,0,0,0,0,0,0,0
450313,2,1,0,0,0,0,0,0,0,0,0,20
450314,1,1,0,0,0,0,0,0,0,10,0,0
450314,2,1,0,0,0,0,0,0,0,0,0,0
450314,3,1,0,0,0,0,0,0,0,0,0,0
450315,2,1,0,0,0,0,0,0,0,0,0,0
450316,1,1,0,0,0,0,0,0,0,0,0,0
450317,1,1,0,0,0,0,0,0,0,0,0,0
450317,2,1,0,0,0,0,0,0,0,0,0,0
450318,1,1,20,20,20,20,20,20,20,20,20,20
450318,2,1,0,0,0,17,0,0,0,0,0,0
450319,1,1,0,0,0,0,25,0,0,0,0,0
450319,2,1,0,0,0,0,0,0,0,0,0,0
450320,1,1,0,0,0,0,0,0,0,0,0,0
450320,2,1,0,0,0,0,0,0,17,0,0,0
450321,1,1,0,0,0,0,0,0,0,0,0,0
450321,2,1,0,0,0,0,0,0,0,0,0,0
450322,1,1,0,12,0,0,0,0,0,0,0,0
450322,2,1,0,0,0,0,0,0,0,0,9,0
450323,1,1,0,0,6,8,0,0,0,0,0,0
450323,2,1,0,0,0,0,20,0,0,0,0,0
450324,1,1,0,0,0,0,0,0,16,0,0,0
450324,2,1,0,0,0,0,0,0,0,0,0,0
450325,1,1,32,32,32,32,32,32,32,32,32,32
450326,1,1,0,0,0,0,0,0,0,0,0,0
450326,2,1,0,0,0,0,0,0,0,0,0,0
450326,3,1,0,0,0,0,0,0,0,0,0,0
450327,1,1,28,0,0,7,0,0,0,0,0,0
450328,1,1,14,14,14,14,14,14,14,14,14,14
450329,1,1,0,0,0,0,0,0,0,0,0,0
450330,1,1,0,0,0,0,0,0,0,0,0,0
450330,2,1,0,0,0,0,0,0,0,0,0,0
450331,1,1,0,12,0,0,0,0,0,0,0,0
450331,2,1,0,33,0,0,0,0,0,0,0,0
450332,0,1,19,19,19,19,19,19,19,19,19,19
450332,1,1,6,0,0,0,0,0,0,0,0,0
450333,1,1,18,18,18,18,18,18,18,18,18,18
450334,0,1,0,0,0,0,0,0,0,0,0,0
450334,1,1,0,0,0,0,0,0,0,0,0,0
450334,2,1,0,0,0,18,0,0,0,0,0,0
450335,0,1,10,10,10,10,10,10,10,10,10,10
450335,1,1,0,0,43,0,0,0,0,0,0,0
450336,1,1,0,0,0,0,0,0,0,0,0,0
450336,2,1,0,17,18,4,25,20,13,27,23,11
450337,0,1,7,7,7,7,7,7,7,7,7,7
450337,1,1,0,7,0,0,0,10,17,28,32,14
450338,1,1,0,0,0,0,0,0,0,0,0,0
450339,0,1,27,27,27,27,27,27,27,27,27,27
450339,1,1,0,0,0,0,0,0,0,0,0,0
450340,1,1,17,17,17,17,17,17,17,17,17,17
450341,1,1,20,20,20,20,20,20,20,20,20,20
450342,1,1,0,0,0,0,0,0,0,0,0,0
450342,2,1,0,0,0,0,0,0,0,0,0,0
450343,1,1,22,22,22,22,22,22,22,22,22,22
450343,2,1,0,0,0,0,0,0,0,0,0,0
450344,1,1,0,0,0,0,0,0,0,0,0,0
450344,2,1,0,0,0,0,0,0,0,0,0,0
450345,1,1,0,0,0,0,0,0,0,0,0,0
450346,1,1,0,0,0,0,0,0,0,0,0,0
450346,2,1,0,0,0,0,0,0,0,0,0,0
450347,1,1,0,0,0,0,0,0,0,0,0,0
450348,1,1,24,24,24,24,24,24,24,24,24,24
450349,1,1,20,20,20,20,20,20,20,20,20,20
450350,0,1,0,0,0,0,0,0,0,0,0,0
450350,1,1,0,0,0,0,0,0,0,0,0,0
450351,2,1,0,0,0,0,0,0,0,0,0,0
450352,1,1,0,0,0,0,0,0,0,0,0,0
450352,2,1,0,0,0,0,0,0,0,0,0,0
450353,1,1,0,0,0,0,0,0,0,0,0,0
450353,2,1,0,0,0,0,0,0,0,0,0,0
450353,3,1,0,0,0,0,0,0,0,0,0,0
450354,1,1,2,2,2,2,2,2,2,2,2,2
450355,1,1,0,0,0,0,0,22,0,0,0,0
450356,1,1,26,26,26,26,26,26,26,26,26,26
450357,1,1,0,0,0,0,0,0,0,0,0,16
450357,2,1,0,0,0,0,0,0,0,0,0,0
450358,0,1,22,22,22,22,22,22,22,22,22,22
450358,1,1,15,41,15,0,0,0,0,11,0,0
450359,1,1,22,22,22,22,22,22,22,22,22,22
450360,0,1,0,0,0,0,0,0,0,0,0,0
450360,1,1,0,0,0,24,0,0,0,0,0,8
450361,1,1,0,0,0,0,0,0,0,0,0,0
450361,2,1,0,0,0,0,0,0,0,0,0,0
450361,3,1,0,0,0,0,0,0,0,0,0,0
450362,1,1,0,0,0,0,0,0,0,0,0,0
450363,1,1,0,0,0,0,0,0,0,0,0,0
450363,2,1,0,0,10,0,0,0,0,0,0,0
450364,1,1,0,0,0,0,0,0,0,0,0,0
450365,1,1,0,0,0,0,0,0,0,0,0,0
450365,2,1,0,0,0,0,0,0,0,0,0,0
450365,3,1,0,0,0,0,0,0,0,0,0,0
450366,1,1,0,0,0,0,0,0,0,0,0,0
450367,1,1,0,0,0,0,0,0,0,0,0,0
450367,2,1,0,0,0,0,0,0,0,0,0,0
450368,0,1,0,0,0,0,0,0,0,0,0,0
450368,0,2,0,0,0,0,0,0,0,0,0,0
450368,3,1,0,0,0,0,0,0,0,0,0,0
450369,1,1,0,0,0,0,0,16,29,0,0,0
450370,1,1,21,21,21,21,21,21,21,21,21,21
450371,1,1,23,23,23,23,23,23,23,23,23,23
450372,1,1,19,19,19,19,19,19,19,19,19,19
450373,1,1,0,0,0,0,0,0,0,0,0,0
450373,2,1,0,0,0,0,0,0,0,0,0,0
450374,1,1,15,15,15,15,15,15,15,15,15,15
450375,0,1,0,0,0,0,0,0,0,0,0,0
450375,0,2,0,0,0,0,0,0,0,0,0,0
450375,1,1,0,0,0,0,0,0,0,0,0,23
450376,1,1,20,20,20,20,20,20,20,20,20,20
450377,1,1,0,0,0,0,0,0,0,0,0,0
450377,2,1,0,0,0,0,0,0,0,0,0,0
450378,1,1,0,26,0,0,0,0,0,0,11,0
450378,2,1,0,0,0,0,0,0,0,0,0,0
450379,1,1,0,0,0,0,0,0,0,0,0,0
450380,1,1,13,13,13,13,13,13,13,13,13,13
450381,1,1,0,0,0,0,0,0,0,0,0,0
450382,1,1,10,10,10,10,10,10,10,10,10,10
450383,1,1,20,0,20,0,0,0,0,0,0,28
450384,1,1,6,3,2,11,7,25,15,21,15,21
450384,2,1,14,14,14,14,14,14,14,14,14,14
450385,0,1,0,0,0,0,0,0,0,0,0,0
450385,1,1,0,0,0,0,0,0,0,0,0,0
450386,1,1,0,0,0,0,22,0,0,0,0,0
450386,2,1,7,7,7,7,7,7,7,7,7,7
450387,1,1,0,0,0,21,0,0,0,0,0,0
450387,2,1,0,0,0,0,0,0,0,0,0,0
450387,3,1,0,21,26,0,0,0,0,17,0,0
450387,4,1,0,0,0,0,0,0,0,0,0,0
450388,1,1,15,4,7,23,3,0,35,25,21,6
450389,1,1,26,0,0,0,0,0,0,11,0,0
450389,2,1,0,0,0,0,0,0,0,0,0,0
450390,1,1,0,0,0,0,0,0,0,0,0,0
450390,2,1,0,0,0,0,0,0,0,0,0,0
450391,1,1,0,0,0,0,0,0,0,0,0,0
450391,2,1,0,0,0,0,0,0,0,0,0,0
450392,1,1,0,0,0,0,0,0,0,0,0,0
450393,1,1,0,0,0,0,0,0,0,0,0,0
450393,2,1,0,0,0,0,0,0,0,0,0,0
450394,1,1,12,12,12,12,12,12,12,12,12,12
450395,1,1,0,0,0,0,0,0,0,0,0,0
450395,2,1,0,0,0,0,0,0,0,0,0,0
450396,1,1,0,0,0,0,0,0,0,0,0,0
450396,2,1,27,27,27,27,27,27,27,27,27,27
450397,0,1,0,0,0,0,0,0,0,0,0,0
450397,1,1,25,12,8,21,4,22,24,15,16,12
450398,1,1,16,12,12,14,24,12,5,18,11,17
450398,2,1,0,0,0,0,0,0,0,0,0,0
450399,1,1,21,21,21,21,21,21,21,21,21,21
450399,2,1,25,0,0,0,0,0,0,21,0,0
450399,3,1,0,0,0,0,0,0,0,0,0,0
450400,1,1,0,0,0,0,0,0,0,0,0,0
450401,1,1,0,0,0,0,0,0,0,0,0,0
450402,0,1,0,0,0,0,0,0,0,0,0,0
450402,1,1,0,0,0,0,0,7,0,0,0,0
450402,2,1,0,0,0,0,0,0,0,0,0,0
450403,1,1,0,0,0,0,0,0,0,0,0,0
450403,2,1,0,0,0,0,0,0,5,0,0,0
450404,1,1,0,0,0,0,0,0,0,0,0,0
450404,2,1,0,0,0,0,0,0,0,0,0,0
450405,1,1,0,0,0,0,0,0,0,0,0,0
450406,1,1,0,0,0,0,0,0,0,0,0,0
450406,2,1,0,0,0,0,0,0,0,0,0,0
450407,1,1,0,0,0,0,0,0,0,0,0,0
450408,1,1,0,0,0,0,0,0,0,0,0,0
450409,1,1,0,0,19,0,0,0,10,0,0,17
450410,1,1,22,22,22,22,22,22,22,22,22,22
450411,1,1,0,0,0,8,0,0,0,17,0,4
450411,2,1,11,0,0,0,0,0,0,0,0,0
450411,3,1,0,0,15,0,0,0,25,0,0,0
450412,1,1,14,14,14,14,14,14,14,14,14,14
450413,1,1,0,0,14,8,0,0,0,0,0,0
450414,1,1,0,0,0,0,0,0,0,0,0,0
450415,1,1,0,0,0,0,0,0,0,0,0,0
450416,0,1,29,0,0,0,0,0,0,0,0,0
450416,1,1,0,0,0,0,0,0,0,0,0,0
450417,0,1,0,0,0,0,0,0,0,0,0,0
450417,1,1,0,0,0,0,0,0,0,0,0,0
450418,1,1,9,16,14,30,18,5,13,6,0,22
450418,2,1,0,0,0,0,0,0,0,0,0,0
450419,1,1,0,0,0,0,0,0,0,0,0,0
450419,2,1,0,0,0,0,0,0,0,0,0,0
450420,1,1,0,0,0,0,0,0,0,0,0,0
450420,2,1,0,0,0,0,0,0,0,0,0,0
450421,1,1,0,0,0,0,0,0,0,0,0,0
450422,1,1,21,21,21,21,21,21,21,21,21,21
450423,1,1,13,13,13,13,13,13,13,13,13,13
450424,1,1,0,0,0,0,0,0,0,0,41,0
450424,2,1,15,15,15,15,15,15,15,15,15,15
450425,0,1,0,0,0,0,0,0,0,0,0,0
450425,1,1,0,0,0,0,0,0,0,0,0,0
450426,1,1,0,0,0,0,0,0,0,0,0,0
450427,0,1,15,15,15,15,15,15,15,15,15,15
450427,1,1,0,0,0,0,0,22,0,0,0,0
450428,1,1,0,0,0,0,0,0,0,0,0,0
450429,1,1,16,16,16,16,16,16,16,16,16,16
450430,1,1,0,0,0,0,0,0,0,0,0,0
450430,2,1,0,0,0,0,0,0,0,0,0,0
450431,1,1,0,0,0,0,0,0,0,0,0,0
450432,1,1,15,15,15,15,15,15,15,15,15,15
450433,0,1,0,0,0,0,0,0,0,0,0,0
450433,1,1,0,0,0,0,0,0,0,0,0,0
450434,1,1,0,0,0,0,0,0,0,0,0,0
450435,1,1,0,0,0,0,0,0,0,0,0,0
450436,1,1,16,4,11,10,12,15,10,18,11,13
450437,1,1,0,0,0,0,0,0,0,0,0,0
450437,2,1,0,0,0,0,0,0,0,0,0,0
450438,0,1,0,0,46,0,0,0,0,0,9,0
450438,1,1,0,10,0,0,0,0,0,0,0,0
450439,1,1,0,0,0,0,0,0,0,0,0,0
450439,2,1,0,0,0,0,0,0,0,0,0,0
450440,1,1,0,0,0,0,0,0,0,0,0,0
450440,2,1,0,0,0,0,0,0,0,0,0,0
450441,0,1,18,8,0,0,0,21,0,11,0,0
450441,1,1,0,14,20,0,0,0,13,0,0,0
450442,1,1,10,10,10,10,10,10,10,10,10,10
450442,2,1,0,0,0,0,0,0,0,0,0,0
450443,1,1,0,0,0,0,0,0,0,0,0,0
450443,2,1,0,0,0,0,0,0,0,0,0,0
450444,1,1,0,0,0,0,0,0,0,0,0,0
450444,2,1,0,0,0,0,0,0,0,0,0,0
450445,1,1,0,0,0,0,0,0,0,0,0,0
450446,1,1,16,16,16,16,16,16,16,16,16,16
450447,1,1,0,0,0,0,0,0,0,0,0,0
450447,2,1,0,0,0,0,0,0,0,0,0,0
450448,1,1,0,0,0,0,26,0,0,0,0,0
450449,1,1,0,0,0,0,0,0,0,0,0,0
450450,1,1,0,0,0,0,0,0,0,0,0,0
450450,2,1,10,0,0,0,8,0,0,11,31,0
450450,3,1,0,0,0,0,0,0,0,0,0,0
450451,0,1,28,28,28,28,28,28,28,28,28,28
450451,1,1,0,0,0,0,0,0,0,15,0,0
450452,0,1,0,0,0,0,0,0,0,0,0,0
450452,1,1,0,0,0,0,0,0,0,0,0,0
450453,0,1,0,0,0,0,0,0,0,0,0,0
450453,1,1,0,8,0,0,0,16,21,23,0,0
450454,1,1,0,25,0,13,20,0,0,0,33,14
450455,1,1,4,0,0,0,0,0,0,0,0,0
450455,2,1,7,7,7,7,7,7,7,7,7,7
450456,0,1,22,22,22,22,22,22,22,22,22,22
450456,1,1,0,0,0,0,13,0,0,0,0,0
450457,0,1,42,42,42,42,42,42,42,42,42,42
450457,1,1,15,0,0,22,0,0,0,0,0,0
450458,1,1,0,0,0,0,0,0,0,0,0,0
450458,2,1,0,0,0,0,0,0,0,0,0,0
450458,3,1,0,0,0,0,0,0,0,0,0,0
450459,0,1,20,20,20,20,20,20,20,20,20,20
450459,1,1,0,39,0,0,14,0,0,0,0,0
450460,1,1,0,0,0,0,0,0,0,0,0,0
450460,2,1,0,0,0,0,0,0,0,0,0,0
450461,1,1,0,0,0,0,0,0,0,0,0,0
450461,2,1,0,0,0,0,0,0,0,0,0,0
450462,1,1,0,0,0,0,0,0,0,0,0,0
450462,2,1,0,0,0,0,0,0,0,0,0,14
450463,0,1,19,19,19,19,19,19,19,19,19,19
450463,1,1,5,0,0,0,0,0,0,0,2,0
450464,1,1,0,0,23,14,0,0,0,0,0,0
450465,1,1,0,0,17,0,0,0,0,0,0,0
450466,1,1,0,0,0,0,0,0,0,0,0,0
450466,2,1,0,0,0,0,0,0,0,0,0,0
450467,0,1,7,7,7,7,7,7,7,7,7,7
450467,1,1,0,0,0,0,0,0,0,0,0,0
450468,0,1,0,0,0,0,0,0,0,0,0,0
450468,1,1,0,0,0,0,7,0,0,0,0,17
450468,2,1,0,0,0,32,13,0,0,0,0,0
450469,0,1,0,0,0,0,0,0,0,0,0,0
450469,1,1,0,0,0,9,0,0,10,0,0,0
450470,1,1,0,0,0,0,0,0,0,0,0,0
450470,2,1,0,0,0,0,0,0,0,0,0,0
450471,1,1,24,24,24,24,24,24,24,24,24,24
450472,1,1,0,0,0,0,0,0,0,0,0,0
450472,2,1,0,0,0,0,0,11,0,0,0,0
450473,0,1,22,22,22,22,22,22,22,22,22,22
450473,1,1,0,0,0,0,0,0,0,0,0,9
450474,0,1,0,0,0,0,0,0,0,0,0,0
450474,1,1,24,15,10,14,0,10,18,17,20,7
450475,0,1,0,0,0,0,0,0,0,0,0,0
450475,1,1,0,0,0,0,0,0,23,0,0,0
450476,1,1,0,0,50,0,0,0,0,0,0,0
450476,2,1,0,0,0,0,0,0,0,0,0,0
450477,1,1,0,0,0,0,0,0,0,0,0,0
450478,1,1,0,0,0,0,0,0,0,0,0,0
450478,2,1,0,0,0,0,0,0,0,0,0,0
450479,1,1,0,0,0,0,7,0,0,0,0,0
450479,2,1,1,1,1,1,1,1,1,1,1,1
450480,1,1,0,0,0,0,0,0,0,0,0,0
450480,2,1,0,0,0,0,0,0,0,0,0,0
450481,1,1,15,15,15,15,15,15,15,15,15,15
450482,1,1,19,14,26,38,0,18,7,29,21,36
450483,1,1,0,0,0,0,10,0,21,9,0,0
450483,2,1,19,19,19,19,19,19,19,19,19,19
450484,1,1,19,19,19,19,19,19,19,19,19,19
450485,1,1,20,20,20,20,20,20,20,20,20,20
450486,0,1,30,30,30,30,30,30,30,30,30,30
450486,1,1,0,0,0,0,0,0,0,0,0,0
450487,1,1,0,0,0,0,0,0,0,0,0,0
450487,2,1,0,0,0,0,0,0,0,0,0,0
450488,1,1,0,0,0,0,0,0,0,0,0,0
450489,1,1,0,0,0,0,0,0,0,0,0,0
450489,2,1,0,0,0,0,0,0,0,0,11,0
450490,1,1,0,0,0,0,0,0,0,0,0,7
450491,1,1,0,0,0,0,0,0,0,0,0,0
450492,1,1,0,0,0,0,0,0,0,0,0,0
450493,1,1,0,0,0,0,0,0,0,0,0,0
450493,2,1,0,0,0,0,0,0,0,0,0,0
450494,1,1,0,0,0,0,0,0,0,0,0,0
450494,2,1,0,0,0,0,0,0,0,0,0,0
450495,0,1,13,13,13,13,13,13,13,13,13,13
450495,1,1,0,0,0,0,0,24,0,0,0,20
450496,1,1,20,20,20,20,20,20,20,20,20,20
450496,2,1,23,0,0,0,0,0,0,0,0,0
450497,1,1,0,0,27,0,0,0,0,0,0,0
450498,0,1,4,4,4,4,4,4,4,4,4,4
450498,1,1,0,0,0,0,0,0,0,0,0,14
450499,1,1,0,0,0,0,0,14,0,0,0,0
450499,2,1,0,0,0,0,0,0,0,0,0,0
450500,1,1,0,0,0,0,0,0,15,0,0,0
450500,2,1,0,9,21,0,0,0,0,0,11,0
450501,0,1,0,0,0,0,0,0,0,0,0,0
450501,1,1,0,0,0,0,0,16,0,0,0,0
450502,1,1,0,0,0,0,0,0,0,0,0,0
450502,2,1,0,0,0,0,0,0,15,0,0,0
450503,1,1,0,0,0,0,12,0,0,0,0,0
450503,2,1,0,0,0,0,0,0,0,0,0,0
450503,3,1,0,0,0,0,0,0,0,0,0,0
450504,1,1,0,0,0,0,0,0,0,0,0,0
450504,2,1,0,0,0,0,0,0,0,0,0,0
450505,1,1,0,0,0,0,0,0,0,0,0,0
450506,1,1,0,0,0,0,0,0,0,0,0,0
450506,2,1,0,0,0,0,0,0,0,0,0,0
450507,0,1,25,0,0,0,0,0,0,0,27,0
450507,1,1,0,0,0,0,22,0,0,0,0,15
450508,1,1,0,0,0,0,0,0,0,0,0,0
450508,2,1,0,0,0,0,0,0,0,0,0,0
450509,1,1,13,13,13,13,13,13,13,13,13,13
450510,0,1,34,34,34,34,34,34,34,34,34,34
450510,1,1,0,0,0,0,0,0,0,0,0,0
450511,1,1,16,16,16,16,16,16,16,16,16,16
450512,1,1,0,0,0,0,0,0,0,0,0,0
450513,1,1,0,0,0,0,0,0,0,0,0,0
450513,2,1,0,0,0,0,0,0,0,0,0,0
450513,3,1,0,0,0,0,0,0,0,0,0,0
450514,1,1,18,18,18,18,18,18,18,18,18,18
450515,1,1,16,0,0,0,0,0,0,0,0,0
450516,1,1,0,0,0,0,0,0,0,0,0,0
450517,1,1,0,0,0,0,0,0,0,0,0,0