ST_CASE,VEH_NO,PER_NO,P1,P2,P3,P4,P5,P6,P7,P8,P9,P10
450517,2,1,0,0,0,0,0,0,0,0,0,0
450518,1,1,30,30,30,30,30,30,30,30,30,30
450518,2,1,0,0,0,0,32,0,0,0,0,0
450519,1,1,0,0,0,0,0,0,0,0,0,0
450519,2,1,0,0,0,0,0,0,0,0,0,0
450519,3,1,0,0,0,0,0,0,0,0,0,0
450520,0,1,0,0,27,0,0,0,0,0,0,0
450520,1,1,0,21,0,0,0,0,0,0,0,0
450520,2,1,25,7,0,0,0,0,0,0,0,0
450520,3,1,0,0,0,0,0,0,0,0,20,0
450521,1,1,0,0,0,19,10,0,0,0,0,14
450522,1,1,0,0,0,0,0,0,0,0,8,0
450523,1,1,0,0,0,0,0,0,0,0,0,0
450523,2,1,4,4,4,4,4,4,4,4,4,4
450524,1,1,16,12,7,15,22,0,14,15,15,13
450525,0,1,0,0,0,0,0,0,0,0,0,0
450525,1,1,0,0,0,0,0,0,0,0,0,0
450526,1,1,0,0,0,0,0,0,0,0,0,0
450527,1,1,0,0,0,0,0,0,0,0,0,0
450527,2,1,23,23,23,23,23,23,23,23,23,23
450528,1,1,22,22,22,22,22,22,22,22,22,22
450529,0,1,0,0,0,0,0,0,0,0,0,0
450529,1,1,0,0,0,0,0,0,0,0,0,0
450530,1,1,0,0,0,0,0,0,0,40,0,10
450531,1,1,0,0,0,0,0,0,0,0,0,0
450531,2,1,0,0,0,0,0,0,0,0,0,0
450532,1,1,0,16,0,0,0,0,0,0,0,0
450532,2,1,0,0,0,0,0,0,0,0,0,0
450533,0,1,17,0,0,0,0,15,0,15,12,0
450533,0,2,0,4,0,0,0,0,13,18,0,0
450533,1,1,0,0,0,10,0,0,0,25,0,0
450534,0,1,0,0,0,0,0,0,0,0,0,0
450534,1,1,0,0,0,0,0,0,0,0,0,0
450535,1,1,0,0,0,0,0,0,0,0,0,0
450535,2,1,0,0,0,0,0,0,0,0,0,0
450535,3,1,0,0,0,0,0,0,0,0,0,0
450536,1,1,0,0,0,0,0,0,0,0,0,0
450537,1,1,13,13,13,13,13,13,13,13,13,13
450538,1,1,0,0,0,0,0,0,0,0,0,0
450538,2,1,0,0,0,0,0,0,0,0,0,0
450539,1,1,0,0,0,0,0,0,0,0,0,0
450539,2,1,0,0,0,0,0,0,0,0,0,0
450540,1,1,0,0,0,0,0,0,0,0,0,0
450540,2,1,0,0,27,0,0,0,0,0,0,0
450541,1,1,0,0,0,0,0,0,0,0,0,0
450541,2,1,28,16,22,5,21,16,0,18,11,27
450542,0,1,0,0,23,0,0,0,0,0,0,0
450542,1,1,0,0,0,0,0,10,0,16,0,17
450543,1,1,0,0,0,0,0,0,0,0,4,0
450544,1,1,0,0,0,0,0,0,0,0,0,0
450545,0,1,0,0,0,0,41,13,0,18,0,0
450545,1,1,0,0,0,0,0,0,0,0,0,0
450546,1,1,0,0,0,0,0,0,0,0,0,0
450546,2,1,0,0,0,0,0,0,0,0,0,0
450548,0,1,30,30,30,30,30,30,30,30,30,30
450548,1,1,0,0,0,0,0,0,0,0,0,0
450549,1,1,18,18,18,18,18,18,18,18,18,18
450550,1,1,0,0,0,0,0,0,0,0,0,0
450551,1,1,0,0,0,0,0,0,0,0,0,0
450551,2,1,0,0,0,0,0,0,0,0,0,0
450552,1,1,0,0,0,0,0,0,0,0,0,0
450552,2,1,0,0,0,0,0,0,0,0,0,0
450552,3,1,0,0,0,0,34,0,0,0,0,0
450553,1,1,0,0,0,0,0,0,0,0,0,0
450553,2,1,0,0,0,0,0,0,0,0,0,0
450554,1,1,0,0,0,0,0,0,0,0,0,0
450554,2,1,0,0,0,0,0,0,0,0,0,0
450555,1,1,0,0,0,0,0,0,0,0,0,0
450555,2,1,0,0,0,0,0,0,0,0,0,0
450555,3,1,0,0,0,0,0,0,0,0,0,0
450556,1,1,0,0,0,0,0,0,0,0,0,0
450557,1,1,7,12,5,6,13,23,31,34,10,25
450557,2,1,17,0,0,0,0,0,0,0,10,0
450558,1,1,0,0,0,0,0,0,0,0,0,0
450558,2,1,0,0,0,0,0,0,0,0,0,0
450559,1,1,17,17,17,17,17,17,17,17,17,17
450560,1,1,0,0,0,0,0,0,0,0,0,0
450561,0,1,0,0,0,0,0,0,33,0,0,0
450561,1,1,0,0,0,8,0,0,0,6,0,0
450562,1,1,16,16,16,16,16,16,16,16,16,16
450563,0,1,0,42,0,0,23,0,0,0,0,0
450563,1,1,7,18,0,0,0,0,0,0,0,0
450564,1,1,0,16,0,0,0,0,0,0,0,0
450564,2,1,16,16,16,16,16,16,16,16,16,16
450565,1,1,11,11,11,11,11,11,11,11,11,11
450565,2,1,0,0,0,0,0,0,0,0,0,0
450566,1,1,0,0,0,0,0,0,0,0,24,0
450567,1,1,0,0,0,0,0,0,0,0,0,0
450568,1,1,30,30,30,30,30,30,30,30,30,30
450569,1,1,0,13,0,0,0,0,0,0,22,0
450569,2,1,13,13,13,13,13,13,13,13,13,13
450570,1,1,0,0,0,0,0,0,0,0,0,0
450570,2,1,0,0,0,0,0,0,0,0,0,0
450571,0,1,18,18,18,18,18,18,18,18,18,18
450571,1,1,0,0,0,24,9,25,0,0,0,0
450572,1,1,0,0,0,0,0,0,0,0,0,0
450573,1,1,0,0,0,0,0,0,0,0,0,16
450573,2,1,0,0,0,0,0,0,0,0,0,0
450574,1,1,0,0,0,0,19,0,0,0,0,0
450574,2,1,0,0,0,0,0,0,0,0,0,20
450575,1,1,0,0,0,0,19,0,0,0,0,0
450576,1,1,0,0,0,0,0,0,0,0,0,0
450576,2,1,0,0,12,0,0,0,0,0,0,0
450577,0,1,0,0,0,0,0,0,0,0,0,0
450577,1,1,0,11,0,0,7,0,0,0,0,0
450578,1,1,0,0,0,0,0,0,0,0,0,0
450579,1,1,0,0,0,0,0,0,0,0,0,0
450579,2,1,9,9,9,9,9,9,9,9,9,9
450580,1,1,0,0,27,0,0,0,0,0,0,0
450580,2,1,20,0,0,0,0,0,0,0,0,0
450581,1,1,0,0,0,0,0,0,0,0,0,0
450581,2,1,20,20,20,20,20,20,20,20,20,20
450582,1,1,0,0,20,0,0,0,0,18,22,0
450583,1,1,0,0,0,0,0,0,0,0,0,0
450583,2,1,0,0,0,0,0,0,0,0,0,0
450584,1,1,0,0,0,0,0,0,0,0,0,0
450584,2,1,0,0,0,0,0,0,0,0,0,0
450585,1,1,18,16,18,13,11,25,0,17,11,22
450586,1,1,0,0,0,0,0,0,0,0,0,0
450586,2,1,0,0,0,0,0,0,0,0,0,0
450586,3,1,0,0,0,0,0,0,0,0,16,0
450587,1,1,0,0,0,0,0,0,0,0,0,0
450587,2,1,0,0,0,0,0,0,0,0,0,0
450588,0,1,0,31,0,17,0,0,0,0,0,0
450588,1,1,0,0,0,0,0,0,0,0,0,0
450589,0,1,22,21,39,17,0,18,13,0,0,25
450589,1,1,0,0,0,0,0,0,0,0,0,0
450590,1,1,0,0,0,0,0,0,0,0,0,0
450590,2,1,0,0,0,0,0,0,0,0,0,0
450591,0,1,0,0,0,0,0,0,0,0,0,0
450591,1,1,0,0,0,0,0,0,0,0,0,0
450592,1,1,0,0,0,0,0,0,0,0,0,23
450593,0,1,22,22,22,22,22,22,22,22,22,22
450593,1,1,6,0,0,8,0,18,12,23,7,28
450594,0,1,0,0,0,0,0,0,0,0,0,0
450594,1,1,0,0,12,0,0,23,0,16,0,0
450595,0,1,18,19,25,29,7,21,8,7,34,38
450595,1,1,0,0,0,0,0,0,0,0,0,33
450596,1,1,0,0,0,0,0,0,0,0,0,0
450597,1,1,0,0,0,0,0,0,0,0,0,0
450597,2,1,0,0,0,0,0,0,0,0,0,0
450598,1,1,21,21,21,21,21,21,21,21,21,21
450598,2,1,0,0,0,0,0,0,0,0,0,0
450599,1,1,0,0,0,0,0,9,0,0,0,0
450599,2,1,0,0,0,0,0,0,0,0,0,0
450600,0,1,0,0,0,0,0,0,0,0,0,0
450600,1,1,0,0,0,0,0,0,0,0,0,0
450601,1,1,8,8,8,8,8,8,8,8,8,8
450602,1,1,0,8,29,4,0,0,12,8,30,0
450603,1,1,11,11,11,11,11,11,11,11,11,11
450604,1,1,16,16,16,16,16,16,16,16,16,16
450605,1,1,0,0,0,0,0,0,0,14,0,0
450606,1,1,24,24,24,24,24,24,24,24,24,24
450607,1,1,0,0,0,0,0,0,0,0,0,0
450607,2,1,0,0,0,0,0,0,0,0,0,0
450608,1,1,0,0,0,0,0,0,0,0,0,0
450609,1,1,0,0,21,0,0,8,0,0,0,0
450609,2,1,0,0,0,0,0,0,0,0,6,0
450610,1,1,0,0,0,0,0,0,0,0,0,0
450611,1,1,0,0,0,0,0,0,0,0,0,0
450611,2,1,0,0,0,0,0,0,0,0,0,0
450612,1,1,0,0,0,0,0,0,0,0,0,0
450613,1,1,24,24,24,24,24,24,24,24,24,24
450614,1,1,0,0,0,0,0,0,0,0,0,0
450615,1,1,0,0,0,0,0,0,0,0,0,0
450615,2,1,0,0,0,0,0,0,24,0,0,0
450615,3,1,0,0,0,0,0,0,0,0,0,0
450615,4,1,0,0,0,0,0,0,0,0,0,0
450615,5,1,0,0,0,0,0,0,0,0,0,0
450616,0,1,0,0,0,0,0,0,0,0,0,0
450616,1,1,0,0,0,0,0,0,0,0,0,0
450617,1,1,16,16,16,16,16,16,16,16,16,16
450618,0,1,0,0,0,0,0,0,0,0,0,0
450618,1,1,0,0,0,0,0,0,0,0,0,0
450619,1,1,0,0,0,0,0,0,0,0,0,0
450620,1,1,23,23,23,23,23,23,23,23,23,23
450621,1,1,6,6,6,6,6,6,6,6,6,6
450621,2,1,0,0,0,0,0,0,0,0,0,0
450622,1,1,0,0,0,0,0,0,0,0,0,0
450623,1,1,18,18,18,18,18,18,18,18,18,18
450624,1,1,0,0,39,0,0,0,0,0,0,0
450624,2,1,0,0,0,0,0,0,0,13,17,0
450625,1,1,0,0,0,0,0,0,0,0,0,0
450626,0,1,20,20,20,20,20,20,20,20,20,20
450626,1,1,0,0,0,0,0,0,0,41,0,0
450627,1,1,0,0,0,0,0,0,0,0,0,14
450628,0,1,0,0,0,0,0,0,0,0,0,0
450628,1,1,28,0,0,0,0,0,0,0,0,0
450629,1,1,0,0,0,0,0,0,0,0,0,0
450629,2,1,0,0,0,0,0,0,0,0,0,0
450630,1,1,14,0,0,19,0,0,0,0,0,0
450630,2,1,0,0,0,0,0,0,0,0,0,0
450630,3,1,0,0,0,0,0,0,0,0,0,0
450631,1,1,19,19,19,19,19,19,19,19,19,19
450632,0,1,0,0,0,0,0,0,0,0,0,0
450632,0,2,0,0,0,39,0,0,0,0,0,0
450632,0,3,0,25,0,0,22,0,0,24,0,0
450632,1,1,0,0,0,22,0,0,0,0,6,0
450633,1,1,0,0,0,0,0,0,0,19,0,0
450633,2,1,19,19,19,19,19,19,19,19,19,19
450634,1,1,0,0,0,14,0,0,0,0,0,0
450635,1,1,0,0,0,0,4,9,12,0,0,5
450635,2,1,0,0,0,0,0,0,0,0,0,0
450636,1,1,6,6,6,6,6,6,6,6,6,6
450636,2,1,0,0,0,0,0,0,13,0,0,0
450636,3,1,18,0,0,0,18,0,0,0,0,0
450636,4,1,32,23,0,0,12,34,0,8,0,0
450637,1,1,0,0,0,0,0,0,0,0,0,0
450638,1,1,0,0,0,0,0,0,0,0,0,3
450639,0,1,0,0,0,0,0,0,0,0,0,0
450639,1,1,0,0,0,0,0,0,0,0,12,0
450640,1,1,0,0,0,0,0,0,0,0,0,0
450640,2,1,8,18,15,12,16,26,6,18,14,25
450641,1,1,0,0,0,0,0,0,0,0,0,0
450642,1,1,0,0,0,0,0,0,0,0,0,0
450643,0,1,0,0,0,0,0,0,0,0,0,0
450643,1,1,0,0,0,0,0,0,0,0,0,0
450644,1,1,0,0,0,0,0,0,0,0,0,34
450644,2,1,0,0,0,0,0,0,0,0,0,0
450645,0,1,0,0,17,0,0,0,0,0,0,0
450645,1,1,0,0,0,0,0,0,0,0,0,0
450646,1,1,19,19,19,19,19,19,19,19,19,19
450647,1,1,9,0,0,0,0,0,0,0,0,0
450647,2,1,24,24,24,24,24,24,24,24,24,24
450648,1,1,0,0,0,0,0,0,0,0,21,0
450648,2,1,18,18,18,18,18,18,18,18,18,18
450649,1,1,0,0,0,0,0,0,0,0,0,0
450649,2,1,0,0,0,0,0,0,0,0,0,0
450650,1,1,0,0,0,0,0,0,0,0,0,0
450651,1,1,0,0,0,10,0,0,0,0,0,0
450652,1,1,0,0,0,6,0,0,0,0,0,13
450653,1,1,18,17,19,0,0,0,0,26,0,0
450654,1,1,0,0,0,0,0,0,0,0,0,0
450655,1,1,0,0,0,0,0,0,0,0,0,0
450656,1,1,16,0,0,0,0,0,0,0,0,14
450657,0,1,6,6,6,6,6,6,6,6,6,6
450657,1,1,0,0,0,14,0,0,0,0,0,0
450658,1,1,0,0,0,0,0,0,0,0,0,0
450658,2,1,0,0,0,0,0,0,0,0,0,0
450658,3,1,0,0,0,0,0,0,0,0,0,0
450659,1,1,8,0,0,0,0,0,0,0,0,0
450659,2,1,17,17,17,17,17,17,17,17,17,17
450660,1,1,0,0,0,0,0,0,0,0,0,0
450660,2,1,0,0,0,0,0,0,0,0,0,0
450661,1,1,18,21,17,34,0,13,15,18,22,16
450662,1,1,0,0,0,0,0,0,0,0,0,0
450662,2,1,0,0,0,0,0,0,0,20,0,0
450662,3,1,0,0,0,0,0,0,0,0,0,0
450663,1,1,22,22,22,22,22,22,22,22,22,22
450664,1,1,0,13,0,0,4,0,0,0,15,0
450664,2,1,0,0,0,0,0,0,0,0,0,0
450666,0,1,8,8,8,8,8,8,8,8,8,8
450666,1,1,0,0,16,0,0,0,24,0,0,11
450667,1,1,8,0,0,0,0,0,0,0,0,0
450667,2,1,0,0,0,0,0,0,0,0,0,0
450668,1,1,0,0,0,0,0,0,0,0,0,0
450669,1,1,0,0,0,0,0,0,0,0,0,0
450669,2,1,0,0,0,0,0,0,0,0,11,0
450669,3,1,18,13,18,29,15,27,9,27,19,17
450670,1,1,0,0,0,0,0,0,0,0,0,0
450670,2,1,0,0,0,0,0,12,0,0,0,0
450670,3,1,0,0,0,0,0,0,0,0,0,0
450671,1,1,0,0,0,0,0,0,0,0,0,0
450671,2,1,0,0,0,0,0,0,0,0,0,0
450672,1,1,0,0,0,0,0,21,0,0,0,0
450672,2,1,0,27,0,0,0,0,0,0,0,18
450673,0,1,0,20,0,0,0,0,9,0,0,0
450673,1,1,0,0,0,0,0,0,0,22,0,0
450674,1,1,0,11,0,0,0,0,0,0,0,0
450674,2,1,0,0,18,0,0,0,0,0,11,18
450675,1,1,0,0,0,0,0,0,0,0,0,0
450676,1,1,28,28,28,28,28,28,28,28,28,28
450677,0,1,0,0,0,0,0,0,0,0,0,0
450677,1,1,0,0,0,0,0,0,0,0,0,0
450678,1,1,0,0,0,0,0,12,0,0,0,0
450678,2,1,0,0,0,0,0,0,0,29,0,0
450679,0,1,0,0,0,0,0,0,0,0,0,0
450679,0,2,0,0,0,0,0,0,0,0,0,0
450679,1,1,0,0,0,0,0,0,0,0,0,0
450680,1,1,0,0,0,0,0,0,0,0,0,0
450680,2,1,0,0,0,11,0,0,0,0,0,0
450681,1,1,0,0,0,0,0,0,0,0,0,0
450682,1,1,0,0,0,0,0,0,0,0,0,0
450683,1,1,0,0,0,0,0,0,0,0,0,0
450684,1,1,22,22,22,22,22,22,22,22,22,22
450685,1,1,0,0,0,0,0,0,0,0,0,0
450686,1,1,0,0,0,0,0,0,0,0,0,0
450686,2,1,0,0,0,0,0,0,0,0,0,0
450687,1,1,7,0,24,2,11,10,0,0,13,0
450687,2,1,0,8,0,0,0,0,0,0,0,23
450688,1,1,0,0,0,0,0,0,0,0,0,0
450688,2,1,0,0,0,0,0,0,0,0,0,0
450689,1,1,0,0,0,0,0,0,0,0,0,0
450689,2,1,17,25,11,9,3,0,0,9,25,12
450690,0,1,0,0,0,0,0,17,0,0,0,0
450690,1,1,0,18,10,0,0,0,6,0,0,0
450691,1,1,15,15,15,15,15,15,15,15,15,15
450691,2,1,1,1,1,1,1,1,1,1,1,1
450692,1,1,22,22,22,22,22,22,22,22,22,22
450693,1,1,27,16,0,0,0,0,0,0,0,0
450694,1,1,22,0,0,13,0,0,0,0,0,0
450695,1,1,1,1,1,1,1,1,1,1,1,1
450696,1,1,0,0,0,0,0,0,0,0,0,0
450696,2,1,0,0,0,8,0,0,0,28,0,29
450696,3,1,0,0,0,0,0,0,0,0,0,0
450697,1,1,0,0,0,0,0,0,0,0,0,0
450697,2,1,0,0,0,0,0,20,0,11,0,0
450698,0,1,0,0,0,0,0,0,0,0,0,0
450698,1,1,0,0,0,0,0,0,0,0,0,0
450699,1,1,11,11,11,11,11,11,11,11,11,11
450699,2,1,0,3,0,0,13,0,0,0,0,0
450700,1,1,0,0,0,0,0,0,0,0,0,0
450700,2,1,0,0,0,12,0,0,0,0,0,0
450701,1,1,16,0,16,6,27,10,0,23,29,9
450701,2,1,0,0,0,14,0,0,0,0,0,0
450702,1,1,0,0,0,0,0,0,0,0,0,0
450702,2,1,0,0,0,0,0,0,0,0,0,0
450703,1,1,0,0,0,0,0,0,0,0,0,0
450703,2,1,0,0,0,0,0,0,0,0,0,0
450703,3,1,0,0,0,0,0,0,0,0,0,0
450704,1,1,0,0,0,0,0,0,11,0,0,0
450705,1,1,23,23,23,23,23,23,23,23,23,23
450705,2,1,0,0,0,0,0,0,0,0,0,0
450706,1,1,0,0,0,0,9,0,0,0,0,0
450706,2,1,0,0,0,0,0,0,0,0,0,0
450707,1,1,15,15,15,15,15,15,15,15,15,15
450708,1,1,0,0,0,0,0,0,0,0,0,0
450709,1,1,9,9,9,9,9,9,9,9,9,9
450710,0,1,9,9,9,9,9,9,9,9,9,9
450710,1,1,0,0,0,0,0,0,0,0,0,0
450711,1,1,0,0,0,0,0,0,0,0,0,0
450711,2,1,0,0,0,0,0,0,0,0,0,0
450712,1,1,9,9,9,9,9,9,9,9,9,9
450713,0,1,12,12,12,12,12,12,12,12,12,12
450713,1,1,0,19,0,16,0,0,0,0,0,22
450714,1,1,0,0,0,0,0,0,0,0,0,0
450714,2,1,0,0,0,0,0,0,0,0,0,0
450715,1,1,18,18,18,18,18,18,18,18,18,18
450716,1,1,0,0,0,0,0,0,0,0,7,0
450717,1,1,0,0,0,0,0,0,0,35,0,0
450717,2,1,0,0,0,0,0,0,0,0,0,0
450718,1,1,37,6,0,25,12,21,19,16,9,19
450718,2,1,0,0,0,0,0,0,0,0,0,0
450719,1,1,0,0,0,0,0,0,0,0,0,0
450719,2,1,0,0,0,0,0,0,0,0,0,0
450720,1,1,0,0,0,0,0,0,0,0,0,0
450720,2,1,0,0,0,0,0,0,0,0,0,0
450721,1,1,32,0,0,0,0,0,0,0,0,0
450721,2,1,0,0,0,0,0,0,0,0,0,0
450722,1,1,8,8,8,8,8,8,8,8,8,8
450723,1,1,11,11,11,11,11,11,11,11,11,11
450724,1,1,0,0,0,0,0,0,0,0,0,0
450724,2,1,0,0,0,0,0,0,0,0,34,0
450724,3,1,22,22,22,22,22,22,22,22,22,22
450725,0,1,0,0,0,0,0,26,0,0,0,0
450725,2,1,0,0,0,0,0,0,0,0,0,0
450726,1,1,0,0,0,0,0,0,0,0,0,0
450726,2,1,0,0,0,13,0,0,0,0,0,0
450727,1,1,0,0,0,0,0,0,0,0,0,0
450728,0,1,0,0,0,0,0,0,0,0,0,0
450728,1,1,0,0,0,0,0,0,5,0,0,0
450728,2,1,0,0,0,0,0,0,0,0,0,23
450729,0,1,6,0,0,0,0,0,0,0,0,0
450729,1,1,0,0,0,0,0,0,0,0,0,0
450730,1,1,0,0,0,0,0,0,0,0,0,0
450731,1,1,0,0,0,41,17,0,0,0,0,0
450731,2,1,0,0,0,0,0,0,0,0,0,0
450732,1,1,0,0,0,0,0,0,0,0,0,0
450733,0,1,0,0,0,0,0,0,0,0,0,0
450733,1,1,0,0,0,0,0,0,0,0,0,0
450734,1,1,0,0,0,0,0,0,0,0,12,0
450734,2,1,6,6,6,6,6,6,6,6,6,6
450735,1,1,0,0,0,0,0,0,0,0,0,0
450736,0,1,17,17,17,17,17,17,17,17,17,17
450736,1,1,0,0,0,0,0,0,0,0,0,0
450737,1,1,0,0,0,0,0,0,0,0,0,0
450737,2,1,0,0,0,0,0,0,0,0,0,0
450738,1,1,6,13,0,0,0,0,0,0,9,0
450738,2,1,0,0,0,0,0,0,0,0,0,0
450739,1,1,0,0,0,0,0,0,0,0,0,0
450739,2,1,0,0,0,0,0,0,0,0,0,0
450740,1,1,0,9,0,0,4,0,0,0,0,0
450740,2,1,0,0,0,0,0,0,0,0,17,0
450740,3,1,0,0,0,0,0,0,0,0,0,0
450740,4,1,0,0,0,0,0,0,0,0,0,0
450740,5,1,0,0,0,0,0,0,0,0,0,0
450741,1,1,14,14,14,14,14,14,14,14,14,14
450742,1,1,0,0,0,0,0,0,0,0,0,0
450743,1,1,11,11,11,11,11,11,11,11,11,11
450744,1,1,0,0,19,0,0,22,0,0,0,0
450745,1,1,15,15,15,15,15,15,15,15,15,15
450746,1,1,0,0,0,27,0,0,0,0,0,0
450746,2,1,0,0,0,0,0,7,0,0,0,0
450747,1,1,0,7,0,0,0,0,0,0,8,0
450748,1,1,0,0,0,0,0,0,0,0,0,0
450749,1,1,0,0,0,0,0,0,0,0,0,0
450749,2,1,0,0,0,0,0,0,0,0,0,0
450750,1,1,0,0,0,0,0,0,0,0,0,0
450751,1,1,0,0,0,0,0,0,0,0,0,13
450751,2,1,0,0,0,0,0,0,0,0,0,0
450752,1,1,0,0,0,0,0,0,0,0,0,0
450752,2,1,0,0,0,0,0,0,0,0,0,0
450753,0,1,0,0,0,0,0,0,0,0,0,0
450753,1,1,0,10,0,0,0,0,0,0,8,0
450754,1,1,13,13,13,13,13,13,13,13,13,13
450755,1,1,0,0,0,0,0,0,0,0,0,0
450756,1,1,0,0,0,0,0,0,0,0,0,0
450757,1,1,0,0,0,0,0,0,0,0,0,0
450758,1,1,18,18,18,18,18,18,18,18,18,18
450759,0,1,17,17,17,17,17,17,17,17,17,17
450759,1,1,0,0,0,0,0,0,0,0,0,0
450760,1,1,18,18,18,18,18,18,18,18,18,18
450761,1,1,0,0,0,0,0,0,0,0,0,0
450762,1,1,0,0,0,0,0,0,0,0,0,9
450762,2,1,0,0,0,15,16,0,0,0,0,0
450763,1,1,25,25,25,25,25,25,25,25,25,25
450764,1,1,0,0,0,0,0,0,0,0,0,0
450764,2,1,0,0,0,0,0,0,0,0,0,0
450764,3,1,0,0,0,0,0,0,0,0,0,0
450765,1,1,0,0,0,0,0,0,0,13,0,0
450766,0,1,8,8,8,8,8,8,8,8,8,8
450766,1,1,0,0,0,0,0,0,0,0,0,0
450767,1,1,30,30,30,30,30,30,30,30,30,30
450768,1,1,0,0,0,0,0,0,0,0,0,0
450769,0,1,37,37,37,37,37,37,37,37,37,37
450769,1,1,0,0,0,0,0,0,0,15,21,0
450770,1,1,0,0,0,0,0,10,0,0,0,16
450771,0,1,0,0,0,31,0,16,0,13,0,0
450771,1,1,0,0,0,0,0,0,24,0,0,0
450772,1,1,0,0,0,0,0,0,0,0,0,0
450772,2,1,18,18,18,18,18,18,18,18,18,18
450773,1,1,0,0,0,0,0,0,0,0,0,0
450774,1,1,0,0,0,0,0,0,0,0,0,0
450774,2,1,0,0,0,0,0,0,0,0,0,0
450775,1,1,0,0,0,0,0,0,0,0,0,0
450775,2,1,0,0,0,0,0,0,0,0,0,0
450776,1,1,0,0,0,0,0,0,0,0,0,0
450777,1,1,0,0,0,0,0,0,0,9,0,0
450777,2,1,0,11,0,0,0,0,0,0,0,0
450778,0,1,16,0,0,0,0,0,18,0,0,0
450778,1,1,0,0,0,0,0,0,0,0,0,0
450778,2,1,0,0,18,0,0,0,0,0,0,0
450779,1,1,0,0,0,0,0,0,0,0,0,0
450779,2,1,0,0,0,0,0,0,0,0,0,0
450780,1,1,0,0,0,0,0,0,0,0,0,0
450780,2,1,0,0,0,0,0,0,0,0,0,0
450780,3,1,0,0,0,0,0,0,0,0,0,0
450781,1,1,0,0,0,0,0,0,0,0,0,0
450781,2,1,31,31,31,31,31,31,31,31,31,31
450782,0,1,0,0,0,0,0,0,0,0,0,7
450782,1,1,0,16,0,0,0,0,0,0,0,0
450783,0,1,32,32,32,32,32,32,32,32,32,32
450783,1,1,0,0,0,0,0,0,0,0,0,0
450784,1,1,13,13,13,13,13,13,13,13,13,13
450785,1,1,0,0,0,0,0,0,0,0,0,0
450786,1,1,0,0,0,0,0,0,0,0,0,0
450786,2,1,0,0,0,0,0,0,0,0,0,0
450787,1,1,19,19,19,19,19,19,19,19,19,19
450788,1,1,0,0,0,0,0,0,0,0,0,0
450788,2,1,0,0,0,0,0,0,0,0,0,0
450789,0,1,0,0,0,0,0,0,0,0,0,0
450789,1,1,0,0,0,0,0,0,0,0,0,0
450790,0,1,0,0,0,0,19,0,0,0,0,0
450790,1,1,0,0,22,0,0,0,0,0,0,0
450790,2,1,0,0,0,0,0,0,0,0,0,0
450791,1,1,0,0,0,0,0,0,0,0,0,0
450792,1,1,0,0,0,0,0,0,0,0,0,0
450792,2,1,0,17,0,0,0,0,0,0,0,0
450793,1,1,0,0,0,0,0,0,0,0,0,0
450793,2,1,0,0,0,0,0,0,0,0,0,0
450794,0,1,0,0,0,0,0,0,0,0,0,0
450794,1,1,0,0,0,0,0,0,0,0,0,0
450795,1,1,2,2,2,2,2,2,2,2,2,2
450796,1,1,0,0,0,0,0,0,0,0,0,0
450796,2,1,0,0,0,0,0,0,0,27,0,0
450797,1,1,18,18,18,18,18,18,18,18,18,18
450798,1,1,0,0,0,0,0,0,0,0,0,0
450798,2,1,25,25,25,25,25,25,25,25,25,25
450799,1,1,36,36,36,36,36,36,36,36,36,36
450800,1,1,0,0,0,0,0,0,0,0,0,0
450801,1,1,11,0,0,0,0,0,5,0,19,0
450802,1,1,0,0,0,0,0,0,0,0,0,0
450803,1,1,0,0,0,0,0,0,0,0,0,0
450803,2,1,0,0,0,0,0,0,0,0,0,0
450804,1,1,0,0,0,0,0,0,0,0,0,0
450804,2,1,0,0,0,0,0,0,0,0,0,0
450804,3,1,0,0,0,0,0,0,0,0,0,0
450805,1,1,11,11,11,11,11,11,11,11,11,11
450806,0,1,0,0,0,0,0,0,0,0,0,0
450806,1,1,0,0,0,0,0,0,0,0,0,0
450807,1,1,22,22,22,22,22,22,22,22,22,22
450808,1,1,0,0,0,0,0,0,0,0,0,0
450808,2,1,0,0,0,0,0,0,0,0,0,0
450809,1,1,0,0,0,0,0,0,0,0,0,0
450809,2,1,0,0,0,0,29,0,0,0,0,0
450809,3,1,0,0,0,0,0,0,0,0,0,0
450810,0,1,23,23,23,23,23,23,23,23,23,23
450810,1,1,19,0,0,0,0,0,0,0,15,0
450811,1,1,0,0,0,0,0,0,0,0,0,0
450811,2,1,0,0,0,0,0,0,0,0,0,0
450812,0,1,0,0,0,0,0,0,0,0,0,0
450812,1,1,0,0,0,0,0,0,0,0,0,0
450812,2,1,0,0,0,0,0,0,0,0,0,0
450812,3,1,0,0,0,0,0,0,0,0,0,0
450812,4,1,0,28,0,0,0,0,0,0,0,0
450813,1,1,0,0,0,0,22,0,0,0,0,0
450813,2,1,0,0,0,0,0,0,0,0,0,0
450814,1,1,0,18,0,0,28,0,0,0,0,0
450815,1,1,0,0,0,0,0,0,0,10,0,0
450815,2,1,0,0,0,0,0,4,18,14,0,0
450816,0,1,23,23,23,23,23,23,23,23,23,23
450816,1,1,0,0,0,15,0,0,0,0,0,0
450817,1,1,7,12,19,14,8,13,16,28,34,12