ST_CASE,VEH_NO,PER_NO,P1,P2,P3,P4,P5,P6,P7,P8,P9,P10
470973,1,1,24,24,24,24,24,24,24,24,24,24
470973,2,1,0,0,0,0,0,0,0,0,0,0
470974,1,1,0,5,0,0,0,0,0,0,0,0
470974,2,1,5,0,0,20,0,0,0,14,0,18
470974,3,1,0,0,0,0,0,0,0,0,0,0
470975,1,1,0,0,0,0,0,0,0,0,0,0
470975,2,1,0,0,0,0,0,0,0,0,0,0
470976,1,1,0,0,0,0,0,0,0,0,0,0
470977,1,1,0,0,0,0,0,0,0,0,0,0
470978,1,1,0,0,0,0,0,0,0,0,0,0
470978,2,1,0,0,0,0,0,0,0,0,0,0
470979,1,1,0,0,0,0,0,0,0,0,0,0
470980,0,1,0,0,0,0,0,0,0,0,0,0
470980,1,1,0,0,0,0,0,0,0,0,0,0
470981,0,1,15,15,15,15,15,15,15,15,15,15
470981,1,1,12,17,0,0,0,0,12,12,0,9
470982,1,1,0,0,0,0,0,0,0,0,0,0
470982,2,1,0,0,0,0,0,0,0,0,0,0
470983,1,1,4,0,0,0,0,0,0,0,0,0
470984,1,1,0,0,0,0,0,0,0,0,0,0
470984,2,1,0,0,0,0,0,0,10,0,13,0
470985,1,1,15,15,15,15,15,15,15,15,15,15
470985,2,1,0,0,17,0,0,0,0,0,0,0
470986,1,1,0,0,0,0,0,0,0,0,0,0
470986,2,1,0,0,0,0,0,0,0,0,0,0
470987,1,1,0,0,0,0,0,0,4,0,0,0
470988,1,1,0,0,0,0,0,0,0,0,0,0
470989,1,1,0,0,0,0,0,0,0,0,0,0
470989,2,1,0,0,0,0,0,0,0,0,0,0
470990,1,1,0,0,0,0,0,0,0,0,18,0
470990,2,1,0,0,0,0,0,0,0,0,0,0
470991,1,1,8,8,8,8,8,8,8,8,8,8
470991,2,1,0,12,0,0,0,0,0,0,0,0
470991,3,1,0,0,0,0,0,0,0,0,0,0
470992,1,1,17,17,17,17,17,17,17,17,17,17
470993,1,1,0,0,26,0,0,0,0,0,0,0
470994,1,1,0,0,0,0,0,0,21,0,0,0
470994,2,1,0,0,0,0,0,0,0,0,0,0
480001,1,1,18,18,18,18,18,18,18,18,18,18
480002,1,1,16,0,0,0,0,0,0,9,0,0
480003,1,1,18,18,18,18,18,18,18,18,18,18
480004,1,1,25,25,25,25,25,25,25,25,25,25
480005,0,1,10,10,10,10,10,10,10,10,10,10
480005,1,1,0,15,26,14,12,0,23,0,0,15
480006,1,1,28,28,28,28,28,28,28,28,28,28
480006,2,1,0,0,0,0,0,0,0,0,0,0
480007,1,1,0,0,0,0,0,0,0,0,0,0
480008,1,1,16,19,0,24,12,0,2,0,29,20
480009,0,1,0,0,0,23,0,0,0,0,0,0
480009,1,1,0,0,0,0,0,0,0,0,25,0
480010,1,1,27,27,27,27,27,27,27,27,27,27
480011,1,1,13,13,13,13,13,13,13,13,13,13
480012,1,1,0,12,0,0,0,0,0,0,0,0
480012,2,1,0,0,0,0,22,11,23,12,0,0
480013,1,1,17,17,17,17,17,17,17,17,17,17
480014,1,1,31,31,31,31,31,31,31,31,31,31
480014,2,1,0,0,0,0,0,0,0,15,12,14
480014,3,1,0,0,0,22,13,0,0,0,0,18
480015,1,1,9,0,0,0,0,0,0,0,0,0
480015,2,1,0,0,0,0,0,0,0,0,0,0
480016,1,1,0,8,0,0,0,30,0,0,0,0
480017,1,1,12,0,0,0,0,9,0,19,19,0
480017,2,1,0,0,0,0,0,0,0,0,0,0
480018,1,1,0,0,0,0,0,0,0,0,0,0
480019,1,1,17,17,17,17,17,17,17,17,17,17
480019,2,1,0,0,0,0,0,0,0,0,0,0
480020,0,1,0,0,0,0,0,0,0,0,0,0
480020,0,2,10,0,10,6,0,10,0,42,0,20
480020,1,1,4,19,15,11,8,11,8,24,10,20
480021,1,1,19,21,11,13,18,10,15,14,12,14
480022,1,1,0,0,0,0,0,4,25,4,0,0
480022,2,1,0,0,0,0,0,0,0,0,0,0
480023,0,1,0,0,0,0,0,0,0,0,0,0
480023,1,1,0,0,0,0,0,0,6,0,0,0
480024,1,1,0,0,0,0,0,0,0,0,0,0
480024,2,1,0,0,0,0,23,0,0,0,0,0
480025,1,1,0,0,0,0,0,0,0,0,16,0
480026,1,1,0,0,0,0,0,0,0,0,0,0
480026,2,1,0,0,0,0,0,0,0,0,0,0
480027,1,1,0,0,0,0,0,0,0,0,0,0
480027,2,1,0,0,0,0,0,0,0,0,0,0
480027,3,1,0,0,0,0,0,0,0,0,0,0
480027,4,1,0,0,0,0,0,0,0,0,0,0
480027,5,1,0,0,0,0,0,0,0,0,0,0
480028,1,1,16,16,16,16,16,16,16,16,16,16
480029,1,1,0,0,0,8,0,13,0,0,0,0
480029,2,1,25,0,0,0,13,0,5,21,0,5
480030,0,1,58,16,0,16,22,0,0,0,0,30
480030,1,1,0,0,0,0,0,17,0,13,12,15
480031,1,1,22,0,33,3,31,0,0,0,0,0
480031,2,1,0,0,0,5,0,0,0,0,0,0
480032,1,1,0,0,0,0,0,0,0,0,0,0
480033,1,1,0,0,0,0,0,0,0,0,0,0
480033,2,1,0,0,0,13,0,0,2,8,0,0
480034,1,1,0,0,16,14,0,15,0,0,0,0
480034,2,1,0,0,0,0,0,0,0,0,0,0
480035,1,1,0,0,0,0,0,0,0,0,0,0
480035,2,1,0,0,0,0,0,0,0,0,0,0
480036,1,1,16,16,16,16,16,16,16,16,16,16
480036,2,1,21,21,21,21,21,21,21,21,21,21
480037,1,1,0,0,0,0,0,0,0,0,0,0
480037,2,1,8,0,0,37,36,0,13,0,46,0
480038,1,1,0,0,8,0,18,11,0,0,3,0
480038,2,1,4,0,0,0,0,0,16,0,0,0
480039,1,1,15,0,0,0,0,0,7,0,6,0
480040,1,1,0,0,18,0,0,0,0,0,0,0
480040,2,1,0,0,0,0,0,0,0,0,0,0
480041,1,1,21,15,18,10,13,17,0,0,0,18
480041,2,1,0,21,10,0,18,16,23,17,9,0
480042,1,1,21,0,26,16,0,0,0,15,0,27
480043,1,1,0,0,0,0,0,0,0,0,0,0
480043,2,1,20,0,0,0,0,0,0,8,0,0
480044,1,1,27,27,27,27,27,27,27,27,27,27
480044,2,1,26,11,0,23,0,0,18,8,4,7
480045,1,1,0,0,9,16,0,9,5,33,0,0
480045,2,1,0,0,0,0,0,0,0,0,0,0
480046,1,1,13,13,13,13,13,13,13,13,13,13
480047,1,1,0,0,0,0,0,19,0,0,0,0
480047,2,1,0,0,0,0,0,0,0,0,0,0
480047,3,1,0,0,0,0,0,0,15,0,0,0
480048,0,1,0,0,0,0,28,0,0,0,21,15
480048,1,1,0,4,25,0,0,12,16,8,18,11
480049,1,1,3,3,3,3,3,3,3,3,3,3
480050,1,1,16,16,16,16,16,16,16,16,16,16
480052,1,1,0,16,0,2,0,0,0,0,0,0
480052,2,1,0,0,0,22,0,0,0,0,0,0
480053,1,1,8,0,0,0,0,22,21,10,30,0
480054,1,1,0,0,0,0,0,0,0,0,0,0
480055,0,1,0,0,0,0,0,0,0,0,0,0
480055,0,2,5,21,0,0,0,16,16,0,0,21
480055,0,3,0,0,0,0,8,0,8,0,0,14
480055,0,4,26,0,0,16,14,4,0,25,18,12
480055,1,1,17,0,0,0,0,20,0,0,0,21
480055,2,1,11,0,11,0,0,15,0,6,0,0
480056,1,1,0,25,0,5,15,26,0,0,24,8
480057,1,1,0,0,0,0,0,0,0,0,0,0
480057,2,1,0,0,0,0,12,13,0,0,0,0
480058,1,1,0,0,0,0,0,0,0,0,0,0
480058,2,1,0,0,0,47,0,0,15,0,0,0
480059,0,1,25,25,25,25,25,25,25,25,25,25
480059,1,1,0,0,0,0,0,19,0,0,0,0
480060,1,1,19,19,19,19,19,19,19,19,19,19
480061,1,1,13,0,9,0,0,0,0,31,0,0
480061,2,1,0,0,0,0,0,0,11,0,0,0
480061,3,1,17,0,0,0,0,0,0,0,0,5
480062,1,1,0,0,0,0,0,0,0,0,0,0
480062,2,1,19,0,0,0,0,0,0,0,19,0
480063,1,1,0,0,0,0,0,0,0,0,0,0
480063,2,1,0,0,0,0,0,0,0,0,0,0
480064,1,1,21,16,19,21,0,11,12,14,4,4
480064,2,1,33,12,22,21,0,20,20,18,0,0
480064,3,1,14,0,16,0,15,8,0,0,0,0
480065,1,1,16,16,16,16,16,16,16,16,16,16
480066,1,1,1,1,1,1,1,1,1,1,1,1
480067,0,1,19,0,0,37,14,0,12,0,27,0
480067,1,1,10,27,0,0,0,19,28,25,0,17
480068,1,1,29,29,29,29,29,29,29,29,29,29
480069,1,1,26,4,5,0,0,21,12,7,22,28
480070,1,1,0,0,0,0,0,0,0,0,0,0
480070,2,1,0,0,0,0,0,0,0,0,0,0
480071,1,1,0,0,0,0,0,4,0,0,0,0
480071,2,1,0,0,0,0,0,0,0,0,0,0
480072,0,1,0,0,0,0,0,0,0,0,0,0
480072,1,1,21,23,0,0,0,0,0,0,0,0
480073,1,1,0,0,0,0,0,0,0,0,0,0
480073,2,1,0,0,0,0,0,0,0,0,0,0
480074,1,1,22,20,0,11,0,35,0,0,0,0
480074,2,1,24,0,0,0,0,0,0,0,0,0
480075,0,1,0,0,25,0,0,0,0,13,0,11
480075,1,1,0,5,0,0,0,0,0,0,8,0
480076,1,1,0,0,0,0,0,0,0,0,0,0
480077,1,1,0,7,0,0,0,0,0,0,22,0
480078,1,1,0,0,0,0,0,0,0,0,0,0
480078,2,1,0,0,16,5,0,0,11,11,0,25
480079,0,1,0,0,0,0,0,12,0,0,0,0
480079,1,1,0,0,0,0,0,0,0,0,0,0
480080,1,1,6,0,0,0,0,14,0,0,0,0
480080,2,1,0,0,0,0,0,0,0,0,0,0
480081,1,1,0,0,0,0,0,0,0,0,0,17
480081,2,1,0,7,3,0,0,0,0,0,0,0
480081,3,1,0,0,0,0,0,25,0,0,12,0
480082,1,1,0,0,0,0,0,0,0,0,0,27
480082,2,1,0,0,14,0,12,36,0,0,0,11
480083,1,1,0,0,0,0,0,0,11,0,0,2
480083,2,1,0,0,0,0,0,18,0,0,0,25
480084,1,1,0,5,0,0,0,0,0,0,0,11
480085,1,1,0,0,0,0,0,0,0,0,0,0
480085,2,1,0,0,0,0,0,0,0,0,0,4
480086,1,1,42,0,0,0,0,9,16,0,26,32
480086,2,1,0,29,7,0,13,0,0,0,13,17
480087,1,1,24,24,24,24,24,24,24,24,24,24
480088,1,1,0,15,0,15,0,0,0,32,0,31
480089,1,1,0,0,0,0,0,0,0,0,0,0
480090,1,1,0,0,0,0,0,0,0,0,0,15
480090,2,1,13,0,0,0,0,0,0,11,0,15
480091,1,1,0,24,5,9,18,26,9,0,0,24
480092,0,1,23,0,34,27,11,12,0,12,14,13
480092,1,1,16,16,16,16,16,16,16,16,16,16
480093,1,1,0,0,0,0,0,0,0,0,0,0
480094,1,1,0,0,0,0,0,0,0,0,0,0
480095,1,1,0,0,0,5,0,0,0,0,0,0
480096,1,1,0,9,16,0,18,0,0,0,0,0
480096,2,1,0,0,0,0,0,0,0,0,0,0
480097,0,1,0,0,0,0,0,0,0,0,0,0
480097,1,1,0,0,0,19,12,0,0,0,0,8
480098,1,1,19,19,19,19,19,19,19,19,19,19
480099,0,1,0,22,0,0,22,15,0,0,0,25
480099,1,1,24,0,0,0,0,0,0,0,0,0
480100,1,1,10,0,0,0,0,0,39,0,0,0
480100,2,1,0,0,0,0,0,0,0,0,0,6
480101,1,1,23,0,0,0,11,0,14,0,17,0
480101,2,1,0,0,11,0,0,0,6,0,0,18
480102,1,1,0,13,18,19,0,14,0,20,18,0
480103,0,1,20,20,20,20,20,20,20,20,20,20
480103,1,1,0,0,13,10,23,7,18,11,12,0
480104,0,1,13,20,22,17,15,6,13,4,9,42
480104,1,1,0,18,0,0,0,12,8,38,7,0
480104,2,1,0,0,0,0,0,0,0,0,0,0
480105,1,1,0,0,0,0,0,0,0,0,0,0
480106,1,1,0,0,0,0,0,0,0,0,0,0
480106,2,1,0,33,0,0,0,0,0,0,0,0
480107,1,1,0,16,19,8,6,19,20,0,14,19
480108,1,1,9,0,8,0,10,0,0,0,14,0
480111,1,1,0,0,0,0,29,6,0,8,0,0
480112,1,1,36,22,15,22,13,16,9,26,20,3
480113,1,1,0,13,0,0,15,0,0,10,0,0
480114,1,1,0,0,0,0,0,0,0,0,0,0
480115,1,1,0,0,0,0,0,0,0,0,0,0
480116,1,1,15,15,15,15,15,15,15,15,15,15
480117,1,1,13,0,17,0,0,16,0,12,0,0
480118,0,1,0,0,0,9,0,18,0,0,0,0
480118,1,1,0,12,17,0,0,0,24,0,20,5
480119,1,1,0,9,0,9,0,0,0,11,10,0
480120,1,1,0,0,0,0,0,0,0,0,0,0
480120,2,1,7,5,0,0,0,8,22,7,0,0
480121,0,1,28,0,0,0,28,25,0,8,0,0
480121,1,1,0,0,0,22,13,5,27,18,0,52
480122,1,1,19,19,19,19,19,19,19,19,19,19
480123,1,1,10,0,0,0,0,10,0,22,0,23
480123,2,1,0,0,0,0,0,0,0,0,0,14
480124,1,1,22,22,22,22,22,22,22,22,22,22
480125,0,1,0,0,0,0,20,11,13,21,0,0
480125,1,1,0,0,0,0,0,0,0,0,0,0
480126,1,1,0,0,0,0,0,0,0,0,0,0
480126,2,1,8,8,8,8,8,8,8,8,8,8
480127,1,1,0,0,0,0,0,0,0,0,0,21
480127,2,1,0,0,2,0,0,0,0,15,0,0
480128,1,1,0,0,12,0,15,0,17,0,0,42
480129,0,1,0,0,0,0,0,0,0,0,0,0
480129,1,1,16,25,0,23,0,21,20,0,31,0
480129,2,1,10,0,0,4,0,7,44,0,38,0
480129,3,1,8,15,0,0,0,0,0,15,0,39
480130,1,1,8,8,8,8,8,8,8,8,8,8
480130,2,1,0,0,31,0,0,14,20,0,23,15
480130,3,1,17,0,0,28,0,20,0,0,0,0
480131,0,1,23,23,23,23,23,23,23,23,23,23
480131,1,1,0,0,0,0,0,0,0,0,0,0
480132,1,1,0,0,0,0,0,0,0,0,0,0
480132,2,1,0,0,0,26,0,0,0,10,8,0
480133,1,1,0,0,0,0,0,0,0,0,0,0
480134,1,1,0,0,0,0,0,0,0,0,0,0
480134,2,1,0,0,0,0,0,0,0,0,0,0
480136,1,1,13,7,20,0,0,17,0,0,12,25
480137,1,1,0,0,0,0,0,0,0,0,0,11
480138,0,1,0,0,0,0,0,0,0,0,0,0
480138,1,1,12,0,0,0,0,0,20,0,0,0
480140,1,1,0,0,0,0,0,0,0,0,0,0
480141,1,1,0,0,0,0,0,0,0,0,0,0
480142,1,1,0,0,0,0,0,0,0,0,0,0
480142,2,1,0,0,0,0,0,0,0,0,0,0
480144,1,1,13,0,6,0,14,0,0,7,3,0
480145,1,1,0,0,0,0,0,0,0,0,0,0
480145,2,1,0,22,0,0,0,0,0,0,0,0
480145,3,1,0,0,0,0,0,0,0,0,6,0
480145,4,1,9,23,0,0,0,0,0,0,0,0
480146,1,1,0,0,0,0,0,0,0,0,0,0
480147,0,1,0,0,0,0,0,0,0,0,0,0
480147,1,1,0,0,13,0,11,0,0,0,14,42
480148,1,1,10,10,10,10,10,10,10,10,10,10
480148,2,1,0,0,0,0,0,0,0,0,0,0
480149,1,1,0,10,0,0,36,18,0,0,0,0
480150,0,1,8,0,14,0,0,0,0,0,0,0
480150,1,1,0,0,0,0,0,0,0,0,0,0
480150,2,1,0,0,0,15,0,0,0,0,0,0
480151,0,1,0,0,39,20,10,0,0,0,0,0
480151,1,1,0,0,0,0,0,0,0,0,0,0
480152,0,1,0,0,0,0,0,0,0,0,0,0
480152,1,1,2,2,2,2,2,2,2,2,2,2
480153,1,1,0,0,0,0,0,0,6,0,29,0
480153,2,1,0,0,0,0,0,0,0,0,0,0
480154,0,1,0,0,0,0,0,0,0,0,0,0
480154,1,1,0,0,14,0,0,0,0,0,0,0
480154,3,1,0,0,0,0,0,0,0,0,0,0
480155,1,1,9,9,9,9,9,9,9,9,9,9
480155,2,1,0,15,0,13,0,0,11,24,13,0
480155,3,1,0,0,21,0,0,6,7,0,0,18
480156,1,1,0,0,0,0,0,0,0,0,0,12
480156,2,1,2,2,2,2,2,2,2,2,2,2
480157,0,1,0,0,0,11,0,0,0,0,0,0
480157,1,1,0,15,0,0,0,0,11,0,0,0
480158,1,1,0,10,0,0,0,0,0,12,2,0
480158,2,1,0,0,0,0,0,0,0,20,0,0
480159,1,1,7,0,0,11,20,0,0,30,9,0
480160,0,1,7,0,0,0,0,0,0,9,0,0
480160,1,1,0,24,14,36,19,6,37,27,0,27
480161,1,1,12,0,13,14,0,0,0,0,0,0
480163,1,1,0,0,0,0,10,0,0,0,0,0
480163,2,1,0,10,0,26,15,0,0,13,23,0
480164,1,1,15,32,0,0,0,0,0,0,0,0
480165,1,1,19,19,19,19,19,19,19,19,19,19
480166,1,1,0,0,0,0,0,0,0,0,0,0
480166,2,1,0,0,0,0,0,0,0,0,0,0
480167,1,1,0,25,0,0,0,18,0,13,0,0
480167,2,1,15,0,0,0,0,0,6,19,0,0
480167,3,1,0,0,19,0,8,0,0,0,0,0
480168,1,1,0,0,0,0,0,0,0,0,0,0
480169,1,1,0,16,0,13,20,34,16,26,23,6
480169,2,1,0,9,14,0,13,0,0,0,30,18
480169,3,1,5,0,0,8,0,0,10,0,21,0
480170,1,1,0,10,12,18,30,0,0,0,0,0
480170,2,1,4,4,4,4,4,4,4,4,4,4
480171,1,1,18,18,18,18,18,18,18,18,18,18
480172,1,1,6,6,6,6,6,6,6,6,6,6
480173,1,1,0,0,0,0,0,0,0,0,0,0
480173,2,1,1,1,1,1,1,1,1,1,1,1
480174,1,1,0,0,14,0,0,0,0,5,15,16
480174,2,1,38,38,38,38,38,38,38,38,38,38
480175,1,1,20,20,20,20,20,20,20,20,20,20
480176,1,1,0,0,0,0,0,0,0,0,0,0
480177,1,1,11,11,11,11,11,11,11,11,11,11
480177,2,1,0,12,4,0,0,0,0,19,0,0
480177,3,1,0,0,0,0,0,0,0,0,0,16
480177,4,1,0,0,0,36,0,21,0,0,0,8
480178,1,1,34,0,0,0,0,21,12,0,0,0
480179,1,1,32,32,32,32,32,32,32,32,32,32
480180,1,1,25,25,25,25,25,25,25,25,25,25
480181,1,1,0,0,0,0,0,0,0,0,0,0
480182,1,1,0,0,0,0,24,0,12,21,0,0
480183,1,1,0,0,21,16,19,11,0,13,18,19
480184,1,1,6,6,6,6,6,6,6,6,6,6
480184,2,1,0,0,0,0,0,0,0,0,0,0
480185,1,1,16,0,18,20,19,31,19,49,17,11
480186,1,1,0,0,0,0,0,0,0,0,0,0
480186,2,1,0,0,0,0,0,0,0,0,0,0
480187,1,1,28,0,25,12,0,0,21,9,21,0
480187,2,1,0,0,21,0,0,16,0,16,13,0
480188,1,1,0,0,0,0,0,0,0,0,0,0
480189,1,1,0,26,0,0,18,0,0,0,0,0
480189,2,1,0,0,0,0,0,0,0,0,0,0
480190,0,1,38,38,38,38,38,38,38,38,38,38
480190,1,1,4,0,0,0,0,12,0,0,0,0
480191,1,1,0,0,20,0,32,0,0,0,0,0
480192,1,1,11,0,0,24,0,0,0,19,0,17
480192,2,1,0,0,0,0,0,0,0,0,0,0
480193,1,1,0,0,0,0,0,0,0,0,0,0
480193,2,1,0,0,0,0,0,0,0,0,0,0
480194,1,1,33,33,33,33,33,33,33,33,33,33
480195,1,1,13,13,13,13,13,13,13,13,13,13
480196,1,1,0,0,13,0,0,0,0,0,0,0
480197,1,1,10,10,10,10,10,10,10,10,10,10
480197,2,1,0,0,0,7,21,21,15,24,0,18
480197,3,1,0,0,3,14,0,0,0,0,0,0
480198,1,1,0,0,0,0,0,0,0,0,0,0
480198,2,1,0,0,11,0,0,0,23,0,0,0
480199,1,1,31,31,31,31,31,31,31,31,31,31
480200,1,1,0,0,0,10,17,0,0,0,0,0
480201,1,1,0,0,0,0,0,0,0,0,0,0
480201,2,1,0,0,0,0,0,0,0,0,0,0
480202,0,1,0,0,0,0,0,0,0,0,0,0
480202,1,1,0,0,0,17,20,0,0,23,0,0
480203,1,1,19,0,0,0,0,0,0,0,0,35
480203,2,1,0,2,0,31,0,25,6,0,21,0
480204,1,1,0,38,0,0,0,0,0,0,0,0
480204,2,1,0,0,0,0,0,0,0,22,0,0
480205,0,1,0,0,0,0,0,0,0,0,0,0
480205,1,1,0,9,0,15,22,0,0,0,34,0
480206,1,1,16,16,16,16,16,16,16,16,16,16
480207,1,1,0,0,0,0,0,0,0,0,0,0
480207,2,1,0,0,0,0,0,0,0,0,4,0
480208,0,1,0,0,0,0,0,0,0,0,0,0
480208,1,1,4,0,0,0,18,0,0,15,0,0
480209,1,1,32,32,32,32,32,32,32,32,32,32
480210,1,1,3,0,0,0,0,0,0,0,0,0
480210,2,1,0,0,0,0,0,0,0,0,0,10
480211,1,1,8,0,44,0,0,0,0,0,0,0
480211,2,1,0,0,0,0,0,0,0,0,0,0
480212,1,1,0,0,0,0,0,19,0,9,4,0
480212,2,1,19,0,0,0,0,24,0,0,0,13
480213,0,1,0,20,15,36,12,1,0,0,29,19
480213,1,1,0,0,0,0,0,0,19,0,26,0
480215,1,1,0,0,0,0,0,0,0,0,0,0
480215,2,1,0,0,11,0,0,0,0,0,0,0
480216,1,1,0,0,0,0,0,0,0,0,0,0
480217,1,1,0,28,11,4,0,18,0,15,0,0
480218,1,1,0,19,0,0,14,23,0,36,0,0
480218,2,1,0,10,16,0,0,0,11,0,14,0
480219,1,1,0,0,0,0,0,0,0,0,0,0
480220,0,1,0,29,49,10,0,19,18,26,14,39
480220,1,1,0,3,10,0,0,0,0,11,10,0
480221,1,1,14,14,14,14,14,14,14,14,14,14
480221,2,1,0,9,13,18,17,13,11,0,7,0
480222,1,1,15,10,14,8,9,18,30,10,14,22
480222,2,1,0,0,0,0,0,0,0,0,0,0
480223,1,1,18,18,18,18,18,18,18,18,18,18
480224,1,1,0,0,0,0,0,0,0,0,0,0
480225,1,1,0,0,0,0,0,0,0,0,0,0
480226,0,1,18,18,19,18,36,7,0,8,28,28
480226,1,1,0,0,0,22,0,0,0,0,0,34
480227,1,1,0,0,0,0,0,0,0,0,0,0
480228,1,1,0,0,0,0,0,0,0,0,0,0
480228,2,1,0,0,0,0,0,0,0,0,0,0
480229,0,1,0,25,0,26,0,0,33,0,0,0
480229,1,1,13,9,0,31,0,0,12,7,0,0
480230,1,1,0,0,0,0,0,0,11,0,0,0
480230,2,1,0,0,0,0,0,0,0,0,0,0
480230,3,1,0,0,0,20,0,0,30,0,0,16
480231,1,1,1,1,1,1,1,1,1,1,1,1
480231,2,1,0,0,0,0,0,0,0,0,0,0
480232,1,1,0,0,0,0,0,0,0,0,0,0
480232,2,1,0,0,0,0,0,0,0,0,0,0
480233,1,1,0,27,0,20,21,0,0,17,0,0
480233,2,1,0,0,0,0,0,2,0,0,0,0
480234,1,1,0,0,10,21,0,0,10,0,0,0
480234,2,1,14,0,0,0,0,0,0,0,0,0
480235,0,1,0,26,0,39,0,0,0,22,0,0
480235,1,1,0,0,0,0,0,0,0,25,0,29
480236,1,1,19,19,19,19,19,19,19,19,19,19
480237,1,1,13,13,13,13,13,13,13,13,13,13
480237,2,1,0,0,0,0,0,0,0,0,0,0
480238,1,1,0,0,0,0,0,0,0,0,0,0
480238,2,1,23,0,12,0,0,0,0,0,0,0
480239,1,1,23,23,23,23,23,23,23,23,23,23
480240,1,1,27,0,0,0,0,0,20,0,14,32
480240,2,1,19,0,0,0,0,0,0,0,28,0
480241,1,1,13,18,19,0,0,0,0,8,0,0
480241,2,1,0,0,0,0,0,0,0,0,0,0
480242,1,1,0,0,0,9,0,0,0,0,0,0
480242,2,1,0,0,0,0,0,0,0,0,0,0
480243,0,1,15,0,0,20,24,0,18,19,0,0
480243,1,1,22,14,0,10,0,18,0,0,34,5
480244,1,1,30,30,30,30,30,30,30,30,30,30
480244,2,1,0,0,0,0,0,22,0,0,11,0
480246,1,1,20,20,20,20,20,20,20,20,20,20
480247,1,1,0,0,0,0,0,0,0,0,0,0
480248,1,1,0,0,0,0,0,0,0,0,0,0
480248,2,1,0,0,23,0,0,0,0,0,0,0
480250,0,1,0,0,0,0,0,0,0,0,0,11
480250,1,1,0,0,15,0,0,0,20,0,0,0
480251,1,1,5,0,0,0,16,6,0,7,0,17
480252,1,1,0,0,0,0,0,0,0,0,0,0
480252,2,1,0,0,0,0,0,0,0,0,0,0
480253,1,1,0,0,24,12,19,6,16,18,11,21
480254,1,1,0,0,0,0,11,0,0,0,12,0
480254,2,1,0,0,0,0,0,21,0,17,0,0
480254,3,1,26,0,0,0,0,0,0,0,0,29
480254,4,1,0,0,0,0,0,0,0,0,22,0
480255,1,1,16,16,16,16,16,16,16,16,16,16
480255,2,1,0,0,14,0,23,36,26,10,18,18
480256,1,1,0,9,0,15,0,11,0,0,0,0
480257,1,1,4,4,4,4,4,4,4,4,4,4
480258,1,1,10,0,21,20,0,20,15,0,11,0
480259,1,1,16,0,3,7,17,0,9,21,13,16
480259,2,1,12,0,0,0,0,0,18,0,0,20
480260,1,1,15,0,0,0,7,0,0,0,16,17
480260,2,1,0,0,0,0,0,12,0,0,0,0
480261,0,1,0,0,0,0,0,0,0,0,0,0
480261,1,1,0,0,0,0,0,0,0,0,0,0
480262,1,1,0,0,0,0,0,0,0,0,0,0
480262,2,1,0,0,0,0,0,0,0,0,0,0
480263,1,1,25,0,0,0,0,0,0,0,0,0
480263,2,1,0,0,0,8,0,8,9,0,12,0
480264,1,1,11,11,11,11,11,11,11,11,11,11
480265,1,1,0,0,0,0,0,0,0,0,0,0
480266,1,1,0,15,0,0,0,0,6,0,0,0
480266,2,1,0,0,0,0,0,0,0,6,0,0
480267,1,1,13,0,0,20,0,6,0,0,17,12
480268,1,1,10,0,0,0,0,0,0,19,0,25
480270,1,1,3,3,3,3,3,3,3,3,3,3
480270,2,1,0,0,0,0,0,0,0,0,0,0
480271,1,1,0,0,0,0,0,0,0,0,0,0
480271,2,1,0,0,0,0,0,0,0,0,0,0
480272,1,1,0,0,0,0,0,0,0,0,0,0
480272,2,1,0,0,0,0,0,0,0,0,0,0
480273,0,1,0,0,0,0,0,0,0,0,0,0
480273,1,1,0,0,0,0,5,0,0,0,0,0
480274,0,1,0,0,0,0,0,0,0,0,0,0
480274,1,1,0,0,0,0,0,0,0,0,0,0
480275,0,1,0,0,0,0,26,0,0,0,11,0
480275,1,1,0,0,0,0,0,0,10,4,0,0
480276,0,1,13,13,13,13,13,13,13,13,13,13
480276,1,1,8,0,20,18,5,11,0,0,0,0
480277,1,1,0,0,10,16,0,0,0,0,14,0
480277,2,1,0,0,0,0,0,0,0,0,0,0
480278,1,1,0,7,0,0,0,0,0,0,25,0
480279,1,1,0,0,0,0,0,2,0,0,0,0
480280,1,1,0,24,0,0,0,0,16,0,7,10
480280,2,1,0,0,0,0,0,0,0,0,0,0
480281,1,1,0,6,0,0,0,0,0,0,0,10
480281,2,1,7,8,0,0,6,0,0,0,0,0
480281,3,1,0,0,0,0,0,11,0,24,0,0
480282,1,1,0,0,0,0,0,0,0,0,0,0