ST_CASE,VEH_NO,PER_NO,P1,P2,P3,P4,P5,P6,P7,P8,P9,P10
480283,1,1,0,0,0,0,0,0,0,0,0,0
480283,2,1,10,10,10,10,10,10,10,10,10,10
480284,0,1,0,28,12,0,0,0,40,0,0,24
480284,1,1,0,0,0,0,0,17,0,0,0,5
480285,1,1,0,0,0,0,0,14,8,0,0,0
480286,1,1,21,21,21,21,21,21,21,21,21,21
480287,1,1,0,10,0,0,0,0,0,0,0,0
480288,0,1,0,0,0,0,0,0,0,0,0,0
480288,1,1,7,0,0,0,0,22,0,0,6,0
480289,1,1,8,8,8,8,8,8,8,8,8,8
480289,2,1,0,0,0,0,0,0,17,0,0,0
480290,0,1,0,0,17,0,29,0,8,0,33,0
480290,1,1,0,11,0,26,11,14,0,0,0,0
480291,1,1,0,0,0,0,0,3,0,15,0,0
480291,2,1,0,20,14,0,40,15,16,0,16,12
480291,3,1,0,0,0,17,0,0,8,0,28,7
480291,4,1,8,23,18,0,0,19,0,0,0,0
480291,5,1,0,0,0,30,0,0,22,20,0,0
480292,0,1,0,0,0,0,0,0,0,16,31,10
480292,1,1,0,0,0,0,0,2,0,0,0,0
480293,1,1,0,0,0,0,0,0,0,0,0,0
480293,2,1,9,9,17,10,6,19,16,2,20,11
480294,1,1,0,45,15,17,0,16,0,8,0,2
480295,1,1,0,0,0,0,0,0,0,0,0,0
480295,2,1,0,0,0,0,0,0,24,0,0,0
480295,3,1,0,0,0,12,0,0,0,0,0,0
480295,4,1,0,0,0,0,0,0,13,0,19,0
480295,5,1,0,0,0,9,0,0,0,0,0,0
480296,1,1,33,33,33,33,33,33,33,33,33,33
480296,2,1,0,0,0,0,0,0,0,2,0,0
480297,1,1,15,0,0,0,0,0,0,0,0,0
480297,2,1,0,0,0,11,0,0,0,0,0,0
480297,3,1,0,25,0,0,0,0,0,0,15,0
480298,1,1,0,0,17,14,9,10,0,0,0,17
480298,2,1,0,0,0,0,0,0,0,0,0,0
480299,1,1,8,0,0,0,15,0,0,4,0,0
480299,2,1,0,0,13,0,0,0,0,0,0,0
480300,0,1,5,9,24,24,0,0,0,18,0,12
480300,1,1,0,0,0,0,0,13,8,14,14,0
480301,0,1,19,19,19,19,19,19,19,19,19,19
480301,1,1,13,0,0,30,13,0,0,32,0,0
480302,1,1,20,0,0,0,0,0,34,0,0,14
480303,0,1,25,0,0,0,0,0,0,0,0,0
480303,1,1,0,16,0,0,17,0,0,0,0,24
480303,2,1,18,8,0,0,0,0,0,0,19,23
480304,0,1,16,16,16,16,16,16,16,16,16,16
480304,1,1,0,0,0,0,0,0,0,0,0,0
480305,1,1,0,0,0,21,0,0,0,0,0,11
480305,2,1,0,0,0,0,20,0,0,0,0,0
480306,1,1,16,0,0,0,0,0,23,0,0,0
480307,1,1,0,0,0,0,0,0,0,0,0,0
480307,2,1,0,0,0,0,0,0,0,0,0,0
480308,1,1,0,0,0,0,0,0,0,0,0,0
480309,1,1,13,13,13,13,13,13,13,13,13,13
480310,0,1,13,0,0,0,0,0,10,17,24,0
480310,2,1,0,0,6,0,0,0,0,0,0,14
480311,0,1,0,0,6,0,0,0,15,27,20,0
480311,1,1,0,0,12,0,0,0,15,23,10,0
480312,1,1,0,0,0,0,16,0,27,0,0,26
480313,1,1,0,0,0,0,0,0,0,0,0,0
480313,2,1,0,0,11,10,0,0,13,0,0,0
480314,0,1,0,0,0,0,0,0,0,0,0,0
480314,1,1,0,0,11,19,0,6,11,0,0,0
480315,1,1,0,0,0,0,0,0,0,0,0,0
480316,0,1,21,24,0,19,0,0,0,0,0,0
480316,1,1,1,1,1,1,1,1,1,1,1,1
480317,1,1,0,0,0,0,0,0,19,0,0,0
480317,2,1,0,0,0,0,0,0,0,0,13,0
480318,1,1,17,17,17,17,17,17,17,17,17,17
480319,0,1,0,0,0,0,0,0,0,0,0,0
480319,1,1,0,0,0,0,12,0,0,0,0,0
480320,0,1,15,0,0,8,0,11,0,0,0,0
480320,1,1,0,0,0,0,0,0,0,0,0,0
480321,1,1,13,0,21,0,0,22,0,21,16,0
480322,0,1,0,14,0,0,0,0,28,25,0,0
480322,1,1,19,0,18,0,10,0,24,0,0,12
480323,1,1,11,11,11,11,11,11,11,11,11,11
480323,2,1,12,32,0,0,0,0,0,0,34,0
480325,1,1,0,0,0,0,0,0,0,0,0,0
480326,1,1,23,22,13,0,24,0,13,25,13,0
480327,1,1,21,20,0,0,0,0,8,0,0,0
480327,2,1,14,8,0,0,0,0,0,0,0,0
480327,3,1,0,0,0,0,19,8,0,21,0,0
480328,1,1,0,0,0,0,0,0,0,0,0,0
480328,2,1,0,0,0,0,0,0,0,0,0,0
480328,3,1,0,0,0,0,0,24,0,0,0,0
480329,1,1,17,0,0,0,0,0,0,0,0,0
480330,1,1,0,0,0,0,0,0,0,0,0,7
480330,2,1,0,0,0,0,0,0,0,0,0,0
480331,1,1,19,19,19,19,19,19,19,19,19,19
480332,0,1,0,40,0,0,0,0,0,0,0,0
480332,1,1,0,0,0,0,0,0,0,0,0,0
480333,0,1,0,0,0,0,0,0,0,0,0,0
480333,1,1,0,0,0,0,0,0,0,0,0,0
480334,0,1,0,0,0,0,0,0,0,0,0,0
480334,1,1,0,0,0,0,0,19,0,0,0,0
480335,0,1,0,0,0,0,0,0,0,0,0,0
480335,1,1,0,0,0,0,0,0,0,0,0,0
480336,1,1,31,31,31,31,31,31,31,31,31,31
480336,2,1,7,7,7,7,7,7,7,7,7,7
480337,1,1,16,16,16,16,16,16,16,16,16,16
480338,1,1,0,0,34,0,11,0,0,0,0,0
480338,2,1,21,0,7,0,17,11,0,13,0,0
480338,3,1,0,6,0,12,11,0,22,10,0,17
480338,4,1,0,15,0,23,0,16,8,24,9,9
480339,1,1,0,0,0,12,0,0,0,0,0,0
480340,1,1,0,0,0,0,0,0,0,0,0,0
480341,1,1,8,8,8,8,8,8,8,8,8,8
480342,1,1,0,0,0,0,0,0,0,0,0,0
480343,1,1,0,0,11,0,0,0,0,0,0,0
480343,2,1,0,0,0,0,0,0,0,0,0,20
480344,1,1,25,25,25,25,25,25,25,25,25,25
480344,2,1,0,0,9,0,0,14,17,10,9,24
480345,1,1,0,0,0,0,0,0,0,7,0,0
480346,1,1,0,0,27,0,16,35,17,0,22,0
480347,1,1,0,0,0,0,0,13,0,0,0,0
480348,1,1,24,24,24,24,24,24,24,24,24,24
480348,2,1,17,17,17,17,17,17,17,17,17,17
480349,1,1,21,21,21,21,21,21,21,21,21,21
480349,2,1,0,5,0,0,18,0,0,0,15,11
480349,3,1,0,10,8,0,20,0,0,0,0,13
480350,1,1,20,20,20,20,20,20,20,20,20,20
480350,2,1,5,0,0,0,0,0,0,0,0,0
480352,1,1,11,11,11,11,11,11,11,11,11,11
480352,2,1,0,0,24,0,9,20,6,0,0,16
480353,1,1,10,10,10,10,10,10,10,10,10,10
480354,1,1,0,0,0,0,0,0,0,0,0,0
480355,1,1,0,0,0,2,0,0,0,0,0,0
480355,2,1,0,0,0,0,0,0,0,0,0,0
480356,1,1,13,9,5,9,19,11,11,9,13,9
480357,0,1,26,26,26,26,26,26,26,26,26,26
480357,1,1,0,0,8,0,0,0,0,0,0,0
480358,1,1,0,0,33,0,0,0,9,21,0,0
480359,1,1,0,0,0,0,0,0,0,0,0,0
480360,1,1,7,19,33,0,21,0,21,23,15,0
480361,1,1,19,19,19,19,19,19,19,19,19,19
480361,2,1,0,0,0,0,0,0,0,0,0,0
480361,3,1,2,0,0,0,0,0,0,0,0,0
480362,1,1,0,0,0,0,0,0,0,0,0,0
480362,2,1,0,0,0,0,0,0,0,0,0,0
480363,1,1,14,14,14,14,14,14,14,14,14,14
480363,2,1,2,0,12,19,0,0,0,0,0,9
480364,1,1,0,0,0,0,0,0,0,0,0,0
480364,2,1,0,0,0,0,0,0,0,0,0,7
480364,3,1,0,0,0,0,1,12,0,0,0,0
480365,1,1,5,5,5,5,5,5,5,5,5,5
480366,1,1,15,15,15,15,15,15,15,15,15,15
480366,2,1,0,0,0,13,0,13,18,0,0,0
480366,3,1,0,39,19,18,0,36,0,0,13,23
480367,1,1,0,0,0,0,0,0,0,0,0,0
480368,1,1,18,18,18,18,18,18,18,18,18,18
480368,2,1,0,0,0,15,19,20,15,0,35,13
480369,1,1,10,0,0,0,0,0,16,17,16,13
480370,1,1,24,24,24,24,24,24,24,24,24,24
480371,1,1,30,30,30,30,30,30,30,30,30,30
480372,1,1,0,0,0,0,0,0,0,0,0,0
480372,2,1,27,27,27,27,27,27,27,27,27,27
480373,0,1,8,0,0,0,24,0,45,12,0,27
480373,1,1,30,19,15,0,0,8,0,0,0,0
480374,1,1,0,0,0,0,0,0,0,0,0,0
480375,1,1,0,0,0,0,0,0,0,0,0,0
480375,2,1,0,8,0,3,0,0,0,11,0,0
480375,3,1,0,0,0,0,13,0,0,14,0,18
480376,0,1,0,0,0,0,0,0,0,0,0,0
480376,1,1,17,0,0,0,0,0,0,14,14,0
480377,1,1,30,0,9,20,0,12,12,14,0,12
480378,1,1,0,0,0,0,0,0,0,0,0,0
480378,2,1,0,0,0,0,0,0,6,0,0,19
480379,1,1,0,0,0,0,0,0,0,0,0,0
480380,1,1,0,0,0,14,0,0,11,22,0,0
480380,2,1,0,0,5,0,0,9,0,0,0,0
480381,1,1,0,0,7,0,0,0,0,0,0,0
480381,2,1,12,9,0,0,0,0,0,0,11,0
480381,3,1,0,13,0,0,0,0,0,0,0,0
480381,4,1,0,0,0,0,0,4,0,0,0,0
480381,5,1,0,0,0,0,0,0,0,0,14,15
480381,6,1,0,0,0,0,0,0,0,0,0,14
480382,1,1,0,12,0,0,0,0,0,0,17,0
480383,1,1,24,11,21,6,3,14,19,9,10,26
480383,2,1,0,0,0,0,0,0,0,0,0,0
480384,0,1,0,7,0,0,22,34,12,19,0,0
480384,1,1,7,7,7,7,7,7,7,7,7,7
480385,0,1,0,0,0,0,0,0,0,0,0,0
480385,1,1,0,0,12,0,0,14,0,0,0,0
480386,1,1,0,0,0,0,27,16,0,19,0,0
480387,1,1,19,19,19,19,19,19,19,19,19,19
480388,1,1,16,16,16,16,16,16,16,16,16,16
480389,1,1,0,0,0,15,5,7,0,22,12,17
480389,2,1,13,6,0,20,46,0,14,0,0,13
480390,1,1,0,0,0,0,0,0,15,0,0,0
480390,2,1,32,32,32,32,32,32,32,32,32,32
480391,1,1,0,0,0,0,0,0,0,0,0,0
480392,0,1,24,0,0,0,21,0,0,0,0,0
480392,1,1,17,0,0,0,18,2,0,0,0,0
480393,0,1,0,0,0,0,0,0,0,0,0,0
480393,1,1,0,0,0,0,0,10,0,0,0,0
480394,0,1,0,0,0,0,0,0,34,0,0,0
480394,1,1,15,14,0,8,0,0,0,18,0,0
480395,1,1,17,11,0,0,30,0,11,12,0,0
480396,1,1,21,19,24,15,0,13,0,20,0,6
480397,0,1,0,0,0,0,0,0,0,0,0,0
480397,2,1,0,0,0,0,0,0,0,0,0,0
480398,1,1,0,0,0,0,0,11,0,0,0,0
480398,2,1,0,0,0,0,0,0,0,0,0,0
480399,0,1,0,30,0,0,0,0,0,0,0,24
480399,1,1,0,0,0,20,0,18,0,0,0,0
480400,1,1,15,13,8,18,12,14,15,17,34,16
480400,2,1,0,4,0,0,0,0,19,21,26,27
480401,1,1,0,0,0,0,10,0,7,0,0,25
480401,2,1,0,0,0,0,0,4,0,0,0,0
480401,3,1,0,0,0,6,28,0,0,0,5,0
480401,4,1,0,0,0,0,0,0,0,0,0,0
480401,5,1,0,0,0,22,0,0,0,0,0,0
480402,0,1,0,0,0,0,0,0,0,0,0,0
480402,1,1,0,0,14,0,0,0,0,43,38,0
480402,2,1,23,0,0,0,24,0,10,0,0,0
480403,1,1,0,0,16,0,0,0,0,0,0,0
480403,2,1,0,0,0,0,0,0,0,0,0,0
480404,1,1,15,15,15,15,15,15,15,15,15,15
480405,1,1,17,17,17,17,17,17,17,17,17,17
480406,1,1,3,21,0,8,0,0,0,13,0,15
480407,1,1,16,16,16,16,16,16,16,16,16,16
480407,2,1,0,0,0,0,0,0,0,0,0,0
480407,3,1,0,0,0,0,0,0,0,0,0,0
480408,1,1,0,0,0,0,0,0,0,0,0,28
480408,2,1,0,0,0,0,0,0,0,0,0,0
480409,1,1,0,28,10,0,12,37,0,0,0,0
480410,1,1,0,0,0,23,0,0,0,0,0,0
480410,2,1,0,0,0,0,0,0,0,0,0,0
480411,1,1,0,0,0,0,0,0,0,0,0,0
480412,1,1,0,0,0,0,0,22,15,0,0,0
480413,1,1,0,0,0,0,0,0,0,0,0,0
480413,2,1,0,0,0,0,0,0,0,0,0,0
480413,3,1,0,0,0,0,0,0,0,0,0,14
480414,1,1,0,0,0,0,0,0,0,0,37,0
480414,2,1,14,0,0,0,0,0,0,0,0,0
480414,3,1,0,7,0,13,0,0,19,0,0,0
480415,1,1,17,17,17,17,17,17,17,17,17,17
480415,2,1,0,0,0,0,0,24,13,0,0,8
480415,3,1,0,0,0,0,0,0,0,0,0,0
480416,1,1,14,14,14,14,14,14,14,14,14,14
480417,1,1,0,0,0,0,0,0,0,0,0,0
480417,2,1,0,0,0,0,0,0,0,0,0,0
480418,1,1,0,7,0,0,0,0,22,0,0,17
480419,0,1,0,0,24,24,10,26,17,0,0,15
480419,1,1,30,0,0,0,0,0,22,0,0,0
480420,0,1,0,0,0,0,0,0,0,0,0,0
480420,1,1,6,0,0,0,0,17,0,0,12,20
480421,1,1,0,0,41,0,0,0,0,0,0,0
480422,0,1,20,20,20,20,20,20,20,20,20,20
480422,1,1,0,0,0,19,0,0,0,0,0,0
480423,1,1,0,0,0,0,0,0,0,15,0,0
480424,0,1,25,0,26,16,0,0,0,0,0,0
480424,1,1,34,34,34,34,34,34,34,34,34,34
480424,2,1,0,5,18,0,0,21,0,0,0,0
480424,3,1,0,15,0,0,0,0,0,0,0,0
480426,0,1,13,7,0,8,0,12,21,0,36,0
480426,1,1,0,20,0,0,0,0,16,0,0,0
480427,1,1,0,0,0,0,0,0,0,0,0,0
480427,2,1,0,0,0,0,0,0,0,0,0,0
480428,0,1,0,0,0,0,0,16,0,12,0,0
480428,1,1,0,0,10,28,0,0,0,0,18,0
480429,1,1,14,14,14,14,14,14,14,14,14,14
480430,0,1,5,0,0,0,0,33,0,0,0,0
480430,1,1,0,0,0,0,0,9,0,0,52,23
480431,1,1,13,13,13,13,13,13,13,13,13,13
480432,1,1,0,0,0,0,0,0,0,0,0,0
480432,2,1,0,10,0,0,3,0,0,0,0,0
480433,1,1,9,0,19,13,32,28,22,16,11,13
480433,2,1,0,13,0,26,16,0,24,23,0,0
480433,3,1,19,11,0,0,14,0,7,0,0,0
480434,1,1,13,13,13,13,13,13,13,13,13,13
480435,0,1,0,0,0,0,0,0,0,0,0,0
480435,1,1,0,0,0,0,0,0,0,0,0,0
480436,1,1,6,6,6,6,6,6,6,6,6,6
480436,2,1,0,0,0,7,0,0,0,19,15,5
480437,1,1,0,0,0,0,0,0,0,0,0,0
480438,1,1,0,0,0,0,0,0,0,0,0,0
480438,2,1,0,13,0,0,0,0,0,2,0,0
480439,0,1,29,18,37,14,15,30,43,20,9,16
480439,1,1,16,0,0,0,0,0,0,21,0,0
480440,1,1,17,17,17,17,17,17,17,17,17,17
480441,0,1,0,0,0,0,24,0,9,0,0,0
480441,1,1,39,0,11,12,0,0,36,22,27,0
480442,0,1,18,24,40,44,31,12,16,29,24,12
480442,1,1,0,20,18,10,0,19,0,14,0,14
480443,1,1,8,8,8,8,8,8,8,8,8,8
480444,1,1,12,12,12,12,12,12,12,12,12,12
480445,0,1,28,28,28,28,28,28,28,28,28,28
480445,1,1,0,0,0,0,12,0,26,17,0,0
480446,1,1,0,10,0,0,20,0,0,0,17,0
480447,1,1,0,0,0,0,0,0,0,0,0,0
480448,1,1,0,0,0,0,0,0,0,0,0,0
480448,2,1,16,16,16,16,16,16,16,16,16,16
480449,1,1,0,0,23,0,0,0,21,0,0,0
480449,2,1,0,11,0,0,8,0,8,13,0,0
480449,3,1,0,13,0,0,17,19,0,0,12,0
480450,1,1,0,0,0,0,30,0,0,0,0,0
480451,0,1,0,0,0,0,0,0,0,0,0,0
480451,1,1,12,0,0,0,0,0,0,0,0,0
480452,1,1,0,0,0,0,0,0,0,0,0,0
480453,1,1,9,9,9,9,9,9,9,9,9,9
480453,2,1,0,0,0,0,0,0,0,0,0,0
480454,1,1,0,0,0,0,0,0,0,0,0,0
480454,2,1,0,0,0,0,0,0,0,0,0,0
480455,1,1,0,0,0,0,0,0,0,0,0,0
480456,1,1,0,0,0,0,0,0,0,0,0,0
480456,2,1,0,0,0,0,0,4,0,0,0,0
480457,1,1,23,23,23,23,23,23,23,23,23,23
480457,2,1,31,0,8,12,30,0,0,0,0,0
480458,0,1,0,0,0,0,0,0,0,0,0,0
480458,1,1,0,12,0,0,8,0,0,0,0,0
480459,1,1,0,0,0,0,0,0,0,0,0,0
480459,2,1,0,0,0,0,18,0,20,0,0,0
480460,1,1,10,0,15,15,13,0,12,26,3,17
480461,1,1,0,0,0,27,0,0,22,0,0,0
480461,2,1,15,0,0,2,0,14,0,0,0,0
480461,3,1,0,0,0,0,0,0,0,18,0,0
480462,0,1,11,11,11,11,11,11,11,11,11,11
480462,1,1,0,0,0,0,0,0,0,0,0,0
480463,0,1,17,17,17,17,17,17,17,17,17,17
480463,1,1,0,0,8,0,0,0,0,0,0,0
480464,1,1,26,0,0,15,0,0,14,0,7,0
480465,1,1,9,9,9,9,9,9,9,9,9,9
480466,1,1,12,23,5,9,12,26,15,7,9,19
480466,2,1,0,0,0,0,0,0,0,0,0,0
480467,1,1,0,0,0,0,0,0,0,0,0,0
480467,2,1,0,0,0,0,0,0,0,0,0,0
480468,0,1,26,37,0,22,14,27,0,0,7,23
480468,1,1,0,19,0,21,0,0,0,0,10,21
480469,1,1,0,0,0,0,0,23,28,0,8,0
480469,2,1,0,22,17,0,14,0,0,0,0,22
480470,1,1,0,0,0,0,0,0,0,0,0,0
480471,1,1,17,17,17,17,17,17,17,17,17,17
480472,1,1,0,0,0,0,8,0,0,0,0,0
480473,1,1,35,35,35,35,35,35,35,35,35,35
480473,2,1,0,10,0,0,0,0,0,0,0,21
480474,0,1,0,0,0,0,7,21,32,11,0,10
480474,1,1,0,0,0,21,0,18,21,0,0,0
480475,1,1,0,0,0,0,0,0,0,0,0,0
480476,0,1,30,22,0,0,0,15,28,11,19,9
480476,1,1,18,32,13,22,0,0,6,0,0,24
480477,1,1,0,0,0,0,0,0,0,0,0,0
480477,2,1,0,0,0,0,0,29,0,0,0,0
480477,3,1,0,0,0,0,0,8,0,22,0,0
480478,1,1,16,16,16,16,16,16,16,16,16,16
480479,1,1,0,0,0,0,0,0,0,0,0,0
480479,2,1,0,0,0,0,0,0,0,0,0,0
480480,1,1,0,0,0,0,0,0,0,0,0,0
480480,2,1,16,0,0,0,0,14,0,0,0,0
480480,3,1,16,0,0,0,0,12,23,0,12,15
480480,4,1,0,0,0,0,0,0,0,12,0,0
480481,0,1,0,0,0,0,0,0,0,0,0,0
480481,1,1,10,0,0,0,16,0,19,0,16,0
480482,1,1,14,14,14,14,14,14,14,14,14,14
480483,1,1,25,0,0,20,0,9,0,0,15,0
480483,2,1,0,0,22,0,0,0,0,0,0,0
480484,1,1,24,24,24,24,24,24,24,24,24,24
480485,1,1,23,0,0,0,26,0,0,0,0,0
480486,0,1,0,0,0,0,0,0,0,0,0,0
480486,1,1,0,0,0,28,0,0,0,14,32,0
480488,1,1,0,0,0,0,0,0,0,0,0,0
480489,1,1,0,0,0,0,0,0,0,0,0,0
480489,2,1,0,17,0,0,0,19,0,0,0,0
480489,3,1,0,0,0,0,0,0,9,0,0,0
480490,1,1,7,0,19,0,0,7,0,0,0,11
480490,2,1,0,0,16,3,0,5,6,0,0,0
480491,0,1,0,0,0,0,0,0,0,0,0,0
480491,1,1,12,0,0,0,0,13,0,10,0,0
480492,1,1,17,5,0,0,0,38,0,0,43,0
480492,2,1,0,0,0,0,0,0,0,0,0,0
480493,1,1,0,0,0,0,29,0,0,0,0,26
480493,2,1,21,21,21,21,21,21,21,21,21,21
480495,1,1,16,16,16,16,16,16,16,16,16,16
480495,2,1,0,0,0,0,0,0,0,0,0,0
480496,1,1,14,14,14,14,14,14,14,14,14,14
480497,1,1,0,0,0,0,0,0,0,0,0,0
480497,2,1,2,0,0,0,13,0,19,6,0,0
480498,1,1,0,0,0,0,0,0,0,0,0,0
480498,2,1,0,0,0,0,9,0,0,0,0,0
480499,1,1,0,0,0,0,0,0,0,0,0,0
480499,2,1,0,0,0,0,0,0,0,0,0,0
480499,3,1,12,0,0,0,18,0,0,0,0,44
480501,0,1,17,17,17,17,17,17,17,17,17,17
480501,1,1,34,0,0,0,14,0,0,29,0,0
480502,0,1,0,0,0,0,0,0,0,0,0,0
480502,1,1,0,11,13,17,11,0,8,16,18,28
480502,2,1,0,13,11,35,10,0,18,17,17,11
480503,1,1,21,8,16,18,16,9,22,9,18,16
480504,1,1,0,0,0,0,0,0,0,0,0,0
480505,1,1,0,0,0,0,0,0,0,0,0,0
480505,2,1,0,0,0,0,0,0,0,0,0,0
480506,1,1,21,21,21,21,21,21,21,21,21,21
480507,0,1,0,0,0,0,0,0,0,0,0,13
480507,0,2,0,0,0,0,0,0,0,0,0,0
480507,1,1,7,0,0,3,0,0,0,11,0,0
480508,1,1,0,0,0,0,0,0,0,0,0,0
480508,2,1,0,0,0,0,0,0,0,23,0,0
480509,1,1,0,0,0,0,0,0,0,0,0,0
480510,1,1,21,21,21,21,21,21,21,21,21,21
480510,2,1,7,7,7,7,7,7,7,7,7,7
480511,2,1,0,0,0,15,11,0,23,16,0,0
480512,1,1,17,17,17,17,17,17,17,17,17,17
480513,1,1,0,0,0,0,0,0,0,0,0,0
480513,2,1,0,0,0,10,0,0,0,20,0,17
480514,1,1,0,17,24,9,0,25,0,21,18,0
480515,1,1,0,18,0,0,16,0,0,0,0,0
480515,2,1,0,0,39,11,0,0,0,0,0,0
480516,1,1,15,15,15,15,15,15,15,15,15,15
480517,1,1,14,0,0,0,0,15,0,0,0,0
480518,1,1,0,5,18,0,0,0,0,0,0,0
480519,1,1,25,25,25,25,25,25,25,25,25,25
480520,1,1,6,6,6,6,6,6,6,6,6,6
480521,1,1,12,0,0,0,0,0,34,11,0,0
480521,2,1,13,12,26,40,29,3,0,12,0,12
480521,3,1,0,0,22,0,3,0,0,0,0,13
480522,1,1,31,32,22,17,22,24,16,33,13,11
480523,1,1,25,25,25,25,25,25,25,25,25,25
480524,1,1,0,0,0,0,24,0,0,0,1,0
480524,2,1,3,0,0,0,11,18,0,0,17,37
480524,3,1,0,0,0,0,0,0,0,0,29,0
480525,1,1,0,20,0,0,15,18,26,6,0,0
480525,2,1,0,7,0,3,22,6,5,0,0,0
480526,0,1,0,0,0,17,0,0,0,0,0,0
480526,1,1,0,0,11,0,0,0,0,0,0,0
480526,2,1,0,18,0,0,0,0,0,16,0,0
480527,1,1,0,0,0,0,0,0,0,0,0,0
480527,2,1,0,0,0,0,0,0,0,0,0,0
480528,1,1,0,0,0,0,0,0,0,0,0,0
480530,1,1,0,0,0,0,0,0,0,0,0,0
480530,2,1,0,23,31,0,0,0,0,0,0,0
480531,0,1,0,0,0,0,19,17,0,0,22,0
480531,1,1,17,24,19,27,9,13,20,22,10,13
480532,1,1,0,0,10,0,0,0,0,0,0,0
480532,2,1,16,34,26,0,25,19,0,0,20,17
480533,1,1,16,16,16,16,16,16,16,16,16,16
480533,2,1,0,13,8,0,18,0,0,13,4,28
480534,1,1,0,26,0,26,21,0,0,0,0,0
480535,1,1,0,0,0,0,0,0,0,0,0,0
480535,2,1,0,0,0,0,0,13,0,0,0,0
480535,3,1,0,0,0,18,0,0,20,0,0,29
480535,4,1,0,0,0,28,0,0,0,0,0,0
480535,5,1,0,0,14,17,0,0,17,0,0,0
480536,1,1,21,21,21,21,21,21,21,21,21,21
480537,1,1,13,13,13,13,13,13,13,13,13,13
480538,1,1,11,11,11,11,11,11,11,11,11,11
480539,0,1,0,0,0,0,0,0,0,0,0,0
480539,1,1,0,0,0,0,0,0,0,0,0,0
480540,1,1,0,0,0,0,0,0,0,0,0,0
480541,0,1,0,0,0,24,0,0,0,0,15,14
480541,1,1,21,9,10,0,18,0,45,20,0,7
480542,1,1,15,15,15,15,15,15,15,15,15,15
480543,1,1,20,20,20,20,20,20,20,20,20,20
480544,1,1,15,15,15,15,15,15,15,15,15,15
480545,1,1,0,0,0,0,0,0,0,3,0,0
480546,1,1,0,0,0,0,0,0,0,0,0,0
480546,2,1,10,0,0,0,0,0,0,0,0,0
480547,1,1,0,0,0,0,0,0,0,0,0,0
480547,2,1,0,0,0,0,0,0,24,0,0,7
480548,1,1,0,0,0,0,0,0,0,0,24,0
480548,2,1,0,0,0,0,0,0,0,0,0,0
480549,1,1,11,11,11,11,11,11,11,11,11,11
480550,1,1,0,0,0,0,0,0,0,0,0,0
480550,2,1,0,0,0,0,0,0,0,0,0,12
480550,3,1,0,24,0,0,0,0,15,16,0,0
480551,0,1,0,10,17,44,0,19,0,14,0,0
480551,1,1,0,0,0,15,0,0,26,0,0,0
480552,1,1,0,8,22,0,0,21,27,19,0,29
480553,1,1,0,0,0,0,0,0,0,0,0,0
480553,2,1,0,7,0,0,0,0,0,0,0,0
480554,1,1,0,0,0,0,0,0,0,0,0,0
480554,2,1,0,0,0,0,0,0,0,0,0,0
480555,1,1,0,0,7,0,0,0,0,0,0,0
480555,2,1,0,0,5,0,0,0,10,0,3,14
480556,1,1,0,0,0,0,0,0,23,0,0,0
480556,2,1,0,0,0,0,0,0,0,0,0,0
480557,1,1,0,0,0,0,0,22,0,0,0,0
480558,1,1,0,0,0,0,0,0,0,0,0,0
480558,2,1,0,0,0,0,0,0,0,0,0,0
480559,1,1,0,0,0,0,0,0,0,0,0,0
480560,1,1,0,0,0,0,0,0,0,0,0,0
480560,2,1,0,0,0,0,0,0,0,0,0,0
480561,1,1,6,26,3,13,0,0,0,0,19,19
480561,2,1,0,0,0,0,27,0,0,14,0,0
480562,0,1,27,27,27,27,27,27,27,27,27,27
480562,1,1,0,0,0,0,0,0,4,0,0,0
480563,1,1,0,5,13,0,18,0,0,0,0,19
480563,2,1,0,0,21,0,0,0,0,15,0,0
480564,1,1,0,0,0,0,0,0,0,0,0,0
480564,2,1,0,0,0,0,0,0,0,0,0,0
480565,1,1,0,0,0,0,0,0,0,0,0,0
480565,2,1,0,0,0,28,15,0,0,0,0,0
480565,3,1,18,0,8,28,0,0,0,0,3,8
480566,1,1,33,12,16,13,15,14,10,14,15,7
480566,2,1,42,21,8,0,0,26,0,0,0,0
480567,1,1,0,0,0,0,0,0,0,0,0,0
480567,2,1,0,0,0,0,0,0,0,0,0,0