ST_CASE,VEH_NO,PER_NO,P1,P2,P3,P4,P5,P6,P7,P8,P9,P10
480567,3,1,0,0,0,0,0,0,0,0,0,0
480568,1,1,0,0,0,0,0,0,0,0,0,0
480568,2,1,0,0,12,7,0,0,9,0,0,28
480569,1,1,0,0,0,0,0,17,0,0,0,0
480570,1,1,0,0,19,0,0,31,0,0,0,0
480571,0,1,0,0,0,0,0,0,0,0,0,0
480571,1,1,0,0,0,3,0,0,0,0,0,0
480572,1,1,0,0,0,0,0,0,0,0,0,9
480572,2,1,0,0,0,0,0,0,0,0,0,0
480572,3,1,0,0,0,0,0,6,0,0,0,0
480573,1,1,0,0,0,0,0,0,0,0,0,0
480574,1,1,8,0,26,21,5,12,4,0,15,12
480574,2,1,0,0,0,22,0,21,0,24,0,12
480574,3,1,0,11,24,0,0,0,0,2,11,0
480575,1,1,16,0,0,0,0,0,0,0,12,0
480575,2,1,0,0,0,6,0,20,0,0,0,0
480576,1,1,2,0,0,0,0,0,0,0,0,0
480577,1,1,9,0,7,0,0,0,0,0,0,0
480577,2,1,0,0,0,0,0,0,0,0,0,0
480578,1,1,0,0,0,0,0,13,0,0,0,0
480578,2,1,0,0,0,0,0,0,0,0,0,0
480579,0,1,34,17,38,24,0,24,0,0,11,28
480579,0,2,13,0,0,0,0,0,0,0,32,0
480579,1,1,29,0,15,10,0,17,0,0,0,0
480580,1,1,0,0,0,0,0,17,0,0,19,0
480581,1,1,1,1,1,1,1,1,1,1,1,1
480581,2,1,17,0,0,0,0,0,0,0,0,0
480581,3,1,0,0,21,0,0,20,0,29,0,0
480582,1,1,0,0,0,0,0,0,0,0,0,22
480582,2,1,0,0,0,0,0,0,0,0,0,0
480582,3,1,11,0,19,0,0,0,14,0,19,0
480583,1,1,23,23,23,23,23,23,23,23,23,23
480584,0,1,0,0,0,0,0,0,0,0,0,0
480584,1,1,0,0,0,0,0,0,0,0,0,0
480585,1,1,0,0,0,0,0,0,0,0,26,11
480586,1,1,0,0,0,10,21,17,25,14,0,29
480587,1,1,0,28,0,0,14,0,0,21,0,0
480587,2,1,0,0,0,0,0,0,0,0,0,0
480588,0,1,0,16,0,0,0,0,0,0,0,0
480588,1,1,19,0,0,0,0,0,0,27,0,0
480589,1,1,0,0,0,0,0,0,0,0,0,0
480589,2,1,0,0,0,0,7,0,0,12,0,0
480589,3,1,0,0,0,0,0,0,0,0,0,0
480589,4,1,0,0,0,0,0,0,14,0,0,0
480589,5,1,0,0,0,0,6,0,0,0,0,0
480589,6,1,0,0,0,0,0,0,0,0,0,0
480590,1,1,0,0,0,0,0,0,0,0,0,0
480590,2,1,0,20,9,0,0,0,0,0,0,0
480590,3,1,0,0,0,0,0,0,0,0,16,4
480591,1,1,0,0,0,0,0,9,20,0,8,0
480591,2,1,0,0,0,16,27,0,0,0,10,23
480591,3,1,0,0,0,0,0,8,0,0,0,10
480592,1,1,0,8,17,15,21,0,13,0,0,16
480592,2,1,19,19,19,19,19,19,19,19,19,19
480593,1,1,0,0,0,0,0,0,0,0,0,0
480594,0,1,23,23,23,23,23,23,23,23,23,23
480594,1,1,0,0,3,23,4,10,21,18,19,21
480595,1,1,0,0,0,0,0,0,0,0,0,0
480595,2,1,0,0,0,0,0,0,0,0,0,0
480596,1,1,0,0,0,0,0,0,0,0,0,0
480596,2,1,0,0,0,0,0,0,0,0,0,0
480596,3,1,0,0,0,0,0,0,0,0,0,0
480597,1,1,0,0,0,0,0,0,0,0,0,0
480597,2,1,42,23,0,0,0,0,0,0,0,0
480598,1,1,0,6,0,0,0,0,0,0,0,0
480599,1,1,0,0,0,0,0,0,0,0,0,0
480600,1,1,0,16,0,22,13,0,0,21,0,0
480601,0,1,0,0,0,0,0,0,0,0,0,0
480601,1,1,0,0,0,0,0,0,0,0,0,0
480602,1,1,0,0,0,0,0,0,0,0,0,0
480602,2,1,0,3,0,31,0,0,0,17,0,0
480602,3,1,0,5,0,0,0,0,0,0,0,0
480603,0,1,0,0,0,20,26,29,0,0,0,0
480603,1,1,0,0,12,20,0,3,0,0,0,0
480604,0,1,0,0,0,0,0,0,0,0,0,0
480604,1,1,0,0,0,8,0,18,0,0,10,27
480605,1,1,0,0,0,0,0,0,0,0,0,0
480606,1,1,0,0,0,0,0,0,0,0,0,0
480606,2,1,0,0,0,0,0,0,0,0,0,0
480607,1,1,0,0,0,0,0,0,0,0,0,0
480608,1,1,19,19,19,19,19,19,19,19,19,19
480609,0,1,16,0,21,26,13,0,24,0,0,10
480609,1,1,0,0,0,0,0,0,0,0,0,0
480610,1,1,44,44,44,44,44,44,44,44,44,44
480610,2,1,19,0,0,0,0,0,0,0,9,14
480611,1,1,0,0,0,0,0,0,0,0,0,0
480611,2,1,14,0,0,21,0,0,0,0,0,9
480612,1,1,0,0,0,7,9,20,0,20,15,0
480612,2,1,0,15,0,0,0,0,0,0,0,0
480612,3,1,20,0,9,0,0,0,0,0,0,4
480612,4,1,44,0,0,19,0,13,0,0,0,0
480612,5,1,0,0,0,0,0,15,14,0,0,0
480613,0,1,16,16,16,16,16,16,16,16,16,16
480613,1,1,23,0,0,0,7,0,0,0,0,0
480614,1,1,16,16,16,16,16,16,16,16,16,16
480614,2,1,0,0,0,0,4,0,0,0,0,0
480615,1,1,0,0,24,0,0,0,0,0,18,0
480615,2,1,0,0,0,0,0,0,17,0,0,0
480616,1,1,3,3,3,3,3,3,3,3,3,3
480616,2,1,0,0,0,0,0,0,0,0,0,0
480617,1,1,0,0,0,0,0,0,0,0,0,0
480617,2,1,12,23,8,0,0,0,10,0,21,10
480618,0,1,15,0,0,0,0,0,0,0,0,47
480618,1,1,20,13,9,5,22,8,17,9,10,14
480619,1,1,0,0,0,0,13,0,0,18,0,0
480619,2,1,0,0,0,0,0,8,0,0,0,0
480620,1,1,0,0,0,0,0,0,0,0,0,0
480620,2,1,0,0,0,0,0,0,0,0,0,0
480621,1,1,15,15,15,15,15,15,15,15,15,15
480622,1,1,0,0,0,0,0,0,0,0,0,0
480622,2,1,0,0,0,0,0,0,0,0,0,0
480623,1,1,10,10,10,10,10,10,10,10,10,10
480623,2,1,0,0,0,0,0,0,0,0,0,0
480624,1,1,0,0,0,0,0,0,0,0,0,0
480625,1,1,15,15,15,15,15,15,15,15,15,15
480625,2,1,0,0,0,0,24,0,0,0,0,0
480626,1,1,30,25,14,13,24,21,18,37,15,6
480627,0,1,0,0,0,0,0,0,0,0,0,0
480627,1,1,0,0,0,0,9,21,0,0,0,0
480628,1,1,23,23,23,23,23,23,23,23,23,23
480629,1,1,0,0,16,0,0,0,0,0,0,0
480629,2,1,0,16,25,16,7,0,0,18,26,0
480629,3,1,19,0,25,0,0,0,8,8,0,20
480630,1,1,13,13,13,13,13,13,13,13,13,13
480630,2,1,0,0,18,0,8,0,20,32,9,0
480631,1,1,0,6,0,0,0,0,0,0,0,29
480631,2,1,2,2,2,2,2,2,2,2,2,2
480632,1,1,22,0,0,0,0,8,0,0,0,0
480632,2,1,0,0,0,0,0,0,0,0,0,0
480633,1,1,0,0,0,0,22,30,0,0,0,0
480634,1,1,0,0,0,0,0,0,0,0,9,9
480634,2,1,0,0,9,7,0,0,25,27,0,0
480635,1,1,13,13,13,13,13,13,13,13,13,13
480636,1,1,0,0,0,0,0,0,0,0,0,0
480636,2,1,6,0,19,0,14,11,0,0,0,0
480637,1,1,0,0,0,0,0,0,0,0,0,0
480637,2,1,0,0,0,0,0,0,0,0,9,0
480638,1,1,0,14,0,0,11,14,14,0,9,0
480638,2,1,0,0,0,0,0,0,0,0,0,0
480638,3,1,0,0,10,0,0,35,14,0,0,0
480639,0,1,0,27,0,0,0,34,0,20,29,8
480639,1,1,14,13,0,0,19,3,12,3,0,28
480640,1,1,0,0,0,0,0,28,0,15,0,11
480640,2,1,0,0,0,0,0,0,0,0,0,0
480641,1,1,25,25,25,25,25,25,25,25,25,25
480642,1,1,0,0,0,0,0,0,0,0,0,0
480643,1,1,0,0,0,0,0,0,0,0,0,0
480643,2,1,0,0,0,0,0,0,0,0,0,0
480645,1,1,0,0,0,0,0,0,0,0,0,0
480645,2,1,0,5,0,0,16,0,5,0,0,0
480645,3,1,0,0,0,0,0,0,0,0,0,0
480646,1,1,0,19,0,0,0,10,0,17,0,0
480646,2,1,0,15,0,0,0,0,0,0,24,0
480646,3,1,0,0,0,0,0,0,0,0,0,0
480647,1,1,12,9,0,0,0,0,2,0,0,4
480647,2,1,0,0,0,0,0,0,0,0,0,0
480648,1,1,0,0,0,0,0,0,0,0,0,8
480648,2,1,0,0,0,0,0,0,0,0,0,9
480649,1,1,0,0,0,0,0,5,0,0,0,0
480650,1,1,0,0,0,0,0,0,0,0,0,0
480650,2,1,0,0,0,0,0,0,0,0,0,0
480651,1,1,0,0,0,0,0,0,0,0,0,0
480652,1,1,2,2,2,2,2,2,2,2,2,2
480652,2,1,0,0,0,15,0,16,0,22,14,0
480653,1,1,25,0,0,10,12,0,0,0,0,0
480654,1,1,0,0,0,0,0,0,0,0,0,0
480656,1,1,0,0,0,0,0,0,0,0,0,0
480657,1,1,0,0,0,0,0,0,0,0,0,0
480657,2,1,21,13,0,16,20,18,0,21,5,0
480658,1,1,0,5,0,32,0,0,26,0,35,9
480659,0,1,0,27,16,16,24,0,9,0,0,0
480659,1,1,9,12,0,0,0,20,9,0,0,0
480660,1,1,0,0,0,0,0,0,0,0,0,0
480660,2,1,0,0,0,0,0,0,0,0,0,0
480661,0,1,0,0,11,0,0,31,31,0,10,6
480661,1,1,0,0,21,16,12,0,0,0,0,19
480662,0,1,11,0,47,0,20,22,0,0,23,0
480662,1,1,0,0,0,0,0,0,0,0,0,0
480663,1,1,23,23,23,23,23,23,23,23,23,23
480664,1,1,0,0,0,28,0,0,0,0,0,0
480664,2,1,0,0,0,0,10,0,0,0,0,0
480665,1,1,0,0,0,0,0,0,0,0,0,0
480665,2,1,0,0,0,11,5,0,0,10,18,0
480667,1,1,24,24,24,24,24,24,24,24,24,24
480668,0,1,0,10,0,0,0,25,23,17,19,0
480668,1,1,0,0,0,0,0,0,0,0,0,0
480669,0,1,10,0,12,0,0,10,21,0,12,0
480669,0,2,7,0,19,0,0,28,6,0,33,24
480669,0,3,23,21,0,0,14,21,14,21,0,0
480669,1,1,0,0,0,22,0,0,6,0,0,0
480670,1,1,26,17,16,0,0,10,7,0,0,15
480670,2,1,24,23,0,0,0,0,8,0,0,0
480670,3,1,0,0,0,0,0,0,0,0,0,17
480671,0,1,40,17,23,33,19,3,14,7,14,31
480671,1,1,0,14,21,0,0,0,0,22,11,0
480672,1,1,15,17,33,17,15,12,4,15,10,8
480673,1,1,0,0,0,0,14,16,20,0,0,0
480673,2,1,0,15,0,0,0,0,16,0,0,0
480674,1,1,12,12,12,12,12,12,12,12,12,12
480675,1,1,12,0,0,0,4,0,15,0,0,0
480676,1,1,0,0,0,15,0,0,0,0,0,0
480676,2,1,0,0,0,0,0,0,15,0,0,0
480677,1,1,0,6,25,0,0,13,0,13,0,17
480678,1,1,0,0,0,0,0,0,0,0,0,0
480678,2,1,11,3,0,0,0,19,0,0,0,0
480679,1,1,26,26,26,26,26,26,26,26,26,26
480680,1,1,0,0,0,0,0,0,0,0,0,0
480680,2,1,0,0,0,0,0,0,0,0,0,0
480681,1,1,12,12,12,12,12,12,12,12,12,12
480681,2,1,0,0,0,11,18,18,0,0,9,0
480681,3,1,0,0,0,0,0,0,0,0,0,6
480682,1,1,0,0,26,18,0,0,0,0,0,0
480682,2,1,0,0,0,0,0,0,0,0,0,0
480683,1,1,25,25,25,25,25,25,25,25,25,25
480684,1,1,0,0,0,0,0,0,0,0,0,0
480684,2,1,21,0,0,0,19,0,0,8,0,6
480685,1,1,0,0,0,0,0,0,0,0,0,0
480685,2,1,0,0,0,0,0,0,0,0,0,0
480686,1,1,0,0,0,0,0,0,0,0,0,0
480686,2,1,0,0,0,0,0,0,0,19,0,0
480687,1,1,0,0,0,0,0,0,0,0,0,0
480688,0,1,0,0,0,0,0,0,0,0,0,0
480688,1,1,0,19,0,0,0,0,16,0,0,0
480689,0,1,0,0,0,0,0,0,0,0,0,0
480689,1,1,6,0,0,0,0,0,0,0,0,0
480690,1,1,13,0,28,36,0,0,0,0,0,20
480690,2,1,24,0,0,0,0,0,0,0,0,0
480691,1,1,0,0,0,23,0,0,0,0,0,0
480691,2,1,0,0,0,0,0,0,0,0,0,0
480692,1,1,23,23,23,23,23,23,23,23,23,23
480692,2,1,0,16,0,0,0,0,0,7,0,21
480693,1,1,0,20,35,11,21,9,18,0,29,0
480694,0,1,0,0,0,0,0,0,0,0,0,0
480694,1,1,0,0,0,0,0,0,0,0,0,0
480695,1,1,0,0,0,0,0,0,0,0,0,0
480695,2,1,0,0,0,0,0,0,0,0,9,0
480696,1,1,0,25,14,21,7,0,22,0,0,0
480696,2,1,20,28,0,28,27,20,0,0,0,0
480697,1,1,0,26,0,0,0,0,0,10,0,5
480698,1,1,0,16,11,0,8,24,20,20,19,21
480699,1,1,21,21,21,21,21,21,21,21,21,21
480699,2,1,11,0,10,0,28,0,10,0,0,16
480701,0,1,0,0,0,0,0,0,0,0,0,0
480701,1,1,0,0,0,0,0,0,0,0,0,0
480702,1,1,0,11,18,0,0,15,24,0,0,0
480702,2,1,0,0,0,0,0,0,0,0,0,0
480703,0,1,2,2,2,2,2,2,2,2,2,2
480703,1,1,0,0,0,34,0,7,17,0,0,17
480704,1,1,0,0,0,0,0,0,0,0,0,0
480704,2,1,0,8,0,0,0,13,0,0,0,0
480705,1,1,13,13,13,13,13,13,13,13,13,13
480705,2,1,0,0,0,0,0,0,0,0,0,0
480705,3,1,14,19,24,0,37,23,0,0,0,7
480706,1,1,17,17,17,17,17,17,17,17,17,17
480707,1,1,0,12,0,0,0,0,0,0,22,0
480708,1,1,0,0,0,0,0,0,0,0,0,0
480709,1,1,0,0,0,0,0,0,0,0,0,0
480710,1,1,0,0,6,0,0,21,0,0,0,0
480710,2,1,0,0,0,0,0,0,0,0,22,0
480710,3,1,0,0,0,12,0,0,0,0,0,0
480711,1,1,32,32,32,32,32,32,32,32,32,32
480712,1,1,12,16,20,0,12,12,13,21,12,8
480713,1,1,2,15,18,18,27,13,22,20,9,14
480713,2,1,22,0,0,18,0,0,0,5,9,0
480714,1,1,2,14,0,0,0,0,0,0,0,0
480714,2,1,0,0,0,0,0,0,0,0,0,0
480715,0,1,9,19,5,20,10,17,15,23,25,31
480715,1,1,0,0,0,0,0,0,0,0,0,0
480716,1,1,11,16,0,4,22,0,10,0,4,0
480716,2,1,27,10,0,0,8,0,11,16,0,0
480717,1,1,0,0,21,0,40,19,0,9,0,47
480718,1,1,18,0,14,0,0,0,0,0,0,0
480718,2,1,0,0,0,17,0,0,0,0,0,14
480720,0,1,6,0,8,0,0,0,24,26,0,0
480720,1,1,0,0,11,0,0,9,0,0,0,0
480720,2,1,0,0,0,0,0,0,19,0,5,26
480721,1,1,0,12,0,0,0,0,0,0,0,0
480721,2,1,0,0,0,31,0,0,0,31,0,12
480721,3,1,0,31,0,0,0,0,0,0,0,0
480722,1,1,0,0,11,0,0,18,19,0,0,24
480722,2,1,24,4,18,2,0,0,17,0,0,0
480723,0,1,0,0,0,0,0,0,0,0,0,0
480723,1,1,0,0,0,12,0,0,0,24,0,0
480724,1,1,0,0,18,34,0,12,0,0,0,0
480725,1,1,0,0,0,0,0,0,0,0,0,0
480725,2,1,17,19,19,31,0,0,16,0,20,0
480726,1,1,0,0,0,0,0,0,0,0,0,0
480727,1,1,0,0,0,0,0,0,5,0,0,0
480727,2,1,0,24,0,0,0,0,0,0,0,0
480728,1,1,0,0,0,0,0,0,0,0,16,20
480729,1,1,18,18,18,18,18,18,18,18,18,18
480730,1,1,3,0,0,0,0,17,0,37,13,13
480730,2,1,11,22,8,12,9,17,30,26,12,24
480731,0,1,23,0,11,0,0,0,0,0,19,0
480731,1,1,38,0,0,0,0,13,32,26,11,0
480732,1,1,0,12,0,12,0,0,16,9,0,0
480732,2,1,12,0,0,13,0,0,12,0,0,0
480733,1,1,0,0,0,0,0,0,0,3,0,0
480733,2,1,0,0,0,0,0,0,0,0,0,0
480734,0,1,0,0,0,0,0,0,0,0,0,0
480734,1,1,11,12,0,0,0,0,18,0,0,0
480735,1,1,10,0,0,0,19,0,0,25,0,0
480737,1,1,16,0,0,0,9,0,0,0,0,18
480737,2,1,0,0,27,0,0,0,0,0,0,0
480738,1,1,0,0,0,0,0,21,22,0,0,0
480738,2,1,0,0,0,0,0,0,0,0,0,0
480739,1,1,24,31,27,0,0,0,0,9,28,11
480740,1,1,0,21,11,0,17,0,7,0,0,0
480741,1,1,0,0,14,0,0,0,0,0,0,0
480742,1,1,0,0,0,13,0,0,0,0,0,0
480742,2,1,0,0,0,0,0,0,0,5,18,0
480743,0,1,0,0,0,0,0,0,0,0,0,0
480743,1,1,0,0,0,0,0,11,0,0,8,0
480744,1,1,0,0,0,0,9,0,0,0,0,0
480744,2,1,0,0,0,28,0,0,32,26,0,0
480745,1,1,0,0,0,0,0,0,0,0,0,0
480745,2,1,0,0,0,0,0,0,0,0,0,0
480745,3,1,0,17,0,0,0,0,0,9,0,9
480745,4,1,0,0,0,0,0,0,0,0,0,0
480745,5,1,0,0,0,0,0,0,0,0,0,0
480746,1,1,0,0,29,0,0,0,0,9,0,0
480746,2,1,4,20,0,15,0,0,0,0,9,21
480746,3,1,0,0,0,14,11,0,11,12,6,6
480747,1,1,13,6,10,15,0,0,29,0,0,0
480747,2,1,0,7,0,0,0,0,0,14,0,0
480748,1,1,0,0,0,0,0,0,0,0,0,0
480749,1,1,0,10,11,0,0,0,14,0,0,0
480749,2,1,9,9,9,9,9,9,9,9,9,9
480750,1,1,14,14,14,14,14,14,14,14,14,14
480751,1,1,0,0,0,16,0,19,6,15,0,13
480751,2,1,22,22,22,22,22,22,22,22,22,22
480752,1,1,37,37,37,37,37,37,37,37,37,37
480754,1,1,0,10,11,7,0,9,10,0,0,0
480755,1,1,1,1,1,1,1,1,1,1,1,1
480755,2,1,0,0,0,0,0,0,0,0,0,0
480755,3,1,0,0,10,0,0,0,0,0,0,0
480756,0,1,0,0,0,0,52,0,0,32,0,22
480756,0,2,0,0,0,0,0,0,0,0,0,0
480756,1,1,0,0,0,0,0,29,15,0,0,0
480757,1,1,0,8,0,0,0,0,19,0,0,14
480758,0,1,0,18,0,5,0,0,0,0,0,23
480758,1,1,0,0,6,0,0,0,11,13,19,0
480759,1,1,0,0,0,0,0,0,0,0,0,0
480760,0,1,17,17,17,17,17,17,17,17,17,17
480760,1,1,4,15,13,30,0,19,0,0,0,8
480761,1,1,0,0,0,0,0,0,0,0,0,0
480761,2,1,0,0,0,0,0,0,0,0,0,0
480761,3,1,0,0,0,0,0,0,0,0,13,0
480762,1,1,11,11,11,11,11,11,11,11,11,11
480763,1,1,0,0,0,0,0,0,0,0,0,0
480763,2,1,0,0,0,0,13,0,0,22,0,0
480764,1,1,0,0,0,0,0,16,8,0,0,0
480764,2,1,0,31,0,18,23,0,21,0,32,0
480764,3,1,0,0,0,0,15,8,19,0,0,0
480765,1,1,0,0,0,0,0,0,0,0,0,0
480766,0,1,0,12,21,30,0,0,0,24,0,0
480766,0,2,34,0,0,30,0,0,0,0,0,0
480766,2,1,0,0,0,0,0,9,0,12,13,0
480766,3,1,8,0,0,0,0,15,0,15,0,10
480766,4,1,0,0,0,0,0,0,0,0,23,11
480766,5,1,15,0,6,21,0,0,0,0,0,0
480767,1,1,0,0,15,0,0,0,0,0,0,0
480768,1,1,0,12,14,13,0,0,0,0,0,0
480768,2,1,0,0,11,0,16,0,0,13,0,0
480768,3,1,18,0,0,0,0,4,0,13,0,0
480769,1,1,25,9,24,16,9,0,8,0,13,0
480770,0,1,26,31,5,15,23,0,0,20,0,21
480770,1,1,0,0,0,0,0,0,0,0,0,0
480771,1,1,0,0,0,0,0,0,0,0,0,0
480771,2,1,0,12,0,0,0,10,26,26,0,9
480772,1,1,0,0,0,0,0,0,0,0,0,0
480773,1,1,0,0,0,0,11,15,19,16,0,8
480773,2,1,0,0,0,0,0,0,0,0,0,0
480774,1,1,9,15,14,20,6,13,4,19,11,17
480774,2,1,0,0,0,0,0,0,0,0,0,0
480775,1,1,0,0,0,0,0,9,0,0,19,0
480775,2,1,0,0,0,0,0,0,0,0,13,0
480776,1,1,0,0,0,0,0,0,0,0,0,15
480776,2,1,0,0,0,0,23,12,0,0,0,0
480777,1,1,0,0,0,0,0,0,0,0,0,0
480778,1,1,0,0,0,16,0,8,7,0,0,0
480779,1,1,0,0,0,0,0,0,0,0,0,0
480779,2,1,0,0,0,0,0,0,0,0,0,0
480780,1,1,29,29,29,29,29,29,29,29,29,29
480781,1,1,0,0,0,16,0,0,8,0,0,0
480781,2,1,0,7,0,0,0,0,0,0,0,0
480782,0,1,0,0,0,0,0,0,0,0,0,0
480782,1,1,0,0,0,0,0,0,0,0,0,0
480783,0,1,43,0,0,0,0,15,0,0,0,0
480783,1,1,12,12,12,12,12,12,12,12,12,12
480784,0,1,9,9,9,9,9,9,9,9,9,9
480784,1,1,0,0,0,0,0,27,0,0,37,0
480785,1,1,0,0,0,0,0,0,20,0,0,0
480785,2,1,0,0,0,14,0,0,0,0,0,0
480785,3,1,0,0,0,0,0,0,0,0,0,0
480786,1,1,0,0,34,0,0,0,0,0,0,0
480787,1,1,0,0,0,0,0,0,0,0,0,0
480788,1,1,0,0,28,0,0,0,0,0,0,0
480789,1,1,0,0,24,0,0,0,0,0,0,0
480789,2,1,24,16,28,20,0,0,0,18,6,17
480789,3,1,0,0,0,15,0,0,0,0,0,29
480789,4,1,0,0,0,0,14,27,0,0,0,16
480790,1,1,6,6,6,6,6,6,6,6,6,6
480791,1,1,0,0,0,0,0,0,0,0,0,0
480791,2,1,0,0,4,0,0,0,0,0,0,0
480792,1,1,0,0,0,0,0,0,0,0,0,0
480792,2,1,7,7,7,7,7,7,7,7,7,7
480793,0,1,0,0,0,28,0,0,0,0,29,27
480793,1,1,15,16,20,21,9,43,6,12,13,15
480794,1,1,0,0,0,0,0,0,0,0,0,0
480794,2,1,0,0,0,0,0,0,19,0,0,0
480795,1,1,18,18,18,18,18,18,18,18,18,18
480796,0,1,22,0,0,0,0,39,18,21,0,28
480796,1,1,0,0,3,18,0,15,18,10,0,0
480796,2,1,21,0,20,12,0,14,0,10,16,0
480796,3,1,14,0,25,0,20,0,0,0,23,0
480796,4,1,0,12,0,0,0,0,0,19,0,0
480797,1,1,0,8,0,0,0,0,2,0,13,0
480798,1,1,0,0,0,0,0,0,0,0,0,0
480799,0,1,0,0,0,0,0,0,0,0,0,0
480799,1,1,0,0,0,0,0,0,25,0,0,0
480799,2,1,0,0,0,0,0,0,0,0,0,9
480799,3,1,0,0,0,3,0,0,0,0,0,0
480800,1,1,21,21,21,21,21,21,21,21,21,21
480800,2,1,0,0,0,0,0,0,0,0,0,0
480801,1,1,28,0,0,0,12,0,0,9,0,0
480802,1,1,0,0,0,0,0,22,21,16,0,24
480802,2,1,0,0,0,0,27,0,8,0,11,0
480803,1,1,17,17,17,17,17,17,17,17,17,17
480803,2,1,0,0,0,0,0,0,0,0,8,0
480804,1,1,0,16,0,0,0,0,15,0,0,0
480804,2,1,15,0,0,13,13,0,0,0,12,0
480805,1,1,0,0,0,0,0,0,0,0,0,0
480805,2,1,0,0,8,16,0,21,0,0,0,0
480805,3,1,7,0,0,0,3,19,14,0,7,0
480806,1,1,19,2,10,12,23,0,0,0,2,20
480807,1,1,0,0,0,0,0,0,0,0,0,0
480809,1,1,0,0,0,0,0,0,0,0,0,0
480809,2,1,0,0,0,0,0,0,0,0,0,0
480810,1,1,22,22,22,22,22,22,22,22,22,22
480811,1,1,14,14,14,14,14,14,14,14,14,14
480812,1,1,33,33,33,33,33,33,33,33,33,33
480813,1,1,12,12,12,12,12,12,12,12,12,12
480814,1,1,0,0,0,0,0,0,24,0,0,0
480815,1,1,0,0,26,0,0,0,8,10,7,23
480816,1,1,0,0,0,0,0,0,0,0,0,0
480816,2,1,0,0,0,28,11,17,0,14,31,14
480817,1,1,4,16,11,11,0,9,0,16,12,20
480817,2,1,0,0,0,0,0,0,0,0,0,0
480817,3,1,0,0,22,0,12,0,0,0,16,0
480817,4,1,0,0,0,0,0,0,0,0,0,19
480817,5,1,0,0,0,0,0,0,0,0,0,0
480817,6,1,0,0,0,25,0,0,0,0,0,0
480818,1,1,0,0,0,0,0,0,0,0,0,0
480818,2,1,0,0,0,0,0,0,0,0,0,0
480819,0,1,18,18,18,18,18,18,18,18,18,18
480819,1,1,0,0,11,9,0,0,0,0,0,0
480820,0,1,0,0,0,0,0,0,0,0,0,0
480820,1,1,19,0,5,13,0,11,17,11,13,23
480821,0,1,0,25,26,33,0,0,0,14,35,10
480821,2,1,0,0,0,0,0,0,0,0,0,0
480822,1,1,0,0,0,0,0,0,0,0,0,0
480822,2,1,10,0,0,43,0,0,0,0,0,0
480823,1,1,0,0,0,0,0,0,0,0,0,0
480823,2,1,0,0,0,0,0,0,0,0,0,0
480824,1,1,31,31,31,31,31,31,31,31,31,31
480825,1,1,0,0,0,0,0,0,0,0,0,0
480825,2,1,0,0,0,0,0,0,0,0,0,0
480825,3,1,13,7,0,11,0,11,19,0,0,0
480825,4,1,0,25,19,0,0,0,0,0,0,0
480826,1,1,0,14,0,0,0,0,0,13,0,0
480827,1,1,21,21,21,21,21,21,21,21,21,21
480827,2,1,3,3,3,3,3,3,3,3,3,3
480828,1,1,10,0,0,0,0,0,0,0,0,26
480829,1,1,19,19,19,19,19,19,19,19,19,19
480830,1,1,25,18,20,26,22,16,11,8,17,0
480830,2,1,0,0,0,0,0,0,0,0,0,0
480831,1,1,0,5,0,0,0,0,0,0,0,0
480831,2,1,0,0,0,0,0,0,0,0,0,0
480832,1,1,0,0,0,0,0,14,12,0,19,4
480832,2,1,9,12,0,0,0,0,11,11,29,0
480833,1,1,17,17,17,17,17,17,17,17,17,17
480834,1,1,0,0,0,0,0,0,0,0,0,0
480834,2,1,0,0,0,4,5,0,0,0,10,17
480835,1,1,19,0,10,20,24,0,26,30,0,0
480835,2,1,0,0,0,0,0,0,47,17,14,0
480836,1,1,11,0,0,13,0,26,0,0,0,0
480836,2,1,0,12,0,0,0,0,0,0,0,30
480837,1,1,0,0,0,13,21,8,11,24,21,0
480838,1,1,23,23,23,23,23,23,23,23,23,23
480838,2,1,18,17,15,0,15,12,0,0,6,10
480839,1,1,0,15,0,19,0,0,0,21,0,0
480840,1,1,16,16,16,16,16,16,16,16,16,16
480840,2,1,16,16,16,16,16,16,16,16,16,16
480841,1,1,0,0,0,0,0,0,0,0,0,0
480841,2,1,0,0,0,0,0,0,0,0,0,10
480842,1,1,21,0,0,0,0,0,0,35,0,0
480842,2,1,0,0,0,12,0,0,0,0,0,0
480843,1,1,0,0,0,0,0,0,0,0,0,0
480843,2,1,0,0,0,0,0,0,0,0,0,0
480844,0,1,0,25,42,0,34,0,13,31,0,0
480844,0,2,0,0,0,0,0,0,0,0,0,0