ST_CASE,VEH_NO,PER_NO,P1,P2,P3,P4,P5,P6,P7,P8,P9,P10
481131,1,1,0,32,0,0,3,5,31,15,4,0
481132,1,1,0,0,0,0,0,0,0,32,0,0
481132,2,1,0,21,0,0,0,0,0,0,0,0
481133,1,1,28,28,28,28,28,28,28,28,28,28
481134,1,1,0,0,0,0,0,0,0,0,0,0
481134,2,1,0,0,0,0,0,0,0,0,0,0
481135,1,1,10,0,25,0,0,16,0,0,0,0
481135,2,1,12,20,0,0,14,0,0,0,25,0
481135,3,1,0,0,0,0,0,0,0,0,0,0
481136,1,1,29,29,29,29,29,29,29,29,29,29
481136,2,1,0,0,0,0,0,0,0,14,0,12
481137,1,1,0,0,0,20,15,0,0,0,0,0
481137,2,1,0,0,0,0,0,0,0,0,0,26
481138,1,1,0,0,0,0,0,0,0,0,0,0
481138,2,1,12,0,0,0,0,0,0,0,0,0
481139,1,1,13,0,0,0,0,0,0,4,0,0
481139,2,1,0,0,0,0,0,0,0,0,0,0
481140,1,1,14,14,14,14,14,14,14,14,14,14
481141,1,1,0,0,0,0,0,0,0,0,0,0
481141,2,1,0,0,0,0,0,0,4,0,0,0
481142,1,1,0,0,0,0,0,0,0,0,0,0
481143,1,1,25,25,25,25,25,25,25,25,25,25
481144,1,1,0,0,0,32,0,0,0,0,0,0
481145,1,1,0,17,6,0,0,0,0,0,15,18
481145,2,1,0,0,0,0,0,15,0,14,5,0
481146,1,1,0,0,0,0,0,0,0,0,0,0
481147,1,1,7,0,18,16,0,0,17,0,0,0
481147,2,1,0,0,0,0,0,0,30,0,0,15
481148,0,1,0,20,28,0,0,22,17,17,7,0
481148,1,1,23,0,14,0,0,0,0,18,0,0
481149,1,1,0,0,0,0,0,0,0,0,0,0
481149,2,1,0,0,0,0,0,0,0,0,0,0
481150,1,1,22,12,17,14,0,21,0,2,0,10
481150,2,1,0,0,0,0,0,9,0,0,0,0
481151,1,1,16,16,16,16,16,16,16,16,16,16
481152,1,1,0,0,0,0,0,0,0,0,0,0
481152,2,1,0,0,0,0,0,0,0,0,0,0
481152,3,1,0,0,4,19,0,0,0,17,0,25
481152,4,1,0,0,0,0,25,0,0,0,0,0
481153,1,1,0,23,0,0,13,0,0,0,0,0
481153,2,1,16,0,0,0,17,0,0,18,0,11
481154,1,1,0,0,0,0,0,0,0,0,0,0
481155,1,1,0,20,24,29,16,12,5,0,20,24
481156,1,1,19,19,19,19,19,19,19,19,19,19
481156,2,1,0,0,0,9,0,0,0,0,32,0
481157,1,1,0,0,12,0,0,0,19,0,0,0
481158,1,1,0,0,0,0,0,0,0,0,0,0
481158,2,1,0,0,0,0,0,0,0,27,0,17
481159,1,1,27,27,27,27,27,27,27,27,27,27
481161,1,1,0,0,8,0,0,0,0,0,0,0
481161,2,1,0,0,0,0,0,5,0,10,0,0
481162,1,1,29,29,29,29,29,29,29,29,29,29
481162,2,1,19,0,0,0,0,0,0,0,0,0
481163,0,1,0,0,0,6,29,0,0,0,9,0
481163,1,1,0,32,13,21,18,0,11,0,0,0
481164,1,1,9,9,9,9,9,9,9,9,9,9
481165,0,1,0,0,0,0,0,0,0,0,0,0
481165,1,1,0,17,0,0,0,0,0,16,0,0
481166,1,1,0,0,0,0,0,0,0,0,0,0
481167,1,1,0,0,0,0,7,20,0,0,0,0
481167,2,1,0,0,0,0,0,0,0,0,0,0
481168,0,1,0,0,0,0,0,0,0,0,0,0
481168,1,1,8,14,0,8,10,0,21,0,0,0
481169,0,1,8,8,8,8,8,8,8,8,8,8
481169,1,1,0,34,12,0,0,0,0,0,0,0
481170,1,1,0,0,0,0,0,0,0,0,0,6
481170,2,1,0,0,0,0,0,0,0,0,0,0
481170,3,1,0,0,0,17,0,0,0,9,0,0
481171,1,1,0,0,0,0,0,0,0,0,0,0
481171,2,1,0,0,0,0,0,0,0,0,0,0
481171,3,1,0,0,0,0,8,0,0,0,0,0
481172,0,1,10,10,10,10,10,10,10,10,10,10
481172,1,1,0,0,19,11,0,0,0,0,0,13
481173,1,1,15,0,13,0,9,17,34,0,0,21
481174,1,1,0,0,0,0,0,6,24,15,7,24
481174,2,1,17,21,19,0,0,0,0,0,0,0
481175,1,1,0,20,0,0,0,0,0,26,0,0
481175,2,1,0,0,0,0,0,0,0,0,12,0
481176,1,1,0,13,0,29,22,4,21,5,9,9
481177,1,1,0,0,0,0,14,0,0,14,0,0
481178,1,1,18,22,0,0,0,0,11,0,0,0
481178,2,1,11,15,20,34,0,5,0,7,0,20
481179,1,1,0,0,0,0,0,0,0,0,0,0
481180,0,1,14,0,0,23,16,0,12,11,24,0
481180,0,2,0,18,27,0,0,0,0,0,19,0
481180,0,3,0,19,0,0,33,0,0,0,0,0
481180,1,1,8,8,8,8,8,8,8,8,8,8
481181,1,1,0,0,0,0,0,16,0,0,0,13
481181,2,1,0,0,0,0,0,0,0,0,0,0
481182,1,1,0,0,15,0,20,0,0,0,0,0
481183,0,1,13,13,13,13,13,13,13,13,13,13
481183,1,1,0,0,11,8,13,0,0,0,0,0
481183,2,1,0,0,0,0,0,0,0,16,18,0
481184,0,1,0,0,0,0,0,0,0,0,0,0
481184,1,1,19,0,0,5,0,0,0,0,0,0
481185,1,1,0,0,0,0,0,0,0,0,0,0
481185,2,1,0,0,0,0,20,0,0,0,26,0
481186,1,1,26,26,26,26,26,26,26,26,26,26
481187,1,1,0,0,0,0,0,0,0,0,0,0
481187,2,1,0,0,0,0,0,0,0,0,0,0
481188,1,1,0,0,0,0,0,9,0,0,0,0
481188,2,1,0,0,0,0,0,0,0,0,0,0
481189,0,1,0,0,0,0,0,0,0,0,0,0
481189,1,1,0,0,4,0,0,0,0,17,0,0
481190,1,1,13,13,13,13,13,13,13,13,13,13
481191,1,1,8,0,3,0,20,18,0,0,0,0
481191,2,1,0,0,13,3,14,0,0,0,0,0
481192,0,1,19,17,7,20,5,35,0,0,7,0
481192,1,1,21,21,21,21,21,21,21,21,21,21
481193,1,1,0,0,0,0,0,23,0,10,0,0
481193,2,1,0,14,0,16,6,9,0,13,0,0
481193,3,1,0,0,0,0,22,0,19,0,0,10
481194,1,1,24,24,24,24,24,24,24,24,24,24
481195,1,1,0,0,0,0,0,0,0,0,0,0
481195,2,1,0,0,0,0,0,0,0,0,0,0
481196,1,1,0,0,0,0,18,0,0,0,0,0
481196,2,1,0,6,0,0,3,0,0,17,5,0
481196,3,1,22,18,0,0,0,0,0,0,0,0
481197,1,1,3,3,3,3,3,3,3,3,3,3
481197,2,1,16,10,21,0,11,0,0,0,12,15
481198,0,1,0,0,0,0,0,0,0,0,0,0
481198,0,2,29,0,21,0,0,10,0,0,6,12
481198,0,3,5,0,0,0,37,0,0,0,0,21
481198,1,1,15,15,15,15,15,15,15,15,15,15
481199,1,1,10,10,10,10,10,10,10,10,10,10
481200,1,1,0,0,13,0,8,0,0,0,0,0
481201,1,1,0,17,12,0,19,17,9,9,11,6
481202,1,1,0,0,0,0,0,0,0,0,0,0
481202,2,1,0,0,0,0,0,0,0,0,0,0
481203,1,1,0,18,18,0,0,0,18,22,0,26
481204,1,1,3,3,3,3,3,3,3,3,3,3
481205,1,1,0,0,0,0,0,0,0,0,0,0
481205,2,1,4,4,4,4,4,4,4,4,4,4
481206,0,1,0,0,0,0,0,0,0,0,0,0
481206,1,1,0,0,0,0,0,0,0,0,0,0
481207,1,1,0,0,13,0,16,22,14,0,8,0
481208,1,1,19,19,19,19,19,19,19,19,19,19
481209,1,1,15,0,0,17,0,0,0,0,0,0
481209,2,1,0,13,6,4,0,0,0,0,0,0
481210,1,1,24,0,0,12,0,0,0,0,0,25
481210,2,1,0,0,0,0,0,0,0,0,0,0
481211,1,1,0,19,0,0,14,5,0,0,0,32
481212,1,1,0,0,0,0,8,0,0,0,0,0
481212,2,1,20,0,13,0,0,0,0,0,0,0
481213,1,1,0,0,0,0,0,0,0,0,0,0
481214,1,1,0,0,0,0,0,0,0,0,0,0
481214,2,1,0,0,0,0,0,0,0,0,0,0
481214,3,1,0,0,0,0,0,0,0,10,0,0
481214,4,1,0,0,0,0,9,0,6,0,0,0
481214,5,1,0,0,0,0,0,0,0,0,0,0
481215,0,1,0,0,0,0,0,0,0,0,0,0
481215,1,1,0,0,0,0,0,0,0,0,0,0
481216,1,1,0,0,0,0,0,0,0,0,0,0
481216,2,1,0,0,0,0,26,0,14,0,0,0
481217,0,1,0,0,0,0,0,0,0,0,0,0
481217,1,1,11,11,11,11,11,11,11,11,11,11
481218,1,1,26,26,26,26,26,26,26,26,26,26
481219,1,1,0,0,0,0,0,0,0,0,0,0
481219,2,1,0,0,0,0,14,0,0,0,0,0
481220,1,1,18,18,18,18,18,18,18,18,18,18
481220,2,1,11,19,0,0,0,0,13,0,0,16
481220,3,1,0,35,23,0,0,0,0,0,0,0
481221,1,1,0,0,0,34,4,0,4,0,14,0
481221,2,1,0,0,0,0,0,19,15,0,6,0
481222,1,1,0,0,0,0,0,0,11,0,0,0
481223,1,1,25,9,16,27,17,14,26,22,23,10
481224,1,1,19,19,19,19,19,19,19,19,19,19
481225,1,1,0,0,0,0,0,0,0,0,0,0
481226,1,1,0,0,0,0,0,0,0,0,0,0
481227,1,1,9,9,9,9,9,9,9,9,9,9
481228,1,1,15,15,15,15,15,15,15,15,15,15
481229,1,1,0,0,0,8,0,0,0,0,0,0
481229,2,1,0,0,0,0,0,0,0,0,0,0
481230,0,1,19,0,0,0,0,0,0,43,0,12
481230,1,1,0,32,21,8,0,14,0,22,0,0
481231,0,1,0,0,0,4,20,0,0,0,0,0
481231,1,1,19,23,10,12,0,0,0,0,21,0
481232,1,1,0,0,0,0,0,0,0,0,0,0
481233,1,1,26,31,13,22,17,12,0,23,0,21
481233,2,1,0,0,0,0,0,0,0,0,0,0
481234,0,1,10,0,4,12,16,34,0,0,0,0
481234,0,2,0,0,0,0,0,0,0,0,0,0
481234,1,1,0,0,0,0,0,0,0,0,0,0
481235,0,1,0,0,0,0,0,17,0,0,33,0
481235,1,1,0,0,22,0,0,2,0,0,0,0
481236,1,1,0,0,0,0,0,0,0,0,0,0
481236,2,1,0,0,0,0,0,0,0,0,0,2
481236,3,1,6,0,0,0,0,0,8,0,0,0
481236,4,1,0,0,0,0,0,0,13,0,0,19
481237,0,1,0,16,3,0,14,6,10,0,27,0
481237,1,1,12,0,0,0,0,0,0,6,0,10
481238,0,1,0,0,0,0,0,0,0,0,0,0
481238,1,1,0,0,0,0,0,0,0,0,0,0
481239,1,1,19,0,15,0,19,33,0,13,0,14
481239,2,1,0,0,0,10,0,0,0,0,0,17
481240,0,1,0,0,29,0,0,0,23,0,0,0
481240,1,1,0,0,42,0,0,0,4,0,19,0
481241,0,1,0,42,30,12,5,0,38,25,0,0
481241,1,1,15,16,8,0,16,0,16,0,0,0
481242,1,1,0,0,0,0,0,0,18,0,5,0
481242,2,1,0,0,13,0,0,0,0,6,0,26
481243,0,1,0,0,0,0,45,0,0,0,0,54
481243,1,1,0,0,0,0,19,17,0,0,0,13
481244,1,1,0,13,15,16,10,15,16,13,2,0
481244,2,1,0,0,19,0,0,0,31,8,0,0
481245,1,1,0,0,0,15,0,0,0,0,0,0
481246,0,1,13,13,13,13,13,13,13,13,13,13
481246,1,1,0,10,0,14,17,0,0,7,0,0
481246,2,1,13,14,7,0,0,0,14,12,0,11
481246,3,1,17,0,11,17,22,13,26,0,16,21
481246,4,1,21,16,0,12,0,20,26,0,18,0
481246,5,1,23,0,0,17,30,10,0,8,0,0
481247,1,1,11,11,0,18,6,0,12,14,11,20
481247,2,1,11,0,0,0,0,0,0,0,0,15
481247,3,1,0,3,0,0,20,0,0,0,0,0
481247,4,1,0,0,0,16,30,0,0,0,14,0
481247,5,1,0,0,8,0,0,0,0,0,0,12
481247,6,1,0,0,0,0,12,0,0,0,0,0
481248,1,1,0,19,0,0,0,0,0,0,0,0
481248,2,1,0,0,0,0,9,0,0,0,0,0
481249,1,1,36,18,0,5,6,0,11,0,5,14
481249,2,1,26,0,3,0,16,15,14,0,0,22
481250,1,1,0,0,0,0,0,0,0,0,0,0
481250,2,1,32,1,0,15,0,0,0,0,0,0
481251,0,1,17,29,0,0,28,0,0,28,0,0
481251,1,1,26,0,0,9,0,0,26,0,0,0
481253,1,1,14,14,14,14,14,14,14,14,14,14
481254,0,1,0,29,0,0,0,0,34,0,36,18
481254,1,1,0,2,11,25,0,15,15,0,15,0
481255,1,1,40,6,21,0,0,21,0,0,17,18
481256,1,1,0,0,0,0,0,0,0,0,0,0
481256,2,1,0,0,0,0,0,0,0,0,0,0
481257,1,1,0,0,0,0,0,0,0,0,0,0
481258,0,1,0,25,35,0,0,39,0,0,0,48
481258,1,1,0,0,0,12,8,0,0,0,0,0
481259,1,1,0,0,0,0,0,0,0,0,0,0
481259,2,1,11,16,16,14,17,11,21,30,37,17
481260,1,1,0,0,0,0,0,0,0,0,0,0
481260,2,1,0,0,5,0,0,0,0,0,0,14
481261,1,1,0,0,0,5,0,0,15,0,0,0
481261,2,1,0,0,0,0,0,0,0,0,0,0
481263,1,1,18,18,18,18,18,18,18,18,18,18
481264,0,1,0,0,0,0,0,0,0,0,0,0
481264,1,1,19,12,16,0,23,0,17,4,15,0
481265,0,1,0,0,0,0,0,0,0,0,0,0
481265,1,1,0,0,0,0,0,0,28,14,4,11
481266,1,1,0,0,0,0,0,0,0,0,0,0
481266,2,1,0,0,0,0,0,0,0,0,0,0
481267,1,1,0,0,0,0,12,0,0,0,0,17
481267,2,1,0,0,0,0,0,0,0,0,0,0
481268,1,1,0,0,0,0,0,0,0,0,0,0
481268,2,1,0,0,0,0,0,0,0,0,19,0
481269,1,1,11,15,0,3,20,5,9,22,7,12
481269,2,1,0,7,0,0,25,0,0,0,0,0
481270,1,1,9,11,17,23,23,9,0,0,11,12
481270,2,1,7,7,7,7,7,7,7,7,7,7
481270,3,1,0,24,0,22,22,14,0,0,0,21
481270,4,1,0,38,0,16,23,8,0,0,0,0
481270,5,1,12,0,13,0,7,0,0,16,0,18
481271,1,1,1,1,1,1,1,1,1,1,1,1
481272,1,1,0,0,0,0,0,0,0,0,0,0
481273,0,1,21,21,21,21,21,21,21,21,21,21
481273,1,1,0,19,0,26,0,0,0,20,16,0
481274,1,1,18,18,18,18,18,18,18,18,18,18
481275,1,1,0,9,1,0,0,16,0,0,0,14
481276,1,1,0,0,0,0,0,0,0,0,0,0
481277,1,1,0,0,0,0,0,0,1,0,0,0
481277,2,1,0,0,0,0,0,0,0,0,24,0
481278,0,1,0,0,0,0,0,0,0,0,0,0
481278,1,1,26,11,16,0,13,0,0,0,15,0
481279,1,1,0,0,0,0,0,2,0,0,0,0
481279,2,1,26,26,26,26,26,26,26,26,26,26
481280,0,1,0,12,0,13,0,33,25,0,0,0
481280,1,1,22,0,18,14,19,0,25,10,0,8
481281,0,1,0,0,0,0,0,0,0,0,0,0
481281,0,2,0,13,25,0,0,0,0,31,0,0
481281,1,1,0,0,0,0,0,0,0,0,0,0
481282,0,1,0,0,12,0,0,19,0,0,20,8
481282,1,1,0,0,0,0,0,0,0,0,9,0
481283,1,1,0,0,4,0,0,0,0,0,0,0
481283,2,1,0,0,0,13,0,9,0,0,11,7
481284,1,1,19,0,16,0,20,0,0,0,0,22
481285,1,1,0,0,0,0,0,0,0,0,0,0
481285,2,1,0,0,0,0,0,0,0,0,0,19
481286,1,1,0,0,0,0,0,0,0,0,0,0
481286,2,1,0,0,0,0,0,0,0,0,0,0
481287,1,1,4,4,4,4,4,4,4,4,4,4
481287,2,1,0,0,0,0,0,0,0,0,0,0
481287,3,1,0,0,0,0,0,0,0,0,0,0
481287,4,1,0,0,0,0,0,0,0,0,0,0
481288,1,1,0,0,0,9,0,0,0,19,0,0
481288,2,1,0,20,0,0,0,0,22,0,0,0
481289,1,1,17,17,17,17,17,17,17,17,17,17
481290,1,1,0,0,0,0,0,0,0,0,3,0
481291,1,1,20,20,20,20,20,20,20,20,20,20
481292,1,1,0,0,0,0,0,0,0,0,0,0
481292,2,1,0,0,0,0,0,0,0,7,0,0
481293,1,1,0,0,0,0,0,0,0,0,0,20
481293,2,1,0,0,0,0,10,0,0,0,0,0
481294,1,1,24,0,20,0,0,24,0,14,0,12
481294,2,1,0,0,0,0,0,0,0,0,0,0
481296,0,1,0,0,0,0,0,0,0,0,0,0
481296,1,1,0,0,0,0,0,0,0,0,0,0
481297,1,1,0,0,16,0,12,0,11,0,0,22
481298,0,1,22,22,22,22,22,22,22,22,22,22
481298,1,1,0,0,23,13,17,9,12,0,3,14
481299,1,1,0,0,23,17,0,0,0,0,14,12
481299,2,1,0,13,0,17,10,0,0,0,0,0
481300,1,1,5,5,5,5,5,5,5,5,5,5
481300,2,1,0,0,0,0,0,0,0,0,0,0
481301,1,1,0,0,0,0,0,0,0,0,0,0
481302,1,1,19,19,19,19,19,19,19,19,19,19
481303,1,1,17,17,17,17,17,17,17,17,17,17
481303,2,1,28,37,27,0,31,0,0,15,5,28
481304,1,1,11,11,11,11,11,11,11,11,11,11
481305,1,1,0,0,0,0,0,0,0,0,0,0
481306,0,1,0,0,0,0,12,0,0,0,0,0
481306,1,1,10,12,15,8,16,21,10,20,16,7
481307,1,1,0,0,0,0,0,0,0,0,0,0
481307,2,1,10,0,0,0,0,0,0,0,0,0
481308,0,1,14,19,22,16,26,15,0,25,0,0
481308,1,1,0,0,0,34,0,0,14,0,0,0
481309,1,1,11,11,11,11,11,11,11,11,11,11
481310,1,1,0,28,15,15,0,0,3,31,0,12
481311,1,1,0,12,20,0,0,0,0,8,0,23
481312,0,1,0,17,5,35,0,26,23,0,0,0
481312,1,1,0,0,28,17,19,0,0,4,0,0
481313,1,1,0,0,0,23,0,0,25,12,0,0
481314,1,1,6,6,6,6,6,6,6,6,6,6
481315,0,1,0,0,0,0,0,0,0,0,0,0
481315,1,1,0,0,0,13,13,0,21,34,13,21
481316,1,1,18,18,18,18,18,18,18,18,18,18
481317,1,1,0,0,0,0,0,0,0,0,0,0
481318,1,1,6,6,6,6,6,6,6,6,6,6
481318,2,1,0,0,0,0,0,0,0,24,0,0
481319,1,1,0,0,0,0,0,0,0,12,0,33
481321,1,1,0,0,0,0,0,0,0,0,14,3
481322,1,1,0,0,13,0,0,0,0,0,0,0
481323,0,1,18,18,18,18,18,18,18,18,18,18
481323,1,1,0,0,0,24,0,0,0,0,8,0
481324,1,1,8,28,15,0,17,0,3,0,9,0
481325,1,1,32,32,32,32,32,32,32,32,32,32
481326,1,1,0,0,0,0,0,41,0,0,12,0
481327,0,1,0,0,0,0,0,0,0,0,0,0
481327,1,1,0,0,0,0,0,0,0,0,0,0
481328,1,1,16,0,42,0,0,29,13,0,0,0
481328,2,1,0,11,15,0,0,0,21,0,0,18
481328,3,1,0,0,13,10,0,15,0,0,0,19
481329,1,1,0,0,7,0,0,15,3,0,8,0
481329,2,1,0,0,24,0,0,0,0,0,0,0
481330,1,1,0,0,0,0,0,0,0,0,19,32
481330,2,1,0,0,0,0,0,0,0,0,0,0
481331,0,1,0,14,9,22,0,16,0,0,36,29
481331,1,1,29,0,0,0,0,0,12,13,5,24
481332,1,1,0,9,0,0,8,18,2,0,0,0
481332,2,1,12,17,0,22,0,0,0,34,17,0
481333,1,1,0,0,0,0,0,0,0,0,0,0
481333,2,1,0,11,0,0,0,0,0,0,0,0
481334,0,1,0,0,0,0,0,0,0,0,0,0
481334,0,2,0,0,15,0,0,0,0,0,0,5
481334,0,3,0,12,0,0,0,0,0,0,0,0
481334,1,1,0,0,0,0,0,0,0,0,0,0
481335,1,1,0,0,0,18,0,0,0,0,0,0
481335,2,1,0,0,0,0,37,0,0,0,11,0
481336,0,1,0,22,36,29,16,0,31,0,0,0
481336,1,1,13,0,11,18,0,0,0,0,20,9
481337,1,1,0,0,0,0,0,0,0,0,0,0
481338,1,1,0,0,0,0,0,0,0,0,0,0
481338,2,1,0,0,0,0,12,0,22,20,29,0
481339,1,1,23,0,0,0,0,0,0,0,0,0
481340,1,1,19,19,19,19,19,19,19,19,19,19
481341,1,1,0,0,0,0,0,0,0,0,0,0
481341,2,1,0,17,15,0,0,0,0,0,0,0
481342,0,1,0,0,8,12,0,0,0,0,21,0
481342,1,1,0,7,0,0,0,6,0,17,17,32
481343,1,1,22,22,22,22,22,22,22,22,22,22
481344,1,1,19,19,19,19,19,19,19,19,19,19
481344,2,1,0,0,0,0,0,0,0,0,0,0
481344,3,1,11,12,19,0,0,0,0,0,0,0
481345,0,1,0,14,0,23,0,0,0,10,0,10
481345,1,1,0,0,6,15,0,0,0,0,23,0
481346,1,1,0,0,0,15,35,0,0,0,0,0
481346,2,1,0,0,0,0,0,19,0,0,8,0
481347,0,1,0,24,0,0,21,0,7,0,0,0
481347,1,1,0,0,0,23,0,0,0,0,0,0
481348,0,1,34,0,0,0,0,0,0,0,0,0
481348,0,2,0,0,0,0,0,0,0,0,0,0
481348,1,1,0,0,12,0,0,0,0,0,0,0
481349,1,1,0,0,0,0,0,26,5,0,0,0
481349,2,1,0,0,0,0,0,0,12,0,0,0
481350,1,1,0,0,0,0,0,0,0,0,27,0
481350,2,1,0,0,0,8,7,0,0,0,0,0
481351,1,1,8,5,25,26,10,17,0,27,12,8
481352,1,1,12,16,0,22,0,0,0,0,30,13
481353,1,1,18,0,0,0,0,28,0,0,24,0
481354,0,1,4,15,6,11,0,9,0,0,11,21
481354,1,1,0,0,0,17,0,0,0,2,0,0
481355,1,1,14,30,0,0,7,23,4,29,19,0
481356,1,1,0,10,13,28,8,13,2,25,32,0
481357,0,1,0,0,34,0,0,38,18,0,0,0
481357,1,1,20,0,0,0,0,0,30,0,0,0
481357,2,1,15,0,19,0,0,0,13,17,4,12
481358,1,1,12,20,9,31,26,22,0,4,9,20
481359,1,1,0,0,0,0,0,0,0,0,0,0
481360,1,1,2,2,2,2,2,2,2,2,2,2
481361,0,1,0,0,0,0,0,0,0,0,0,0
481361,1,1,14,0,0,19,0,0,0,16,18,8
481362,1,1,0,0,0,6,0,0,0,0,0,0
481363,1,1,21,21,21,21,21,21,21,21,21,21
481363,2,1,11,26,0,0,0,0,6,0,8,24
481364,1,1,5,0,0,24,0,8,0,4,28,0
481364,2,1,0,0,0,0,0,0,0,0,5,9
481365,1,1,0,12,15,31,9,0,0,15,0,0
481365,2,1,0,17,9,0,0,0,0,0,6,9
481366,0,1,15,0,0,25,0,0,0,0,0,26
481366,1,1,0,0,15,0,0,0,20,10,0,0
481366,2,1,0,0,20,0,10,0,0,20,6,0
481367,0,1,26,26,26,26,26,26,26,26,26,26
481367,1,1,27,15,0,0,0,0,0,17,24,0
481368,1,1,26,0,0,0,13,0,23,13,0,6
481369,1,1,10,0,0,0,11,13,10,0,15,13
481369,2,1,0,14,5,0,0,9,21,20,0,9
481370,1,1,0,0,0,0,0,13,0,0,0,0
481370,2,1,0,0,0,0,22,0,0,0,15,7
481371,1,1,0,0,0,0,35,0,0,0,0,0
481371,2,1,0,0,0,0,0,0,0,0,0,0
481372,1,1,7,0,0,0,0,15,0,0,0,0
481372,2,1,0,0,0,0,0,0,0,9,0,0
481373,1,1,1,1,1,1,1,1,1,1,1,1
481373,2,1,15,0,0,16,14,0,11,0,0,10
481374,1,1,8,8,8,8,8,8,8,8,8,8
481375,1,1,17,0,0,0,0,0,0,0,0,29
481375,2,1,13,0,18,0,29,29,0,20,0,0
481375,3,1,15,19,0,0,0,0,0,6,0,0
481376,1,1,0,0,0,14,0,15,0,0,8,9
481377,1,1,0,0,0,0,0,0,0,0,0,0
481378,0,1,0,0,0,0,0,0,0,0,0,0
481378,1,1,0,0,0,0,0,0,0,0,0,0
481379,1,1,16,14,0,19,0,20,15,0,0,0
481379,2,1,0,0,0,0,0,0,0,0,0,0
481379,3,1,0,0,0,0,0,0,0,0,0,0
481379,4,1,0,0,0,0,0,0,0,0,0,0
481380,1,1,12,12,12,12,12,12,12,12,12,12
481381,1,1,12,34,24,25,31,30,18,24,10,20
481382,1,1,15,21,21,12,0,7,17,14,0,0
481383,0,1,0,0,18,0,0,21,0,0,0,24
481383,1,1,12,15,13,12,19,6,14,7,3,19
481384,1,1,0,0,9,9,2,20,0,0,13,0
481385,1,1,0,0,0,15,0,5,0,33,23,0
481386,1,1,0,0,0,0,0,0,0,0,0,0
481386,2,1,0,0,0,0,0,0,0,0,0,0
481387,1,1,0,0,0,17,0,0,11,12,0,0
481388,1,1,0,0,0,0,0,0,0,0,0,0
481388,2,1,0,0,0,0,0,0,0,0,0,0
481389,1,1,5,5,5,5,5,5,5,5,5,5
481389,2,1,0,8,0,0,0,0,32,14,0,0
481390,1,1,17,0,16,21,22,24,0,12,0,0
481391,0,1,0,0,21,0,20,26,46,0,0,22
481391,1,1,40,21,0,14,23,12,0,8,21,15
481392,1,1,21,21,21,21,21,21,21,21,21,21
481392,2,1,0,0,0,0,0,0,0,0,0,0
481393,1,1,0,0,0,0,10,0,0,18,0,0
481393,2,1,0,0,0,0,0,0,0,0,10,0
481394,0,1,24,0,0,17,5,26,22,0,0,6
481394,1,1,0,0,0,0,0,6,0,21,0,0
481396,1,1,0,0,0,0,0,0,0,0,0,0
481396,2,1,0,0,0,0,0,0,0,0,0,0
481397,1,1,0,0,27,0,0,0,0,0,0,0
481398,1,1,10,0,0,0,0,19,0,9,16,0
481398,2,1,0,0,0,0,8,0,0,0,8,0
481399,1,1,0,19,0,0,0,15,0,0,0,0
481400,0,1,34,9,0,32,13,15,6,25,18,13
481400,1,1,0,0,19,0,7,0,0,23,0,33
481400,2,1,0,0,0,0,0,0,0,0,0,0
481401,1,1,0,0,0,0,0,0,26,0,0,0
481401,2,1,0,0,0,0,0,0,0,0,0,0
481401,3,1,15,0,0,0,0,0,0,0,0,28
481402,1,1,0,0,0,0,0,0,0,0,0,0
481402,2,1,0,0,0,0,0,0,0,0,0,0
481403,1,1,0,14,16,10,0,0,0,0,0,0
481403,2,1,0,23,0,0,0,0,0,0,0,0
481404,1,1,20,20,20,20,20,20,20,20,20,20
481405,0,1,0,0,14,14,0,0,0,5,0,3
481405,1,1,14,7,8,0,7,0,25,0,0,0
481406,0,1,20,0,0,0,0,0,14,0,0,0
481406,1,1,0,0,12,3,0,0,0,0,7,4
481407,1,1,0,0,0,5,14,0,0,0,0,0
481408,1,1,0,0,0,0,0,0,0,0,0,0
481409,1,1,0,0,0,0,0,0,0,0,0,0
481410,1,1,29,29,29,29,29,29,29,29,29,29
481411,0,1,0,0,0,0,3,0,0,0,0,29
481412,1,1,0,0,0,0,12,0,0,0,5,13
481413,1,1,0,0,0,0,0,0,0,0,0,0
481414,1,1,0,0,0,0,0,0,0,0,0,0
481415,0,1,8,0,23,12,6,7,0,0,0,34
481415,1,1,10,28,12,0,12,26,6,0,3,0
481416,1,1,0,0,0,0,9,0,0,0,0,0
481416,2,1,0,0,0,17,2,0,0,0,0,0
481417,0,1,0,0,0,0,0,0,0,0,0,0
481417,1,1,0,0,0,0,0,0,0,0,18,0
481418,1,1,0,0,0,0,0,0,0,0,0,0