ST_CASE,VEH_NO,PER_NO,P1,P2,P3,P4,P5,P6,P7,P8,P9,P10
481418,2,1,0,0,0,0,0,0,0,0,0,0
481419,0,1,12,0,33,0,35,7,29,0,31,0
481419,1,1,0,17,13,7,0,11,0,13,3,21
481420,1,1,0,0,0,0,0,0,0,0,0,0
481421,0,1,0,0,0,0,0,0,0,0,0,0
481421,1,1,0,0,0,0,0,0,0,0,0,0
481422,1,1,0,0,0,0,0,0,0,0,0,0
481423,1,1,0,0,0,0,0,0,0,0,0,0
481423,2,1,0,0,0,0,0,0,0,4,0,0
481424,0,1,11,0,0,24,22,11,0,0,0,29
481424,1,1,17,0,0,13,23,0,0,0,20,0
481425,1,1,0,0,13,0,0,0,0,17,0,0
481426,1,1,0,0,20,12,0,0,18,0,0,0
481426,2,1,0,15,11,0,0,0,35,0,17,10
481427,1,1,0,0,0,0,17,11,0,0,0,0
481427,2,1,0,0,0,0,3,0,0,18,0,0
481428,1,1,18,0,0,0,0,0,0,0,0,0
481429,1,1,6,0,0,27,18,20,11,13,0,16
481430,1,1,5,5,5,5,5,5,5,5,5,5
481431,1,1,0,23,0,0,0,0,19,0,0,17
481432,1,1,10,16,0,26,0,0,0,0,0,0
481432,2,1,7,0,4,0,0,15,10,13,0,13
481433,1,1,26,26,26,26,26,26,26,26,26,26
481434,1,1,0,0,0,0,0,0,0,0,16,12
481435,1,1,50,5,27,12,16,18,19,15,41,24
481436,1,1,15,15,15,15,15,15,15,15,15,15
481437,1,1,0,0,0,22,0,0,0,0,19,12
481437,2,1,0,0,0,0,0,0,0,0,0,0
481438,1,1,0,0,0,0,0,0,0,0,0,0
481439,1,1,0,0,0,0,0,0,0,0,0,0
481439,2,1,31,31,31,31,31,31,31,31,31,31
481440,1,1,0,0,0,0,0,12,4,0,0,0
481441,1,1,0,23,29,0,0,17,25,0,21,0
481442,1,1,17,21,11,7,17,29,23,20,41,19
481443,0,1,0,11,0,0,0,0,0,0,3,0
481443,1,1,0,0,0,0,0,0,0,0,0,0
481444,1,1,0,0,0,0,0,0,0,0,0,0
481445,1,1,0,0,0,0,0,0,19,15,0,15
481446,1,1,16,15,0,0,0,0,0,0,29,11
481447,1,1,0,27,0,0,0,0,18,0,0,11
481447,2,1,0,0,0,0,0,0,0,0,0,0
481447,3,1,0,0,4,11,0,0,0,0,0,0
481448,1,1,25,15,20,0,34,20,27,0,0,22
481448,2,1,10,3,14,10,30,12,0,12,10,16
481448,3,1,33,0,0,17,0,0,0,19,24,0
481449,1,1,0,0,0,0,0,0,0,0,0,0
481449,2,1,0,0,0,0,0,0,0,4,0,15
481449,3,1,0,0,0,0,0,0,0,0,0,0
481450,0,1,22,26,12,0,0,18,0,0,9,0
481450,1,1,0,0,0,0,0,10,38,0,0,0
481451,1,1,19,19,19,19,19,19,19,19,19,19
481452,0,1,11,0,4,0,15,28,34,0,9,27
481452,1,1,0,32,0,0,7,0,0,0,0,14
481453,1,1,0,0,0,4,0,0,0,0,0,0
481454,1,1,19,19,19,19,19,19,19,19,19,19
481455,1,1,0,0,0,0,0,0,0,0,0,4
481455,2,1,0,0,0,0,0,0,0,0,0,0
481455,3,1,0,0,0,0,0,0,0,0,16,0
481456,1,1,0,0,0,0,13,0,0,0,0,0
481457,1,1,18,18,18,18,18,18,18,18,18,18
481457,2,1,0,0,0,0,0,0,0,0,0,0
481458,0,1,16,16,16,16,16,16,16,16,16,16
481458,1,1,9,9,9,9,9,9,9,9,9,9
481459,0,1,0,0,0,0,0,0,0,0,0,0
481459,1,1,0,20,0,0,18,0,0,0,0,0
481460,1,1,0,0,0,0,0,0,0,0,0,0
481460,2,1,0,0,0,0,0,0,0,0,0,0
481461,0,1,13,23,0,20,41,10,0,0,22,0
481461,1,1,0,13,8,24,13,30,12,0,0,28
481462,0,1,10,0,0,4,0,0,0,0,0,31
481462,1,1,0,0,28,0,0,0,13,0,24,0
481463,1,1,20,20,20,20,20,20,20,20,20,20
481464,1,1,0,0,0,0,0,0,0,0,0,23
481464,2,1,0,0,0,0,0,0,31,0,0,0
481465,1,1,17,17,17,17,17,17,17,17,17,17
481466,1,1,0,0,0,0,0,0,0,0,0,0
481467,1,1,0,25,0,0,0,5,30,10,2,0
481467,2,1,0,10,0,11,7,15,13,15,0,0
481468,1,1,0,0,12,19,0,8,8,0,13,0
481469,1,1,18,18,18,18,18,18,18,18,18,18
481469,2,1,27,7,20,17,0,17,20,11,0,21
481469,3,1,8,22,24,17,0,0,0,10,11,8
481470,1,1,0,0,7,0,19,0,0,0,0,12
481470,2,1,0,10,0,0,0,0,0,0,0,0
481471,1,1,2,2,2,2,2,2,2,2,2,2
481472,0,1,0,10,0,0,0,0,0,0,0,0
481472,1,1,0,0,0,0,23,0,0,20,17,0
481473,0,1,0,16,44,25,20,0,24,12,0,0
481473,1,1,0,0,0,0,5,12,0,18,0,5
481474,1,1,2,2,2,2,2,2,2,2,2,2
481474,2,1,12,10,14,23,0,0,17,19,17,29
481475,1,1,0,0,0,0,7,0,0,0,0,0
481475,2,1,0,0,0,0,0,0,0,0,0,0
481476,1,1,0,0,0,0,0,0,0,0,0,0
481476,2,1,0,0,0,0,7,16,0,0,0,6
481477,0,1,0,10,0,14,0,0,0,25,13,29
481477,1,1,0,0,17,0,0,0,0,15,25,3
481478,1,1,2,2,2,2,2,2,2,2,2,2
481479,0,1,0,0,0,0,0,0,0,0,0,0
481479,1,1,17,0,29,13,0,21,0,0,0,0
481480,1,1,0,0,0,0,0,0,0,0,0,0
481480,2,1,0,0,32,0,0,13,0,0,0,11
481481,1,1,0,0,0,0,0,27,0,0,0,0
481482,1,1,0,0,0,0,0,0,0,0,0,0
481482,2,1,0,0,0,0,0,0,30,0,0,0
481483,1,1,0,0,23,4,0,0,0,0,27,0
481483,2,1,10,10,10,10,10,10,10,10,10,10
481484,1,1,0,0,0,24,0,0,0,0,0,8
481485,1,1,0,0,0,0,0,0,0,0,0,0
481485,2,1,11,18,27,0,0,0,0,0,0,0
481486,1,1,0,0,16,0,0,0,0,0,0,0
481486,2,1,0,0,0,0,0,0,0,0,0,0
481487,1,1,0,19,15,21,0,0,40,0,0,11
481488,1,1,23,23,23,23,23,23,23,23,23,23
481488,2,1,9,0,6,10,15,11,0,5,15,0
481488,3,1,21,0,21,0,0,0,0,7,29,0
481489,0,1,19,0,36,0,25,23,0,0,20,0
481489,1,1,17,0,0,13,0,0,0,0,0,0
481490,1,1,23,23,23,23,23,23,23,23,23,23
481491,1,1,8,0,0,0,16,0,0,0,18,14
481491,2,1,0,30,12,0,19,14,25,0,0,0
481492,1,1,22,22,22,22,22,22,22,22,22,22
481493,1,1,0,0,0,0,0,0,0,0,0,0
481493,2,1,26,26,26,26,26,26,26,26,26,26
481494,1,1,0,0,0,0,0,0,0,0,0,4
481495,1,1,0,0,23,17,5,14,0,21,0,0
481496,0,1,0,0,11,21,0,0,13,38,19,37
481496,2,1,0,0,0,0,0,0,0,0,0,0
481496,3,1,24,11,0,8,27,18,9,0,0,25
481496,4,1,8,12,5,16,31,9,14,0,0,22
481496,5,1,0,0,30,11,8,0,0,5,35,0
481497,1,1,0,0,0,0,0,0,0,0,0,0
481497,2,1,0,0,0,0,0,0,0,0,0,0
481498,1,1,9,9,9,9,9,9,9,9,9,9
481499,1,1,0,17,0,0,0,0,0,0,0,23
481499,2,1,7,0,0,0,0,0,0,0,0,0
481500,1,1,22,22,22,22,22,22,22,22,22,22
481500,2,1,28,15,4,0,0,6,0,0,0,0
481501,1,1,0,0,0,0,0,0,0,0,0,0
481501,2,1,0,0,0,0,0,0,0,0,0,0
481502,1,1,0,0,0,15,0,0,0,0,0,0
481502,2,1,0,0,0,0,3,0,0,0,0,13
481503,1,1,18,0,10,0,0,13,0,0,0,0
481503,2,1,10,21,0,0,0,0,0,0,0,0
481504,0,1,0,5,0,0,0,0,0,0,0,0
481504,1,1,18,0,25,0,0,0,0,0,0,0
481505,0,1,0,0,19,25,9,0,13,0,0,0
481505,0,2,0,0,0,0,0,0,0,0,0,0
481505,1,1,0,15,0,19,10,31,10,0,0,6
481506,1,1,0,0,0,0,0,0,0,0,0,0
481506,2,1,0,0,0,0,0,0,0,0,0,0
481507,1,1,0,0,0,0,27,0,0,0,0,0
481507,2,1,0,0,0,0,0,0,0,0,0,0
481508,0,1,0,6,38,19,53,0,0,18,0,0
481508,1,1,0,0,27,29,18,3,0,13,23,0
481509,0,1,20,20,20,20,20,20,20,20,20,20
481509,1,1,0,0,10,37,0,0,28,15,0,29
481510,1,1,0,0,0,0,0,0,0,0,0,0
481512,1,1,0,0,0,0,0,0,0,0,0,17
481512,2,1,0,0,20,0,0,0,0,0,0,0
481512,3,1,29,0,0,20,0,0,19,0,0,13
481513,1,1,3,3,3,3,3,3,3,3,3,3
481513,2,1,0,0,0,0,0,23,0,0,0,0
481514,1,1,2,18,23,12,8,4,18,17,20,14
481515,1,1,1,1,1,1,1,1,1,1,1,1
481516,1,1,11,33,15,0,9,0,18,0,0,0
481516,2,1,0,6,0,8,0,10,19,0,0,7
481517,1,1,0,13,0,18,27,0,0,0,0,0
481517,2,1,22,0,34,0,0,0,0,0,0,0
481518,1,1,11,18,0,0,0,18,0,14,0,0
481518,2,1,0,0,0,0,0,0,0,9,0,0
481519,1,1,16,0,0,13,13,11,0,0,21,0
481519,2,1,15,0,21,9,10,7,14,26,15,15
481521,1,1,0,17,0,0,0,0,3,0,0,0
481521,2,1,13,0,17,0,0,0,0,0,9,14
481522,1,1,0,0,0,0,0,0,0,0,0,38
481522,2,1,0,0,0,0,10,0,0,0,0,0
481523,1,1,0,0,22,0,0,26,12,8,10,0
481524,1,1,22,19,0,13,31,0,22,18,15,3
481525,1,1,21,21,21,21,21,21,21,21,21,21
481525,2,1,0,0,16,0,14,10,0,10,26,0
481525,3,1,0,0,0,14,0,0,0,0,0,0
481525,4,1,15,16,11,0,14,0,0,30,14,30
481526,1,1,0,0,30,0,13,0,0,0,0,0
481527,1,1,0,0,0,0,0,0,0,0,0,0
481527,2,1,0,0,7,11,0,0,0,25,0,0
481527,3,1,0,0,10,0,0,11,0,0,11,12
481527,4,1,24,58,8,3,7,15,33,20,32,0
481528,1,1,16,15,0,0,0,0,0,16,13,14
481529,1,1,7,25,0,27,17,14,19,17,9,19
481530,1,1,16,16,16,16,16,16,16,16,16,16
481531,1,1,0,0,0,0,0,0,0,0,0,0
481532,0,1,29,29,29,29,29,29,29,29,29,29
481532,1,1,10,40,4,0,0,21,0,0,21,12
481532,2,1,0,3,0,11,0,0,0,11,0,21
481532,3,1,16,0,0,25,0,26,0,22,19,9
481533,1,1,11,0,3,0,0,0,0,0,0,0
481534,1,1,0,0,0,0,0,0,0,0,0,0
481534,2,1,0,0,0,0,0,0,0,8,0,0
481534,3,1,0,0,0,0,11,0,0,10,0,0
481534,4,1,0,0,0,0,0,0,0,0,0,0
481535,1,1,17,0,0,0,24,25,0,0,20,0
481536,1,1,0,0,0,0,0,0,0,0,0,0
481537,1,1,0,0,0,0,0,0,0,0,0,0
481538,1,1,11,0,0,0,0,6,0,0,4,0
481539,0,1,0,8,28,12,31,0,20,18,0,0
481539,1,1,0,0,18,0,0,0,16,0,0,0
481540,1,1,0,0,0,0,0,0,0,28,0,0
481540,2,1,0,7,0,0,0,0,0,0,0,0
481541,1,1,0,0,0,0,0,6,0,0,0,0
481542,1,1,0,0,0,0,0,0,0,0,0,0
481544,1,1,17,17,17,17,17,17,17,17,17,17
481544,2,1,16,0,24,0,0,0,19,0,0,0
481545,1,1,22,22,22,22,22,22,22,22,22,22
481545,2,1,0,0,0,9,0,0,27,0,0,16
481545,3,1,0,6,0,0,0,0,0,0,0,0
481545,4,1,0,0,0,0,0,21,0,0,0,0
481545,5,1,10,10,0,0,0,0,18,12,0,0
481546,1,1,26,0,0,0,15,0,25,0,0,13
481546,2,1,0,0,0,0,25,0,0,12,0,0
481547,0,1,0,0,0,0,0,0,0,0,0,0
481547,1,1,0,0,17,0,0,0,0,20,4,0
481548,1,1,0,0,0,0,0,0,0,0,0,0
481548,2,1,0,0,0,0,0,0,0,0,0,23
481549,1,1,0,0,0,0,0,0,0,0,0,0
481550,1,1,0,30,26,12,9,20,23,0,15,28
481551,0,1,29,19,4,0,0,0,25,0,17,0
481551,1,1,0,16,0,0,9,0,16,0,10,20
481552,1,1,21,0,0,0,0,0,0,0,0,0
481552,2,1,0,0,0,29,6,0,0,0,0,0
481553,1,1,0,0,0,19,0,0,0,0,0,0
481554,1,1,0,0,0,0,0,3,0,15,12,0
481555,1,1,0,0,0,0,0,0,0,0,0,0
481555,2,1,26,26,26,26,26,26,26,26,26,26
481556,1,1,0,19,6,0,0,12,0,26,26,0
481556,2,1,17,17,17,17,17,17,17,17,17,17
481558,1,1,0,0,0,0,20,0,0,0,0,0
481559,1,1,0,0,0,0,0,0,0,0,0,0
481559,2,1,0,0,14,0,0,0,0,33,0,0
481560,1,1,0,0,0,0,0,0,0,0,0,0
481560,2,1,0,0,0,0,0,0,0,0,0,0
481561,1,1,0,0,16,0,0,0,17,14,27,28
481562,0,1,0,0,0,0,0,0,0,21,0,0
481562,1,1,0,0,0,0,0,19,18,0,0,0
481562,2,1,17,0,0,0,0,0,0,0,0,19
481563,1,1,0,0,0,7,10,0,10,0,0,0
481564,1,1,0,0,0,0,0,0,0,0,0,0
481565,0,1,33,0,5,0,0,0,7,0,29,15
481565,1,1,25,6,6,13,0,12,18,0,12,6
481566,1,1,1,1,1,1,1,1,1,1,1,1
481566,2,1,0,6,0,0,0,0,0,0,0,0
481567,0,1,0,0,0,0,0,0,0,0,0,0
481567,1,1,0,0,0,15,0,20,0,17,7,0
481568,0,1,0,0,0,0,0,0,0,0,0,0
481568,1,1,16,16,16,16,16,16,16,16,16,16
481569,1,1,0,0,0,0,0,0,0,13,0,0
481569,2,1,0,0,0,0,0,0,0,0,0,0
481570,0,1,0,0,0,28,25,29,0,0,14,0
481570,1,1,0,0,7,4,0,16,0,0,0,0
481571,1,1,13,22,0,8,0,0,18,39,0,0
481571,2,1,10,0,0,24,0,14,0,0,14,19
481572,1,1,13,13,13,13,13,13,13,13,13,13
481573,1,1,0,0,17,0,22,0,0,0,20,0
481574,1,1,0,0,0,0,0,0,0,0,0,0
481575,1,1,16,0,0,17,0,15,0,26,16,9
481576,0,1,0,0,0,0,0,0,0,0,0,0
481576,1,1,0,9,6,0,0,0,20,0,0,0
481577,0,1,56,11,12,0,19,23,0,0,0,0
481577,1,1,9,0,9,8,22,9,13,0,0,14
481578,1,1,0,0,10,9,0,15,0,11,0,0
481579,0,1,0,0,0,11,0,0,0,0,39,0
481579,1,1,22,16,16,0,12,16,16,0,0,8
481580,1,1,0,0,0,0,0,0,0,0,0,0
481581,1,1,0,0,8,16,0,0,0,0,9,17
481581,2,1,0,0,0,7,0,0,17,0,16,0
481581,3,1,0,0,0,0,0,0,0,0,0,0
481582,1,1,24,0,0,21,0,0,20,0,6,0
481582,2,1,21,0,0,0,18,0,0,0,0,22
481583,1,1,0,0,0,0,0,0,0,0,0,0
481584,1,1,0,0,0,0,0,0,0,0,0,0
481584,2,1,0,0,0,0,0,8,0,0,0,0
481585,1,1,0,0,0,14,31,13,0,0,0,0
481585,2,1,0,0,0,15,14,14,0,9,0,0
481586,1,1,0,0,35,6,0,0,15,0,0,0
481587,0,1,31,31,31,31,31,31,31,31,31,31
481587,1,1,0,15,10,0,0,0,0,7,0,0
481588,0,1,14,14,14,14,14,14,14,14,14,14
481588,1,1,0,0,0,23,0,0,0,0,17,21
481588,2,1,11,0,10,0,20,14,22,0,0,0
481588,3,1,32,0,0,0,14,16,0,44,9,0
481588,4,1,0,0,0,13,18,18,0,8,12,18
481588,5,1,12,19,0,9,17,14,0,13,0,19
481589,0,1,17,17,17,17,17,17,17,17,17,17
481589,1,1,27,0,13,0,20,12,16,25,8,14
481590,0,1,0,30,0,0,17,0,0,10,0,0
481590,0,2,0,0,0,0,0,0,0,0,0,0
481590,1,1,13,0,15,0,0,3,0,0,3,0
481591,1,1,0,0,0,0,0,0,0,0,0,0
481591,2,1,0,0,0,0,0,0,0,0,0,0
481592,1,1,0,0,0,0,0,0,0,7,50,20
481592,2,1,27,0,0,0,0,0,35,0,0,11
481593,1,1,0,0,0,0,0,0,15,0,0,0
481593,2,1,0,0,0,0,0,0,0,0,0,0
481593,3,1,0,0,0,0,0,0,0,0,0,0
481594,1,1,0,0,0,0,0,0,0,0,0,0
481594,2,1,0,0,0,0,0,0,0,0,0,0
481595,0,1,20,0,0,0,0,0,17,21,0,45
481595,1,1,18,11,0,0,0,24,23,0,25,3
481596,1,1,26,26,26,26,26,26,26,26,26,26
481596,2,1,0,0,3,0,17,0,0,20,15,13
481597,1,1,0,0,20,18,0,0,13,0,0,0
481597,2,1,0,28,10,0,5,0,0,21,0,0
481597,3,1,0,0,8,0,3,0,9,25,12,28
481597,4,1,4,4,4,4,4,4,4,4,4,4
481597,5,1,0,30,0,0,0,0,22,0,8,8
481598,1,1,23,23,23,23,23,23,23,23,23,23
481599,0,1,0,13,3,0,21,0,16,19,0,0
481599,1,1,23,0,10,18,13,0,23,14,15,11
481600,0,1,16,16,16,16,16,16,16,16,16,16
481600,1,1,0,20,13,29,0,0,0,28,14,0
481601,1,1,0,0,0,0,0,0,0,0,0,0
481601,2,1,0,0,0,1,0,0,0,0,0,0
481602,1,1,17,17,17,17,17,17,17,17,17,17
481603,0,1,0,0,0,20,0,0,19,0,0,0
481603,1,1,0,0,0,0,0,0,0,0,0,20
481604,0,1,0,0,0,0,0,0,0,0,0,0
481604,1,1,0,0,0,0,0,0,0,0,0,0
481605,1,1,0,0,0,0,0,0,0,0,0,0
481605,2,1,0,0,0,0,0,0,0,0,0,0
481606,1,1,0,0,10,13,0,20,0,0,0,27
481607,1,1,0,0,7,0,0,0,0,16,0,8
481608,1,1,0,0,0,0,0,0,0,0,0,0
481609,1,1,12,0,0,0,0,0,12,16,0,0
481609,2,1,0,0,0,0,0,0,0,0,0,0
481610,1,1,0,0,0,29,15,26,19,6,15,15
481611,1,1,0,18,0,0,0,0,11,0,0,0
481612,1,1,0,0,0,0,0,0,0,0,0,0
481612,2,1,0,0,0,0,0,0,0,0,0,0
481613,0,1,2,2,2,2,2,2,2,2,2,2
481613,1,1,0,0,0,0,0,0,11,0,0,0
481614,1,1,17,17,17,17,17,17,17,17,17,17
481615,1,1,31,31,31,31,31,31,31,31,31,31
481616,1,1,16,14,0,6,10,20,26,33,14,15
481616,2,1,7,22,15,0,11,24,0,10,0,0
481617,0,1,0,22,0,0,0,0,0,0,0,0
481617,1,1,0,0,0,0,6,0,0,0,28,0
481617,2,1,0,0,0,0,0,0,0,0,0,0
481618,1,1,0,0,0,0,0,0,0,0,0,0
481618,2,1,0,0,0,0,0,0,0,12,0,0
481619,1,1,14,0,0,0,0,0,0,0,0,0
481620,1,1,0,0,0,0,0,0,0,0,0,0
481621,1,1,0,0,0,0,0,0,0,0,0,0
481622,1,1,0,0,0,0,0,0,0,0,0,0
481622,2,1,0,0,0,0,0,0,0,0,0,0
481623,1,1,0,0,0,0,23,0,0,8,0,0
481624,1,1,20,20,20,20,20,20,20,20,20,20
481625,0,1,0,0,0,0,0,0,0,0,0,0
481625,1,2,27,19,0,0,0,0,0,13,15,0
481625,2,1,19,13,14,0,0,0,0,8,0,10
481626,0,1,23,23,23,23,23,23,23,23,23,23
481626,1,1,7,0,0,15,13,0,12,5,0,0
481627,1,1,0,0,0,14,0,5,17,0,9,13
481628,1,1,17,17,17,17,17,17,17,17,17,17
481629,1,1,0,0,0,9,12,27,0,0,48,28
481629,2,1,0,0,0,0,0,0,0,0,0,0
481630,1,1,21,0,0,0,0,0,0,0,0,0
481631,1,1,0,0,0,0,0,0,0,0,0,0
481631,2,1,0,7,0,0,0,0,0,0,0,0
481632,1,1,0,0,15,0,0,18,20,0,0,0
481633,1,1,0,0,0,0,0,0,0,0,0,0
481634,1,1,0,5,22,0,14,0,0,0,0,10
481635,1,1,0,0,0,0,5,24,28,0,4,11
481635,2,1,0,0,0,0,0,0,0,0,0,0
481636,1,1,11,0,0,0,18,0,0,17,0,0
481636,2,1,29,21,34,0,0,11,5,0,28,0
481636,3,1,0,0,0,0,0,0,0,0,0,0
481637,1,1,20,20,20,20,20,20,20,20,20,20
481637,2,1,0,18,0,0,12,17,11,0,20,0
481638,1,1,0,0,0,0,0,0,0,0,0,0
481638,2,1,0,0,0,0,0,0,0,0,0,0
481638,3,1,0,0,0,0,0,0,12,0,0,0
481639,1,1,0,0,0,0,0,0,0,0,0,0
481639,2,1,0,0,0,0,0,0,0,0,0,0
481640,1,1,0,0,0,0,19,0,20,0,0,0
481641,1,1,0,0,0,13,16,0,0,23,0,4
481641,2,1,18,0,0,0,0,0,0,0,7,0
481642,1,1,0,0,0,0,0,0,11,0,0,0
481642,2,1,0,0,12,0,0,0,0,0,0,8
481643,1,1,0,0,0,0,0,0,0,0,0,0
481644,1,1,11,11,11,11,11,11,11,11,11,11
481645,1,1,0,0,0,13,18,0,0,13,0,20
481645,2,1,0,0,16,0,4,0,24,9,9,0
481645,3,1,0,13,22,24,0,13,0,0,0,0
481646,1,1,0,0,0,12,0,0,0,0,0,0
481646,2,1,0,0,0,0,11,0,0,0,0,0
481647,1,1,0,0,0,0,0,0,0,0,0,0
481647,2,1,0,0,12,6,0,0,0,0,0,0
481647,3,1,9,12,0,0,14,0,20,0,0,0
481648,1,1,0,0,0,8,0,0,0,0,0,0
481649,1,1,0,0,0,0,0,0,0,0,0,0
481650,1,1,0,0,16,0,0,20,0,7,0,0
481650,2,1,0,0,0,6,0,0,0,0,0,0
481651,1,1,14,13,17,10,18,15,4,14,10,36
481651,2,1,17,17,17,17,17,17,17,17,17,17
481652,0,1,0,0,0,0,0,0,19,5,0,0
481652,1,1,16,17,31,8,11,22,12,18,12,14
481653,1,1,7,7,7,7,7,7,7,7,7,7
481654,1,1,7,7,7,7,7,7,7,7,7,7
481655,1,1,19,19,19,19,19,19,19,19,19,19
481656,1,1,0,0,0,0,0,0,0,0,0,0
481656,2,1,23,22,14,6,0,0,0,0,0,10
481656,3,1,10,0,11,0,0,0,0,0,0,0
481657,1,1,0,0,8,26,0,0,16,21,0,0
481657,2,1,18,18,18,18,18,18,18,18,18,18
481658,1,1,0,0,20,0,21,0,0,0,0,0
481658,2,1,0,0,0,0,0,0,0,0,0,0
481659,1,1,9,0,0,19,17,10,6,21,18,0
481660,1,1,0,0,0,0,7,0,0,0,0,0
481661,1,1,9,9,9,9,9,9,9,9,9,9
481661,2,1,0,0,7,0,0,0,0,0,0,0
481662,1,1,40,12,13,12,0,7,6,24,15,9
481662,2,1,17,0,0,23,0,0,0,0,0,0
481663,1,1,0,0,0,0,0,0,0,0,0,0
481663,2,1,0,0,0,0,21,0,0,0,0,0
481664,1,1,17,10,14,16,0,11,21,0,0,27
481665,1,1,0,0,0,0,0,0,0,0,0,0
481665,2,1,0,0,0,17,10,0,12,25,0,16
481667,1,1,0,0,0,0,0,0,0,0,0,0
481667,2,1,24,0,0,7,0,0,0,0,0,0
481668,1,1,0,0,8,0,0,0,0,0,0,0
481669,1,1,0,0,0,0,0,0,0,0,16,0
481669,2,1,0,0,0,0,0,0,0,0,0,0
481670,1,1,8,8,8,8,8,8,8,8,8,8
481671,1,1,0,0,0,0,21,30,0,0,0,0
481672,1,1,0,0,0,0,0,29,0,0,0,0
481673,1,1,17,17,17,17,17,17,17,17,17,17
481675,1,1,0,0,0,16,0,0,0,0,0,0
481675,2,1,31,0,0,0,0,0,0,0,0,0
481676,0,1,0,0,11,5,24,12,25,0,0,0
481676,1,1,0,19,11,29,0,0,13,0,0,0
481677,1,1,0,0,0,0,0,0,0,0,0,0
481679,1,1,13,13,13,13,13,13,13,13,13,13
481679,2,1,0,0,5,0,0,9,21,16,18,0
481680,1,1,9,0,0,0,0,0,16,0,19,0
481680,2,1,15,15,15,15,15,15,15,15,15,15
481681,1,1,0,37,0,0,0,0,0,0,0,10
481682,0,1,0,26,22,23,17,0,30,32,0,22
481682,1,1,15,15,15,15,15,15,15,15,15,15
481683,1,1,22,22,22,22,22,22,22,22,22,22
481684,1,1,0,0,0,0,0,0,0,0,0,10
481684,2,1,0,23,0,0,0,0,0,0,0,0
481685,1,1,29,29,29,29,29,29,29,29,29,29
481686,1,1,0,0,0,0,22,0,0,0,0,26
481688,0,1,13,13,13,13,13,13,13,13,13,13
481688,1,1,0,19,31,0,0,0,0,15,0,0
481689,1,1,33,33,33,33,33,33,33,33,33,33
481690,0,1,0,0,0,0,0,32,0,0,0,0
481690,1,1,0,0,0,0,0,0,0,0,0,0
481691,0,1,0,0,0,19,12,0,28,27,9,37
481691,1,1,4,31,6,15,0,20,5,24,0,0
481692,1,1,24,24,24,24,24,24,24,24,24,24
481693,0,1,29,14,30,27,23,19,29,14,20,15
481693,1,1,0,0,0,0,0,0,0,0,0,0
481694,0,1,0,0,0,17,0,0,22,36,23,0
481694,0,2,23,23,23,23,23,23,23,23,23,23
481694,1,1,11,18,12,27,22,11,13,36,19,22
481695,0,1,0,0,0,0,0,0,0,0,0,0
481695,1,1,5,0,18,0,0,0,0,0,0,0
481696,1,1,13,13,13,13,13,13,13,13,13,13
481697,1,1,23,0,10,21,0,26,19,12,0,0
481697,2,1,12,12,19,8,11,16,0,0,0,0
481697,3,1,0,0,0,0,28,20,0,19,19,0
481698,1,1,0,0,0,0,0,0,0,0,0,0
481699,0,1,0,0,0,0,0,0,0,0,0,0
481699,1,1,12,0,0,0,0,0,0,0,14,0
481700,1,1,24,15,0,0,0,0,21,0,0,0
481700,2,1,0,25,14,27,17,0,17,0,0,9
481701,1,1,0,0,0,0,0,24,0,0,0,17
481701,2,1,0,11,0,0,0,0,0,0,0,0
481701,3,1,0,24,12,11,0,0,0,0,0,0
481702,1,1,0,0,0,0,0,0,0,0,0,0
481703,1,1,25,25,25,25,25,25,25,25,25,25
481704,1,1,0,0,0,0,0,0,0,15,0,14
481704,2,1,0,0,0,0,0,0,0,0,0,0
481705,1,1,0,0,0,0,0,0,0,0,9,0
481705,2,1,0,0,0,0,0,0,0,0,0,0
481706,0,1,11,11,11,11,11,11,11,11,11,11
481706,1,1,10,0,0,8,0,0,0,0,18,0
481707,1,1,25,25,25,25,25,25,25,25,25,25
481708,0,1,0,20,20,23,0,0,16,33,0,0
481708,1,1,17,0,0,0,33,34,9,10,29,0
481709,1,1,0,0,0,0,0,0,0,0,0,0
481709,2,1,0,0,0,18,0,0,0,0,0,0
481710,1,1,9,0,0,13,0,14,6,0,0,35
481710,2,1,0,0,0,0,0,0,0,0,0,0