ST_CASE,VEH_NO,PER_NO,P1,P2,P3,P4,P5,P6,P7,P8,P9,P10
481711,1,1,44,21,11,8,14,0,9,0,0,0
481712,1,1,0,0,0,9,0,9,0,0,0,0
481712,2,1,0,18,32,10,0,0,0,18,0,0
481713,0,1,32,32,32,32,32,32,32,32,32,32
481713,1,1,17,25,0,0,0,0,0,0,0,9
481714,1,1,24,17,16,13,14,12,18,24,11,9
481714,2,1,0,0,12,0,0,0,0,0,22,0
481714,3,1,24,0,0,0,0,21,0,0,17,0
481715,1,1,15,15,15,15,15,15,15,15,15,15
481716,1,1,21,21,21,21,21,21,21,21,21,21
481717,1,1,19,19,19,19,19,19,19,19,19,19
481718,1,1,0,0,18,0,0,0,0,12,0,0
481719,1,1,0,0,0,0,0,0,0,0,0,0
481719,2,1,0,0,0,0,0,0,0,0,0,0
481720,1,1,0,0,0,0,0,0,0,0,0,0
481721,0,1,0,0,0,19,0,0,0,0,17,0
481721,1,1,0,0,0,0,0,0,0,0,0,32
481722,1,1,12,12,12,12,12,12,12,12,12,12
481723,1,1,14,37,21,25,37,22,21,21,52,0
481724,1,1,0,0,0,5,21,0,23,0,0,14
481725,0,1,25,6,21,0,0,0,25,0,0,11
481725,1,1,0,0,0,0,0,0,0,0,0,0
481726,1,1,0,0,0,0,0,0,0,0,0,0
481726,2,1,6,0,0,0,0,0,0,0,0,0
481727,1,1,0,0,0,0,0,0,0,0,0,0
481727,2,1,0,0,0,0,0,0,0,0,0,0
481728,1,1,0,0,0,0,0,0,0,0,0,0
481729,1,1,0,0,0,0,0,0,0,0,0,0
481729,2,1,0,0,0,0,0,0,0,0,0,0
481730,0,1,0,0,11,0,32,28,16,19,0,7
481730,1,1,26,11,17,14,0,0,0,0,0,0
481731,1,1,14,14,14,14,14,14,14,14,14,14
481732,1,1,23,0,0,19,0,18,0,24,11,0
481732,2,1,0,0,0,38,7,0,0,21,0,8
481733,1,1,0,20,0,14,0,0,0,0,6,0
481733,2,1,0,0,0,0,0,0,2,0,13,0
481734,1,1,17,0,0,0,13,0,0,19,11,0
481735,1,1,0,0,19,0,0,22,0,0,16,24
481736,1,1,0,0,27,0,10,0,16,0,0,0
481736,2,1,0,0,0,0,10,0,6,34,22,0
481737,1,1,0,0,0,0,0,0,0,17,0,0
481737,2,1,0,0,0,0,0,0,0,31,0,0
481738,1,1,0,11,0,0,0,0,9,0,0,13
481739,1,1,0,0,0,0,0,0,0,0,0,0
481740,1,1,17,17,17,17,17,17,17,17,17,17
481740,2,1,0,0,0,0,0,10,0,0,0,5
481741,1,1,15,4,9,10,17,8,0,12,16,0
481742,1,1,0,0,0,0,0,0,0,0,0,0
481742,2,1,0,0,30,0,0,0,0,0,0,0
481742,3,1,16,26,0,0,18,0,0,0,0,0
481743,1,1,0,0,0,0,0,0,0,0,0,0
481743,2,1,0,3,0,38,0,0,0,0,0,0
481744,1,1,26,0,0,0,10,0,0,0,16,0
481744,2,1,0,0,0,0,0,0,0,0,0,25
481745,1,1,0,0,8,0,0,10,16,0,0,24
481746,1,1,0,0,0,0,0,0,0,0,0,0
481747,0,1,33,33,33,33,33,33,33,33,33,33
481747,1,1,0,24,0,0,14,8,0,0,20,0
481748,1,1,0,0,0,0,0,0,0,0,0,0
481749,1,1,0,0,0,0,0,0,0,0,0,0
481749,2,1,0,0,0,0,35,0,25,0,0,0
481750,1,1,0,0,0,0,42,0,0,0,0,0
481750,2,1,0,0,0,0,0,12,0,20,0,0
481751,1,1,0,0,0,22,0,0,0,0,0,0
481751,2,1,0,0,5,0,0,0,0,0,0,0
481752,1,1,14,14,14,14,14,14,14,14,14,14
481753,1,1,0,0,0,14,0,0,0,0,0,0
481753,2,1,0,0,0,0,0,0,0,0,33,0
481754,1,1,0,0,0,0,0,0,0,0,0,0
481754,2,1,0,0,0,0,0,0,0,0,0,0
481755,1,1,25,14,7,0,0,0,17,0,0,0
481756,1,1,6,0,0,0,19,19,0,0,0,0
481756,2,1,0,0,0,16,0,10,0,0,0,0
481757,1,1,0,0,0,0,0,0,0,0,0,0
481757,2,1,0,0,0,0,0,0,0,0,0,0
481758,1,1,20,15,5,23,0,3,12,11,21,8
481758,2,1,0,14,0,9,0,0,0,0,0,0
481759,1,1,12,0,0,13,23,26,22,8,26,27
481760,1,1,3,2,0,11,0,13,0,0,0,0
481761,1,1,0,0,0,0,0,0,0,0,0,0
481761,2,1,0,0,0,0,0,0,0,0,0,0
481762,1,1,0,0,0,0,2,0,9,0,0,9
481763,1,1,0,0,0,0,0,0,0,0,0,0
481763,2,1,0,14,0,0,0,0,0,0,0,18
481764,1,1,0,0,0,0,0,0,0,0,0,0
481764,2,1,0,0,0,0,0,0,0,19,0,29
481765,1,1,17,0,0,0,0,21,0,0,0,0
481765,2,1,0,0,0,14,10,15,2,0,0,0
481766,1,1,0,20,13,0,25,22,20,0,0,0
481766,2,1,0,0,0,0,0,0,0,0,0,0
481767,1,1,0,0,0,0,0,0,0,0,0,0
481767,2,1,0,0,0,0,15,0,0,0,0,0
481768,1,1,0,17,12,0,12,0,16,5,0,0
481769,0,1,11,11,11,11,11,11,11,11,11,11
481769,1,1,0,0,0,0,0,0,0,0,5,0
481770,1,1,26,26,26,26,26,26,26,26,26,26
481771,1,1,0,0,12,17,7,9,16,0,0,0
481772,1,1,28,28,28,28,28,28,28,28,28,28
481773,1,1,26,26,26,26,26,26,26,26,26,26
481773,2,1,0,0,0,0,0,0,0,0,0,0
481774,0,1,28,28,0,0,0,20,0,14,12,0
481774,1,1,0,13,10,0,0,13,18,0,0,9
481775,1,1,26,26,26,26,26,26,26,26,26,26
481775,2,1,12,0,12,22,13,0,11,0,0,8
481776,1,1,5,5,5,5,5,5,5,5,5,5
481777,0,1,28,0,0,11,0,0,43,10,0,0
481777,1,1,14,8,28,12,0,11,3,22,0,2
481778,0,1,0,0,0,0,0,0,0,0,0,0
481778,1,1,20,13,6,12,0,0,12,11,11,0
481779,1,1,27,27,27,27,27,27,27,27,27,27
481779,2,1,0,31,34,13,0,0,0,0,18,32
481780,0,1,3,3,3,3,3,3,3,3,3,3
481780,1,1,20,20,20,20,20,20,20,20,20,20
481781,1,1,3,3,3,3,3,3,3,3,3,3
481781,2,1,20,20,20,20,20,20,20,20,20,20
481782,1,1,0,19,0,14,0,0,0,15,15,12
481783,1,1,0,0,0,0,0,0,0,0,0,0
481783,2,1,0,0,0,0,0,16,16,0,0,0
481784,1,1,0,0,0,0,0,0,0,0,0,0
481784,2,1,0,0,0,0,0,0,0,0,0,0
481785,0,1,19,19,19,19,19,19,19,19,19,19
481785,1,1,0,0,0,0,0,0,0,0,0,0
481786,1,1,0,0,0,0,0,0,0,0,0,0
481787,1,1,0,0,0,0,0,0,0,17,13,6
481787,2,1,0,0,0,0,27,0,0,0,8,0
481788,1,1,0,0,0,19,0,5,22,0,18,0
481788,2,1,0,6,23,13,0,0,0,18,0,25
481789,1,1,20,20,20,20,20,20,20,20,20,20
481789,2,1,0,0,0,0,0,0,0,0,0,0
481790,1,1,0,0,0,0,0,0,0,0,0,0
481791,1,1,16,16,16,16,16,16,16,16,16,16
481792,1,1,0,0,14,0,0,0,0,0,0,0
481793,1,1,0,0,0,0,0,0,0,0,0,0
481793,2,1,0,0,0,0,0,0,24,0,0,0
481794,0,1,0,0,0,12,0,0,0,0,0,0
481794,1,1,0,0,0,18,0,5,0,0,0,0
481795,1,1,0,0,0,0,0,0,0,0,0,0
481796,1,1,0,0,0,0,0,0,0,0,0,0
481797,0,1,0,10,15,0,24,23,0,31,0,21
481797,1,1,0,0,22,0,0,25,0,9,0,0
481797,2,1,0,0,16,25,0,12,0,0,0,14
481797,3,1,0,26,0,8,18,0,0,5,0,0
481798,1,1,0,0,0,0,0,0,0,0,0,0
481798,2,1,4,30,15,19,0,0,0,0,0,0
481799,0,1,0,13,0,0,0,22,0,0,14,0
481799,1,1,0,13,0,0,0,23,0,0,20,0
481799,2,1,0,19,30,17,9,0,12,20,0,0
481799,3,1,5,17,14,15,21,0,0,0,0,0
481799,4,1,19,21,18,4,21,0,16,0,26,11
481799,5,1,0,0,29,24,6,0,33,0,0,0
481799,6,1,0,16,30,0,0,0,10,25,0,0
481800,0,1,0,18,0,15,8,15,0,22,28,0
481800,1,1,13,0,19,0,15,0,0,14,0,2
481801,1,1,11,0,0,0,0,0,0,0,0,0
481801,2,1,0,0,0,0,0,0,0,16,0,0
481802,1,1,0,0,13,0,0,0,0,0,0,0
481802,2,1,0,0,0,0,0,0,0,0,0,0
481802,3,1,0,18,0,0,14,0,0,0,0,0
481803,1,1,0,0,15,0,0,0,0,0,0,0
481803,2,1,0,0,34,11,0,0,0,0,0,0
481804,1,1,10,10,10,10,10,10,10,10,10,10
481805,1,1,0,0,0,11,10,0,27,0,0,0
481806,1,1,0,0,0,0,0,0,0,0,0,0
481807,1,1,0,0,0,0,0,0,0,0,0,0
481808,1,1,0,0,0,0,0,0,0,0,0,0
481808,2,1,0,0,0,0,0,0,0,0,0,0
481808,3,1,0,0,0,0,0,0,0,0,0,0
481808,4,1,16,12,0,0,0,0,0,0,0,17
481808,5,1,0,0,0,0,0,0,0,0,0,0
481809,1,1,0,21,0,0,0,0,10,0,7,0
481810,1,1,0,0,0,19,0,0,0,0,0,19
481812,1,1,0,17,0,0,0,0,0,25,0,19
481812,2,1,23,0,10,0,19,0,0,7,15,0
481812,3,1,0,0,0,0,0,0,5,23,26,0
481813,1,1,0,0,0,0,0,0,0,12,0,10
481813,2,1,0,22,17,0,0,17,0,0,14,0
481814,1,1,18,0,9,0,0,0,0,0,0,11
481814,2,1,0,0,0,13,0,32,0,35,0,0
481815,1,1,0,4,14,0,0,0,0,0,0,0
481816,0,1,0,0,0,0,21,0,0,25,0,0
481816,1,1,6,0,0,0,16,14,0,0,0,0
481817,0,1,0,0,0,28,0,26,38,0,0,0
481817,1,1,0,0,11,0,16,0,0,0,0,0
481818,1,1,0,0,0,0,0,0,0,0,0,0
481819,1,1,0,0,0,11,0,6,10,6,11,4
481819,2,1,18,18,18,18,18,18,18,18,18,18
481819,3,1,12,5,0,0,6,0,22,11,17,0
481820,1,1,0,0,11,17,0,12,0,0,0,0
481820,2,1,0,0,0,18,0,0,0,0,0,0
481821,1,1,0,0,0,0,0,0,0,0,0,0
481822,0,1,0,0,0,0,0,0,0,0,0,0
481822,1,1,0,0,0,0,12,7,0,0,0,0
481823,1,1,0,0,0,0,0,3,0,0,0,6
481824,0,1,12,6,0,0,29,38,20,11,0,0
481824,1,1,25,14,0,0,12,0,0,0,13,0
481824,2,1,20,0,24,0,0,0,27,0,0,0
481825,1,1,0,0,0,0,0,0,0,0,0,0
481825,2,1,7,7,7,7,7,7,7,7,7,7
481826,1,1,0,15,21,10,2,37,16,0,18,0
481828,1,1,0,0,0,0,0,0,0,0,0,0
481828,2,1,0,0,0,0,0,0,0,0,0,0
481829,0,1,21,21,21,21,21,21,21,21,21,21
481829,1,1,0,0,0,0,0,0,0,0,0,0
481830,1,1,0,0,0,0,0,0,7,16,16,36
481831,1,1,16,16,16,16,16,16,16,16,16,16
481831,2,1,0,0,27,7,16,22,24,4,0,10
481832,1,1,0,0,0,0,0,0,0,0,0,0
481832,2,1,0,0,14,0,10,0,15,0,21,17
481833,1,1,7,18,0,0,0,0,0,17,0,15
481833,2,1,0,0,12,24,0,0,0,13,26,0
481833,3,1,0,0,0,0,0,0,0,0,0,0
481834,1,1,0,0,0,0,0,0,10,0,0,16
481834,2,1,0,0,0,0,0,0,0,0,0,0
481834,3,1,0,0,0,4,0,0,0,0,0,0
481835,0,1,22,0,0,0,0,0,0,0,0,0
481835,0,2,0,0,0,0,0,0,0,0,0,0
481835,1,1,0,0,0,0,0,0,0,0,0,0
481836,1,1,28,0,0,0,0,0,0,0,28,0
481837,0,1,0,0,0,0,0,0,30,16,37,35
481837,1,1,5,18,19,7,32,33,0,28,15,16
481838,1,1,18,0,6,12,14,41,6,12,21,5
481838,2,1,4,0,0,0,9,15,11,4,0,22
481839,1,1,10,10,10,10,10,10,10,10,10,10
481839,2,1,18,0,0,11,0,0,0,0,15,34
481840,0,1,18,18,18,18,18,18,18,18,18,18
481840,1,1,0,0,0,0,9,0,0,11,14,16
481841,1,1,0,0,0,0,0,0,0,0,0,0
481842,1,1,15,11,17,0,0,13,0,0,0,0
481842,2,1,0,9,8,8,0,0,0,0,5,0
481843,1,1,0,0,0,0,0,27,23,14,0,0
481844,1,1,16,16,16,16,16,16,16,16,16,16
481845,1,1,0,0,18,9,0,0,13,19,0,0
481846,1,1,0,0,0,0,0,0,2,0,0,0
481846,2,1,0,0,0,0,0,0,0,0,0,0
481847,1,1,0,0,0,0,0,0,0,0,0,0
481848,1,1,0,13,27,10,0,25,24,9,0,0
481849,1,1,0,0,0,0,0,0,0,0,0,0
481849,2,1,0,9,0,0,0,12,0,0,0,0
481850,1,1,13,20,16,24,0,0,7,0,26,15
481851,1,1,6,30,21,13,17,27,13,8,14,22
481852,1,1,23,23,23,23,23,23,23,23,23,23
481853,1,1,0,0,18,16,15,15,11,2,11,0
481853,2,1,37,0,0,0,25,17,14,8,25,0
481854,1,1,0,0,0,0,19,18,26,0,0,28
481855,0,1,2,2,2,2,2,2,2,2,2,2
481855,1,1,17,17,17,17,17,17,17,17,17,17
481856,1,1,32,32,32,32,32,32,32,32,32,32
481857,0,1,0,0,0,0,0,0,0,0,0,0
481857,1,1,0,0,0,12,0,0,0,0,19,0
481858,1,1,0,0,0,6,0,0,0,0,0,0
481858,2,1,0,8,0,0,0,0,0,0,0,0
481858,3,1,6,3,0,0,0,0,0,0,8,0
481860,0,1,16,1,24,0,15,7,15,7,0,17
481860,1,1,19,19,23,0,0,12,0,0,0,0
481861,0,1,0,0,0,15,0,39,0,0,0,25
481861,1,1,13,11,7,0,0,0,28,0,15,0
481862,1,1,0,0,0,0,0,21,20,0,0,0
481863,0,1,0,0,0,18,18,0,0,0,0,0
481863,1,1,0,0,0,0,0,0,0,0,0,0
481864,0,1,0,0,0,0,0,0,0,0,0,0
481864,1,1,0,5,23,0,20,0,0,0,20,0
481865,1,1,0,0,0,0,0,0,0,20,0,0
481865,2,1,21,0,0,0,0,0,0,0,0,0
481865,3,1,0,0,0,0,0,0,0,0,0,18
481866,1,1,0,0,0,0,0,0,0,0,0,0
481866,2,1,14,30,0,12,0,0,0,0,0,0
481867,1,1,0,31,7,0,0,0,0,22,0,0
481868,1,1,12,12,12,12,12,12,12,12,12,12
481868,2,1,0,0,0,0,0,6,0,0,0,7
481869,1,1,32,32,32,32,32,32,32,32,32,32
481870,1,1,0,0,0,0,0,0,0,0,0,0
481870,2,1,24,29,23,4,0,0,0,0,22,0
481871,1,1,0,20,0,0,20,0,0,10,0,0
481872,1,1,0,15,0,14,0,0,0,0,0,0
481872,2,1,0,0,15,0,0,0,0,26,0,14
481873,1,1,28,0,0,0,0,0,10,0,0,0
481873,2,1,0,0,0,0,0,0,0,0,0,0
481874,1,1,0,0,0,0,0,0,0,0,0,0
481874,2,1,0,0,0,0,0,0,0,0,0,0
481874,3,1,11,0,0,20,0,0,0,0,0,0
481874,4,1,0,0,0,0,0,0,0,0,0,0
481875,0,1,0,0,0,0,0,0,0,12,0,0
481875,1,1,0,0,0,0,14,0,0,0,0,0
481876,1,1,8,8,8,8,8,8,8,8,8,8
481877,1,1,0,0,0,0,0,0,11,0,17,0
481877,2,1,0,0,26,0,29,0,9,0,0,0
481877,3,1,0,0,11,0,0,0,0,0,0,0
481877,4,1,0,0,0,0,38,0,0,0,0,0
481877,5,1,1,1,1,1,1,1,1,1,1,1
481878,1,1,0,0,0,0,0,0,0,0,0,0
481878,2,1,0,0,0,0,0,0,0,0,0,5
481879,1,1,22,22,8,28,0,34,0,7,0,15
481880,1,1,0,12,0,0,0,0,0,0,0,0
481880,2,1,0,0,0,0,0,0,0,0,0,19
481881,1,1,15,15,15,15,15,15,15,15,15,15
481882,1,1,1,1,1,1,1,1,1,1,1,1
481883,1,1,0,6,0,24,0,7,0,0,0,19
481884,1,1,0,0,0,0,0,0,0,0,0,0
481885,1,1,0,16,0,0,0,12,0,0,0,41
481886,0,1,0,0,0,0,0,0,0,0,0,0
481886,1,1,0,0,0,0,0,0,0,9,0,0
481887,1,1,17,6,11,13,17,20,7,15,0,10
481888,1,1,0,0,0,0,0,0,0,0,0,0
481888,2,1,0,15,0,0,0,0,0,0,0,0
481889,1,1,20,20,20,20,20,20,20,20,20,20
481889,2,1,12,0,18,0,8,0,0,7,0,19
481890,0,1,10,10,10,10,10,10,10,10,10,10
481890,1,1,5,5,5,5,5,5,5,5,5,5
481891,0,1,10,23,13,0,0,10,0,24,20,0
481891,1,1,0,0,0,0,0,0,0,0,0,0
481891,2,1,0,0,0,0,0,0,0,0,0,0
481892,1,1,49,49,49,49,49,49,49,49,49,49
481893,1,1,15,15,15,15,15,15,15,15,15,15
481893,2,1,0,9,0,0,0,0,0,24,0,0
481894,1,1,0,0,0,0,0,0,0,0,0,0
481894,2,1,0,0,0,0,0,0,0,0,0,0
481895,1,1,14,14,14,14,14,14,14,14,14,14
481896,1,1,15,14,15,16,0,0,18,18,0,0
481896,2,1,0,0,15,0,0,0,0,0,0,0
481897,1,1,16,12,0,0,15,0,0,0,0,0
481898,1,1,20,20,20,20,20,20,20,20,20,20
481898,2,1,0,13,29,0,0,15,0,0,0,0
481898,3,1,0,0,18,0,0,0,0,0,21,0
481898,4,1,0,0,0,0,0,0,0,0,0,0
481899,1,1,23,23,23,23,23,23,23,23,23,23
481900,1,1,10,10,10,10,10,10,10,10,10,10
481901,1,1,0,0,0,0,0,0,12,0,0,0
481902,0,1,0,0,0,0,0,0,0,0,0,0
481902,1,1,0,0,0,0,0,0,11,0,0,29
481902,2,1,0,0,0,0,0,11,0,4,0,0
481903,1,1,17,17,17,17,17,17,17,17,17,17
481904,1,1,3,3,3,3,3,3,3,3,3,3
481905,1,1,0,0,19,0,5,28,23,29,0,0
481906,1,1,18,24,18,4,24,23,12,17,17,23
481907,1,1,0,8,0,0,29,0,20,0,0,0
481908,1,1,0,0,0,0,0,0,19,9,0,0
481908,2,1,0,0,0,0,0,0,0,0,0,17
481909,1,1,0,0,0,11,23,0,0,0,0,36
481910,1,1,12,0,0,0,10,0,14,19,0,0
481910,2,1,0,14,0,0,0,0,0,19,0,14
481910,3,1,16,3,0,0,0,5,5,15,0,29
481911,1,1,0,0,0,0,0,0,0,0,0,0
481911,2,1,7,7,7,7,7,7,7,7,7,7
481912,1,1,3,3,3,3,3,3,3,3,3,3
481912,2,1,7,7,7,7,7,7,7,7,7,7
481913,0,1,29,0,23,6,0,21,0,0,21,0
481913,1,1,0,11,13,0,39,13,0,0,5,11
481914,1,1,27,27,27,27,27,27,27,27,27,27
481915,0,1,17,12,0,0,9,0,32,0,0,6
481915,1,1,0,0,0,0,0,0,0,0,0,0
481915,2,1,14,0,21,0,0,20,0,0,0,0
481916,1,1,23,0,0,24,0,10,16,0,12,18
481916,2,1,0,0,0,0,14,0,7,0,28,0
481917,1,1,0,0,31,11,0,23,0,0,0,28
481917,2,1,0,11,0,0,0,0,0,0,0,0
481918,1,1,0,0,0,0,0,0,16,0,0,5
481919,1,1,0,0,0,0,0,0,0,0,0,0
481919,2,1,0,6,0,11,0,0,0,0,0,0
481920,1,1,0,0,0,0,0,0,0,34,0,0
481920,2,1,0,19,0,0,0,0,0,0,0,0
481921,1,1,0,0,15,0,0,0,0,0,0,0
481921,2,1,0,0,0,0,0,0,0,14,0,0
481922,1,1,8,8,8,8,8,8,8,8,8,8
481923,1,1,0,0,0,0,0,0,0,0,0,0
481924,0,1,0,0,0,0,25,0,0,0,0,0
481924,1,1,0,0,0,0,0,11,0,14,0,0
481925,1,1,6,18,0,0,0,0,0,26,0,16
481925,2,1,0,0,0,12,0,13,19,11,0,0
481926,0,1,0,0,0,0,0,0,0,0,0,0
481927,1,1,0,0,23,0,0,0,0,0,0,0
481929,1,1,9,9,9,9,9,9,9,9,9,9
481930,1,1,0,0,0,0,0,0,0,0,0,0
481931,1,1,0,0,0,0,0,0,0,0,0,0
481932,1,1,0,0,0,0,0,0,0,0,0,0
481933,0,1,19,19,19,19,19,19,19,19,19,19
481933,1,1,15,0,0,0,0,16,0,0,0,16
481934,0,1,0,0,0,0,0,0,0,0,0,0
481934,1,1,17,0,0,0,0,17,22,0,0,13
481934,2,1,0,0,8,0,0,0,0,0,0,0
481935,1,1,0,0,0,0,0,12,0,0,10,0
481935,2,1,0,0,0,20,0,0,0,0,0,0
481936,1,1,0,0,0,0,0,0,0,0,0,0
481936,2,1,0,0,0,0,0,0,0,0,0,0
481937,1,1,10,10,10,10,10,10,10,10,10,10
481938,0,1,21,22,19,0,0,7,0,33,0,0
481938,1,1,0,0,0,0,0,0,0,0,0,0
481939,1,1,0,0,0,0,0,0,0,0,0,0
481939,2,1,0,0,0,0,0,0,0,0,0,0
481940,1,1,0,0,0,0,0,0,0,0,0,0
481941,0,1,6,6,6,6,6,6,6,6,6,6
481941,1,1,9,9,9,9,9,9,9,9,9,9
481942,1,1,16,16,16,16,16,16,16,16,16,16
481943,1,1,1,1,1,1,1,1,1,1,1,1
481944,0,1,0,15,0,0,25,0,2,0,11,0
481944,1,1,0,0,0,0,0,5,13,0,0,31
481945,1,1,0,0,0,0,0,0,0,0,0,0
481946,1,1,0,0,0,0,0,0,11,0,0,0
481947,1,1,19,19,19,19,19,19,19,19,19,19
481948,1,1,0,0,0,0,0,0,0,0,0,0
481949,1,1,0,13,0,0,11,0,24,0,0,0
481950,1,1,21,21,21,21,21,21,21,21,21,21
481950,2,1,0,0,0,0,0,0,0,0,0,0
481951,1,1,32,0,14,0,29,9,0,14,0,35
481951,2,1,0,0,8,8,0,0,6,0,0,0
481952,1,1,0,0,0,0,0,0,0,0,0,0
481952,2,1,0,0,0,0,0,0,23,0,0,0
481953,1,1,0,0,0,0,0,0,0,0,0,0
481953,2,1,0,0,25,0,26,0,0,0,0,0
481954,1,1,0,0,0,0,0,0,0,0,0,0
481954,2,1,0,0,0,0,0,0,0,0,0,0
481956,0,1,16,0,0,0,0,19,13,19,0,42
481956,1,1,11,0,0,0,0,0,0,0,0,0
481957,1,1,0,0,0,0,0,0,0,0,0,0
481958,1,1,0,0,0,0,0,0,0,0,0,0
481958,2,1,0,0,0,0,0,2,0,0,0,0
481959,0,1,8,8,8,8,8,8,8,8,8,8
481959,1,1,16,0,8,0,0,0,14,15,0,13
481960,1,1,0,0,0,0,0,0,25,0,22,0
481960,2,1,22,0,0,0,6,29,0,0,0,5
481961,1,1,0,0,0,0,0,0,0,0,0,0
481962,1,1,10,10,10,10,10,10,10,10,10,10
481962,2,1,14,21,0,0,21,0,0,5,0,19
481963,0,1,0,0,0,0,0,0,0,0,0,0
481963,1,1,0,0,0,0,0,0,0,0,0,0
481964,1,1,9,9,9,9,9,9,9,9,9,9
481965,1,1,0,7,6,11,0,16,0,26,4,25
481967,1,1,0,0,20,0,0,0,0,0,32,0
481968,1,1,0,0,0,0,0,0,0,0,0,0
481968,2,1,0,0,0,0,0,0,0,0,0,0
481969,1,1,0,2,0,0,0,11,0,0,0,0
481970,1,1,17,17,17,17,17,17,17,17,17,17
481971,1,1,25,25,25,25,25,25,25,25,25,25
481972,1,1,0,0,0,0,43,0,0,0,0,0
481972,2,1,0,13,16,15,0,10,14,0,0,13
481973,0,1,0,0,0,0,0,0,0,0,11,0
481973,1,1,23,17,13,0,10,11,0,0,0,19
481975,1,1,12,12,12,12,12,12,12,12,12,12
481975,2,1,12,12,12,12,12,12,12,12,12,12
481976,1,1,0,0,0,0,0,0,0,0,0,0
481977,1,1,0,0,0,0,25,0,0,0,0,10
481977,2,1,0,0,0,9,0,0,0,0,27,0
481978,1,1,1,1,1,1,1,1,1,1,1,1
481979,1,1,5,5,5,5,5,5,5,5,5,5
481979,2,1,0,0,0,0,0,0,0,0,0,0
481980,1,1,24,0,0,0,13,0,0,0,0,0
481980,2,1,0,0,0,7,0,0,6,0,7,0
481981,0,1,0,0,0,0,0,0,0,0,0,0
481981,1,1,0,0,0,0,0,10,0,0,0,0
481981,2,1,0,35,0,0,0,0,9,0,0,0
481982,1,1,28,7,13,3,13,11,22,23,9,19
481982,2,1,10,10,10,10,10,10,10,10,10,10
481983,1,1,0,0,0,0,0,0,20,0,0,0
481984,1,1,6,6,6,6,6,6,6,6,6,6
481984,2,1,0,18,23,0,0,0,0,0,0,0
481985,1,1,0,12,7,21,29,9,25,27,6,0
481985,2,1,23,0,0,0,12,0,0,25,0,15
481986,1,1,18,18,18,18,18,18,18,18,18,18
481987,0,1,0,0,0,0,0,0,0,0,0,0
481987,1,1,0,0,0,0,0,0,0,0,0,0
481988,1,1,0,0,0,0,0,0,0,0,0,0
481989,1,1,18,18,18,18,18,18,18,18,18,18
481989,2,1,0,0,0,0,0,0,0,0,0,0
481990,1,1,0,0,0,0,0,0,0,0,0,0
481990,2,1,0,0,0,0,0,0,0,0,0,0
481991,1,1,0,0,0,0,0,12,0,0,32,25
481992,1,1,0,9,0,0,8,0,0,17,0,0
481992,2,1,0,0,11,0,0,0,0,0,0,0
481993,1,1,15,15,15,15,15,15,15,15,15,15
481993,2,1,0,8,8,0,0,25,0,0,4,0
481994,1,1,0,7,0,15,0,13,0,17,0,9
481994,2,1,0,5,14,0,16,0,0,33,0,9
481995,1,1,7,26,7,21,25,9,30,8,18,28
481995,2,1,0,0,0,0,26,0,0,9,10,7
481996,1,1,0,0,0,0,0,0,0,0,0,0
481996,2,1,0,0,0,17,0,0,0,0,0,0
481997,1,1,14,14,14,14,14,14,14,14,14,14
481997,2,1,24,0,21,17,0,0,0,0,0,26
481998,1,1,0,0,0,0,0,0,0,0,0,0
481999,1,1,0,18,0,0,5,0,0,0,0,0
481999,2,1,0,0,0,0,0,0,0,0,0,0
482000,1,1,0,20,0,0,6,15,0,0,0,0
482001,1,1,0,0,0,0,0,0,0,0,0,0
482001,2,1,0,0,0,0,0,0,0,0,0,0
482002,0,1,16,16,16,16,16,16,16,16,16,16
482002,1,1,0,0,42,21,0,0,0,0,0,11
482003,1,1,0,0,11,0,0,0,24,0,0,25
482004,1,1,0,0,0,8,0,0,0,0,0,0
482004,2,1,0,0,0,0,0,0,0,0,0,0
482005,1,1,0,0,0,0,0,0,0,0,0,0
482006,0,1,18,18,18,18,18,18,18,18,18,18
482006,1,1,0,37,6,25,16,12,0,12,15,7
482006,2,1,8,11,23,17,0,13,30,12,0,0
482007,1,1,14,14,14,14,14,14,14,14,14,14
482008,0,1,19,19,19,19,19,19,19,19,19,19
482008,1,1,13,0,0,0,15,0,0,31,2,0
482009,1,1,0,0,0,0,15,0,0,10,0,0
482010,1,1,0,11,28,0,0,0,0,0,12,0