ST_CASE,VEH_NO,PER_NO,P1,P2,P3,P4,P5,P6,P7,P8,P9,P10
482011,1,1,0,0,0,0,0,0,0,0,0,25
482012,1,1,0,7,8,13,10,8,12,11,19,35
482013,1,1,13,27,9,12,8,21,18,0,26,30
482014,1,1,9,16,19,0,12,0,14,0,0,0
482015,0,1,12,0,12,0,7,0,11,0,3,0
482015,1,1,0,0,0,19,0,0,0,0,13,17
482015,2,1,0,8,0,4,17,0,0,18,0,0
482016,0,1,0,0,0,0,0,0,0,0,0,0
482016,1,1,12,14,0,14,0,9,12,0,15,27
482017,1,1,0,0,0,0,0,0,0,0,0,0
482017,2,1,0,0,0,0,0,0,0,0,0,0
482018,1,1,0,0,0,0,3,0,0,0,13,0
482018,2,1,24,0,14,0,38,0,0,0,0,0
482018,3,1,0,0,15,9,0,0,0,23,0,0
482019,1,1,16,16,16,16,16,16,16,16,16,16
482019,2,1,15,15,0,17,0,7,8,0,22,0
482020,1,1,21,21,21,21,21,21,21,21,21,21
482021,1,1,0,0,0,0,0,0,0,0,0,0
482021,2,1,0,0,0,0,0,0,0,0,0,0
482022,0,1,0,0,0,0,0,0,0,0,0,0
482022,1,1,17,10,0,14,17,4,37,20,15,13
482023,1,1,0,0,21,0,23,0,8,0,23,0
482023,2,1,32,23,24,13,0,21,21,10,0,25
482023,3,1,0,0,9,0,0,0,28,0,11,0
482024,1,1,27,27,27,27,27,27,27,27,27,27
482025,0,1,0,0,0,12,0,0,0,0,0,23
482025,1,1,5,0,0,25,0,19,21,11,0,0
482026,0,1,0,0,0,0,0,0,14,0,0,0
482026,1,1,18,18,18,18,18,18,18,18,18,18
482027,1,1,0,0,0,0,0,0,21,0,0,0
482028,0,1,0,0,0,0,0,0,0,0,0,0
482028,1,1,0,0,0,0,0,26,0,0,0,11
482029,1,1,0,0,0,0,0,0,23,20,20,0
482029,2,1,0,0,0,0,0,0,0,0,0,0
482030,1,1,0,0,0,11,0,0,0,0,0,0
482031,1,1,16,16,16,16,16,16,16,16,16,16
482031,2,1,0,0,0,0,0,0,0,23,11,0
482032,1,1,18,18,18,18,18,18,18,18,18,18
482032,2,1,0,0,0,0,0,0,12,0,0,0
482033,1,1,0,0,0,0,0,16,0,5,0,0
482033,2,1,0,0,15,0,0,0,0,0,15,0
482033,3,1,0,0,0,21,0,26,0,0,27,0
482033,4,1,0,0,0,0,0,0,7,0,0,0
482034,1,1,0,0,16,0,7,0,0,28,0,7
482034,2,1,0,0,0,0,0,0,0,17,7,0
482035,1,1,0,0,0,0,20,0,0,0,0,0
482035,2,1,0,0,0,0,0,0,0,0,0,21
482035,3,1,0,17,0,0,0,0,0,0,0,0
482036,0,1,2,2,2,2,2,2,2,2,2,2
482036,0,2,0,0,11,20,0,0,0,0,0,18
482036,1,1,17,17,17,17,17,17,17,17,17,17
482037,1,1,26,26,26,26,26,26,26,26,26,26
482038,1,1,0,15,0,20,0,15,0,0,13,0
482039,0,1,36,0,7,16,18,19,19,0,20,0
482039,1,1,0,0,0,22,0,0,0,7,0,0
482039,2,1,0,0,0,0,0,0,0,0,14,18
482040,1,1,0,0,0,0,0,0,0,0,0,0
482040,2,1,0,0,14,0,0,0,0,0,12,0
482041,1,1,18,24,24,14,0,19,25,17,30,16
482042,1,1,14,2,20,18,18,0,11,17,20,8
482042,2,1,0,19,22,0,18,0,20,22,0,0
482043,1,1,22,22,22,22,22,22,22,22,22,22
482044,1,1,0,0,0,11,0,0,0,0,0,0
482044,2,1,3,3,3,3,3,3,3,3,3,3
482046,1,1,5,5,5,5,5,5,5,5,5,5
482047,1,1,26,26,26,26,26,26,26,26,26,26
482047,2,1,13,8,6,14,11,10,0,17,0,5
482048,1,1,0,0,0,0,0,0,0,0,0,0
482049,1,1,3,0,35,12,0,15,0,0,0,33
482049,2,1,20,25,0,5,0,0,0,0,0,14
482050,1,1,0,0,0,0,0,0,0,0,0,0
482050,2,1,0,0,5,0,0,0,0,0,0,0
482051,1,1,0,0,0,0,0,0,0,0,0,0
482052,1,1,0,16,0,2,0,8,0,0,0,0
482053,0,1,17,27,13,0,0,0,0,0,16,0
482053,0,2,21,0,0,0,0,0,27,27,0,0
482053,1,1,0,8,14,17,0,0,0,0,16,16
482054,1,1,12,12,12,12,12,12,12,12,12,12
482054,2,1,0,4,0,7,0,0,0,14,19,14
482055,1,1,0,0,0,0,0,0,24,12,0,0
482056,0,1,0,26,17,28,25,22,0,0,0,9
482056,1,1,32,24,0,9,0,0,33,0,14,13
482057,1,1,0,0,18,0,0,0,0,0,0,0
482058,1,1,0,0,0,0,0,0,0,0,0,0
482058,2,1,0,0,0,0,0,0,9,12,0,0
482059,0,1,0,0,0,0,12,0,0,0,18,0
482059,0,2,0,0,0,0,0,0,0,0,0,0
482059,1,1,0,0,0,0,0,0,0,0,0,0
482060,1,1,0,0,0,0,0,0,0,0,0,0
482060,2,1,0,0,0,0,0,0,0,0,0,0
482060,3,1,0,0,0,0,4,0,0,0,0,0
482061,1,1,0,23,0,0,18,0,16,11,0,0
482062,0,1,0,0,0,0,0,0,0,0,0,0
482062,1,1,0,0,0,0,0,0,0,0,0,0
482063,1,1,0,0,0,0,0,0,0,12,0,0
482064,0,1,24,14,0,7,26,0,11,5,0,0
482064,1,1,24,7,0,0,0,8,0,22,0,0
482065,1,1,0,0,0,0,0,0,0,0,0,0
482066,0,1,8,13,24,0,8,10,5,0,30,24
482066,1,1,0,0,0,15,0,17,0,24,0,8
482067,1,1,0,0,0,0,0,0,0,0,0,0
482067,2,1,0,0,11,0,0,0,0,0,0,0
482067,3,1,22,0,0,0,0,0,0,0,0,0
482067,4,1,0,0,0,0,0,0,0,0,0,0
482068,1,1,0,0,0,0,0,0,0,0,0,0
482068,2,1,0,0,0,0,27,0,0,12,0,9
482069,1,1,0,0,0,0,0,0,0,0,0,0
482070,1,1,0,0,0,11,0,4,0,14,0,27
482071,1,1,0,39,5,17,9,0,0,0,9,0
482072,1,1,0,0,0,0,0,25,0,0,24,0
482072,2,1,0,0,0,0,0,0,0,0,32,0
482073,1,1,0,0,0,0,0,0,0,0,0,0
482073,2,1,0,0,0,0,0,0,0,0,0,0
482074,1,1,11,11,11,11,11,11,11,11,11,11
482074,2,1,12,12,12,12,12,12,12,12,12,12
482075,0,1,11,0,29,26,32,0,0,0,0,14
482075,1,1,13,13,6,23,0,15,0,0,11,0
482075,2,1,30,19,35,24,10,0,11,11,31,22
482076,1,1,10,10,10,10,10,10,10,10,10,10
482078,0,1,0,0,0,18,0,0,16,0,0,0
482078,1,1,0,26,15,15,34,26,14,0,16,0
482079,0,1,0,0,0,0,0,0,0,0,16,21
482079,1,1,0,0,0,0,0,0,0,0,0,0
482080,0,1,21,21,21,21,21,21,21,21,21,21
482080,1,1,0,0,0,23,35,3,13,28,0,0
482081,1,1,20,17,0,6,0,15,8,0,0,0
482082,1,1,0,0,0,0,0,0,0,0,0,0
482082,2,1,0,0,0,0,0,0,0,0,0,0
482083,0,1,21,21,21,21,21,21,21,21,21,21
482083,1,1,13,0,10,0,0,10,0,0,17,0
482083,2,1,7,11,16,11,5,15,23,0,7,20
482084,1,1,0,0,0,0,0,0,0,0,0,0
482084,2,1,0,0,7,0,0,0,0,0,0,0
482084,3,1,0,0,0,0,0,0,0,0,0,0
482085,1,1,0,0,0,0,0,0,0,0,0,0
482085,2,1,0,0,0,0,0,0,0,0,0,0
482085,3,1,0,0,0,0,0,0,0,0,0,0
482086,1,1,0,0,0,17,6,7,0,11,0,0
482087,1,1,0,0,0,0,0,0,10,0,0,0
482087,2,1,0,0,0,0,24,0,0,24,0,29
482088,1,1,0,0,0,0,0,0,0,0,0,0
482088,2,1,0,0,0,0,0,0,0,0,0,0
482089,1,1,17,7,0,0,0,0,7,0,9,0
482089,2,1,0,8,13,0,0,0,0,0,0,0
482089,3,1,0,0,14,0,13,0,0,0,0,20
482089,4,1,0,0,0,0,0,0,0,0,0,0
482090,1,1,0,0,12,0,0,0,0,0,0,0
482090,2,1,0,0,0,0,0,0,9,0,5,0
482091,0,1,21,21,21,21,21,21,21,21,21,21
482091,1,1,0,0,12,28,11,29,15,14,0,20
482092,1,1,11,11,11,11,11,11,11,11,11,11
482093,1,1,13,0,0,0,14,0,0,0,0,0
482094,1,1,0,16,15,0,0,20,0,0,0,0
482095,1,1,0,0,0,0,0,16,0,0,0,0
482096,1,1,0,0,0,0,0,0,0,0,0,0
482096,2,1,0,0,21,0,0,0,0,0,0,0
482097,0,1,18,18,18,18,18,18,18,18,18,18
482097,1,1,0,25,18,28,0,0,21,8,0,0
482098,1,1,20,20,20,20,20,20,20,20,20,20
482099,0,1,0,0,0,0,0,0,0,0,0,0
482099,1,1,0,18,0,0,0,0,0,0,15,0
482100,1,1,0,0,0,0,0,0,0,0,0,0
482101,1,1,0,0,0,0,0,0,0,0,0,0
482101,2,1,0,0,0,0,0,11,0,0,0,14
482102,1,1,3,3,3,3,3,3,3,3,3,3
482103,1,1,19,19,19,19,19,19,19,19,19,19
482103,2,1,16,16,16,16,16,16,16,16,16,16
482104,0,1,0,0,0,0,0,0,0,0,5,0
482104,1,1,0,11,33,27,20,0,0,0,20,0
482104,2,1,0,0,0,0,0,0,0,0,0,0
482105,1,1,18,8,0,0,0,0,0,0,0,0
482105,2,1,0,0,0,0,0,0,0,0,0,0
482105,3,1,0,0,0,0,0,0,0,32,0,0
482106,1,1,0,0,0,0,0,0,0,0,0,0
482107,1,1,0,0,0,0,0,0,0,0,0,0
482108,0,1,0,0,0,0,22,13,0,14,0,43
482108,1,1,0,0,0,0,0,0,0,0,0,0
482108,2,1,0,0,0,0,0,0,0,0,15,0
482109,1,1,0,0,0,0,22,0,0,16,0,0
482109,2,1,0,0,24,0,0,0,0,0,0,0
482109,3,1,16,0,0,0,5,0,0,13,5,0
482109,4,1,21,0,0,0,0,20,0,0,0,0
482110,1,1,0,0,13,0,0,6,0,17,20,0
482111,1,1,0,0,0,0,0,0,0,0,0,0
482111,2,1,14,0,26,7,19,20,22,0,35,0
482112,1,1,0,0,0,0,0,18,0,22,5,0
482112,2,1,0,0,0,0,0,0,0,0,0,0
482113,0,1,0,0,0,0,0,0,0,0,0,0
482113,0,2,15,0,38,0,41,0,0,35,0,23
482113,1,1,0,0,0,0,8,0,0,0,11,0
482114,1,1,2,2,2,2,2,2,2,2,2,2
482114,2,1,0,0,0,0,0,0,0,0,0,0
482115,1,1,0,0,0,0,0,0,0,0,0,0
482115,2,1,0,0,0,0,0,0,0,0,0,0
482116,1,1,12,12,12,12,12,12,12,12,12,12
482117,1,1,0,0,18,15,12,17,18,0,0,0
482118,0,1,0,0,0,0,0,0,0,0,0,0
482118,1,1,0,0,10,0,0,10,5,0,0,0
482119,1,1,24,24,24,24,24,24,24,24,24,24
482120,1,1,0,0,0,0,0,0,0,0,0,0
482120,2,1,0,0,0,0,0,0,0,0,0,0
482121,1,1,0,0,0,0,0,0,0,0,0,0
482121,2,1,0,0,0,0,0,0,0,0,0,0
482122,1,1,0,0,5,0,34,0,0,22,0,0
482123,0,1,0,29,0,0,0,17,0,0,0,0
482123,1,1,4,23,0,19,33,6,19,6,15,22
482124,1,1,20,20,20,20,20,20,20,20,20,20
482125,1,1,27,27,27,27,27,27,27,27,27,27
482126,1,1,0,0,0,0,0,0,0,0,0,0
482126,2,1,0,0,0,14,0,0,0,0,0,0
482127,0,1,0,0,0,15,0,27,0,0,0,0
482127,1,1,0,0,20,0,0,26,5,0,0,0
482128,1,1,0,0,0,0,0,0,0,0,0,0
482128,2,1,0,0,20,35,6,8,6,0,13,18
482129,1,1,0,0,0,0,0,17,0,0,0,12
482130,1,1,16,5,19,0,21,28,8,25,0,27
482131,1,1,0,0,0,0,0,0,0,0,0,0
482131,2,1,12,12,12,12,12,12,12,12,12,12
482132,1,1,0,0,0,0,0,6,0,0,0,0
482132,2,1,0,0,0,0,0,0,0,0,0,0
482133,1,1,12,0,19,0,0,0,0,26,0,23
482133,2,1,7,7,7,7,7,7,7,7,7,7
482134,0,1,0,0,0,0,0,0,0,0,0,0
482134,1,1,0,0,0,4,10,0,0,10,0,0
482135,1,1,0,0,0,0,0,0,0,0,0,0
482136,1,1,0,0,0,0,0,0,0,0,0,0
482137,0,1,0,7,0,0,0,0,0,0,0,0
482137,1,1,0,0,0,22,0,0,0,0,0,0
482138,1,1,16,16,16,16,16,16,16,16,16,16
482138,2,1,20,0,0,0,20,0,0,0,0,5
482138,3,1,0,0,0,18,0,0,0,19,0,0
482139,1,1,0,0,0,0,0,0,0,0,0,0
482139,2,1,0,0,0,0,0,0,0,0,0,0
482140,1,1,15,15,15,15,15,15,15,15,15,15
482140,2,1,0,0,0,0,0,0,0,0,0,0
482141,1,1,20,9,3,0,18,23,0,12,0,0
482141,2,1,0,11,7,0,0,8,0,0,4,0
482142,0,1,34,34,34,34,34,34,34,34,34,34
482142,1,1,0,0,20,0,0,3,0,18,0,0
482143,1,1,16,16,16,16,16,16,16,16,16,16
482144,0,1,12,0,0,26,0,0,41,0,7,15
482144,1,1,30,29,10,0,11,32,11,0,0,0
482145,0,1,0,0,0,0,0,12,16,0,18,11
482145,1,1,18,19,15,19,0,0,10,21,6,10
482146,1,1,11,11,11,11,11,11,11,11,11,11
482147,0,1,3,3,3,3,3,3,3,3,3,3
482147,0,2,0,0,0,0,0,0,0,0,0,0
482147,1,1,0,15,0,0,0,23,0,0,0,7
482148,1,1,0,0,24,18,0,0,0,0,0,0
482148,2,1,0,0,0,15,12,0,0,0,0,0
482149,0,1,0,12,0,0,47,0,0,0,0,0
482149,0,2,0,0,0,0,0,0,0,0,0,0
482149,1,1,20,0,11,0,0,0,0,0,14,0
482150,1,1,0,0,0,0,0,0,15,0,25,0
482151,0,1,0,0,0,0,0,0,0,0,0,0
482151,1,1,0,0,0,0,0,8,0,0,0,0
482153,1,1,0,16,0,4,0,14,0,0,0,0
482154,1,1,11,11,11,11,11,11,11,11,11,11
482155,1,1,23,23,23,23,23,23,23,23,23,23
482155,2,1,17,0,11,13,0,11,12,0,0,0
482156,0,1,36,36,36,36,36,36,36,36,36,36
482156,1,1,0,13,0,0,0,24,20,0,0,26
482156,2,1,14,19,0,0,15,0,19,0,20,14
482157,1,1,14,14,14,14,14,14,14,14,14,14
482157,2,1,0,0,23,12,0,0,0,0,28,0
482158,2,1,0,0,0,0,0,0,0,0,0,0
482159,1,1,0,0,0,0,0,0,0,0,0,0
482160,1,1,29,29,29,29,29,29,29,29,29,29
482161,1,1,0,0,21,0,0,0,15,0,37,0
482161,2,1,0,0,0,0,0,0,21,0,0,0
482162,0,1,41,33,7,0,21,27,0,0,50,0
482162,1,1,0,0,0,0,9,0,0,17,17,0
482163,1,1,0,0,0,0,0,0,0,34,22,7
482165,1,1,0,0,0,14,0,0,0,0,0,0
482165,2,1,0,0,0,0,0,0,0,0,0,0
482166,1,1,10,0,0,8,15,6,0,30,0,10
482166,2,1,0,0,0,17,0,19,0,0,24,19
482166,3,1,10,0,0,0,18,0,0,14,0,0
482167,1,1,20,0,0,0,0,0,12,0,0,19
482167,2,1,0,0,0,0,0,0,0,0,0,9
482168,0,1,23,24,0,0,22,22,11,16,0,0
482168,1,1,0,0,8,0,7,11,13,0,0,8
482169,1,1,0,0,0,0,0,0,0,0,0,0
482169,2,1,15,15,15,15,15,15,15,15,15,15
482170,0,1,0,0,0,0,19,0,0,0,0,0
482170,1,1,0,24,20,19,14,8,23,22,31,0
482170,2,1,0,0,21,0,0,0,21,18,0,0
482171,1,1,0,0,0,8,0,0,0,0,0,0
482171,2,1,0,0,0,0,0,0,0,0,0,0
482172,1,1,0,0,0,0,0,0,0,0,0,0
482173,1,1,20,20,20,20,20,20,20,20,20,20
482174,1,1,0,0,0,15,0,0,0,0,0,0
482175,1,1,0,0,0,0,0,0,0,0,0,0
482175,2,1,0,0,0,0,0,0,0,0,0,0
482176,1,1,0,0,0,0,0,0,0,0,0,14
482176,2,1,0,0,0,0,0,0,0,0,0,0
482177,1,1,0,0,0,12,0,0,27,19,5,12
482178,0,1,0,0,0,0,0,0,0,0,0,0
482178,1,1,0,0,0,0,0,0,0,0,0,0
482179,1,1,0,21,0,0,0,14,0,46,0,0
482180,1,1,0,0,28,0,0,0,0,0,0,0
482180,2,1,0,0,0,0,0,9,16,0,0,0
482180,3,1,0,0,0,0,0,0,0,0,0,0
482180,4,1,0,0,0,0,0,0,0,18,0,0
482180,7,1,26,0,0,0,0,0,0,0,0,0
482181,1,1,0,0,0,0,0,0,0,0,0,31
482181,2,1,0,0,0,5,0,11,0,0,0,0
482182,1,1,0,0,0,27,0,0,0,0,28,0
482183,1,1,16,16,16,16,16,16,16,16,16,16
482183,2,1,0,0,0,0,10,5,34,18,14,0
482184,1,1,16,16,16,16,16,16,16,16,16,16
482185,1,1,0,0,0,11,0,0,0,0,0,0
482185,2,1,0,0,0,0,0,0,0,0,0,0
482186,1,1,19,19,19,19,19,19,19,19,19,19
482187,1,1,21,22,0,21,9,0,0,0,0,20
482188,1,1,15,15,15,15,15,15,15,15,15,15
482188,2,1,0,0,0,0,0,0,0,0,0,0
482189,1,1,0,0,0,0,0,0,0,0,0,0
482190,1,1,0,6,0,0,0,0,0,0,0,0
482191,1,1,0,0,9,0,12,0,11,20,0,4
482191,2,1,0,8,30,7,0,0,22,13,3,0
482191,3,1,27,0,14,32,16,0,27,25,19,15
482192,1,1,19,19,19,19,19,19,19,19,19,19
482193,0,1,12,12,12,12,12,12,12,12,12,12
482193,1,1,0,23,14,0,5,0,14,0,0,11
482194,1,1,23,0,24,0,0,0,25,19,12,34
482195,1,1,0,24,0,0,23,0,0,0,0,15
482197,1,1,0,0,0,0,0,0,0,0,0,0
482198,1,1,0,0,0,0,0,0,0,0,0,0
482198,2,1,0,0,0,0,0,0,0,0,0,0
482199,1,1,9,29,0,10,3,0,0,0,8,0
482200,1,1,6,16,7,13,16,0,12,23,40,25
482201,0,1,0,0,0,0,0,0,0,0,0,0
482201,1,1,6,6,6,6,6,6,6,6,6,6
482202,1,1,0,0,0,0,0,0,0,0,0,0
482203,1,1,0,0,20,0,0,16,13,0,0,0
482203,2,1,32,17,18,6,0,0,0,0,0,0
482204,1,1,0,0,0,0,0,0,0,0,0,0
482204,2,1,0,0,0,0,0,0,0,0,0,0
482205,1,1,21,21,21,21,21,21,21,21,21,21
482206,1,1,0,0,0,0,0,0,27,0,0,16
482207,1,1,0,9,0,0,0,0,0,0,0,0
482207,2,1,0,0,0,24,0,0,15,0,29,0
482208,1,1,11,11,11,11,11,11,11,11,11,11
482209,1,1,0,0,0,0,0,0,0,0,0,0
482209,2,1,0,0,0,0,0,0,0,0,0,0
482210,1,1,0,0,0,0,0,0,0,0,7,0
482210,2,1,3,0,11,0,0,0,9,22,0,0
482211,1,1,0,0,0,0,20,0,0,0,0,0
482211,2,1,0,0,0,0,0,0,0,0,0,0
482212,0,1,0,0,21,0,14,26,0,0,0,11
482212,1,1,11,0,0,0,0,0,18,0,11,21
482213,1,1,0,0,0,15,20,0,13,18,15,12
482214,1,1,0,24,13,0,0,0,31,14,24,0
482215,0,1,12,12,12,12,12,12,12,12,12,12
482215,1,1,0,15,9,0,11,38,0,11,0,0
482215,2,1,0,0,0,0,0,0,0,0,0,0
482216,1,1,29,29,29,29,29,29,29,29,29,29
482216,2,1,0,0,11,0,0,15,0,14,0,0
482217,1,1,0,0,0,0,0,0,0,0,0,0
482218,1,1,0,0,8,4,0,13,0,0,0,0
482218,2,1,0,5,0,0,0,0,0,0,0,0
482219,0,1,45,0,26,8,0,0,26,27,8,30
482219,1,1,0,0,3,0,0,4,23,0,5,27
482220,0,1,36,32,5,0,0,25,0,0,0,0
482220,0,2,0,0,0,0,0,0,43,9,0,0
482222,1,1,28,28,28,28,28,28,28,28,28,28
482222,2,1,5,8,0,0,0,0,3,0,0,0
482223,1,1,0,0,0,0,0,0,0,0,0,0
482223,2,1,0,0,0,18,15,0,0,0,0,0
482223,3,1,0,0,0,0,0,0,0,0,0,0
482224,1,1,0,0,18,18,0,0,0,0,0,0
482225,1,1,13,13,13,13,13,13,13,13,13,13
482225,2,1,0,0,0,0,0,0,0,0,0,0
482226,0,1,16,0,5,16,28,0,0,0,0,0
482226,1,1,0,0,0,0,0,0,0,0,0,0
482227,0,1,0,21,0,0,0,0,0,0,0,25
482227,1,1,0,0,14,0,0,0,0,5,3,0
482228,1,1,0,0,0,0,0,0,0,0,0,0
482229,1,1,27,27,27,27,27,27,27,27,27,27
482230,1,1,20,20,20,20,20,20,20,20,20,20
482230,2,1,19,0,24,0,0,30,0,0,14,0
482231,1,1,0,0,24,0,0,0,0,0,0,0
482231,2,1,0,4,0,0,0,0,0,0,0,0
482231,3,1,10,0,11,0,0,0,0,0,11,0
482231,4,1,0,22,0,0,14,0,0,0,11,0
482232,1,1,2,0,14,0,0,0,0,0,0,0
482232,2,1,0,0,0,0,0,0,0,0,0,0
482232,3,1,13,0,0,0,0,24,0,0,0,9
482232,4,1,0,0,0,0,0,0,0,0,0,0
482232,5,1,7,0,0,0,15,13,0,0,0,0
482232,6,1,0,0,0,0,0,0,0,0,0,0
482232,7,1,0,0,0,13,0,0,0,0,0,0
482232,8,1,0,0,0,8,0,0,8,0,0,0
482232,9,1,5,0,0,0,18,0,0,0,0,0
482233,1,1,0,0,0,0,0,0,0,0,0,0
482233,2,1,0,0,0,0,0,0,0,0,0,0
482234,1,1,30,30,30,30,30,30,30,30,30,30
482235,1,1,0,0,0,0,0,0,0,0,0,0
482236,0,1,18,0,0,25,13,38,23,0,0,7
482236,1,1,0,8,17,22,28,0,0,0,17,5
482236,2,1,0,0,0,0,0,7,17,14,22,25
482236,3,1,0,21,21,0,0,0,0,0,0,0
482237,1,1,0,0,0,0,0,0,0,0,0,0
482237,2,1,10,0,17,0,0,0,0,10,31,23
482237,3,1,0,0,35,0,7,0,0,0,0,0
482238,1,1,0,0,0,0,0,9,0,15,0,0
482239,0,1,9,26,17,0,0,0,13,21,8,0
482239,1,1,0,0,0,6,0,0,0,5,0,0
482240,1,1,25,25,25,25,25,25,25,25,25,25
482241,1,1,0,0,0,0,0,0,25,0,0,0
482241,2,1,0,0,0,0,0,0,0,0,0,0
482242,1,1,0,0,0,0,0,0,0,0,0,0
482243,0,1,18,18,18,18,18,18,18,18,18,18
482243,1,1,23,0,0,12,22,11,0,0,0,19
482243,2,1,0,12,12,19,0,0,27,21,8,8
482243,3,1,0,0,14,0,13,0,0,21,0,15
482244,1,1,0,0,0,0,0,12,0,16,0,0
482244,2,1,0,15,0,0,0,0,0,0,0,12
482245,1,1,0,0,6,15,0,46,0,16,0,0
482245,2,1,0,0,0,0,0,0,0,0,0,0
482246,0,1,0,0,0,0,0,0,0,0,0,0
482246,1,1,0,0,0,0,0,20,0,0,16,0
482247,0,1,0,0,0,0,0,0,0,0,0,0
482247,1,1,6,26,13,0,0,5,0,3,24,24
482248,1,1,0,0,0,0,0,3,0,0,0,14
482248,2,1,0,0,0,0,0,0,0,0,0,0
482249,1,1,13,0,0,0,7,6,10,0,29,0
482250,0,1,6,6,6,6,6,6,6,6,6,6
482250,1,1,20,14,32,0,0,0,10,0,27,10
482251,0,1,5,5,5,5,5,5,5,5,5,5
482251,0,2,13,13,13,13,13,13,13,13,13,13
482251,1,1,8,0,20,0,11,0,0,0,27,0
482251,4,1,3,22,0,20,0,0,25,12,0,0
482252,0,1,0,0,0,0,0,0,0,0,0,0
482253,0,1,3,3,3,3,3,3,3,3,3,3
482253,1,1,10,0,22,10,11,0,30,25,0,0
482253,2,1,0,0,7,0,0,0,0,0,9,10
482255,1,1,0,0,0,0,0,0,0,0,0,0
482255,2,1,0,0,0,0,0,0,0,0,0,0
482256,0,1,0,0,0,0,0,0,0,0,0,0
482256,1,1,21,21,11,0,0,21,21,28,10,17
482257,0,1,0,0,0,0,15,0,0,24,0,0
482257,1,1,0,0,6,0,21,30,0,17,10,0
482258,0,1,0,0,9,14,0,0,0,0,29,47
482258,1,1,0,0,0,0,0,0,0,0,0,0
482259,1,1,12,12,12,12,12,12,12,12,12,12
482259,2,1,0,15,0,12,19,2,0,0,8,0
482260,1,1,39,39,39,39,39,39,39,39,39,39
482261,1,1,11,0,22,18,0,19,0,0,0,0
482262,1,1,0,0,16,0,0,0,0,0,8,0
482263,0,1,8,23,22,31,0,21,13,22,0,0
482263,1,1,0,0,24,23,0,23,0,32,33,22
482264,1,1,0,0,0,0,0,0,0,0,32,0
482264,2,1,0,0,0,14,0,0,0,0,0,0
482265,1,1,0,8,0,0,0,0,0,11,0,0
482265,2,1,0,0,0,0,0,0,0,0,0,0
482266,1,1,0,0,0,0,0,0,0,0,0,0
482266,2,1,0,0,0,22,0,0,0,0,0,0
482266,3,1,0,5,0,0,0,0,0,10,0,0
482267,0,1,0,0,0,0,0,0,0,0,0,0
482267,1,1,0,0,0,0,0,0,0,0,0,0
482268,0,1,0,14,35,0,0,0,13,18,0,14
482268,1,1,3,0,11,0,12,0,7,25,0,0
482269,1,1,0,0,0,27,0,0,20,0,0,0
482269,2,1,0,0,0,0,0,0,15,0,0,0
482270,1,1,0,0,0,0,0,0,17,0,0,21
482271,0,1,0,0,12,0,0,0,0,0,0,0
482271,1,1,0,0,0,0,0,0,0,0,0,0
482271,2,1,0,0,0,0,0,0,0,0,0,0
482271,3,1,0,0,0,0,0,0,0,0,0,0
482272,1,1,0,0,0,0,0,0,0,0,0,0
482273,1,1,22,22,22,22,22,22,22,22,22,22
482273,2,1,0,0,0,30,0,24,11,0,7,0
482274,1,1,18,17,0,15,6,0,0,10,0,9
482275,1,1,15,15,15,15,15,15,15,15,15,15
482276,1,1,9,9,9,9,9,9,9,9,9,9
482276,2,1,0,15,0,14,6,11,0,0,0,0
482277,0,1,0,19,37,22,0,0,10,0,8,20
482277,1,1,0,24,0,0,9,20,0,0,25,18
482277,2,1,0,0,6,0,0,8,0,0,0,20
482277,3,1,16,12,0,0,22,0,0,0,0,8
482278,1,1,0,0,0,0,0,0,0,0,0,0
482278,2,1,0,17,0,0,12,0,0,0,0,0
482279,1,1,0,0,0,0,11,0,0,0,0,0
482280,1,1,0,0,0,0,0,0,0,0,0,0
482281,1,1,0,0,0,0,0,0,12,0,0,0
482281,2,1,0,0,14,0,0,0,0,0,0,0
482282,1,1,0,0,0,28,0,0,0,14,7,9
482282,2,1,0,0,21,0,0,11,24,0,0,0
482283,0,1,0,0,0,0,0,0,0,0,0,0
482283,1,1,0,8,21,12,9,17,19,0,23,0
482284,1,1,9,9,9,9,9,9,9,9,9,9
482284,2,1,0,0,6,0,0,0,0,0,0,0
482285,1,1,16,16,16,16,16,16,16,16,16,16
482285,2,1,0,0,15,35,11,10,0,0,16,0
482286,0,1,0,0,0,0,0,0,0,0,0,0