ST_CASE,VEH_NO,PER_NO,P1,P2,P3,P4,P5,P6,P7,P8,P9,P10
482572,1,1,0,0,0,21,18,0,0,0,12,0
482572,2,1,0,6,0,0,0,0,0,0,8,0
482573,0,1,3,3,3,3,3,3,3,3,3,3
482573,1,1,0,0,0,0,0,5,0,0,0,26
482574,0,1,0,0,0,0,0,0,0,0,0,0
482574,1,1,12,15,15,0,17,12,0,0,22,0
482575,1,1,1,1,1,1,1,1,1,1,1,1
482576,0,1,0,0,0,0,0,0,0,0,0,0
482576,1,1,0,0,0,0,0,0,0,0,0,0
482577,0,1,25,25,25,25,25,25,25,25,25,25
482577,1,1,0,0,12,0,0,0,0,16,0,11
482578,1,1,0,0,13,31,0,0,21,19,0,18
482578,2,1,0,0,0,0,0,0,0,0,12,0
482578,3,1,18,17,15,18,0,18,9,0,15,0
482579,1,1,13,0,0,0,0,0,0,0,0,0
482580,1,1,0,0,29,0,0,0,0,0,32,0
482580,2,1,0,0,0,0,0,0,0,0,0,0
482581,1,1,0,0,0,0,0,0,0,0,0,0
482581,2,1,0,0,0,0,0,0,0,0,0,0
482582,1,1,0,0,18,12,0,0,12,29,12,0
482582,2,1,17,13,9,12,10,19,4,3,9,10
482583,1,1,0,0,0,0,0,0,0,0,0,0
482583,2,1,7,0,0,0,0,0,6,0,0,0
482584,1,1,0,13,12,17,0,17,22,10,0,9
482585,0,1,0,0,0,0,0,0,0,0,0,0
482585,1,1,0,0,0,0,0,0,0,6,0,0
482586,0,1,0,0,0,0,0,0,0,0,0,0
482586,1,1,0,0,0,0,25,0,0,0,0,0
482587,1,1,14,19,18,34,11,7,17,14,37,6
482588,1,1,16,16,16,16,16,16,16,16,16,16
482588,2,1,0,0,0,0,0,0,0,0,0,0
482588,3,1,0,0,0,0,0,0,21,13,0,0
482589,0,1,14,14,14,14,14,14,14,14,14,14
482589,1,1,0,0,19,0,0,32,0,0,0,0
482590,0,1,29,29,29,29,29,29,29,29,29,29
482590,1,1,14,14,14,14,14,14,14,14,14,14
482591,0,1,8,21,0,24,0,0,34,0,0,16
482591,1,1,17,17,17,17,17,17,17,17,17,17
482592,1,1,19,19,19,19,19,19,19,19,19,19
482592,2,1,0,0,0,0,0,0,0,0,0,0
482593,1,1,0,26,0,0,0,0,0,0,0,0
482593,2,1,0,0,0,0,12,0,0,0,0,0
482594,0,1,0,8,7,19,0,0,0,18,0,38
482594,1,1,0,0,0,10,0,1,0,0,0,23
482595,0,1,0,9,8,8,0,9,0,5,5,0
482595,1,1,0,0,21,0,19,0,29,0,0,17
482596,1,1,0,0,0,0,0,0,0,0,0,0
482596,2,1,0,0,0,0,12,0,0,0,0,0
482597,1,1,24,0,0,0,0,0,0,0,0,9
482598,0,1,0,0,0,0,0,0,0,0,0,0
482598,1,1,0,0,0,0,0,0,0,0,0,0
482599,1,1,0,0,0,0,0,0,0,0,18,17
482599,2,1,0,0,0,0,0,0,0,0,0,0
482600,1,1,0,0,0,0,0,0,0,20,0,19
482600,2,1,0,0,0,0,0,0,0,0,0,0
482600,3,1,0,0,0,6,0,0,4,0,0,0
482601,1,1,0,0,0,0,0,0,0,15,0,0
482601,2,1,13,0,0,0,0,0,0,0,0,0
482602,0,1,12,31,19,0,20,0,0,15,0,0
482602,1,1,42,18,13,14,7,15,8,7,18,19
482603,0,1,20,20,20,20,20,20,20,20,20,20
482603,1,1,13,15,0,0,18,17,31,14,14,26
482604,1,1,0,0,0,0,0,0,0,0,0,0
482604,2,1,13,13,13,13,13,13,13,13,13,13
482605,1,1,0,0,0,0,0,0,0,0,0,0
482605,2,1,21,21,21,21,21,21,21,21,21,21
482607,0,1,19,0,9,0,17,0,0,17,0,14
482607,1,1,13,0,0,0,24,10,0,7,0,8
482608,1,1,0,0,0,0,0,4,0,20,4,0
482608,2,1,26,0,0,0,21,30,37,0,0,0
482609,1,1,20,20,20,20,20,20,20,20,20,20
482609,2,1,0,13,12,0,0,0,15,0,5,14
482610,0,1,5,0,29,0,0,14,0,15,0,13
482610,1,1,25,0,17,0,7,0,11,12,9,0
482611,1,1,0,0,0,0,0,0,0,0,0,0
482612,1,1,16,16,16,16,16,16,16,16,16,16
482612,2,1,0,0,17,0,0,4,0,14,0,0
482613,1,1,0,0,0,24,0,5,17,0,0,13
482613,2,1,0,0,0,0,0,9,0,0,0,0
482614,1,1,34,14,10,5,8,10,20,0,0,8
482615,1,1,11,0,0,0,0,0,8,0,0,0
482615,2,1,0,0,0,0,0,0,0,0,0,0
482616,1,1,11,0,9,0,0,0,8,0,16,0
482616,2,1,0,30,19,0,0,9,10,0,13,0
482617,1,1,15,14,19,13,26,25,18,31,30,26
482618,0,1,0,0,0,0,0,0,0,0,0,0
482618,1,1,0,0,26,0,0,0,0,0,0,0
482619,0,1,0,0,0,0,0,0,36,20,0,0
482619,1,1,0,15,0,25,28,8,0,15,5,0
482620,1,1,0,0,0,0,0,0,0,0,0,0
482620,2,1,0,0,0,0,0,0,0,0,0,0
482621,0,1,0,0,0,0,0,0,0,0,0,0
482621,1,1,0,0,0,0,0,0,0,0,0,0
482622,0,1,15,20,21,0,15,23,0,27,10,0
482622,1,1,0,0,0,0,0,0,0,0,0,0
482623,1,1,13,3,15,12,12,7,13,9,14,11
482624,0,1,29,11,18,19,27,44,0,17,0,17
482624,1,1,0,0,0,0,0,0,0,13,0,0
482625,1,1,0,0,0,0,0,0,6,0,0,23
482625,2,1,22,27,0,0,0,0,0,0,0,0
482626,1,1,0,0,0,0,0,0,0,0,0,0
482626,2,1,0,0,0,0,0,0,0,0,0,0
482627,0,1,0,0,0,0,0,0,0,0,0,0
482627,1,1,0,0,0,0,0,0,0,0,0,0
482628,0,1,0,27,0,0,0,0,0,0,0,0
482628,1,1,18,0,0,16,0,18,29,0,0,0
482629,1,1,0,0,0,0,0,0,0,0,0,0
482630,0,1,10,10,10,10,10,10,10,10,10,10
482630,1,1,24,13,0,10,2,0,0,0,0,0
482632,0,1,0,0,0,0,0,0,0,0,0,0
482632,1,1,5,5,5,5,5,5,5,5,5,5
482632,2,1,16,0,24,0,0,0,0,0,0,0
482633,1,1,0,22,19,25,0,0,0,0,20,7
482634,1,1,0,17,0,17,11,0,0,11,0,0
482635,1,1,18,18,18,18,18,18,18,18,18,18
482636,1,1,16,16,16,16,16,16,16,16,16,16
482637,1,1,0,0,0,0,0,0,0,0,0,0
482638,1,1,0,0,0,0,0,0,0,0,6,0
482638,2,1,0,0,0,0,0,14,0,0,19,0
482639,1,1,7,0,20,24,40,18,37,29,5,40
482639,2,1,0,0,0,0,0,0,0,0,0,0
482640,1,1,0,0,7,20,0,0,0,0,0,0
482641,1,1,0,0,0,0,0,0,0,0,0,5
482642,1,1,25,25,25,25,25,25,25,25,25,25
482643,1,1,0,0,19,0,22,24,26,11,24,16
482644,1,1,38,11,0,0,15,0,0,0,19,0
482645,1,1,0,28,0,0,0,0,13,0,22,0
482645,2,1,0,0,0,0,0,0,0,0,0,0
482645,3,1,0,0,0,1,0,0,0,0,0,0
482646,1,1,0,0,34,13,0,0,21,0,0,0
482647,1,1,0,0,0,0,0,0,0,0,0,0
482648,2,1,0,0,0,17,0,0,0,0,2,0
482649,1,1,16,16,17,24,17,0,0,0,16,0
482650,1,1,0,0,0,0,0,0,0,0,0,0
482651,1,1,0,0,0,0,0,0,0,0,0,0
482652,0,1,8,8,8,8,8,8,8,8,8,8
482652,1,1,0,0,12,4,23,0,11,0,0,0
482652,2,1,0,13,0,18,0,11,25,10,0,5
482652,3,1,6,0,0,3,9,0,5,0,0,0
482653,0,1,22,22,22,22,22,22,22,22,22,22
482653,1,1,6,6,6,6,6,6,6,6,6,6
482654,1,1,24,9,21,0,0,0,6,14,0,0
482655,1,1,0,0,24,0,0,0,0,0,0,0
482656,1,1,0,0,0,0,0,0,0,0,0,0
482656,2,1,0,0,0,0,0,0,0,0,0,0
482657,1,1,18,18,18,18,18,18,18,18,18,18
482657,2,1,8,8,8,8,8,8,8,8,8,8
482658,1,1,0,0,0,0,0,0,0,0,0,0
482658,2,1,0,0,0,0,0,0,0,0,0,0
482658,3,1,0,0,0,0,0,0,0,0,0,0
482659,1,1,0,0,0,0,0,0,0,28,0,0
482659,2,1,0,0,0,0,0,0,0,0,0,0
482660,1,1,15,0,52,12,0,38,39,0,0,0
482661,1,1,0,0,19,0,0,0,0,0,33,8
482662,1,1,0,0,0,0,0,0,0,0,0,0
482663,0,1,0,0,0,0,0,0,0,0,0,0
482663,1,1,14,14,14,14,14,14,14,14,14,14
482664,0,1,35,35,35,35,35,35,35,35,35,35
482664,1,1,0,0,8,11,0,0,0,0,0,0
482665,1,1,0,0,0,0,0,0,0,0,0,0
482665,2,1,5,0,0,0,0,0,0,0,0,19
482666,1,1,0,0,0,0,0,0,0,0,0,0
482667,1,1,13,13,13,13,13,13,13,13,13,13
482668,1,1,0,0,0,0,0,0,0,0,0,0
482668,2,1,0,0,0,0,0,0,0,0,0,0
482669,0,1,0,0,0,0,42,0,0,14,0,19
482669,1,1,0,0,0,0,0,0,0,0,0,17
482670,1,1,0,0,0,0,23,0,0,0,0,0
482670,2,1,0,0,0,0,0,0,0,0,0,0
482671,1,1,0,0,0,10,0,0,0,24,0,0
482671,2,1,14,0,0,0,0,0,0,17,0,19
482672,1,1,0,0,0,16,16,17,28,0,0,0
482673,0,1,0,17,0,0,0,0,34,0,0,0
482673,1,1,0,8,0,0,0,0,0,13,0,18
482674,0,1,0,0,0,0,0,0,0,0,0,0
482674,1,1,26,0,0,0,0,0,0,0,0,0
482675,0,1,0,0,10,0,0,0,0,0,0,0
482675,1,1,0,18,0,0,0,58,23,13,0,0
482676,1,1,0,27,0,17,0,24,14,16,7,0
482677,0,1,0,0,0,0,0,0,0,0,0,0
482677,1,1,12,12,12,12,12,12,12,12,12,12
482678,1,1,0,0,0,0,0,0,0,0,0,0
482678,2,1,22,22,22,22,22,22,22,22,22,22
482679,1,1,26,0,0,0,0,0,8,0,6,0
482679,2,1,0,0,0,0,10,0,0,0,0,22
482680,1,1,23,23,23,23,23,23,23,23,23,23
482680,2,1,0,0,11,0,9,0,0,0,0,0
482680,3,1,0,0,0,0,0,0,0,14,0,0
482681,1,1,0,0,0,0,0,0,0,0,0,0
482681,2,1,15,0,0,0,0,0,7,0,0,0
482681,3,1,0,0,0,0,0,0,0,0,0,22
482681,4,1,0,0,0,0,0,0,0,0,0,0
482682,0,1,30,30,30,30,30,30,30,30,30,30
482682,1,1,0,21,0,0,0,0,0,7,21,7
482683,0,1,17,17,17,17,17,17,17,17,17,17
482683,1,1,28,26,13,21,25,0,18,34,0,11
482683,2,1,0,7,0,0,0,2,0,0,0,32
482684,0,1,0,0,0,0,0,0,0,0,0,0
482684,1,1,0,15,26,13,0,14,0,0,0,0
482685,0,1,0,0,0,0,0,0,0,0,0,0
482685,1,1,0,8,0,0,0,14,0,20,16,0
482686,0,1,0,0,20,0,0,0,0,13,0,21
482686,1,1,0,0,9,0,0,0,0,0,0,0
482686,2,1,0,0,0,0,0,0,0,21,0,0
482687,1,1,23,23,23,23,23,23,23,23,23,23
482687,2,1,0,0,0,0,0,0,0,0,0,0
482688,1,1,20,0,0,0,0,17,0,0,0,0
482688,2,1,6,27,0,0,5,0,0,0,17,0
482689,0,1,0,0,0,0,0,0,0,0,0,0
482689,1,1,0,0,0,0,0,0,0,0,0,0
482690,0,1,32,32,32,32,32,32,32,32,32,32
482690,1,1,0,0,0,5,0,0,0,0,7,0
482691,1,1,26,0,18,21,26,23,0,0,18,0
482693,1,1,0,0,0,17,0,0,0,6,0,31
482693,2,1,7,0,0,0,0,0,0,0,0,0
482694,0,1,0,0,0,0,0,0,0,0,0,0
482694,1,1,0,0,0,7,0,9,0,0,0,0
482695,1,1,17,0,8,0,11,21,11,0,4,12
482695,2,1,0,0,0,0,0,0,0,0,0,0
482696,1,1,13,13,13,13,13,13,13,13,13,13
482698,1,1,0,0,0,0,0,0,0,0,0,0
482698,2,1,0,0,15,0,13,0,0,0,0,0
482699,1,1,18,12,0,3,13,18,23,13,0,0
482699,2,1,0,13,0,0,4,23,0,0,4,0
482700,1,1,0,0,0,0,0,0,3,0,0,0
482700,2,1,16,0,0,0,0,0,0,0,0,0
482701,1,1,0,0,0,0,0,0,0,0,0,0
482701,2,1,0,0,6,0,0,0,0,0,0,0
482701,3,1,0,0,0,0,13,0,0,0,0,0
482702,0,1,0,0,0,0,0,0,0,0,0,0
482702,0,2,17,18,7,0,0,0,32,0,0,17
482702,1,1,14,17,14,0,8,12,2,13,7,5
482703,1,1,15,0,27,18,11,0,0,0,10,14
482703,2,1,26,0,0,0,19,0,0,0,0,16
482704,1,1,0,0,0,0,0,29,0,17,0,0
482705,1,1,15,0,11,0,0,0,0,0,0,12
482705,2,1,0,0,0,22,0,22,0,3,12,0
482706,1,1,0,0,0,0,0,0,28,19,0,0
482706,2,1,0,6,0,0,11,0,13,0,0,18
482707,1,1,0,0,0,0,0,25,0,0,0,0
482707,2,1,0,0,0,0,0,0,0,0,0,0
482709,1,1,0,0,0,0,0,0,0,0,0,0
482709,2,1,0,0,17,0,0,9,9,0,23,16
482709,3,1,21,0,0,0,0,0,20,0,0,0
482710,0,1,23,23,23,23,23,23,23,23,23,23
482710,1,1,0,32,0,0,0,0,0,0,0,3
482711,1,1,13,13,13,13,13,13,13,13,13,13
482712,1,1,0,0,0,28,0,0,0,0,21,0
482712,2,1,0,0,0,15,0,0,0,0,0,0
482714,1,1,11,11,11,11,11,11,11,11,11,11
482715,1,1,0,26,0,26,0,0,0,0,9,0
482716,1,1,0,0,0,0,0,0,0,0,0,0
482716,2,1,0,0,0,0,0,0,0,0,0,0
482717,1,1,33,33,33,33,33,33,33,33,33,33
482718,1,1,0,0,0,0,0,0,14,0,11,0
482719,1,1,18,18,18,18,18,18,18,18,18,18
482720,1,1,0,0,0,0,0,0,0,0,0,0
482720,2,1,0,0,0,0,0,0,0,0,0,0
482721,1,1,0,0,0,0,0,0,0,0,0,0
482721,2,1,0,0,0,0,0,0,0,0,0,0
482722,1,1,0,0,0,0,0,0,0,0,0,10
482722,2,1,0,0,32,0,0,0,0,0,0,0
482723,1,1,0,18,0,0,6,0,0,0,4,0
482723,2,1,8,0,0,0,0,0,0,0,0,0
482724,1,1,0,0,0,0,0,0,0,0,0,0
482724,2,1,0,0,0,0,0,0,0,0,0,0
482725,1,1,19,0,28,0,0,0,0,0,0,20
482726,0,1,22,22,22,22,22,22,22,22,22,22
482726,1,1,0,8,15,0,0,4,8,13,13,23
482726,2,1,16,3,0,0,33,13,19,30,17,13
482726,3,1,0,0,0,0,0,0,13,0,0,3
482727,1,1,23,23,23,23,23,23,23,23,23,23
482728,1,1,0,9,19,12,0,0,16,0,0,8
482728,2,1,0,0,0,9,14,8,0,0,0,0
482729,1,1,0,11,17,0,0,0,13,0,0,0
482729,2,1,0,0,0,0,0,0,0,0,22,0
482730,1,1,0,17,0,0,0,0,0,0,0,0
482730,2,1,0,0,0,0,0,0,0,0,0,0
482731,1,1,0,0,6,5,0,12,0,0,0,0
482731,2,1,0,0,0,0,0,0,0,0,0,10
482731,3,1,0,0,21,19,0,0,0,0,0,0
482731,4,1,0,0,0,0,17,0,0,0,0,0
482732,0,1,0,0,0,0,0,26,0,0,0,15
482732,1,1,0,22,22,0,0,0,0,0,0,0
482732,2,1,0,6,0,0,0,14,0,0,0,0
482733,0,1,6,20,18,0,0,0,0,15,18,0
482733,1,1,20,7,0,0,10,0,0,13,0,31
482734,1,1,0,0,15,0,22,0,0,0,24,0
482735,1,1,22,22,22,22,22,22,22,22,22,22
482736,1,1,4,0,0,0,12,0,0,0,0,0
482736,2,1,19,0,0,0,34,12,0,0,0,12
482737,1,1,0,0,0,10,16,0,0,0,0,0
482737,2,1,0,5,9,19,17,0,0,0,0,0
482738,1,1,0,0,0,0,0,0,0,0,0,0
482738,2,1,0,0,0,0,0,0,0,0,0,0
482739,1,1,0,0,0,0,0,0,0,0,0,11
482740,1,1,25,25,25,25,25,25,25,25,25,25
482740,2,1,0,0,0,0,0,0,0,0,0,0
482741,1,1,0,0,0,0,0,0,0,0,0,0
482741,2,1,0,0,0,0,0,0,0,0,0,0
482741,3,1,0,0,0,0,0,0,7,0,0,0
482742,1,1,0,0,0,0,0,0,0,0,0,0
482742,2,1,0,0,0,0,0,0,0,0,0,0
482743,1,1,0,0,0,0,0,11,0,0,5,0
482743,2,1,0,0,0,0,0,20,0,0,0,0
482744,1,1,0,0,0,0,0,0,0,2,0,0
482745,1,1,16,0,0,14,0,0,0,0,0,0
482746,1,1,0,0,0,0,0,0,0,0,0,0
482746,2,1,0,0,11,0,0,0,0,0,6,10
482747,1,1,0,0,0,0,0,0,0,0,0,0
482748,1,1,28,0,13,0,7,0,0,0,0,0
482748,2,1,16,26,13,21,18,34,14,13,19,0
482749,1,1,0,14,0,0,0,17,0,0,0,3
482749,2,1,0,0,0,0,0,0,0,0,0,0
482750,0,1,0,0,0,0,0,0,0,0,0,0
482750,1,1,0,0,0,0,0,0,0,0,0,0
482751,1,1,0,0,0,0,0,0,0,0,0,0
482751,2,1,0,0,32,0,0,0,0,0,0,0
482752,1,1,31,31,31,31,31,31,31,31,31,31
482753,1,1,0,0,0,0,0,0,0,0,0,0
482754,1,1,14,14,14,14,14,14,14,14,14,14
482755,1,1,18,18,18,18,18,18,18,18,18,18
482756,1,1,0,0,18,0,0,0,0,0,0,0
482756,2,1,0,0,0,0,0,0,0,0,0,0
482757,1,1,0,0,0,0,0,0,0,0,0,0
482757,2,1,0,0,0,0,0,0,0,0,0,0
482758,0,1,0,0,0,0,0,0,0,0,33,0
482758,1,1,27,0,0,9,0,0,0,0,0,0
482759,1,1,0,0,0,0,0,0,0,0,0,0
482759,2,1,0,0,0,0,0,0,0,0,0,0
482759,3,1,0,0,0,20,0,0,0,0,14,0
482759,4,1,0,0,0,13,0,0,0,0,17,20
482760,1,1,19,19,19,19,19,19,19,19,19,19
482762,0,1,0,0,0,0,0,0,0,0,0,0
482762,1,1,12,0,10,9,6,21,10,23,0,0
482763,1,1,22,22,22,22,22,22,22,22,22,22
482763,2,1,6,0,0,0,0,0,0,0,0,0
482764,0,1,12,12,12,12,12,12,12,12,12,12
482764,1,1,0,0,0,0,0,0,8,0,9,6
482766,1,1,0,0,0,0,0,0,0,0,0,0
482766,2,1,0,9,0,0,20,0,0,0,0,0
482767,1,1,18,18,18,18,18,18,18,18,18,18
482767,2,1,0,0,0,0,0,0,0,0,0,0
482768,1,1,0,0,7,0,5,0,0,0,2,1
482768,2,1,0,0,0,0,0,0,0,0,0,0
482769,1,1,8,0,3,0,10,21,16,6,6,0
482769,2,1,18,0,0,0,0,0,26,24,13,27
482770,1,1,18,18,18,18,18,18,18,18,18,18
482771,1,1,0,0,16,0,0,0,0,0,0,0
482772,1,1,12,18,16,17,23,19,22,26,19,15
482773,0,1,0,0,0,17,0,36,0,0,0,0
482773,1,1,19,22,19,0,0,11,0,33,0,0
482774,0,1,10,23,0,0,0,0,28,11,0,10
482774,1,1,0,0,0,0,0,12,5,0,0,0
482775,1,1,13,17,19,0,0,22,0,0,0,14
482775,2,1,0,13,5,13,28,18,11,0,31,34
482776,1,1,37,0,18,25,0,10,14,11,0,0
482777,1,1,28,28,28,28,28,28,28,28,28,28
482778,1,1,0,0,0,0,0,0,0,0,0,23
482778,2,1,0,0,0,0,5,0,0,0,0,0
482779,1,1,16,0,0,0,31,0,28,0,17,12
482780,0,1,0,0,0,0,0,0,0,0,0,0
482780,1,1,0,0,0,0,0,0,0,25,18,0
482780,2,1,0,0,0,0,0,20,0,16,0,0
482781,1,1,0,0,0,0,0,0,0,0,0,0
482781,2,1,0,0,0,0,0,0,0,0,0,0
482782,1,1,11,0,0,50,10,0,0,0,13,31
482783,1,1,0,0,0,0,0,0,0,2,0,0
482783,2,1,0,0,0,0,23,0,0,0,32,0
482784,0,1,0,22,0,0,0,0,36,0,18,0
482784,1,1,12,0,0,0,0,29,23,0,0,0
482784,2,1,15,10,17,15,17,0,0,15,0,0
482784,3,1,6,13,21,0,24,0,25,17,0,0
482784,4,1,0,0,0,0,0,0,0,0,13,0
482785,0,1,16,20,10,0,0,23,0,0,0,0
482785,1,1,0,0,0,0,0,0,0,0,0,0
482786,1,1,0,0,0,0,0,0,0,0,0,0
482787,1,1,19,19,19,19,19,19,19,19,19,19
482787,2,1,0,0,0,0,0,0,0,0,0,19
482788,1,1,0,0,0,0,0,0,0,0,0,0
482789,0,1,6,6,6,6,6,6,6,6,6,6
482789,1,1,0,0,0,0,0,0,0,0,0,7
482790,1,1,8,8,8,8,8,8,8,8,8,8
482791,1,1,9,0,0,0,0,0,0,0,0,38
482791,2,1,0,0,0,0,0,0,0,0,0,0
482792,0,1,0,0,0,0,0,0,0,0,0,0
482792,1,1,0,6,0,0,28,0,20,0,0,12
482793,0,1,6,0,14,0,30,0,28,0,0,0
482793,1,1,0,0,0,16,0,10,0,0,19,13
482794,0,1,0,0,0,0,0,20,0,0,25,20
482794,1,1,9,11,0,23,0,14,12,23,8,0
482795,1,1,0,0,0,0,0,0,0,0,0,0
482795,2,1,0,0,0,0,0,0,0,0,0,0
482796,1,1,1,1,1,1,1,1,1,1,1,1
482796,2,1,6,0,0,0,0,0,0,0,21,0
482796,3,1,0,0,0,0,0,9,0,31,11,0
482797,0,1,27,23,0,0,15,0,0,0,36,0
482797,1,1,0,0,0,0,0,0,8,0,0,0
482798,1,1,0,0,0,0,0,0,0,0,0,0
482798,2,1,18,0,11,0,6,0,0,0,0,0
482798,3,1,0,0,0,16,0,0,0,0,0,19
482798,4,1,0,0,0,0,0,0,0,0,0,0
482799,1,1,0,0,0,0,2,0,0,0,0,0
482800,0,1,0,0,0,0,0,0,0,0,0,0
482800,1,1,0,0,0,0,0,0,0,0,0,0
482801,1,1,0,0,28,27,0,0,6,0,0,0
482801,2,1,13,0,0,21,0,0,0,0,0,0
482802,1,1,0,0,26,12,0,28,0,0,0,0
482803,1,1,0,0,0,0,22,0,0,0,0,0
482803,2,1,0,19,0,0,0,16,0,0,0,0
482804,0,1,0,0,0,0,0,0,0,0,0,0
482804,1,1,0,0,15,0,0,0,0,0,0,0
482805,0,1,26,26,26,26,26,26,26,26,26,26
482805,1,1,0,13,0,8,23,0,0,0,11,0
482805,2,1,23,0,15,0,0,0,12,18,12,0
482806,1,1,13,13,13,13,13,13,13,13,13,13
482806,2,1,0,0,0,0,0,0,0,0,0,0
482807,1,1,0,0,0,0,0,0,0,0,20,0
482807,2,1,2,2,2,2,2,2,2,2,2,2
482808,1,1,16,0,0,0,0,0,0,3,0,0
482808,2,1,0,0,0,0,0,0,0,0,0,0
482809,0,1,0,24,0,0,0,0,0,0,3,29
482809,1,1,0,0,17,0,0,0,0,29,16,0
482810,1,1,0,0,0,0,0,0,0,0,0,0
482810,2,1,24,24,24,24,24,24,24,24,24,24
482811,1,1,0,0,0,0,0,0,0,0,0,0
482811,2,1,12,0,27,0,6,19,0,14,0,0
482812,1,1,19,19,19,19,19,19,19,19,19,19
482812,2,1,0,0,19,25,5,12,24,0,13,0
482813,1,1,22,0,17,7,18,15,24,30,0,15
482814,1,1,0,0,15,0,0,18,0,16,13,5
482815,1,1,0,20,0,0,0,0,0,0,10,0
482816,0,1,21,21,21,21,21,21,21,21,21,21
482816,1,1,17,0,0,0,0,0,19,0,0,0
482817,1,1,27,27,27,27,27,27,27,27,27,27
482818,1,1,24,24,24,24,24,24,24,24,24,24
482819,1,1,0,0,9,0,0,5,0,0,15,0
482820,1,1,21,0,14,0,17,8,0,23,16,0
482820,2,1,22,22,22,22,22,22,22,22,22,22
482821,1,1,13,13,13,13,13,13,13,13,13,13
482821,2,1,11,11,11,11,11,11,11,11,11,11
482822,1,1,0,0,0,0,0,0,0,0,0,0
482823,1,1,18,18,18,18,18,18,18,18,18,18
482824,0,1,0,0,0,0,0,0,0,0,0,0
482824,1,1,0,0,0,0,0,0,0,8,0,0
482825,1,1,12,12,12,12,12,12,12,12,12,12
482826,1,1,20,20,20,20,20,20,20,20,20,20
482827,0,1,0,0,0,0,0,0,0,0,0,0
482827,1,1,0,11,0,0,0,0,0,12,17,0
482828,1,1,0,0,0,0,0,0,0,0,0,0
482828,2,1,0,0,0,0,0,0,4,0,0,0
482828,3,1,12,0,13,0,0,0,0,0,0,0
482829,1,1,0,0,0,0,0,0,0,0,0,0
482829,2,1,0,0,0,0,0,0,0,0,0,0
482829,3,1,0,0,0,0,0,0,0,0,0,0
482829,4,1,0,0,0,0,0,0,0,0,0,0
482830,1,1,0,0,0,0,0,0,0,0,0,0
482830,2,1,16,0,0,11,0,0,0,13,0,0
482831,0,1,16,16,33,6,21,3,0,20,19,0
482831,1,1,0,19,25,0,7,0,0,23,13,15
482831,2,1,0,7,0,0,0,0,0,21,9,16
482832,0,1,0,0,0,0,0,0,0,0,0,0
482832,1,1,17,14,0,9,56,30,18,0,0,0
482833,1,1,0,0,0,0,0,0,0,0,0,0
482833,2,1,0,0,0,0,0,0,0,0,0,0
482834,1,1,8,0,16,0,0,0,0,18,0,0
482834,2,1,0,9,0,0,0,0,9,0,15,0
482834,3,1,0,0,0,0,0,0,0,0,0,0
482835,1,1,20,20,20,20,20,20,20,20,20,20
482836,1,1,0,13,0,0,18,0,27,0,16,0
482837,1,1,0,0,0,19,0,17,0,14,0,0
482837,2,1,33,0,0,32,0,0,0,13,0,0
482838,1,1,0,8,0,0,0,0,19,0,0,0
482838,2,1,0,21,0,0,0,24,0,0,0,0
482839,0,1,0,0,0,0,0,0,0,0,0,0
482839,1,1,0,0,0,0,0,0,19,0,0,0
482839,3,1,0,30,0,0,0,0,13,0,0,0
482840,1,1,12,12,12,12,12,12,12,12,12,12
482840,2,1,0,13,0,16,19,9,7,27,0,0
482841,1,1,0,0,0,0,0,0,0,0,0,0
482841,2,1,0,0,0,0,0,0,0,0,0,0
482842,1,1,23,23,23,23,23,23,23,23,23,23
482843,1,1,0,13,28,0,0,0,0,0,0,5
482844,1,1,21,21,21,21,21,21,21,21,21,21
482845,1,1,0,0,0,22,0,15,7,0,0,0
482846,1,1,0,0,0,0,36,0,0,18,0,0
482846,2,1,0,0,0,10,28,0,0,19,0,3
482847,0,1,10,10,10,10,10,10,10,10,10,10
482847,1,1,0,6,0,0,13,18,28,5,11,40
482847,2,1,0,17,29,18,0,24,18,0,18,12
482847,3,1,0,7,6,0,13,0,0,0,0,0
482848,0,1,26,26,26,26,26,26,26,26,26,26
482848,1,1,44,6,0,13,0,24,0,2,9,21
482849,1,1,10,0,0,0,0,0,0,0,0,0
482849,2,1,0,0,0,0,0,0,0,0,0,0
482849,3,1,0,0,0,0,9,0,0,0,0,0
482850,1,1,6,6,6,6,6,6,6,6,6,6