ST_CASE,VEH_NO,PER_NO,P1,P2,P3,P4,P5,P6,P7,P8,P9,P10
482850,2,1,17,18,0,18,0,0,27,16,0,28
482851,1,1,15,29,16,10,11,8,33,19,6,14
482852,0,1,26,16,0,13,0,0,33,20,0,0
482852,1,1,0,0,9,0,0,20,0,0,0,0
482853,1,1,0,0,0,0,0,0,0,0,0,0
482854,1,1,0,0,0,10,6,0,0,0,0,0
482854,2,1,6,0,6,9,0,25,0,10,0,8
482855,1,1,0,0,0,0,0,0,0,0,0,0
482855,2,1,0,0,0,0,0,0,0,0,0,0
482856,1,1,24,24,24,24,24,24,24,24,24,24
482857,0,1,0,0,0,0,0,0,0,0,0,0
482857,1,1,10,0,0,0,0,0,0,0,0,0
482858,1,1,18,18,18,18,18,18,18,18,18,18
482858,2,1,0,0,8,21,0,15,5,0,0,0
482859,1,1,0,0,0,0,0,0,0,0,0,0
482860,1,1,0,12,10,0,22,0,0,16,0,0
482861,1,1,0,0,0,0,0,0,0,0,0,0
482861,2,1,0,0,0,5,18,0,0,19,0,16
482862,0,1,0,0,0,0,0,0,0,0,5,23
482862,1,1,0,0,0,10,0,0,0,0,0,0
482863,0,1,0,0,0,0,0,0,0,0,0,0
482863,1,1,10,0,0,0,0,0,0,0,0,0
482864,1,1,5,21,11,16,0,0,0,20,23,0
482865,1,1,15,17,21,0,35,0,0,0,24,18
482866,1,1,0,0,0,0,0,0,0,0,0,0
482866,2,1,0,0,0,0,0,0,0,0,0,0
482867,1,1,22,22,22,22,22,22,22,22,22,22
482868,1,1,0,0,13,15,0,0,14,0,27,15
482869,1,1,4,4,4,4,4,4,4,4,4,4
482870,1,1,0,0,0,0,18,0,18,0,0,8
482871,0,1,0,0,10,20,0,0,0,0,16,4
482871,1,1,0,0,0,0,0,0,0,0,0,0
482872,1,1,0,10,0,9,0,0,0,0,0,0
482872,2,1,0,0,0,0,0,0,0,0,0,0
482873,1,1,0,0,0,0,0,0,0,0,0,4
482873,2,1,13,13,0,1,14,8,0,11,0,0
482873,3,1,19,48,0,11,5,7,11,0,0,0
482874,1,1,0,0,8,19,10,0,0,6,14,0
482874,2,1,13,20,9,8,0,17,0,3,0,7
482875,1,1,8,0,10,0,0,30,0,0,0,0
482876,1,1,0,11,15,30,16,28,10,10,0,0
482877,1,1,0,0,0,0,0,0,0,0,0,0
482878,1,1,0,0,25,0,0,16,0,0,0,0
482878,2,1,0,0,0,0,0,0,0,0,0,0
482879,1,1,0,0,0,0,0,0,0,0,0,0
482879,2,1,25,0,0,8,0,0,27,0,0,11
482879,3,1,0,13,24,12,0,0,0,0,0,0
482880,1,1,0,4,0,0,0,19,0,0,0,0
482881,1,1,19,19,19,19,19,19,19,19,19,19
482882,1,1,18,18,18,18,18,18,18,18,18,18
482883,1,1,0,0,0,0,0,0,0,0,0,0
482883,2,1,0,0,0,0,0,0,0,0,0,0
482884,1,1,18,18,18,18,18,18,18,18,18,18
482884,2,1,0,10,0,0,0,0,0,0,0,0
482885,1,1,0,0,0,0,0,0,0,8,0,0
482885,2,1,6,6,6,6,6,6,6,6,6,6
482886,1,1,0,7,29,13,0,21,0,0,0,0
482887,1,1,0,0,0,0,0,0,0,0,0,0
482887,2,1,7,0,0,0,0,0,0,0,0,0
482888,1,1,2,2,2,2,2,2,2,2,2,2
482889,0,1,23,23,23,23,23,23,23,23,23,23
482889,1,1,0,0,0,0,0,0,0,0,0,0
482890,1,1,17,17,17,17,17,17,17,17,17,17
482890,2,1,21,8,15,6,0,15,0,0,0,7
482891,0,1,12,12,12,12,12,12,12,12,12,12
482891,1,1,0,7,0,0,0,0,0,14,20,0
482892,1,1,0,0,0,0,15,0,0,0,0,22
482892,2,1,0,0,0,14,0,0,0,0,0,0
482893,0,1,14,0,0,16,14,22,19,23,0,0
482893,1,1,0,11,0,0,0,0,0,13,4,7
482894,1,1,0,0,0,0,0,0,0,0,0,0
482894,2,1,0,0,0,0,0,15,0,0,0,0
482895,1,1,17,0,0,0,0,15,0,0,0,0
482895,2,1,0,0,0,0,0,0,0,0,0,0
482896,1,1,0,17,0,0,0,0,0,7,0,0
482896,2,1,0,0,0,0,0,0,0,0,0,0
482897,1,1,0,0,0,0,7,0,11,0,16,10
482897,2,1,19,5,0,17,0,0,10,0,9,11
482898,1,1,17,0,0,0,15,0,0,0,0,0
482898,2,1,0,0,0,0,0,16,0,0,0,0
482899,1,1,0,22,20,0,0,5,0,0,0,0
482899,2,1,0,0,0,0,0,0,0,0,0,0
482900,1,1,0,0,0,0,0,0,0,0,0,0
482900,2,1,16,0,0,0,7,7,0,0,6,0
482901,1,1,0,0,0,0,0,0,0,0,9,0
482902,0,1,14,14,14,14,14,14,14,14,14,14
482902,1,1,0,0,10,13,7,15,19,9,14,19
482903,1,1,30,30,30,30,30,30,30,30,30,30
482904,1,1,6,6,6,6,6,6,6,6,6,6
482904,2,1,0,3,0,24,0,0,0,0,0,0
482905,1,1,24,24,24,24,24,24,24,24,24,24
482905,2,1,11,0,0,11,9,11,0,15,0,6
482906,1,1,0,0,0,0,0,0,0,0,0,0
482906,2,1,0,0,0,0,0,0,0,0,0,0
482907,1,1,8,8,8,8,8,8,8,8,8,8
482907,2,1,0,17,26,0,0,13,0,0,0,17
482908,1,1,20,20,20,20,20,20,20,20,20,20
482909,0,1,0,17,28,0,17,23,37,0,23,8
482909,1,1,0,0,0,0,0,0,0,0,0,0
482910,1,1,0,0,0,0,0,0,0,0,0,0
482910,2,1,0,0,0,0,0,0,9,0,18,4
482911,1,1,4,4,4,4,4,4,4,4,4,4
482912,1,1,0,0,5,0,0,0,15,0,0,0
482912,2,1,0,0,0,0,0,0,0,0,0,0
482913,1,1,0,0,0,0,0,0,0,0,0,0
482913,2,1,0,0,0,9,8,0,0,0,0,0
482914,0,1,31,6,0,0,0,0,0,0,0,16
482914,1,1,0,0,0,0,0,0,0,0,1,0
482915,1,1,0,0,0,0,0,0,28,0,19,16
482915,2,1,13,0,0,19,0,0,0,0,8,0
482916,0,1,17,17,17,17,17,17,17,17,17,17
482916,1,1,0,0,0,0,0,21,20,0,0,0
482917,0,1,0,42,0,0,0,0,0,0,0,0
482917,1,1,6,0,0,0,5,0,13,0,0,0
482918,1,1,0,0,8,0,0,0,10,0,18,0
482919,1,1,0,0,0,0,0,0,0,0,0,0
482919,2,1,0,0,0,0,13,0,0,0,15,22
482920,1,1,6,6,6,6,6,6,6,6,6,6
482921,1,1,0,0,0,0,0,0,0,15,0,0
482922,1,1,15,15,15,15,15,15,15,15,15,15
482922,2,1,0,0,0,0,0,0,0,0,0,0
482923,1,1,28,11,11,20,31,18,19,18,12,22
482924,1,1,27,27,27,27,27,27,27,27,27,27
482925,1,1,7,7,7,7,7,7,7,7,7,7
482926,0,1,36,4,0,0,11,17,26,7,0,0
482926,0,2,0,13,0,7,42,0,0,29,0,0
482926,1,1,0,0,0,11,0,0,0,0,8,3
482927,1,1,0,0,0,0,0,0,0,0,0,0
482928,1,1,14,0,6,20,0,0,14,0,0,0
482928,2,1,0,10,0,0,0,0,0,0,0,0
482929,1,1,8,8,0,0,0,0,0,0,0,0
482930,0,1,0,0,0,0,0,0,0,0,6,0
482930,1,1,0,0,0,3,0,0,0,0,0,0
482930,2,1,15,0,0,0,22,0,6,0,8,0
482931,0,1,0,0,0,0,0,0,0,0,0,0
482931,1,1,0,0,0,0,0,0,0,0,0,0
482932,0,1,0,16,9,0,0,13,0,16,18,0
482932,1,1,0,0,0,0,0,0,0,0,0,0
482933,1,1,19,19,19,19,19,19,19,19,19,19
482934,1,1,16,16,16,16,16,16,16,16,16,16
482934,2,1,6,6,6,6,6,6,6,6,6,6
482935,1,1,12,0,0,0,0,0,0,0,13,14
482935,2,1,0,0,0,0,0,0,0,0,0,0
482935,3,1,0,0,0,0,0,0,0,0,13,0
482936,1,1,0,0,0,0,0,0,0,0,0,0
482936,2,1,0,0,0,0,0,0,18,0,0,0
482937,1,1,0,0,0,9,14,11,0,0,0,21
482937,2,1,0,0,0,0,0,0,0,0,0,0
482937,3,1,0,14,0,0,0,0,0,9,0,0
482938,1,1,20,20,20,20,20,20,20,20,20,20
482939,1,1,0,0,0,0,0,0,0,0,0,0
482939,2,1,0,0,20,0,0,0,0,0,0,0
482941,1,1,18,18,18,18,18,18,18,18,18,18
482942,1,1,0,12,0,34,0,0,33,0,31,0
482942,2,1,20,28,23,0,12,0,7,0,0,28
482943,1,1,16,16,16,16,16,16,16,16,16,16
482943,2,1,13,0,0,12,0,18,0,17,0,0
482944,0,1,0,0,12,11,40,19,29,12,22,0
482944,0,2,0,0,0,14,22,0,15,10,0,9
482944,1,1,0,0,0,0,0,0,0,0,0,0
482945,1,1,0,0,0,0,0,0,0,0,0,0
482945,2,1,0,0,0,0,0,0,0,0,0,0
482946,1,1,0,0,0,0,0,0,0,0,0,0
482947,0,1,38,0,0,0,0,24,0,20,0,14
482947,1,1,0,0,0,8,0,0,0,0,0,0
482948,1,1,0,0,0,0,0,0,0,0,0,0
482948,2,1,0,0,0,0,0,0,0,0,0,0
482949,1,1,18,0,12,0,0,21,0,16,0,0
482949,2,1,0,11,0,0,0,25,0,15,0,13
482949,3,1,0,0,35,0,0,0,31,0,0,30
482950,1,1,3,3,3,3,3,3,3,3,3,3
482951,1,1,0,0,0,16,0,0,14,0,0,11
482951,2,1,14,0,0,0,0,0,0,0,0,0
482952,0,1,0,0,0,0,0,0,0,0,0,0
482952,1,1,13,0,0,0,8,0,0,0,0,0
482952,2,1,0,30,14,27,14,0,0,0,27,16
482953,1,1,0,0,0,0,0,0,0,0,0,0
482953,2,1,0,0,11,7,7,0,0,0,12,0
482954,0,1,26,26,26,26,26,26,26,26,26,26
482954,1,1,0,10,0,0,26,0,0,0,0,0
482955,0,1,0,0,0,0,0,0,0,0,0,0
482955,1,1,0,0,0,32,5,19,0,0,0,0
482956,0,1,11,11,11,11,11,11,11,11,11,11
482956,1,1,0,0,0,0,0,0,0,0,0,0
482957,1,1,27,27,27,27,27,27,27,27,27,27
482957,2,1,0,19,26,0,0,0,0,0,0,0
482958,1,1,17,8,22,26,15,21,27,23,3,8
482959,1,1,10,0,8,0,12,14,3,9,0,0
482959,2,1,0,0,0,0,0,0,0,0,0,0
482960,1,1,0,20,0,0,0,0,0,0,0,0
482960,2,1,0,0,0,0,0,0,0,0,0,0
482961,1,1,26,26,26,26,26,26,26,26,26,26
482962,0,1,0,0,0,0,0,0,0,0,0,0
482962,1,1,22,0,0,10,0,0,0,0,0,0
482963,1,1,24,24,24,24,24,24,24,24,24,24
482963,2,1,0,0,0,0,0,0,0,0,0,18
482963,3,1,0,0,10,4,9,0,0,0,0,5
482964,1,1,30,0,0,0,21,0,0,0,0,0
482964,2,1,0,19,0,0,0,0,0,0,0,0
482965,1,1,0,0,0,8,0,0,0,0,0,20
482965,2,1,0,13,0,0,0,0,0,0,0,0
482965,3,1,0,0,20,0,0,0,0,10,0,0
482965,4,1,0,0,0,0,0,0,0,0,0,0
482965,5,1,22,0,0,0,0,0,0,0,0,32
482966,1,1,0,0,0,0,0,0,0,0,0,0
482966,2,1,0,0,0,0,0,0,0,27,13,0
482967,0,1,0,12,0,0,26,23,11,0,0,15
482967,1,1,0,0,0,0,0,0,0,0,0,0
482968,1,1,3,3,3,3,3,3,3,3,3,3
482969,1,1,16,16,16,16,16,16,16,16,16,16
482970,0,1,15,15,15,15,15,15,15,15,15,15
482970,1,1,0,0,0,0,0,0,0,0,0,0
482970,3,1,0,0,0,0,2,0,0,12,0,9
482970,4,1,11,19,15,14,0,0,0,0,0,0
482971,1,1,19,19,19,19,19,19,19,19,19,19
482972,1,1,0,16,9,24,21,0,19,24,0,8
482973,1,1,0,0,0,0,0,0,0,0,0,0
482974,1,1,22,22,22,22,22,22,22,22,22,22
482975,1,1,0,0,0,0,0,0,0,0,0,0
482976,1,1,7,0,0,0,0,0,0,0,0,0
482977,1,1,0,0,0,0,0,0,0,0,0,0
482977,2,1,0,6,2,9,0,0,0,0,0,0
482978,1,1,0,0,0,0,0,42,0,0,0,0
482978,2,1,0,3,6,0,0,0,16,0,0,0
482979,1,1,0,0,14,14,19,0,0,0,0,0
482980,0,1,6,6,6,6,6,6,6,6,6,6
482980,1,1,13,0,17,26,0,0,0,0,0,0
482981,1,1,9,9,9,9,9,9,9,9,9,9
482982,1,1,0,12,14,10,0,0,20,21,0,18
482983,0,1,0,0,0,0,0,0,0,0,0,0
482983,1,1,29,0,19,21,0,4,4,14,17,0
482984,1,1,0,0,0,0,7,12,34,0,0,32
482984,2,1,0,0,0,0,0,0,0,0,20,0
482984,3,1,0,0,0,16,0,0,16,0,0,0
482985,1,1,31,0,21,0,0,3,0,0,0,4
482986,0,1,28,28,28,28,28,28,28,28,28,28
482986,1,1,29,26,0,18,10,6,5,20,12,27
482987,1,1,0,11,26,8,0,0,0,0,0,0
482988,1,1,0,0,0,0,0,0,0,0,0,0
482988,2,1,0,0,0,0,0,0,0,0,0,0
482989,1,1,10,0,17,18,19,0,20,0,25,3
482989,2,1,0,0,0,0,15,0,14,35,0,0
482989,3,1,9,9,9,9,9,9,9,9,9,9
482990,1,1,24,24,24,24,24,24,24,24,24,24
482991,1,1,0,0,0,0,3,9,0,0,0,0
482991,2,1,0,0,0,0,0,0,0,0,0,0
482992,1,1,14,28,15,5,13,15,22,0,4,15
482992,2,1,0,0,0,0,0,0,0,0,0,0
482993,1,1,14,0,0,0,0,0,0,0,15,0
482993,2,1,0,17,0,0,0,0,0,0,0,0
482994,1,1,0,0,0,0,0,0,0,17,0,0
482994,2,1,0,0,0,0,0,0,0,0,20,0
482994,3,1,0,0,0,0,4,0,0,0,0,0
482995,1,1,24,0,0,0,0,0,0,23,0,0
482995,2,1,0,0,9,0,0,0,34,0,0,0
482996,0,1,0,25,32,0,0,0,0,0,0,13
482996,1,1,8,0,0,0,0,0,0,0,14,0
482997,0,1,13,13,13,13,13,13,13,13,13,13
482997,1,1,11,0,0,0,0,0,0,0,0,0
482998,1,1,17,14,14,0,0,15,16,0,0,8
482998,2,1,14,11,0,9,0,3,0,16,22,0
482998,3,1,16,16,16,16,16,16,16,16,16,16
482999,1,1,17,17,17,17,17,17,17,17,17,17
483000,1,1,0,20,0,0,0,0,0,0,0,0
483000,2,1,0,0,16,0,0,0,0,0,0,0
483001,0,1,0,0,0,0,20,0,0,3,0,23
483001,1,1,18,26,18,0,19,8,5,5,29,0
483002,1,1,16,16,16,16,16,16,16,16,16,16
483003,0,1,19,25,3,0,73,0,49,0,0,0
483003,1,1,0,0,0,0,0,0,0,0,0,0
483004,1,1,14,14,14,14,14,14,14,14,14,14
483005,1,1,0,0,0,0,0,0,0,0,0,0
483006,1,1,12,12,12,12,12,12,12,12,12,12
483007,1,1,0,0,0,0,0,0,0,0,0,0
483007,2,1,0,0,0,0,0,0,0,0,0,0
483008,0,1,20,20,20,20,20,20,20,20,20,20
483008,1,1,0,0,5,0,11,11,13,0,0,21
483009,1,1,0,0,0,0,0,0,0,0,0,0
483009,2,1,0,0,0,0,0,0,0,0,0,0
483010,1,1,0,0,0,0,0,0,0,0,0,0
483011,1,1,5,0,0,0,0,0,0,0,0,0
483011,2,1,0,18,0,0,0,0,0,0,0,0
483012,1,1,0,0,0,0,0,15,0,13,0,0
483013,1,1,13,0,4,0,28,0,16,0,0,0
483013,2,1,0,0,0,15,0,0,0,14,0,20
483014,1,1,0,0,0,0,0,0,0,23,0,0
483014,2,1,0,17,22,13,18,18,0,14,12,11
483015,1,1,0,0,0,0,0,9,0,0,0,0
483015,2,1,0,19,28,0,0,0,10,0,0,0
483016,1,1,3,0,12,0,14,16,0,7,0,6
483016,2,1,21,9,9,0,0,0,0,0,6,16
483017,1,1,7,0,3,0,0,0,0,0,9,6
483017,2,1,0,0,15,32,0,0,0,0,29,28
483018,1,1,0,0,18,19,0,18,20,0,10,52
483019,1,1,24,24,24,24,24,24,24,24,24,24
483019,2,1,0,0,0,0,0,0,0,0,0,0
483020,1,1,8,21,22,42,13,22,11,18,17,34
483020,2,1,13,0,17,0,0,0,0,0,0,0
483020,3,1,0,0,0,0,0,0,0,0,0,0
483021,1,1,14,0,22,0,20,0,25,6,0,20
483022,0,1,14,14,14,14,14,14,14,14,14,14
483022,1,1,0,0,0,20,0,9,0,15,0,0
483022,2,1,18,15,0,0,0,21,0,0,0,0
483023,1,1,0,11,0,0,0,20,0,0,0,0
483024,0,1,0,0,0,23,28,0,14,0,0,29
483024,1,1,0,11,4,18,31,16,0,0,32,9
483025,1,1,0,0,0,0,0,0,0,0,0,0
483026,1,1,0,0,0,0,0,0,0,0,0,0
483026,2,1,0,0,9,0,0,0,0,0,4,0
483027,0,1,0,33,21,0,0,6,0,0,36,0
483027,1,1,0,0,0,0,0,0,0,0,0,0
483028,1,1,6,6,6,6,6,6,6,6,6,6
483028,2,1,0,0,15,0,0,0,0,0,12,7
483029,1,1,17,17,17,17,17,17,17,17,17,17
483030,1,1,0,19,10,0,14,19,0,0,0,0
483030,2,1,28,0,26,14,9,0,16,38,13,0
483031,1,1,20,20,20,20,20,20,20,20,20,20
483033,1,1,12,12,12,12,12,12,12,12,12,12
483034,0,1,28,28,28,28,28,28,28,28,28,28
483034,1,1,0,0,0,0,0,0,0,0,0,0
483035,1,1,0,0,0,0,0,0,0,0,0,0
483036,1,1,0,0,0,0,0,15,0,0,7,0
483037,1,1,0,0,0,0,0,0,0,0,0,0
483037,2,1,0,0,0,0,0,7,0,19,0,16
483037,3,1,10,0,0,18,0,18,0,0,0,0
483037,4,1,0,0,24,0,0,28,0,0,18,0
483037,5,1,0,0,0,0,0,0,0,14,0,0
483037,6,1,0,0,0,0,0,0,0,0,0,0
483038,0,1,11,0,0,0,5,0,0,24,0,22
483038,1,1,17,0,0,8,0,0,0,0,0,0
483038,2,1,19,9,17,13,0,25,0,16,9,0
483039,1,1,0,0,0,0,0,0,0,0,0,0
483040,1,1,0,0,0,0,7,0,0,0,0,0
483040,2,1,8,8,8,8,8,8,8,8,8,8
483041,1,1,0,0,0,0,0,0,0,0,0,0
483041,2,1,20,0,0,0,0,0,0,0,0,0
483041,3,1,15,0,0,0,0,0,0,0,0,0
483042,1,1,0,0,0,0,0,0,0,0,0,0
483042,2,1,0,0,0,6,0,0,0,0,0,0
483042,3,1,20,0,0,0,0,0,9,0,0,0
483043,1,1,0,0,0,0,0,0,0,0,0,0
483044,0,1,0,8,7,13,8,0,15,0,0,0
483044,1,1,9,0,0,11,0,0,19,10,0,0
483045,1,1,23,0,0,0,18,0,0,0,0,0
483045,2,1,0,0,0,0,0,0,0,0,0,0
483046,1,1,0,0,0,0,0,0,0,0,0,0
483046,2,1,3,3,3,3,3,3,3,3,3,3
483047,0,1,23,23,23,23,23,23,23,23,23,23
483047,1,1,0,0,26,0,24,0,0,28,0,11
483048,1,1,0,21,0,0,0,0,0,0,0,0
483049,1,1,0,0,0,0,0,0,0,0,0,0
483049,2,1,0,0,0,0,7,0,0,0,0,0
483050,1,1,0,0,0,0,0,0,0,0,0,0
483050,2,1,0,0,0,0,0,0,0,0,0,0
483051,0,1,0,0,0,0,0,0,0,0,0,0
483051,1,1,0,7,0,0,0,0,0,0,0,20
483052,1,1,0,0,0,0,0,0,0,0,0,0
483052,2,1,0,0,0,1,0,0,0,0,0,0
483053,0,1,0,14,0,0,0,0,0,0,0,0
483053,1,1,0,0,0,28,0,0,0,0,0,0
483054,1,1,0,0,0,0,0,0,0,0,0,0
483054,2,1,0,0,0,0,0,0,0,0,0,0
483055,0,1,0,0,0,0,7,0,0,17,0,0
483055,1,1,0,0,0,0,0,0,0,0,0,0
483055,2,1,12,0,0,0,0,0,0,0,15,0
483056,1,1,0,0,0,0,0,0,0,0,0,0
483057,1,1,0,0,0,0,0,0,0,0,0,0
483057,2,1,0,0,0,0,0,0,0,0,0,0
483058,1,1,15,15,15,15,15,15,15,15,15,15
483058,2,1,0,0,0,12,17,0,19,20,0,48
483059,0,1,0,0,0,0,0,0,0,0,0,0
483059,1,1,7,0,0,5,0,0,0,0,0,0
483060,1,1,0,8,0,16,0,0,0,0,18,0
483061,1,1,0,0,0,0,0,0,0,0,0,0
483062,1,1,0,14,23,0,0,12,0,0,16,9
483063,1,1,0,9,17,0,13,0,0,9,30,0
483063,2,1,0,0,0,0,0,0,0,0,0,0
483064,1,1,8,8,8,8,8,8,8,8,8,8
483064,2,1,0,11,0,0,0,0,0,8,0,0
483065,0,1,0,0,0,0,0,0,0,0,0,0
483065,1,1,30,27,0,11,14,0,23,14,7,14
483066,1,1,0,0,0,0,0,0,0,0,0,0
483067,0,1,9,9,9,9,9,9,9,9,9,9
483067,1,1,0,0,0,0,0,0,0,0,0,23
483068,1,1,0,0,0,0,0,0,0,0,0,16
483070,1,1,0,10,0,0,0,0,0,0,0,0
483070,2,1,22,0,0,0,0,0,0,0,18,10
483071,1,1,0,0,0,24,0,15,0,0,0,0
483071,2,1,0,0,15,0,0,0,0,14,0,14
483072,1,1,0,30,12,21,0,0,0,0,21,0
483073,1,1,23,23,23,23,23,23,23,23,23,23
483074,1,1,0,0,0,0,0,0,0,0,0,0
483074,2,1,0,0,0,0,0,0,0,0,0,0
483075,1,1,0,40,0,0,0,7,13,0,0,19
483075,2,1,0,0,0,0,0,11,0,34,0,0
483076,1,1,13,13,13,13,13,13,13,13,13,13
483077,0,1,28,0,18,27,0,0,7,0,12,0
483077,1,1,0,0,0,0,0,16,0,0,0,0
483078,1,1,23,17,8,10,17,17,17,29,10,15
483079,1,1,6,6,6,6,6,6,6,6,6,6
483080,1,1,20,20,20,20,20,20,20,20,20,20
483081,0,1,24,24,24,24,24,24,24,24,24,24
483081,1,1,0,17,9,16,0,0,10,13,19,8
483082,1,1,0,0,0,0,0,0,0,0,0,0
483082,2,1,7,0,22,6,0,5,28,0,12,0
483083,1,1,21,0,9,19,24,17,0,9,0,27
483084,1,1,2,2,2,2,2,2,2,2,2,2
483085,1,1,33,33,33,33,33,33,33,33,33,33
483088,1,1,21,21,21,21,21,21,21,21,21,21
483088,2,1,18,9,23,0,0,11,16,19,0,8
483089,1,1,0,17,0,19,0,0,0,0,0,19
483090,1,1,26,20,26,13,16,35,15,14,17,15
483091,1,1,16,16,16,16,16,16,16,16,16,16
483091,2,1,27,3,5,0,15,5,0,0,11,3
483092,1,1,13,13,13,13,13,13,13,13,13,13
483092,2,1,11,11,11,11,11,11,11,11,11,11
483093,1,1,0,0,0,0,0,0,0,0,0,0
483094,0,1,8,0,0,14,0,0,0,10,0,0
483094,1,1,0,17,0,0,0,29,15,14,5,14
483095,1,1,0,14,0,6,13,0,8,0,16,0
483095,2,1,0,0,0,0,0,0,0,0,0,0
483095,3,1,0,24,0,0,20,0,0,0,0,0
483096,1,1,0,0,0,0,0,14,0,0,0,0
483097,1,1,0,0,0,0,0,0,0,0,0,0
483097,2,1,0,0,0,0,11,0,0,0,0,0
483098,0,1,0,0,0,0,0,0,0,0,0,0
483098,1,1,0,29,0,0,0,0,0,23,0,0
483099,1,1,17,17,17,17,17,17,17,17,17,17
483100,1,1,28,0,10,0,0,0,0,0,3,0
483100,2,1,17,0,0,0,0,0,0,0,0,0
483100,3,1,0,0,0,7,0,0,0,0,0,0
483101,1,1,0,13,18,31,0,0,24,16,0,21
483101,2,1,0,0,0,0,0,26,5,0,0,0
483102,1,1,0,0,0,0,0,0,0,0,0,0
483102,2,1,0,0,0,7,0,0,0,0,0,0
483103,1,1,0,0,0,0,0,0,0,0,0,0
483104,1,1,29,0,20,0,0,19,0,16,0,0
483105,1,1,10,10,10,10,10,10,10,10,10,10
483105,2,1,33,0,26,31,0,0,0,0,22,0
483106,1,1,0,0,0,0,0,0,0,0,2,0
483106,2,1,0,0,0,0,5,0,0,0,0,0
483107,1,1,0,0,0,27,0,17,0,12,18,0
483108,0,1,0,0,0,25,33,0,0,0,21,0
483108,1,1,0,0,0,3,0,0,0,5,0,0
483109,1,1,0,0,0,0,0,0,0,0,0,0
483110,1,1,0,0,0,9,0,0,0,21,0,0
483110,2,1,16,0,0,0,0,0,0,0,0,0
483111,1,1,0,0,0,0,0,0,0,0,0,0
483112,1,1,18,18,18,18,18,18,18,18,18,18
483113,1,1,0,0,0,0,0,22,15,0,0,0
483113,2,1,0,0,9,22,0,17,0,0,0,0
483114,1,1,0,19,0,13,21,24,0,11,20,0
483115,0,1,21,0,20,0,0,12,0,22,31,0
483115,1,1,0,23,9,0,0,0,0,0,0,0
483116,0,1,10,10,10,10,10,10,10,10,10,10
483116,1,1,19,0,0,11,9,15,0,34,0,0
483117,0,1,0,0,0,0,0,0,0,0,0,0
483117,1,1,0,0,12,14,28,21,11,0,0,10
483118,0,1,0,7,0,0,0,0,0,34,0,0
483118,1,1,8,0,28,0,0,0,0,0,10,0
483119,1,1,0,0,0,0,0,0,0,0,0,0
483120,1,1,0,0,0,0,0,0,0,0,0,0
483121,1,1,0,0,0,0,0,0,12,0,26,0
483122,1,1,21,0,0,22,8,0,0,36,0,12
483123,1,1,0,0,23,0,0,0,25,27,0,0
483124,1,1,10,36,0,12,11,12,11,27,13,0
483125,1,1,15,0,0,0,0,0,14,0,29,0
483125,2,1,13,10,15,0,0,16,0,0,0,14
483126,1,1,0,0,0,0,0,0,0,0,0,0
483126,2,1,0,12,0,0,0,0,0,0,0,0
483127,1,1,0,0,0,0,0,0,14,0,0,0
483129,1,1,15,28,0,0,0,22,23,0,0,6
483129,2,1,30,0,24,0,11,0,0,0,0,0
483130,1,1,15,23,13,21,16,26,19,14,18,20
483131,0,1,17,17,17,17,17,17,17,17,17,17
483131,1,1,0,30,0,0,20,0,18,0,0,0
483132,1,1,3,16,0,21,0,0,0,26,0,17
483132,2,1,0,0,0,0,0,0,0,0,0,0
483133,1,1,0,0,10,5,0,0,0,5,0,20
483133,2,1,0,0,0,0,0,0,0,0,0,0
483134,1,1,10,0,0,0,0,15,0,18,11,0
483135,0,1,24,0,0,0,0,0,49,32,16,18
483135,1,1,0,0,0,0,0,0,0,0,0,0
483136,1,1,0,0,13,0,0,0,0,11,0,0
483137,1,1,0,0,0,0,0,0,0,0,0,0
483137,2,1,8,8,8,8,8,8,8,8,8,8
483138,1,1,0,0,0,0,0,28,0,0,15,0
483138,2,1,6,0,14,0,0,0,29,0,0,19
483138,3,1,0,12,7,9,22,0,0,0,0,31
483139,1,1,0,5,0,0,0,0,0,0,0,0
483139,2,1,0,9,0,0,0,0,0,0,0,0
483140,1,1,0,0,0,0,0,0,0,0,0,0
483141,1,1,6,6,6,6,6,6,6,6,6,6
483141,2,1,0,4,13,0,0,0,8,0,12,0
483142,1,1,0,19,0,0,0,0,0,0,0,0
483142,2,1,0,28,8,0,0,0,0,0,0,0
483142,3,1,23,0,0,11,0,23,0,0,0,0
483143,1,1,0,0,12,0,0,0,0,0,21,15
483144,1,1,0,0,0,0,0,0,0,0,0,0