ST_CASE,VEH_NO,PER_NO,P1,P2,P3,P4,P5,P6,P7,P8,P9,P10
483144,2,1,0,18,7,0,27,0,10,0,39,0
483145,0,1,0,0,0,0,0,0,0,0,0,0
483145,1,1,0,0,17,0,0,23,0,0,0,0
483146,1,1,0,0,0,0,0,0,0,0,0,0
483146,2,1,0,0,0,0,0,0,0,0,0,0
483146,3,1,0,0,0,0,0,0,0,0,0,0
483147,1,1,0,0,0,0,0,0,0,0,0,0
483148,1,1,0,0,0,0,0,0,0,0,0,0
483149,1,1,17,17,17,17,17,17,17,17,17,17
483150,1,1,0,0,0,0,0,0,0,0,0,0
483150,2,1,0,0,0,0,0,0,0,0,0,0
483151,0,1,0,14,0,0,0,0,23,20,0,0
483151,1,1,0,0,0,28,0,19,0,0,0,3
483152,1,1,0,6,0,0,0,0,0,0,0,0
483152,2,1,9,0,0,0,0,0,0,0,0,0
483153,1,1,0,0,0,0,0,0,0,0,0,28
483154,0,1,0,0,0,0,15,0,7,43,0,0
483154,0,2,0,0,0,0,0,0,0,0,0,0
483154,0,3,0,0,0,0,11,0,20,0,9,0
483154,1,1,0,0,0,0,0,0,0,0,0,0
483155,1,1,7,7,7,7,7,7,7,7,7,7
483156,1,1,0,22,0,0,0,0,0,0,26,0
483156,2,1,0,0,14,0,0,0,0,28,0,28
483157,1,1,0,0,0,0,0,0,0,0,0,0
483157,2,1,0,0,0,0,0,0,0,0,0,0
483157,3,1,0,0,0,0,5,0,0,0,0,3
483158,1,1,0,17,0,8,0,0,0,0,0,0
483159,0,1,0,15,22,0,38,0,0,7,0,0
483159,1,1,0,0,0,0,0,0,0,0,0,0
483160,0,1,18,0,0,14,35,0,0,0,0,29
483160,1,1,0,0,0,0,0,28,0,0,10,0
483161,1,1,0,0,0,0,0,10,0,25,15,0
483161,2,1,13,13,13,13,13,13,13,13,13,13
483162,1,1,2,2,2,2,2,2,2,2,2,2
483163,0,1,0,0,0,0,0,0,0,0,0,0
483163,1,1,0,0,9,0,0,0,0,8,0,0
483163,2,1,20,0,18,38,0,0,18,25,24,24
483163,3,1,11,0,28,23,0,28,23,10,0,0
483164,1,1,0,0,44,17,37,0,0,0,0,21
483165,1,1,0,0,0,0,0,0,0,0,0,0
483165,2,1,0,0,0,0,4,0,0,5,0,0
483165,3,1,0,15,0,0,0,0,19,0,0,52
483166,1,1,13,11,0,12,31,23,5,30,18,8
483166,2,1,0,0,0,0,0,0,0,0,0,0
483167,1,1,23,23,23,23,23,23,23,23,23,23
483167,2,1,0,0,13,0,0,0,0,0,0,0
483167,3,1,0,0,0,0,0,0,0,0,0,0
483168,1,1,0,0,0,0,0,0,0,0,0,0
483168,2,1,8,4,9,0,13,7,0,0,0,0
483168,3,1,26,0,14,10,0,0,0,23,0,4
483169,1,1,0,0,0,0,0,0,0,0,0,0
483170,1,1,23,23,23,23,23,23,23,23,23,23
483170,2,1,32,6,17,16,0,7,0,0,36,0
483170,3,1,0,0,0,0,0,0,0,0,0,0
483171,0,1,0,0,0,11,0,0,0,0,19,18
483171,1,1,0,0,0,9,0,0,0,0,0,0
483172,1,1,0,0,0,0,0,0,0,0,0,0
483172,2,1,0,0,0,0,0,0,0,0,0,0
483172,3,1,0,0,0,0,0,0,0,0,0,0
483172,4,1,0,0,0,0,0,0,0,0,0,0
483172,5,1,0,0,0,0,16,0,0,0,0,6
483172,6,1,0,0,0,0,0,0,0,0,0,0
483172,7,1,24,0,0,20,0,0,0,0,0,0
483173,1,1,0,0,0,9,13,0,5,0,0,0
483173,2,1,0,0,0,0,0,0,0,0,0,0
483174,0,1,0,13,19,0,0,21,32,0,23,13
483174,1,1,0,0,0,0,0,0,8,0,0,0
483175,0,1,38,38,38,38,38,38,38,38,38,38
483175,1,1,0,0,0,0,0,0,0,0,0,0
483176,1,1,0,15,0,0,0,0,12,0,0,0
483176,2,1,0,20,0,0,0,0,19,13,0,0
483177,1,1,0,0,0,0,0,0,0,0,0,0
483177,2,1,0,0,20,0,0,0,0,0,23,0
483178,1,1,23,23,23,23,23,23,23,23,23,23
483178,2,1,0,0,0,0,0,0,0,0,0,0
483179,0,1,0,0,15,0,0,30,0,0,0,10
483179,1,1,0,0,0,0,0,0,0,0,0,0
483179,2,1,0,0,0,0,0,5,0,10,0,0
483180,0,1,0,0,0,0,0,0,0,0,0,0
483180,1,1,0,0,0,13,0,12,0,0,23,0
483181,1,1,3,0,0,0,0,0,0,0,0,0
483181,2,1,16,28,0,0,0,0,0,0,0,17
483182,0,1,0,0,0,0,0,0,0,0,0,0
483182,0,2,0,0,0,0,15,0,0,0,21,7
483182,1,1,0,0,0,0,0,0,0,0,26,0
483183,1,1,31,31,31,31,31,31,31,31,31,31
483184,0,1,0,0,0,0,0,0,0,0,0,0
483184,1,1,0,10,0,0,0,25,0,0,0,0
483184,2,1,7,5,0,13,0,19,0,14,0,0
483185,0,1,0,24,0,0,37,23,0,0,19,0
483185,1,1,0,0,0,0,4,0,0,0,0,0
483186,1,1,0,0,0,0,15,0,0,0,0,0
483187,0,1,26,26,26,26,26,26,26,26,26,26
483187,1,1,0,0,0,9,0,6,0,0,0,0
483188,1,1,0,0,0,12,0,0,0,0,0,0
483189,0,1,21,21,21,21,21,21,21,21,21,21
483189,1,1,0,0,14,29,0,0,0,0,16,19
483190,0,1,0,0,0,0,22,12,38,0,0,28
483190,1,1,4,7,23,18,0,3,11,17,17,12
483191,1,1,0,0,22,0,0,17,0,14,0,0
483191,2,1,0,0,11,0,0,0,0,0,10,0
483192,1,1,0,0,15,0,0,0,0,0,0,0
483192,2,1,0,0,0,0,0,8,0,0,0,0
483193,1,1,0,0,0,0,13,0,0,0,0,0
483194,0,1,0,36,0,8,15,0,17,12,6,15
483194,1,1,0,17,0,0,0,0,0,16,11,0
483195,0,1,0,0,24,0,20,0,0,0,0,24
483195,1,1,0,0,2,0,0,0,0,11,0,17
483196,1,1,0,0,0,0,0,0,0,0,0,0
483197,1,1,0,0,0,0,0,0,0,0,0,0
483197,2,1,0,0,0,0,0,0,20,0,0,0
483198,1,1,0,13,16,0,0,0,0,0,0,0
483198,2,1,0,0,0,0,0,0,0,0,0,0
483199,1,1,37,37,37,37,37,37,37,37,37,37
483200,1,1,0,0,0,0,0,0,0,0,0,0
483200,2,1,23,0,0,0,0,0,0,0,0,0
483201,1,1,0,0,0,0,0,0,19,30,0,17
483201,2,1,0,0,27,21,12,31,6,24,15,23
483202,1,1,0,0,14,0,23,18,4,8,0,11
483203,1,1,27,27,27,27,27,27,27,27,27,27
483204,1,1,0,0,0,0,26,17,0,0,0,0
483205,1,1,0,0,0,0,0,0,0,0,0,0
483205,2,1,0,0,0,0,0,0,0,0,0,0
483206,1,1,4,0,0,0,0,0,0,0,0,0
483207,1,1,0,15,0,27,0,5,0,0,0,11
483208,1,1,0,0,0,0,0,26,0,20,22,24
483209,0,1,0,0,0,0,0,27,0,0,0,3
483209,1,1,8,0,0,0,0,11,0,0,0,0
483210,0,1,0,0,0,0,0,0,0,0,0,0
483210,1,1,0,0,0,0,0,0,0,0,0,0
483210,2,1,0,0,8,0,0,25,0,0,0,0
483211,1,1,22,22,22,22,22,22,22,22,22,22
483212,1,1,23,0,0,0,0,0,0,0,0,0
483212,2,1,3,0,0,0,7,10,0,0,0,0
483213,1,1,9,0,0,0,0,10,3,0,18,0
483213,2,1,21,21,21,21,21,21,21,21,21,21
483214,1,1,11,11,11,11,11,11,11,11,11,11
483214,2,1,0,0,0,0,0,0,0,0,0,0
483215,1,1,0,0,0,0,0,0,0,0,0,0
483215,2,1,0,0,0,0,0,0,0,0,0,0
483215,3,1,0,0,0,0,0,0,0,0,0,0
483216,1,1,0,0,0,0,0,0,0,0,0,0
483216,2,1,0,0,0,13,18,0,0,0,0,0
483217,1,1,8,8,8,8,8,8,8,8,8,8
483217,2,1,0,0,0,0,0,0,0,0,0,0
483217,3,1,0,15,0,0,17,11,0,22,0,0
483217,4,1,0,0,22,0,0,0,0,0,20,0
483218,1,1,17,29,0,34,0,0,0,0,0,14
483219,1,1,10,10,10,10,10,10,10,10,10,10
483220,1,1,0,14,20,12,19,0,28,21,17,7
483221,1,1,12,10,5,14,6,7,21,13,12,8
483221,2,1,0,0,0,0,0,0,0,0,0,0
483222,1,1,21,21,21,21,21,21,21,21,21,21
483223,0,1,0,15,0,0,0,10,24,29,0,0
483223,1,1,14,14,14,14,14,14,14,14,14,14
483224,0,1,19,15,0,0,0,14,20,0,37,33
483224,1,1,0,0,27,0,0,0,0,14,0,12
483225,0,1,13,28,0,37,0,26,3,0,11,0
483225,1,1,12,0,9,10,23,5,14,20,0,12
483226,1,1,14,7,0,9,18,33,0,10,0,17
483227,1,1,0,0,25,0,20,20,27,11,4,8
483228,1,1,0,0,0,0,0,0,0,0,0,0
483228,2,1,0,0,0,0,0,0,0,0,0,0
483229,1,1,0,11,0,17,0,10,0,10,0,6
483230,1,1,0,0,0,0,0,0,0,0,11,0
483230,2,1,0,0,0,10,29,22,0,0,0,24
483231,1,1,0,27,0,13,16,0,0,8,11,16
483232,1,1,29,0,13,0,0,0,0,0,0,0
483232,2,1,0,0,0,0,0,0,6,0,0,0
483232,3,1,0,0,0,0,0,0,0,0,0,0
483233,1,1,17,17,17,17,17,17,17,17,17,17
483233,2,1,0,0,0,0,0,0,0,0,0,0
483234,1,1,18,18,18,18,18,18,18,18,18,18
483234,2,1,0,25,23,0,20,0,25,26,15,9
483235,1,1,3,3,3,3,3,3,3,3,3,3
483236,1,1,20,20,20,20,20,20,20,20,20,20
483237,1,1,0,0,0,0,0,0,0,0,0,0
483237,2,1,0,0,0,0,0,15,0,0,0,0
483238,1,1,0,0,0,0,0,0,0,0,6,0
483239,1,1,0,5,0,0,0,0,0,0,12,0
483240,1,1,0,0,0,0,0,0,0,0,0,0
483240,2,1,0,0,0,0,0,0,0,0,0,0
483241,1,1,26,26,26,26,26,26,26,26,26,26
483242,1,1,21,28,0,13,21,14,40,18,0,10
483243,0,1,29,29,29,29,29,29,29,29,29,29
483243,1,1,0,0,0,0,0,0,22,0,0,20
483244,1,1,0,0,0,0,0,0,0,0,0,0
483245,1,1,0,0,0,0,0,0,0,0,0,0
483245,2,1,0,0,0,0,0,0,0,0,0,0
483246,1,1,29,0,0,0,0,0,0,0,0,0
483246,2,1,0,20,0,0,0,0,0,0,0,0
483247,1,1,0,6,0,0,0,16,0,17,0,0
483247,2,1,0,0,0,0,0,0,0,0,0,0
483249,1,1,0,0,4,11,0,28,0,4,0,0
483249,2,1,0,0,0,0,0,0,0,0,0,0
483250,1,1,0,0,0,7,0,0,0,0,0,0
483251,1,1,16,0,0,26,34,0,0,0,15,0
483252,0,1,0,0,0,0,0,0,0,0,0,0
483252,1,1,0,0,0,0,5,0,6,0,0,0
483253,1,1,0,0,0,0,0,0,18,17,0,0
483253,2,1,0,0,0,0,0,0,0,0,0,0
483254,0,1,0,0,0,11,0,0,22,7,0,16
483254,1,1,12,0,0,8,0,11,0,0,0,0
483255,1,1,0,0,0,0,0,0,0,0,0,0
483255,2,1,8,16,0,7,20,3,3,0,17,5
483256,1,1,0,28,8,0,0,0,38,0,0,18
483256,2,1,0,0,0,0,0,0,0,0,0,0
483257,1,1,27,27,27,27,27,27,27,27,27,27
483258,1,1,0,0,0,0,0,0,0,0,0,0
483259,1,1,14,24,29,19,20,15,16,17,13,32
483260,1,1,0,0,0,0,0,0,0,19,12,0
483260,2,1,0,0,0,0,2,0,0,8,0,0
483261,0,1,0,31,43,0,11,7,0,20,0,0
483261,1,1,22,0,0,0,0,0,0,0,0,0
483262,1,1,17,17,17,17,17,17,17,17,17,17
483263,1,1,12,12,12,12,12,12,12,12,12,12
483263,2,1,0,0,0,0,0,0,0,0,0,0
483264,1,1,0,0,0,0,0,0,0,0,0,0
483264,2,1,0,0,0,0,0,0,0,0,0,0
483265,1,1,0,0,0,0,0,19,0,0,14,0
483265,2,1,0,0,0,0,0,0,0,0,0,0
483266,1,1,16,0,0,29,0,13,10,12,21,8
483266,2,1,0,0,38,9,0,0,0,10,0,0
483267,1,1,0,0,0,11,22,0,0,0,0,0
483267,2,1,0,0,18,0,0,0,0,0,0,0
483267,3,1,0,0,0,0,0,0,0,0,0,0
483268,1,1,0,0,0,0,0,28,0,0,43,0
483268,2,1,0,0,0,20,11,14,0,0,10,13
483268,3,1,27,0,0,22,5,9,0,0,16,0
483268,4,1,26,0,0,15,25,32,17,36,3,17
483269,1,1,0,0,0,0,0,0,16,0,0,0
483269,2,1,0,0,0,0,0,0,0,0,0,0
483270,0,1,0,0,0,0,0,0,0,0,0,0
483270,1,1,0,0,0,0,0,0,0,0,0,0
483271,1,1,16,16,16,16,16,16,16,16,16,16
483272,1,1,13,13,13,13,13,13,13,13,13,13
483273,0,1,0,0,0,0,0,0,0,0,0,0
483273,1,1,0,0,0,0,0,0,19,0,0,0
483274,1,1,18,18,18,18,18,18,18,18,18,18
483275,1,1,0,0,0,0,0,0,0,0,0,0
483275,2,1,0,0,0,0,0,0,0,6,0,17
483276,1,1,0,0,0,0,0,0,0,0,0,0
483276,2,1,0,0,0,0,0,0,0,0,0,0
483277,1,1,11,11,11,11,11,11,11,11,11,11
483278,0,1,35,0,0,36,5,0,0,0,0,19
483278,1,1,0,0,0,0,0,0,0,0,0,0
483279,1,1,20,0,0,0,0,0,0,0,0,0
483279,2,1,0,0,0,0,0,0,0,0,0,0
483280,0,1,19,19,19,19,19,19,19,19,19,19
483280,1,1,0,15,10,0,9,11,0,0,0,26
483281,1,1,0,0,0,0,0,0,0,0,0,0
483282,1,1,14,0,0,19,0,0,0,0,0,12
483283,1,1,0,0,0,0,0,0,0,0,0,0
483283,2,1,0,17,0,0,0,9,0,0,0,0
483284,1,1,7,7,7,7,7,7,7,7,7,7
483285,1,1,0,0,0,0,0,0,0,0,0,0
483285,2,1,0,0,0,0,0,0,0,0,0,0
483286,1,1,0,0,0,0,0,0,11,0,0,0
483287,1,1,0,0,0,0,0,0,0,0,0,0
483287,2,1,0,0,0,0,0,0,0,0,0,0
483288,0,1,17,17,17,17,17,17,17,17,17,17
483288,1,1,0,0,16,8,0,0,9,0,0,0
483289,1,1,0,0,0,0,16,0,0,0,0,23
483289,2,1,13,13,13,13,13,13,13,13,13,13
483290,1,1,5,5,5,5,5,5,5,5,5,5
483291,1,1,11,11,11,11,11,11,11,11,11,11
483292,1,1,23,23,23,23,23,23,23,23,23,23
483292,2,1,23,0,0,0,33,0,0,0,0,0
483292,3,1,0,0,0,0,0,0,0,0,0,0
483293,1,1,21,21,21,21,21,21,21,21,21,21
483294,1,1,0,0,0,0,0,0,0,0,0,0
483295,1,1,18,23,8,4,15,0,10,24,0,28
483295,2,1,0,0,0,0,0,0,0,0,0,0
483295,3,1,0,0,0,20,0,0,4,0,0,0
483296,1,1,0,0,0,0,0,0,0,0,0,0
483296,2,1,0,0,0,0,0,0,0,0,0,0
483297,1,1,7,14,5,13,5,10,19,13,0,22
483297,2,1,9,0,12,11,0,0,8,27,25,7
483298,1,1,0,0,0,8,0,10,0,0,0,0
483298,2,1,0,0,0,0,0,0,0,0,0,0
483299,1,1,0,0,0,0,0,0,0,0,0,0
483299,2,1,0,0,0,0,0,0,0,0,0,0
483299,3,1,0,0,21,0,0,0,15,0,0,0
483300,1,1,0,0,0,0,4,0,15,0,0,0
483301,1,1,0,0,0,0,0,0,0,0,0,0
483301,2,1,0,0,0,0,0,0,0,4,0,0
483302,1,1,0,29,0,0,0,0,0,0,0,0
483302,2,1,19,0,0,16,0,0,0,0,0,0
483303,1,1,0,0,0,0,0,0,0,0,0,0
483304,1,1,0,0,0,13,0,0,0,0,0,0
483305,1,1,0,0,0,0,0,19,0,0,0,0
483305,2,1,0,0,0,0,0,0,0,0,0,0
483306,1,1,10,15,10,6,6,8,15,0,6,7
483307,1,1,0,0,0,0,19,0,0,0,0,0
483308,1,1,0,0,0,0,0,0,0,0,0,0
483309,0,1,0,12,0,26,26,0,0,0,0,9
483309,1,1,0,2,0,3,24,0,24,0,10,15
483310,1,1,24,24,24,24,24,24,24,24,24,24
483311,1,1,0,0,0,0,0,0,0,0,0,0
483311,2,1,0,0,17,0,0,0,3,0,24,0
483312,1,1,0,0,0,0,0,0,0,0,0,13
483313,0,1,0,0,0,0,0,0,0,0,0,0
483313,1,1,22,0,0,12,0,13,0,0,0,0
483314,1,1,0,0,18,25,0,16,17,0,0,12
483314,2,1,0,0,0,0,0,0,0,0,0,0
483315,1,1,0,0,0,0,0,0,0,0,0,0
483315,2,1,0,0,0,0,0,0,0,0,0,0
483316,1,1,0,0,0,0,0,0,0,0,0,0
483316,2,1,0,0,0,0,0,0,21,0,0,12
483317,1,1,0,13,0,12,0,0,0,0,10,0
483318,1,1,0,0,0,17,0,0,0,0,0,0
483318,2,1,0,0,0,0,0,0,0,0,0,0
483318,3,1,0,0,0,0,0,0,0,0,0,0
483319,1,1,23,23,23,23,23,23,23,23,23,23
483320,1,1,17,17,17,17,17,17,17,17,17,17
483321,1,1,0,0,0,0,0,0,0,0,0,20
483322,0,1,36,0,0,0,0,0,21,0,0,9
483322,1,1,0,8,0,10,0,0,0,0,0,0
483323,1,1,8,8,8,8,8,8,8,8,8,8
483324,1,1,0,13,0,16,0,0,0,6,0,0
483324,2,1,0,0,0,0,0,0,0,0,0,0
483326,1,1,0,0,0,0,0,0,0,20,0,0
483326,2,1,0,0,0,0,0,0,0,0,0,0
483327,0,1,0,0,0,0,0,0,0,0,0,0
483327,1,1,0,0,0,0,0,0,0,0,0,0
483328,1,1,4,4,4,4,4,4,4,4,4,4
483328,2,1,0,0,0,0,0,19,0,10,0,0
483329,1,1,0,0,21,12,18,0,0,15,0,25
483329,2,1,0,0,0,0,0,0,17,21,21,0
483330,1,1,0,0,0,9,0,0,16,21,0,0
483331,1,1,0,0,0,13,0,11,0,0,3,0
483331,2,1,16,2,21,0,0,0,0,0,9,0
483332,1,1,6,6,6,6,6,6,6,6,6,6
483332,2,1,20,20,20,20,20,20,20,20,20,20
483333,0,1,2,2,2,2,2,2,2,2,2,2
483333,1,1,0,0,0,0,16,0,22,0,0,17
483334,1,1,0,4,20,0,0,0,0,0,0,0
483334,2,1,0,0,0,0,0,0,0,0,0,0
483334,3,1,0,0,0,0,0,21,0,0,0,0
483335,0,1,0,0,0,0,0,0,0,0,0,0
483335,1,1,0,0,0,0,0,0,0,0,9,0
483336,1,1,0,0,0,27,19,17,0,17,11,0
483336,2,1,0,0,0,0,0,0,11,0,0,0
483337,0,1,0,0,14,0,0,0,0,0,0,0
483337,1,1,11,0,0,0,0,0,0,0,0,0
483338,1,1,17,17,17,17,17,17,17,17,17,17
483338,2,1,11,11,11,11,11,11,11,11,11,11
483339,1,1,0,6,0,0,0,0,0,16,0,0
483339,2,1,6,6,6,6,6,6,6,6,6,6
483340,1,1,0,0,0,0,0,0,0,0,0,0
483340,2,1,0,0,0,0,0,0,0,0,0,0
483340,3,1,0,12,0,0,0,26,0,0,0,21
483341,1,1,31,19,0,0,29,10,0,0,0,0
483342,1,1,0,0,38,0,0,0,18,0,10,19
483342,2,1,0,11,0,0,0,0,0,4,0,0
483343,1,1,14,0,20,24,0,0,0,8,0,0
483343,2,1,0,0,0,0,0,0,0,0,0,0
483344,1,1,28,0,15,0,0,37,12,4,0,14
483345,1,1,0,0,0,0,0,0,0,0,0,0
483345,2,1,0,0,0,0,9,0,0,0,0,0
483346,1,1,18,18,18,18,18,18,18,18,18,18
483347,0,1,0,0,8,0,0,0,0,0,28,0
483347,1,1,0,0,17,0,0,0,0,0,0,0
483348,1,1,13,13,13,13,13,13,13,13,13,13
483348,2,1,0,0,0,0,0,0,0,0,0,0
483348,3,1,12,0,0,20,14,15,0,14,18,0
483349,1,1,0,0,0,0,0,0,0,24,0,12
483349,2,1,0,18,0,0,0,0,0,0,0,0
483350,1,1,0,0,0,0,0,0,0,0,0,0
483350,2,1,0,0,0,39,0,0,0,0,0,0
483351,0,1,0,0,0,0,0,0,0,0,0,0
483351,1,1,24,0,27,11,0,15,12,0,0,0
483352,1,1,0,0,0,0,0,0,0,0,0,0
483353,0,1,40,10,15,29,12,6,0,0,18,33
483353,1,1,0,0,19,0,0,20,0,0,16,0
483354,1,1,0,0,0,0,0,0,0,0,0,0
483355,1,1,16,16,16,16,16,16,16,16,16,16
483356,0,1,0,0,0,0,0,0,0,0,0,0
483356,1,1,0,0,0,0,0,0,0,0,0,0
483357,1,1,0,19,0,18,0,0,0,0,0,0
483358,0,1,14,14,14,14,14,14,14,14,14,14
483358,1,1,26,0,12,15,9,0,27,0,0,27
483359,0,1,0,0,0,0,0,0,0,0,0,0
483359,1,1,7,20,19,30,18,14,0,0,0,0
483360,1,1,14,7,12,17,0,29,0,19,23,0
483361,1,1,0,0,0,0,0,0,0,0,0,0
483362,0,1,25,25,25,25,25,25,25,25,25,25
483362,1,1,7,0,0,0,13,0,0,0,0,0
483363,1,1,0,0,0,0,0,0,0,0,0,0
483363,2,1,0,19,0,0,0,0,0,0,0,0
483363,3,1,15,11,12,0,0,0,5,0,0,0
483364,1,1,0,0,0,0,0,0,0,0,0,0
483364,3,1,0,0,7,0,17,7,0,22,11,0
483365,0,1,6,0,0,29,0,0,0,0,33,0
483365,1,1,0,13,27,15,0,12,7,19,19,9
483366,0,1,0,0,0,0,0,0,0,0,0,0
483366,1,1,21,0,0,13,10,0,0,15,0,37
483367,0,1,0,0,0,6,18,0,6,0,26,0
483367,1,1,0,18,0,0,0,13,24,14,25,0
483368,1,1,0,0,22,0,0,0,14,22,17,0
483368,2,1,0,18,1,0,11,0,15,17,0,13
483368,3,1,23,0,12,0,0,0,12,0,4,22
483368,4,1,0,0,0,12,0,0,6,0,25,0
483369,1,1,0,0,18,0,0,0,11,0,0,0
483369,2,1,19,0,7,0,0,0,0,0,0,0
483370,1,1,25,0,14,16,0,0,11,0,0,16
483371,1,1,0,0,0,0,20,4,0,17,0,0
483371,2,1,8,0,0,13,0,6,0,9,0,0
483371,3,1,0,0,0,10,0,0,0,0,0,0
483372,1,1,22,22,22,22,22,22,22,22,22,22
483373,0,1,0,0,0,0,0,0,0,0,0,0
483373,1,1,25,11,0,12,0,10,32,18,15,0
483373,2,1,32,0,16,18,13,0,12,11,12,0
483374,1,1,0,0,17,15,0,0,27,0,0,21
483375,1,1,0,0,0,0,0,0,0,0,0,0
483375,2,1,0,0,0,0,13,0,0,0,0,14
483376,1,1,0,0,0,0,0,0,0,0,0,0
483377,1,1,0,0,0,0,0,0,0,0,0,0
483377,2,1,0,0,0,0,0,0,0,0,0,0
483378,1,1,0,0,0,0,0,0,0,0,0,0
483378,2,1,0,0,0,0,0,0,0,0,0,0
483378,3,1,0,0,0,0,0,0,0,0,0,0
483379,0,1,0,0,0,0,0,0,0,12,27,33
483379,1,1,0,0,0,0,0,13,0,0,0,0
483381,1,1,1,1,1,1,1,1,1,1,1,1
483382,1,1,15,16,5,12,25,18,22,37,23,27
483383,0,1,0,37,0,22,11,0,0,25,0,0
483383,1,1,0,0,0,0,0,21,29,0,14,0
483384,1,1,7,18,0,19,31,0,10,13,20,20
483384,2,1,0,0,0,14,0,0,0,0,0,0
483384,3,1,0,0,27,11,15,0,0,18,0,0
483385,1,1,4,13,8,22,18,0,15,31,12,40
483386,0,1,27,0,16,21,25,0,0,18,0,19
483386,1,1,15,0,22,16,0,0,32,0,11,16
483387,1,1,9,22,0,11,21,0,30,0,0,0
483388,1,1,11,11,11,11,11,11,11,11,11,11
483388,2,1,0,0,0,0,0,0,0,0,19,0
483389,1,1,0,0,0,9,18,0,0,0,0,0
483389,2,1,11,20,19,16,0,0,8,0,0,7
483389,3,1,0,0,0,0,0,0,0,0,0,0
483390,0,1,0,0,0,0,0,0,0,0,37,0
483390,1,1,16,13,0,10,27,0,0,0,20,0
483391,1,1,21,21,21,21,21,21,21,21,21,21
483391,2,1,0,0,0,0,0,0,0,0,0,0
483392,1,1,0,0,0,0,0,0,0,0,0,0
483392,2,1,0,0,0,0,0,0,0,0,0,0
483393,0,1,29,0,14,0,0,25,0,8,18,27
483393,1,1,0,0,0,11,0,4,0,0,9,0
483394,0,1,0,0,0,0,0,0,0,0,0,0
483394,1,1,11,0,0,0,0,0,0,0,0,0
483395,0,1,17,17,17,17,17,17,17,17,17,17
483395,1,1,0,0,0,0,0,0,0,0,0,0
483396,0,1,18,18,18,18,18,18,18,18,18,18
483396,1,1,18,0,10,0,0,0,16,28,24,16
483396,2,1,17,17,17,17,17,17,17,17,17,17
483397,1,1,19,19,19,19,19,19,19,19,19,19
483397,2,1,11,0,0,0,22,6,0,0,0,7
483397,3,1,0,0,0,0,0,0,21,0,29,19
483398,0,1,20,0,32,27,0,0,26,30,4,42
483398,1,1,0,0,17,20,21,0,0,7,15,19
483399,1,1,27,0,0,0,0,12,19,0,0,0
483400,1,1,23,23,23,23,23,23,23,23,23,23
483401,0,1,7,8,25,12,0,18,11,0,0,5
483401,1,1,0,0,0,33,0,0,0,18,0,18
490001,1,1,0,0,0,0,0,0,0,0,0,0
490001,2,1,0,0,0,0,0,0,0,0,0,0
490002,0,1,0,0,0,0,0,0,0,0,0,0
490002,1,1,0,0,0,0,0,0,0,0,0,0
490003,1,1,0,0,0,0,0,0,0,0,0,0
490004,1,1,0,0,0,0,0,0,0,0,0,0
490005,0,1,0,0,0,0,0,0,0,0,0,0
490005,1,1,0,0,0,0,0,0,0,0,0,0
490006,1,1,0,0,0,0,0,0,0,0,0,0
490006,2,1,0,0,0,0,0,0,0,0,0,0
490006,3,1,0,0,0,0,0,0,0,0,0,0
490007,0,1,0,0,0,0,0,0,0,0,0,0
490007,1,1,0,0,0,0,0,0,0,0,0,0
490008,1,1,0,0,0,0,0,0,0,0,0,0
490008,2,1,0,0,0,0,0,0,0,0,0,0
490009,0,1,19,19,19,19,19,19,19,19,19,19
490009,1,1,0,0,0,0,15,0,0,0,0,0
490010,1,1,0,0,0,0,0,0,0,0,0,0
490010,2,1,0,0,0,0,0,0,0,0,0,12
490010,3,1,0,0,0,0,0,0,0,0,0,0
490010,4,1,0,0,0,0,0,0,0,0,0,0
490012,1,1,25,25,25,25,25,25,25,25,25,25
490013,1,1,0,0,0,0,0,0,0,0,0,0
490013,2,1,0,0,0,0,0,0,0,0,0,0
490014,1,1,0,0,0,0,0,0,0,0,0,0
490014,2,1,0,0,0,31,0,0,0,0,0,6
490014,3,1,0,0,0,0,0,0,0,0,0,0
490015,1,1,21,21,21,21,21,21,21,21,21,21
490016,1,1,0,0,0,0,0,0,0,0,0,0
490017,1,1,9,9,9,9,9,9,9,9,9,9
490017,2,1,0,0,0,0,0,0,0,0,0,13
490018,1,1,12,12,12,12,12,12,12,12,12,12
490019,1,1,0,0,0,0,0,0,0,0,0,0
490019,2,1,0,0,0,0,0,0,0,0,0,0
490021,1,1,14,14,14,14,14,14,14,14,14,14
490022,1,1,0,0,0,0,0,0,0,0,0,0
490022,2,1,0,0,0,0,0,0,0,0,0,0