ST_CASE,VEH_NO,PER_NO,P1,P2,P3,P4,P5,P6,P7,P8,P9,P10
510648,2,1,0,0,0,0,0,0,0,0,0,0
510649,0,1,8,8,8,8,8,8,8,8,8,8
510649,1,1,0,0,0,0,0,0,0,0,0,0
510650,1,1,0,0,0,0,0,0,0,0,0,22
510650,2,1,0,0,0,0,0,0,0,0,0,0
510651,1,1,0,0,0,0,0,0,0,0,0,0
510651,2,1,0,0,0,0,0,0,0,0,0,0
510652,1,1,0,13,0,0,0,0,24,0,0,0
510653,1,1,0,0,0,0,0,0,0,0,0,0
510653,2,1,7,0,0,11,0,0,0,0,0,0
510654,1,1,0,0,0,0,0,0,0,0,0,0
510655,1,1,4,4,4,4,4,4,4,4,4,4
510656,1,1,0,0,0,0,0,0,0,0,0,0
510656,2,1,0,0,0,0,0,0,0,0,32,0
510657,1,1,0,0,0,0,0,0,0,0,0,0
510657,2,1,0,0,0,0,14,17,0,0,8,0
510658,1,1,0,0,0,0,0,0,0,0,0,0
510658,2,1,0,0,0,0,0,0,0,0,0,0
510659,1,1,0,0,0,0,0,0,0,0,0,0
510660,1,1,22,22,22,22,22,22,22,22,22,22
510661,0,1,7,7,7,7,7,7,7,7,7,7
510661,1,1,0,0,0,11,0,0,0,0,0,0
510662,0,1,0,0,0,0,0,0,0,0,0,0
510662,1,1,0,19,0,0,0,0,0,0,0,0
510663,1,1,0,0,0,0,0,0,0,0,0,0
510663,2,1,0,0,0,0,0,0,0,0,0,0
510664,1,1,0,0,0,0,0,0,0,0,0,0
510665,1,1,26,26,26,26,26,26,26,26,26,26
510665,2,1,0,0,0,0,0,0,0,0,0,0
510666,0,1,0,0,0,0,0,0,0,0,0,0
510666,1,1,0,0,0,0,0,0,0,0,0,0
510666,2,1,0,11,0,0,0,14,0,0,0,0
510667,1,1,0,0,0,0,0,0,0,0,0,0
510668,1,1,9,17,17,10,36,14,20,5,28,10
510669,1,1,0,0,0,0,0,0,0,0,0,0
510670,1,1,0,0,0,0,0,0,0,0,0,0
510670,2,1,0,0,8,0,0,0,0,0,0,0
510670,3,1,0,0,0,0,0,0,0,0,0,0
510670,4,1,0,0,11,0,0,0,0,0,0,0
510670,5,1,0,0,0,0,0,0,0,0,0,0
510671,0,1,27,27,27,27,27,27,27,27,27,27
510671,1,1,0,0,9,0,0,15,3,23,0,0
510672,1,1,30,30,30,30,30,30,30,30,30,30
510673,1,1,0,0,0,0,0,0,0,0,0,0
510673,2,1,0,0,0,0,0,0,0,0,0,0
510674,1,1,0,0,0,0,0,0,0,0,0,0
510674,2,1,0,0,0,0,0,0,0,0,0,0
510675,1,1,15,15,15,15,15,15,15,15,15,15
510675,2,1,0,0,0,0,0,0,0,0,0,0
510675,3,1,0,0,0,0,0,0,0,0,0,12
510677,1,1,3,3,3,3,3,3,3,3,3,3
510678,1,1,18,30,18,0,0,42,0,0,29,0
510679,1,1,0,0,0,0,0,0,0,0,0,0
510679,2,1,0,0,0,0,0,0,0,0,0,0
510680,1,1,0,0,0,0,0,0,0,0,0,0
510681,1,1,0,0,0,0,0,0,0,0,0,0
510681,2,1,0,0,0,31,0,0,0,0,0,0
510682,0,1,0,0,0,0,0,0,0,0,0,0
510682,1,1,0,36,0,0,0,0,18,0,0,0
510683,0,1,0,0,0,0,0,0,0,0,0,0
510683,1,1,0,0,0,0,0,0,0,0,0,0
510684,1,1,0,0,0,0,0,0,0,0,0,0
510685,1,1,17,17,17,17,17,17,17,17,17,17
510685,2,1,0,0,0,0,0,0,0,0,0,0
510685,3,1,0,0,0,0,0,0,0,0,0,0
510686,1,1,6,0,0,0,0,22,0,0,0,0
510687,1,1,0,0,0,0,0,0,0,0,0,0
510688,1,1,0,0,0,0,0,0,0,0,0,0
510688,2,1,0,0,0,0,0,0,0,0,0,0
510689,1,1,0,0,16,23,0,0,0,0,0,0
510689,2,1,0,0,0,0,0,0,0,0,0,0
510690,1,1,0,0,0,0,0,0,0,0,0,0
510691,1,1,9,15,18,25,12,19,22,18,13,22
510691,2,1,0,0,0,16,0,0,0,0,0,0
510691,3,1,0,0,0,0,0,0,0,0,0,0
510692,1,1,0,0,0,0,0,0,0,0,0,0
510692,2,1,0,0,0,0,0,0,0,0,0,0
510693,1,1,21,21,21,21,21,21,21,21,21,21
510694,0,1,0,0,0,0,0,0,0,0,0,0
510694,1,1,0,0,0,0,0,0,0,0,0,0
510695,1,1,27,27,27,27,27,27,27,27,27,27
510695,2,1,0,0,0,0,0,0,0,0,0,0
510696,0,1,0,0,0,0,0,0,0,0,0,0
510696,1,1,0,0,0,0,0,0,0,0,0,0
510697,1,1,27,27,27,27,27,27,27,27,27,27
510698,1,1,0,0,0,0,0,0,0,0,0,0
510699,0,1,33,33,33,33,33,33,33,33,33,33
510699,1,1,0,6,0,0,0,0,0,21,0,0
510700,1,1,7,19,0,18,18,19,12,21,0,8
510701,1,1,0,0,0,0,0,0,0,0,0,0
510702,1,1,8,23,18,19,17,12,14,15,26,32
510703,1,1,20,8,4,23,18,18,0,18,0,26
510703,2,1,0,0,0,0,0,0,7,0,0,0
510704,1,1,0,0,0,0,0,0,0,0,0,0
510705,1,1,23,25,15,21,10,18,0,32,18,22
510705,2,1,0,0,0,0,0,0,0,0,0,0
510706,1,1,0,0,0,0,0,0,0,0,0,0
510707,1,1,0,0,0,0,0,0,0,0,0,0
510707,2,1,0,0,0,0,0,0,6,0,0,0
510708,1,1,20,10,15,18,21,6,10,27,0,14
510709,1,1,0,0,0,0,0,0,0,0,0,0
510709,2,1,0,0,0,0,0,0,0,0,0,0
510710,1,1,23,23,23,23,23,23,23,23,23,23
510711,1,1,0,0,0,0,0,0,0,0,0,0
510711,2,1,0,0,0,0,0,0,0,0,0,0
510712,1,1,0,0,0,0,0,0,0,0,0,0
510712,2,1,0,0,0,0,0,0,0,0,0,0
510713,1,1,0,0,0,0,0,0,0,0,0,0
510713,2,1,0,0,0,0,0,0,0,0,0,0
510714,1,1,0,0,0,0,0,0,0,0,0,0
510715,1,1,0,0,0,0,0,0,0,0,0,0
510715,2,1,0,0,0,0,0,0,0,0,0,0
510716,1,1,0,0,0,0,0,0,0,0,0,0
510717,1,1,0,0,0,0,0,0,0,0,0,0
510717,2,1,0,0,0,0,0,0,0,0,0,1
510718,1,1,0,0,23,0,0,16,22,27,0,9
510719,0,1,29,29,29,29,29,29,29,29,29,29
510719,1,1,9,4,20,0,32,0,0,26,0,0
510720,1,1,0,0,0,0,0,0,0,0,0,0
510720,2,1,0,0,0,0,0,0,0,0,0,0
510721,1,1,22,6,38,12,13,23,18,27,9,11
510721,2,1,2,2,2,2,2,2,2,2,2,2
510722,1,1,0,0,0,0,0,0,0,0,0,0
510723,0,1,16,0,47,0,28,0,13,30,0,0
510723,1,1,0,0,0,0,0,0,0,0,0,0
510724,1,1,14,32,24,24,23,13,19,15,20,13
510725,1,1,25,25,25,25,25,25,25,25,25,25
510726,1,1,0,0,0,0,0,0,0,0,0,0
510727,0,1,0,0,0,0,0,0,0,0,0,0
510727,1,1,0,0,0,0,0,0,0,0,0,0
510728,1,1,0,0,0,0,0,0,0,0,0,0
510728,2,1,0,0,0,0,0,0,0,0,0,0
510728,3,1,0,7,0,0,0,0,8,18,0,0
510729,1,1,0,34,9,16,0,0,0,0,11,44
510730,1,1,0,0,0,0,0,0,0,0,14,0
510730,2,1,0,0,0,0,0,0,0,0,0,0
510731,0,1,0,0,0,0,0,0,0,0,0,0
510731,1,1,0,0,0,0,0,15,0,0,0,0
510732,1,1,0,0,0,0,0,0,0,0,0,0
510733,1,1,0,0,0,0,0,0,0,0,0,0
510734,1,1,21,21,21,21,21,21,21,21,21,21
510734,2,1,0,0,0,0,0,0,0,0,0,0
510735,0,1,0,0,0,0,0,0,0,0,0,0
510735,1,1,0,0,0,0,0,0,0,0,0,0
510736,1,1,0,0,0,0,0,19,0,8,0,11
510737,1,1,20,0,9,32,12,0,21,16,35,19
510738,1,1,0,0,0,0,0,0,0,0,0,0
510739,0,1,0,0,0,0,0,0,0,0,0,0
510739,1,1,0,0,0,0,0,0,0,0,0,0
510740,1,1,22,22,22,22,22,22,22,22,22,22
510740,2,1,0,0,0,0,0,0,0,0,0,0
510741,1,1,0,0,0,0,0,0,0,0,0,0
510741,2,1,0,0,0,0,0,0,0,0,0,0
510742,1,1,0,0,0,0,0,0,0,0,0,0
510742,2,1,0,0,0,0,0,0,0,0,0,0
510743,1,1,0,0,0,0,0,0,0,0,0,0
510744,1,1,0,0,0,0,0,0,0,0,0,26
510744,2,1,0,0,0,0,0,0,0,0,0,0
510745,1,1,0,0,0,0,0,0,0,0,0,0
510746,1,1,21,0,15,27,15,16,18,13,15,0
510746,2,1,0,0,0,16,0,0,0,0,22,0
510746,3,1,0,0,0,0,0,0,0,0,0,0
510747,1,1,3,8,11,26,4,3,10,37,19,19
510748,0,1,0,0,0,0,0,0,0,0,0,0
510748,1,1,0,0,0,0,0,0,0,0,0,0
510749,0,1,26,26,26,26,26,26,26,26,26,26
510749,1,1,0,0,0,0,0,0,0,6,0,0
510750,1,1,0,0,0,0,0,0,0,0,0,0
510751,1,1,0,0,0,0,0,0,0,0,0,0
510751,2,1,0,22,0,0,0,0,18,0,0,0
510751,3,1,0,27,0,0,0,0,0,0,0,0
510752,1,1,26,26,26,26,26,26,26,26,26,26
510753,0,1,37,37,37,37,37,37,37,37,37,37
510753,1,1,0,0,4,0,21,0,0,0,12,0
510754,1,1,0,0,0,0,0,0,0,0,0,0
510755,0,1,0,0,0,0,0,0,0,0,0,0
510755,1,1,0,0,0,0,0,0,0,0,0,0
510756,0,1,0,0,0,0,0,0,0,0,0,0
510756,1,1,0,0,0,0,0,0,0,0,31,0
510757,0,1,0,0,0,0,0,0,0,0,0,0
510757,1,1,0,0,0,0,0,24,0,0,0,0
510758,0,1,15,11,0,0,13,0,46,45,0,0
510758,1,1,0,0,0,0,25,0,0,0,0,0
510759,0,1,0,0,0,0,0,0,0,0,0,0
510759,1,1,0,0,0,0,0,0,0,0,0,0
510760,1,1,18,18,18,18,18,18,18,18,18,18
510761,1,1,0,0,0,0,0,0,0,0,0,0
510761,2,1,20,0,0,16,0,11,0,0,10,0
510762,1,1,0,0,0,0,0,0,0,0,0,0
510763,1,1,0,0,0,0,0,0,0,0,0,0
510764,1,1,0,0,0,0,0,0,0,0,0,0
510764,2,1,0,0,0,0,0,0,0,0,0,0
510765,1,1,0,0,0,0,0,0,0,0,0,0
510765,2,1,0,0,0,0,0,0,0,0,0,0
510766,0,1,27,27,27,27,27,27,27,27,27,27
510766,1,1,0,0,0,0,0,8,0,0,0,0
510767,1,1,0,0,0,0,0,0,0,0,0,0
510767,2,1,0,0,0,0,0,0,0,0,0,0
510768,1,1,22,22,22,22,22,22,22,22,22,22
510769,1,1,0,0,0,0,0,0,0,0,0,0
510769,2,1,0,0,0,0,0,0,0,0,0,0
510770,1,1,0,0,0,0,0,0,0,0,0,0
510771,0,1,0,0,17,0,0,0,0,0,1,0
510771,1,1,0,0,0,0,0,0,0,0,0,0
510772,0,1,0,0,0,0,0,0,0,0,0,0
510772,1,1,10,8,21,0,0,8,0,0,0,0
510773,0,1,18,11,0,9,33,0,6,0,32,30
510773,1,1,0,0,0,0,0,0,0,0,0,0
510774,1,1,0,0,0,0,0,0,0,0,0,0
510774,2,1,0,0,0,0,0,18,0,0,0,0
510775,1,1,0,0,0,0,0,17,0,0,0,0
510775,2,1,0,0,0,0,0,0,0,0,0,0
510776,1,1,0,0,0,0,0,0,0,0,0,0
510777,1,1,21,21,21,21,21,21,21,21,21,21
510778,1,1,0,0,0,0,0,0,0,0,0,0
510779,1,1,0,0,0,0,0,0,0,0,0,0
510780,1,1,0,0,0,0,0,0,0,0,0,0
510780,2,1,0,0,0,0,0,0,0,0,0,0
510781,1,1,5,5,5,5,5,5,5,5,5,5
510781,2,1,5,0,0,0,0,0,0,0,0,0
510782,0,1,0,0,0,0,0,0,0,0,0,0
510782,1,1,13,16,18,9,0,0,6,27,0,21
510783,1,1,0,0,0,0,0,0,0,0,0,0
510783,2,1,0,0,0,0,0,0,0,0,0,0
530001,1,1,7,7,7,7,7,7,7,7,7,7
530001,2,1,0,0,0,0,0,0,0,0,0,0
530002,0,1,24,24,24,24,24,24,24,24,24,24
530002,1,1,0,0,0,4,0,0,0,0,0,0
530003,1,1,0,0,0,0,0,0,0,0,0,0
530003,2,1,0,0,0,0,0,0,0,0,0,0
530004,0,1,15,15,15,15,15,15,15,15,15,15
530004,1,1,0,0,0,0,0,0,0,0,0,0
530005,1,1,0,0,0,0,0,0,0,0,0,0
530005,2,1,0,0,0,0,0,0,0,0,0,0
530005,3,1,0,0,11,0,0,0,0,0,0,0
530006,0,1,28,28,28,28,28,28,28,28,28,28
530006,1,1,0,0,12,0,0,0,0,0,0,0
530007,1,1,0,0,0,0,0,0,0,0,0,0
530007,2,1,0,0,0,0,0,0,0,0,0,0
530008,0,1,0,0,0,0,0,0,0,0,0,0
530008,0,2,0,0,0,29,0,0,0,0,0,9
530008,1,1,0,0,0,0,0,0,0,0,0,0
530009,1,1,13,6,9,19,15,5,16,17,27,5
530010,0,1,0,0,0,0,0,0,0,0,0,0
530010,1,1,0,0,0,0,0,0,0,0,0,0
530011,1,1,19,19,19,19,19,19,19,19,19,19
530011,2,1,0,0,0,0,0,0,0,0,0,0
530012,1,1,0,0,0,0,0,0,0,0,0,0
530013,1,1,40,40,40,40,40,40,40,40,40,40
530013,2,1,8,0,0,0,0,17,0,27,0,0
530014,0,1,26,26,26,26,26,26,26,26,26,26
530014,1,1,1,1,1,1,1,1,1,1,1,1
530014,2,1,0,0,0,0,0,0,0,0,0,0
530015,1,1,8,8,8,8,8,8,8,8,8,8
530015,2,1,0,0,0,0,0,0,0,0,0,0
530015,3,1,0,0,0,0,0,0,0,0,0,0
530015,4,1,0,0,0,0,0,0,0,0,0,0
530016,0,1,0,0,0,0,0,0,0,0,0,0
530016,1,1,0,0,0,0,0,0,0,0,0,0
530017,1,1,0,0,0,0,0,0,0,0,0,0
530017,2,1,0,0,0,0,0,0,0,0,0,0
530018,0,1,0,0,0,0,0,0,0,0,0,0
530018,1,1,0,0,0,0,0,0,0,0,0,0
530019,0,1,0,0,0,0,0,0,0,0,0,0
530019,1,1,0,0,0,0,0,0,0,0,0,0
530020,0,1,0,0,0,0,0,0,0,0,0,0
530020,1,1,0,0,0,0,0,0,16,0,0,0
530021,1,1,0,0,0,0,0,0,0,0,0,0
530021,2,1,0,0,0,0,0,0,0,0,0,0
530022,0,1,0,0,0,0,0,0,0,0,0,0
530022,1,1,0,0,0,0,0,0,0,0,0,0
530023,1,1,0,0,0,0,0,16,0,0,0,20
530024,0,1,0,0,0,0,0,0,0,0,0,0
530024,0,2,23,23,24,17,13,9,0,23,7,0
530024,1,1,21,2,17,15,14,0,21,3,24,13
530024,2,1,0,0,0,0,0,0,0,0,0,0
530026,1,1,0,0,0,0,0,0,0,0,0,0
530026,2,1,0,0,0,0,0,0,0,0,0,0
530027,1,1,0,0,0,0,0,0,0,0,0,0
530028,0,1,0,0,0,0,0,0,0,0,0,0
530028,1,1,0,0,0,0,0,0,0,9,0,17
530029,1,1,0,0,0,0,0,0,0,0,0,0
530029,2,1,0,0,0,0,0,0,0,0,0,0
530029,3,1,0,0,0,0,0,0,0,0,0,0
530030,1,1,18,18,18,18,18,18,18,18,18,18
530031,0,1,0,0,0,0,0,0,0,0,0,0
530031,1,1,0,0,0,0,0,0,0,0,0,0
530032,0,1,0,0,0,0,0,0,6,37,20,52
530032,1,1,0,0,0,0,0,0,19,0,0,0
530034,0,1,6,0,16,22,0,0,20,13,27,0
530034,1,1,0,0,0,0,21,0,0,0,0,0
530035,1,1,14,3,7,25,7,21,17,3,5,16
530036,0,1,0,0,0,0,0,0,0,0,0,0
530036,1,1,0,3,0,9,0,5,0,22,27,10
530038,1,1,0,0,0,0,0,0,0,0,0,0
530038,2,1,0,0,0,0,0,0,0,0,0,0
530039,1,1,0,0,0,0,0,0,0,0,0,0
530040,1,1,28,28,28,28,28,28,28,28,28,28
530040,2,1,0,0,0,0,0,0,0,0,0,0
530041,1,1,0,0,0,0,0,0,0,0,0,0
530042,1,1,22,22,22,22,22,22,22,22,22,22
530043,1,1,9,9,9,9,9,9,9,9,9,9
530043,2,1,21,21,21,21,21,21,21,21,21,21
530043,3,1,14,0,18,26,33,31,0,0,0,0
530044,0,1,25,25,25,25,25,25,25,25,25,25
530044,1,1,0,0,0,0,0,0,0,0,0,0
530045,1,1,19,19,19,19,19,19,19,19,19,19
530045,2,1,0,0,0,0,0,11,0,38,0,8
530047,0,1,9,9,9,9,9,9,9,9,9,9
530047,1,1,0,0,0,0,0,0,0,0,0,0
530048,0,1,0,0,0,0,0,0,0,0,0,0
530048,1,1,0,0,0,0,0,0,0,0,0,0
530049,1,1,0,0,0,0,0,0,0,0,0,0
530049,2,1,0,0,0,0,0,0,0,0,0,0
530050,1,1,0,0,0,0,0,0,0,0,0,0
530050,2,1,0,0,0,0,0,0,0,0,0,0
530051,1,1,0,0,0,0,0,0,0,0,0,0
530052,1,1,0,0,0,0,0,0,0,0,0,0
530052,2,1,0,0,0,0,0,0,0,0,0,0
530053,1,1,0,0,0,0,0,0,0,0,0,0
530054,1,1,10,10,10,10,10,10,10,10,10,10
530055,0,1,0,0,0,0,0,0,0,0,0,0
530055,1,1,0,0,0,0,13,0,0,0,0,0
530056,1,1,0,0,0,0,0,0,0,0,0,0
530056,2,1,0,0,0,0,0,0,0,0,0,0
530056,3,1,0,0,0,0,0,0,0,0,0,0
530057,0,1,30,0,0,0,0,0,0,13,0,0
530057,1,1,0,0,0,0,0,0,0,0,0,0
530058,1,1,7,7,7,7,7,7,7,7,7,7
530059,0,1,0,0,0,0,0,0,0,0,0,0
530059,1,1,25,27,18,16,0,0,17,0,5,0
530060,1,1,14,14,14,14,14,14,14,14,14,14
530061,1,1,0,0,0,0,0,0,0,0,0,0
530062,0,1,0,0,0,0,0,0,0,0,0,0
530062,1,1,0,0,0,0,0,0,0,0,0,0
530063,1,1,0,0,0,0,0,0,20,0,16,0
530063,2,1,0,0,0,0,0,0,0,0,0,0
530063,3,1,0,0,0,0,0,0,0,0,0,0
530064,1,1,0,0,0,0,0,0,0,0,0,0
530065,1,1,19,19,19,19,19,19,19,19,19,19
530065,2,1,11,11,11,11,11,11,11,11,11,11
530066,1,1,0,0,0,0,0,0,0,0,0,0
530067,1,1,0,0,0,0,0,0,0,0,0,0
530067,2,1,0,0,0,0,0,0,0,0,0,0
530068,1,1,0,0,0,0,0,0,0,0,0,0
530068,2,1,0,0,0,0,0,0,0,0,0,0
530069,1,1,0,0,0,0,0,0,0,0,0,0
530069,2,1,0,0,0,0,0,0,0,0,0,0
530069,3,1,0,0,0,0,0,0,0,0,0,0
530070,1,1,0,0,0,0,0,0,0,0,0,0
530070,2,1,0,0,0,0,0,0,0,0,0,0
530071,1,1,0,0,0,0,0,0,0,0,0,0
530072,1,1,0,0,0,0,0,0,0,0,0,0
530072,2,1,0,0,0,0,0,0,0,0,0,0
530073,1,1,0,0,0,0,0,0,0,0,0,0
530073,2,1,0,0,0,20,0,0,0,17,0,0
530074,1,1,23,23,23,23,23,23,23,23,23,23
530075,0,1,23,23,23,23,23,23,23,23,23,23
530075,1,1,0,0,0,0,0,0,0,0,0,0
530076,1,1,25,25,25,25,25,25,25,25,25,25
530077,0,1,18,18,18,18,18,18,18,18,18,18
530077,1,1,25,25,25,25,25,25,25,25,25,25
530078,0,1,0,0,0,0,0,0,0,0,0,0
530078,1,1,0,0,0,0,0,0,0,0,0,0
530079,1,1,6,6,6,6,6,6,6,6,6,6
530079,2,1,9,17,0,24,18,0,0,14,0,0
530080,1,1,21,21,21,21,21,21,21,21,21,21
530081,1,1,0,0,0,0,0,0,0,0,0,0
530082,1,1,0,0,0,0,0,0,0,0,0,0
530083,1,1,12,12,12,12,12,12,12,12,12,12
530084,0,1,0,0,0,0,0,0,0,0,0,0
530084,1,1,8,0,13,0,10,0,0,0,4,0
530085,1,1,0,0,0,0,0,0,0,0,0,0
530085,2,1,0,0,0,0,0,0,0,0,0,0
530086,1,1,0,0,0,0,0,0,0,0,0,0
530086,2,1,0,0,0,0,0,0,0,0,0,0
530087,1,1,0,0,0,0,0,0,0,0,0,0
530088,1,1,0,0,0,0,0,7,0,0,0,0
530088,2,1,0,0,0,0,0,0,0,0,0,0
530089,0,1,0,0,0,0,0,0,0,0,0,0
530089,1,1,0,0,0,0,0,19,26,0,0,0
530090,1,1,0,0,0,0,0,0,0,0,0,0
530091,1,1,0,0,0,0,0,0,0,0,0,0
530092,1,1,7,7,7,7,7,7,7,7,7,7
530093,1,1,12,12,12,12,12,12,12,12,12,12
530094,0,1,0,0,0,0,0,0,0,0,0,0
530094,1,1,0,0,0,0,7,0,0,0,0,0
530096,1,1,0,26,0,0,0,15,10,0,0,0
530096,2,1,0,0,0,0,0,0,0,0,0,0
530097,1,1,16,16,16,16,16,16,16,16,16,16
530098,1,1,0,0,0,0,0,11,0,0,0,0
530098,2,1,0,0,0,0,0,0,0,0,0,11
530098,3,1,20,21,2,16,16,9,36,14,17,30
530099,1,1,8,8,8,8,8,8,8,8,8,8
530100,1,1,15,15,15,15,15,15,15,15,15,15
530101,1,1,0,0,0,0,0,0,0,0,0,0
530101,2,1,0,0,0,0,0,0,0,0,0,0
530102,1,1,0,0,0,0,0,0,0,0,0,0
530103,1,1,0,0,0,0,0,0,0,0,0,0
530103,2,1,0,0,0,0,0,0,0,0,15,0
530103,3,1,0,0,0,0,0,0,0,0,0,0
530103,4,1,0,0,0,0,0,0,0,0,0,0
530104,1,1,0,0,0,0,0,0,0,0,0,0
530105,1,1,0,0,0,0,0,0,0,0,0,0
530106,1,1,0,0,0,0,0,0,0,0,0,0
530106,2,1,0,0,0,0,0,0,0,0,0,0
530107,1,1,14,14,14,14,14,14,14,14,14,14
530108,1,1,0,0,0,0,0,0,0,0,0,0
530108,2,1,0,0,0,0,22,0,0,0,25,0
530109,1,1,24,24,24,24,24,24,24,24,24,24
530110,1,1,0,0,0,0,0,0,0,0,0,0
530111,1,1,17,17,17,17,17,17,17,17,17,17
530112,1,1,23,23,23,23,23,23,23,23,23,23
530113,1,1,16,16,16,16,16,16,16,16,16,16
530114,0,1,0,0,0,0,0,0,0,0,0,0
530114,1,1,15,15,15,15,15,15,15,15,15,15
530115,1,1,24,24,24,24,24,24,24,24,24,24
530115,2,1,0,0,0,0,0,0,0,0,0,0
530116,1,1,0,0,0,0,0,0,0,0,0,0
530117,1,1,18,9,30,18,22,20,53,33,13,27
530118,1,1,31,31,31,31,31,31,31,31,31,31
530119,1,1,0,7,13,0,0,0,25,35,15,30
530119,2,1,0,0,0,0,0,0,0,0,0,0
530119,3,1,0,0,0,0,0,0,0,0,0,0
530120,0,1,40,40,40,40,40,40,40,40,40,40
530120,1,1,0,22,21,0,0,17,20,0,26,0
530120,2,1,0,0,19,28,0,0,9,0,9,17
530121,1,1,0,22,0,0,0,0,24,0,0,0
530121,2,1,15,0,13,0,0,0,0,0,0,0
530122,1,1,14,14,14,14,14,14,14,14,14,14
530123,0,1,0,0,0,0,0,0,0,0,0,0
530123,1,1,0,0,0,0,0,0,0,0,0,0
530124,0,1,0,0,0,0,0,0,0,0,0,0
530124,1,1,14,14,14,14,14,14,14,14,14,14
530124,2,1,27,0,0,0,0,0,0,0,0,0
530124,3,1,0,0,0,0,0,0,0,7,0,0
530125,1,1,0,0,0,0,0,0,0,0,0,0
530125,2,1,0,0,0,0,0,0,0,0,5,0
530126,1,1,0,0,0,0,0,0,0,0,0,0
530126,2,1,18,8,7,15,8,5,17,10,0,12
530127,1,1,0,0,0,0,0,0,0,0,0,0
530128,1,1,0,0,0,0,0,0,0,0,0,0
530129,0,1,20,20,20,20,20,20,20,20,20,20
530129,1,1,0,0,0,0,0,0,0,0,0,0
530130,1,1,0,0,0,0,0,0,0,0,0,0
530131,1,1,24,3,0,0,23,0,0,11,7,30
530131,2,1,0,0,0,0,0,0,0,0,0,0
530132,1,1,13,13,13,13,13,13,13,13,13,13
530133,1,1,0,0,0,0,22,0,0,0,20,0
530134,1,1,0,0,0,0,0,0,0,0,0,0
530135,1,1,0,0,0,0,0,0,0,0,0,0
530135,2,1,0,0,0,0,0,0,0,0,0,0
530136,1,1,0,0,0,0,0,0,0,0,0,0
530136,2,1,0,0,0,0,0,0,0,0,0,0
530137,1,1,11,11,11,11,11,11,11,11,11,11
530137,2,1,11,11,11,11,11,11,11,11,11,11
530138,1,1,0,0,0,0,0,0,0,0,0,0
530139,1,1,0,0,0,0,0,0,0,0,0,0
530139,2,1,0,0,0,0,0,0,0,0,0,0
530140,1,1,0,0,0,0,0,0,0,0,0,0
530140,2,1,0,0,0,0,0,0,0,0,0,0
530141,1,1,10,10,10,10,10,10,10,10,10,10
530142,1,1,0,0,0,0,0,0,0,0,0,0
530143,0,1,0,0,0,0,0,0,0,0,0,0
530143,1,1,0,0,0,0,0,0,0,0,0,0
530144,0,1,0,0,0,0,0,0,0,0,0,0
530144,1,1,0,0,0,0,0,0,0,0,0,0
530145,1,1,0,0,0,6,37,0,10,0,0,0
530146,1,1,0,0,0,0,0,0,0,0,0,0
530146,2,1,0,0,0,0,0,0,0,0,0,12
530146,3,1,0,0,0,0,0,0,0,0,0,0
530147,1,1,0,0,0,0,0,0,0,0,0,0
530147,2,1,0,0,0,0,0,0,0,0,0,0
530147,3,1,0,0,0,0,0,0,0,0,0,0
530147,4,1,13,0,0,0,0,0,0,19,0,0
530147,5,1,0,22,0,0,0,0,0,0,0,0
530147,6,1,0,0,0,0,0,0,0,0,0,17
530148,1,1,0,0,0,0,0,0,0,0,0,0
530149,1,1,16,16,16,16,16,16,16,16,16,16
530150,1,1,18,18,18,18,18,18,18,18,18,18
530151,1,1,23,23,23,23,23,23,23,23,23,23
530151,2,1,0,0,0,0,0,0,0,0,0,0
530152,1,1,0,0,0,0,0,0,0,0,0,0
530152,2,1,0,0,0,0,0,0,0,0,0,0
530153,1,1,0,0,0,0,0,0,0,0,0,0
530153,2,1,0,0,0,0,0,0,0,0,0,0
530154,1,1,0,0,0,0,0,0,0,0,0,0
530155,1,1,0,0,0,0,0,0,0,0,0,0
530156,0,1,0,0,0,0,0,0,0,0,0,0
530156,1,1,0,0,0,0,0,0,0,0,0,0
530157,1,1,0,0,0,0,0,0,0,0,0,0
530157,2,1,17,0,0,0,0,0,0,0,0,0
530158,1,1,15,15,15,15,15,15,15,15,15,15
530159,1,1,18,18,18,18,18,18,18,18,18,18
530160,1,1,19,23,5,12,3,0,26,12,26,20
530161,1,1,0,0,0,0,0,0,0,0,0,0
530161,2,1,0,0,0,0,0,0,0,0,0,0
530162,1,1,0,0,0,0,0,0,0,0,0,0
530162,2,1,0,0,0,0,0,0,0,0,0,0
530162,3,1,0,0,0,0,16,0,0,0,0,0
530163,1,1,0,0,0,0,0,0,0,0,0,0
530165,1,1,5,11,18,23,19,27,22,11,25,12
530165,2,1,0,0,0,0,0,0,0,0,0,0
530166,1,1,19,18,0,8,0,0,0,0,0,16
530166,2,1,0,0,0,0,0,0,0,0,0,0
530167,1,1,37,37,37,37,37,37,37,37,37,37
530167,2,1,0,0,0,0,0,0,14,0,0,14
530168,1,1,20,16,31,0,24,20,15,21,30,6
530169,0,1,0,0,0,0,0,0,0,0,0,0