ST_CASE,VEH_NO,PER_NO,P1,P2,P3,P4,P5,P6,P7,P8,P9,P10
530169,1,1,0,0,0,0,0,0,0,0,0,0
530170,1,1,0,0,0,0,0,0,0,0,0,0
530170,2,1,0,0,0,0,0,0,0,0,0,0
530170,3,1,0,0,7,0,0,0,0,0,0,0
530171,0,1,0,0,0,0,0,0,0,0,0,0
530171,1,1,18,20,0,0,0,0,0,0,0,0
530172,1,1,7,7,7,7,7,7,7,7,7,7
530172,2,1,0,0,0,0,0,0,0,20,0,0
530173,1,1,0,0,0,0,0,0,0,0,0,0
530174,1,1,20,20,20,20,20,20,20,20,20,20
530175,0,1,0,0,0,0,0,0,0,0,0,0
530175,1,1,0,0,0,11,0,0,0,0,0,0
530176,1,1,0,0,0,0,0,0,0,0,0,0
530177,1,1,1,1,1,1,1,1,1,1,1,1
530177,2,1,0,0,0,0,0,0,0,0,0,0
530177,3,1,0,0,0,0,6,0,0,0,0,0
530178,1,1,0,0,0,0,0,0,0,0,0,0
530179,1,1,18,18,18,18,18,18,18,18,18,18
530179,2,1,0,0,0,0,0,0,0,0,0,0
530180,0,1,0,0,0,0,0,0,0,0,0,0
530180,1,1,0,0,0,0,0,0,0,0,0,0
530181,1,1,13,13,13,13,13,13,13,13,13,13
530181,2,1,17,0,0,0,0,0,0,0,0,0
530182,0,1,0,0,0,0,0,0,0,0,0,0
530182,0,2,0,0,14,0,0,0,0,0,0,22
530182,1,1,0,0,0,0,0,0,0,0,0,0
530183,1,1,17,17,17,17,17,17,17,17,17,17
530184,0,1,5,5,5,5,5,5,5,5,5,5
530184,1,1,0,0,0,0,0,0,0,0,0,0
530185,1,1,0,0,0,0,0,0,0,0,0,0
530185,2,1,9,12,23,12,17,20,9,12,11,16
530186,1,1,8,8,8,8,8,8,8,8,8,8
530187,0,1,0,0,0,0,0,0,0,0,0,0
530187,1,1,0,0,0,0,0,0,0,0,0,0
530188,1,1,0,0,0,0,0,0,0,0,0,0
530189,1,1,0,0,0,0,0,0,0,0,0,0
530190,1,1,0,0,0,0,0,8,0,0,0,0
530190,2,1,0,0,4,0,0,18,0,5,0,0
530191,0,1,0,0,0,0,23,0,0,0,19,18
530191,1,1,0,0,0,0,0,0,0,0,0,0
530192,1,1,0,0,0,0,0,0,0,0,0,0
530193,1,1,9,9,9,9,9,9,9,9,9,9
530194,1,1,0,0,0,0,10,0,39,0,0,0
530194,2,1,0,0,0,0,0,0,0,0,0,0
530195,1,1,8,8,8,8,8,8,8,8,8,8
530195,2,1,0,0,0,0,0,0,0,0,0,0
530196,1,1,0,0,0,13,0,0,8,16,10,0
530197,1,1,38,38,38,38,38,38,38,38,38,38
530197,2,1,0,0,0,0,0,0,0,0,0,0
530198,1,1,0,0,0,0,0,0,0,0,0,0
530198,2,1,0,0,0,0,0,0,0,0,0,0
530199,1,1,0,0,0,0,0,0,0,0,0,0
530200,1,1,7,7,7,7,7,7,7,7,7,7
530200,2,1,22,14,18,0,4,18,21,15,18,19
530201,1,1,0,0,0,0,0,0,0,0,0,0
530202,1,1,0,0,0,0,0,22,23,0,0,0
530202,2,1,11,11,11,11,11,11,11,11,11,11
530202,3,1,0,0,6,0,26,23,0,41,0,0
530203,1,1,18,18,18,18,18,18,18,18,18,18
530204,1,1,0,0,0,0,0,0,0,0,0,0
530205,1,1,15,7,15,24,7,24,20,8,12,20
530205,2,1,0,0,0,0,0,0,0,0,0,0
530206,1,1,7,7,7,7,7,7,7,7,7,7
530207,1,1,19,19,19,19,19,19,19,19,19,19
530207,2,1,20,20,20,20,20,20,20,20,20,20
530207,3,1,0,0,0,0,0,0,0,0,0,0
530207,4,1,0,0,0,0,0,7,0,0,0,0
530208,1,1,0,0,0,0,0,0,0,0,0,0
530209,1,1,0,0,0,0,0,26,0,0,0,0
530210,1,1,22,22,22,22,22,22,22,22,22,22
530210,2,1,0,0,0,0,0,0,0,0,0,0
530211,1,1,19,19,19,19,19,19,19,19,19,19
530212,0,1,3,3,3,3,3,3,3,3,3,3
530212,1,1,0,0,0,0,0,0,0,0,0,0
530213,1,1,0,0,0,0,0,0,0,0,0,0
530214,1,1,0,0,0,0,0,0,0,0,0,0
530214,2,1,0,0,0,0,0,0,0,0,0,0
530214,3,1,0,12,0,0,0,0,0,0,0,0
530215,1,1,0,0,0,0,0,0,0,0,0,0
530216,1,1,0,0,0,0,0,0,0,0,0,0
530217,0,1,0,0,0,0,0,0,0,0,0,0
530217,0,2,9,9,9,9,9,9,9,9,9,9
530217,1,1,10,10,10,10,10,10,10,10,10,10
530218,0,1,0,0,0,0,0,0,0,0,0,0
530218,1,1,0,0,0,0,0,0,0,0,0,0
530219,0,1,3,3,3,3,3,3,3,3,3,3
530219,1,1,0,0,0,0,0,0,0,0,0,0
530220,1,1,19,19,19,19,19,19,19,19,19,19
530221,0,1,0,0,0,0,0,0,0,0,0,0
530221,1,1,0,0,0,0,0,0,0,0,0,15
530222,1,1,0,0,0,0,0,0,0,0,0,0
530222,2,1,0,0,0,0,0,0,0,0,0,0
530223,1,1,0,0,0,0,0,0,0,0,0,0
530224,0,1,0,0,0,0,0,0,0,0,0,0
530224,1,1,0,0,0,0,0,0,0,0,4,0
530225,1,1,0,0,0,0,0,0,0,0,0,0
530225,2,1,0,0,0,0,0,0,0,0,0,0
530226,1,1,0,0,0,0,0,0,0,0,0,0
530227,0,1,41,23,0,0,23,0,17,0,22,0
530227,1,1,0,0,0,0,0,0,0,0,0,0
530228,1,1,14,14,14,14,14,14,14,14,14,14
530228,2,1,9,0,0,17,0,22,0,0,0,0
530229,1,1,0,0,0,0,0,0,0,0,0,0
530229,2,1,0,0,0,0,0,0,0,0,0,0
530230,0,1,16,16,16,16,16,16,16,16,16,16
530230,1,1,4,4,4,4,4,4,4,4,4,4
530231,1,1,15,36,7,0,0,0,15,0,24,29
530231,2,1,3,3,3,3,3,3,3,3,3,3
530232,1,1,0,0,0,0,0,0,0,0,0,0
530232,2,1,0,0,0,0,0,0,0,0,0,0
530233,0,1,0,0,0,0,0,0,0,0,0,0
530233,1,1,0,10,0,0,0,0,0,15,0,0
530234,1,1,0,14,0,0,0,0,0,0,0,0
530234,2,1,0,0,0,0,0,0,0,0,0,0
530235,0,1,0,0,0,0,0,0,0,0,0,0
530235,1,1,0,0,0,0,0,0,0,0,0,0
530236,1,1,0,0,0,0,0,0,0,0,0,0
530236,2,1,0,0,0,0,0,0,0,0,0,0
530236,3,1,0,0,0,0,0,0,0,0,0,0
530237,1,1,0,0,0,0,0,0,0,0,0,0
530237,2,1,0,0,0,12,9,0,0,0,0,0
530237,3,1,0,0,0,0,0,0,0,0,0,0
530238,1,1,22,22,22,22,22,22,22,22,22,22
530238,2,1,0,0,0,0,0,0,0,0,0,0
530238,3,1,0,0,0,0,0,0,0,0,0,0
530238,4,1,0,0,0,0,0,0,0,0,0,0
530238,5,1,9,0,0,0,0,0,14,0,0,0
530239,1,1,0,0,0,0,0,0,0,0,0,0
530240,0,1,7,7,7,7,7,7,7,7,7,7
530240,1,1,18,12,9,14,19,28,16,14,15,13
530241,1,1,0,0,0,0,0,0,0,0,0,0
530242,1,1,4,4,4,4,4,4,4,4,4,4
530242,2,1,2,2,2,2,2,2,2,2,2,2
530242,3,1,0,0,0,0,0,0,0,0,0,0
530242,4,1,0,0,0,0,0,0,0,0,0,0
530243,1,1,0,0,0,0,0,14,0,0,0,20
530243,2,1,0,0,0,0,0,0,0,0,0,0
530244,1,1,0,0,0,0,0,0,0,0,0,0
530245,1,1,0,0,0,0,0,0,0,0,0,0
530245,2,1,0,0,14,0,0,0,0,0,0,0
530246,1,1,0,0,0,0,0,0,0,0,0,0
530247,1,1,0,0,0,0,0,0,0,0,0,0
530247,2,1,0,0,0,0,0,0,0,0,0,0
530248,1,1,0,0,0,0,0,0,0,0,0,0
530249,1,1,17,17,17,17,17,17,17,17,17,17
530250,1,1,0,0,0,0,0,0,0,0,0,0
530251,1,1,0,0,0,0,0,0,0,0,0,0
530251,2,1,2,2,2,2,2,2,2,2,2,2
530252,1,1,0,0,0,0,0,0,0,0,0,0
530252,2,1,14,13,0,0,0,0,0,0,0,0
530253,1,1,0,0,0,0,0,0,0,0,0,0
530253,2,1,0,0,0,0,0,0,0,0,0,0
530254,1,1,15,15,15,15,15,15,15,15,15,15
530255,0,1,5,5,5,5,5,5,5,5,5,5
530255,1,1,0,0,0,0,0,0,0,0,0,0
530256,0,1,0,0,0,0,0,0,0,0,0,0
530256,1,1,0,0,0,0,0,0,0,0,0,0
530256,2,1,0,0,0,0,0,0,0,0,0,0
530257,1,1,0,0,0,0,0,0,0,0,0,0
530258,1,1,0,0,0,0,0,0,0,0,0,0
530258,2,1,0,0,0,0,0,0,0,0,0,0
530259,1,1,0,0,0,0,0,0,0,0,0,0
530260,1,1,0,0,0,0,0,0,0,0,0,0
530261,1,1,0,0,0,0,0,0,0,0,0,0
530261,2,1,0,0,0,0,0,0,0,0,0,0
530262,1,1,10,10,10,10,10,10,10,10,10,10
530263,1,1,15,15,15,15,15,15,15,15,15,15
530264,1,1,16,16,16,16,16,16,16,16,16,16
530264,2,1,0,0,0,0,0,0,0,0,0,0
530264,3,1,0,0,0,0,0,0,0,0,0,0
530265,1,1,15,15,15,15,15,15,15,15,15,15
530266,1,1,0,0,0,0,0,0,0,0,0,0
530267,1,1,11,11,11,11,11,11,11,11,11,11
530268,0,1,0,0,0,0,0,0,0,0,0,0
530268,1,1,0,0,0,0,0,0,0,0,0,0
530269,1,1,0,0,0,0,0,0,0,0,0,0
530270,1,1,21,21,21,21,21,21,21,21,21,21
530271,0,1,14,14,14,14,14,14,14,14,14,14
530271,1,1,14,14,14,14,14,14,14,14,14,14
530272,1,1,3,3,3,3,3,3,3,3,3,3
530273,0,1,0,0,0,0,0,0,0,0,0,0
530273,1,1,0,0,0,0,0,0,0,17,9,8
530274,1,1,0,0,0,0,0,0,0,0,0,0
530274,2,1,0,0,0,0,0,0,0,0,0,0
530275,1,1,19,19,19,19,19,19,19,19,19,19
530276,1,1,12,12,12,12,12,12,12,12,12,12
530276,2,1,0,0,0,0,0,0,0,0,0,0
530277,1,1,15,15,15,15,15,15,15,15,15,15
530277,2,1,11,11,11,11,11,11,11,11,11,11
530277,3,1,19,0,0,0,0,0,0,0,0,0
530277,4,1,0,0,0,0,0,0,0,0,0,0
530278,1,1,13,13,13,13,13,13,13,13,13,13
530279,1,1,0,0,0,0,0,0,0,0,0,0
530280,1,1,18,18,18,18,18,18,18,18,18,18
530281,1,1,12,12,12,12,12,12,12,12,12,12
530282,1,1,0,0,0,0,0,0,0,0,0,0
530283,1,1,25,25,25,25,25,25,25,25,25,25
530284,1,1,0,0,0,0,0,0,0,0,0,0
530284,2,1,0,0,0,0,0,0,0,0,0,0
530284,3,1,0,0,0,0,0,0,0,0,0,0
530284,4,1,19,21,0,0,0,0,0,0,0,22
530284,5,1,0,0,0,0,0,0,0,0,0,0
530285,1,1,13,13,13,13,13,13,13,13,13,13
530285,2,1,0,0,2,0,0,17,0,6,0,0
530286,1,1,0,0,0,0,0,0,0,0,0,0
530287,1,1,0,0,0,0,0,0,0,0,0,0
530288,1,1,0,16,0,0,0,0,0,0,34,0
530289,0,1,23,8,34,39,17,8,20,29,34,23
530289,1,1,14,7,9,21,0,7,4,11,15,3
530290,1,1,0,0,0,0,0,0,0,0,0,0
530290,2,1,5,5,5,5,5,5,5,5,5,5
530290,3,1,0,0,0,12,0,0,0,0,0,0
530290,4,1,0,0,26,0,18,0,26,0,0,0
530291,1,1,2,2,2,2,2,2,2,2,2,2
530292,1,1,0,0,0,0,0,0,0,0,0,0
530292,2,1,0,0,0,0,0,0,0,0,0,0
530292,3,1,0,0,0,0,0,0,0,0,0,0
530292,4,1,0,0,0,0,0,0,0,0,0,0
530293,1,1,0,0,0,0,0,0,0,0,0,0
530293,2,1,0,0,0,0,0,0,0,0,0,0
530293,3,1,0,0,0,16,20,0,0,43,0,0
530293,4,1,19,0,0,0,0,0,0,0,0,0
530295,1,1,0,0,0,0,0,0,0,0,0,0
530296,0,1,27,27,27,27,27,27,27,27,27,27
530296,1,1,0,0,0,0,0,0,0,0,0,0
530297,1,1,0,0,0,0,0,0,0,0,0,0
530297,2,1,0,0,0,0,0,0,0,0,0,0
530298,0,1,18,18,18,18,18,18,18,18,18,18
530298,1,1,17,0,0,15,9,26,0,39,0,0
530298,2,1,0,22,0,0,12,0,0,0,0,21
530299,1,1,10,12,0,3,0,0,11,14,7,0
530299,2,1,0,0,0,0,0,0,0,0,0,0
530301,1,1,0,0,0,0,0,0,0,0,0,0
530301,2,1,0,0,0,0,0,0,0,0,0,0
530301,3,1,0,0,0,0,0,0,0,0,0,0
530302,1,1,0,0,0,0,0,0,0,0,0,0
530302,2,1,0,0,0,0,0,0,0,0,0,0
530303,1,1,0,0,0,13,30,0,0,23,0,0
530303,2,1,0,0,0,0,0,0,15,0,0,11
530304,1,1,0,0,0,0,0,0,0,0,0,0
530305,1,1,0,0,0,0,0,0,0,0,0,0
530306,1,1,0,0,0,0,0,0,26,0,0,0
530307,0,1,0,0,0,0,0,0,0,0,0,0
530307,1,1,0,0,0,0,0,0,0,0,0,0
530307,2,1,0,0,0,21,4,12,20,11,0,11
530307,3,1,0,16,21,14,0,0,0,0,18,0
530307,4,1,0,0,0,7,12,16,12,15,0,0
530308,0,1,0,0,0,0,0,0,0,0,0,0
530308,1,1,0,0,0,0,0,0,0,0,0,0
530309,0,1,33,33,33,33,33,33,33,33,33,33
530309,1,1,0,0,0,0,0,0,0,0,0,0
530310,1,1,20,0,0,0,0,0,0,12,0,0
530311,1,1,0,0,0,0,0,0,0,0,0,0
530312,0,1,0,0,0,0,0,0,0,0,0,0
530312,1,1,0,32,0,23,0,20,15,11,27,8
530313,1,1,0,0,0,0,0,0,0,0,0,0
530314,1,1,0,0,0,0,0,0,0,0,0,0
530314,2,1,0,0,0,0,0,0,0,0,0,0
530315,1,1,8,8,8,8,8,8,8,8,8,8
530316,1,1,0,0,0,0,0,0,0,0,0,0
530317,1,1,0,0,0,0,0,0,0,0,0,0
530317,2,1,0,0,0,0,0,0,0,0,0,0
530318,1,1,0,0,0,0,0,0,0,0,0,0
530319,1,1,7,7,7,7,7,7,7,7,7,7
530319,2,1,0,0,0,0,0,0,0,0,0,0
530320,1,1,0,0,0,0,16,0,0,0,0,0
530320,2,1,0,0,0,0,0,0,0,0,0,0
530321,1,1,16,16,16,16,16,16,16,16,16,16
530321,2,1,21,19,0,0,0,0,0,27,0,0
530322,1,1,8,6,6,15,15,13,13,6,8,26
530323,1,1,0,0,0,0,0,0,0,0,0,0
530323,2,1,0,0,0,0,0,0,0,0,0,0
530324,0,1,0,0,0,0,0,0,0,0,0,0
530324,1,1,0,0,5,0,0,0,0,0,0,0
530325,1,1,0,0,0,0,0,0,0,0,0,0
530325,2,1,18,0,0,0,0,0,0,0,0,0
530326,1,1,0,0,0,0,0,0,0,0,0,0
530326,2,1,0,0,0,0,0,0,0,0,0,0
530326,3,1,0,0,0,0,0,0,0,0,0,0
530326,4,1,0,0,0,21,0,0,0,0,0,0
530327,1,1,0,0,0,0,0,0,0,0,0,0
530327,2,1,0,0,0,0,0,0,0,0,0,18
530327,3,1,0,0,0,0,0,0,0,0,0,0
530327,4,1,0,0,0,11,0,0,0,0,0,0
530328,1,1,0,0,0,0,0,0,0,0,0,0
530328,2,1,0,0,0,0,0,0,0,0,0,0
530329,1,1,0,0,0,0,0,0,0,0,0,0
530330,1,1,0,0,0,0,0,0,0,0,0,0
530330,2,1,0,0,0,0,0,0,0,0,0,0
530330,3,1,18,13,13,9,8,25,17,0,22,0
530331,1,1,0,0,0,0,0,0,0,0,0,0
530331,2,1,0,0,26,7,0,13,0,0,0,0
530332,1,1,0,0,0,0,0,0,0,0,0,0
530332,2,1,0,0,0,0,0,0,0,0,0,0
530333,0,1,0,0,0,0,0,0,0,0,0,0
530333,1,1,0,0,0,0,0,0,0,0,0,0
530334,0,1,0,0,0,0,0,19,0,0,0,0
530334,1,1,0,0,0,0,0,0,0,0,0,0
530335,0,1,0,0,0,0,0,0,0,0,0,0
530335,1,1,0,0,0,0,0,0,0,0,0,0
530336,1,1,0,0,0,0,0,0,0,0,0,0
530336,2,1,0,0,0,0,0,0,0,0,0,0
530337,1,1,21,21,21,21,21,21,21,21,21,21
530338,1,1,0,0,0,0,0,0,0,0,0,0
530338,2,1,0,0,0,0,0,0,22,0,0,0
530339,1,1,0,0,0,0,0,0,0,0,0,0
530339,2,1,0,0,0,0,0,0,0,0,0,0
530340,1,1,0,0,0,0,0,0,0,0,0,0
530340,2,1,0,0,0,0,0,0,0,0,0,16
530341,1,1,13,13,13,13,13,13,13,13,13,13
530343,1,1,0,0,9,0,0,0,0,0,0,14
530344,0,1,0,0,0,0,0,0,0,0,0,0
530344,1,1,0,0,0,0,0,0,0,0,0,0
530345,1,1,0,0,0,0,0,0,0,0,0,0
530345,2,1,0,0,0,0,0,0,0,0,0,0
530346,1,1,0,0,0,12,0,6,0,0,0,0
530347,1,1,13,13,13,13,13,13,13,13,13,13
530348,1,1,0,0,0,0,0,0,0,0,0,0
530348,2,1,0,0,0,0,0,0,0,0,0,0
530349,1,1,0,22,0,0,0,0,0,0,0,0
530349,2,1,0,0,17,0,0,0,0,0,0,0
530350,1,1,0,0,0,0,0,0,0,0,0,0
530350,2,1,0,0,0,0,0,0,0,18,0,0
530351,1,1,20,15,10,9,17,8,5,4,14,33
530352,0,1,16,16,16,16,16,16,16,16,16,16
530352,1,1,25,25,25,25,25,25,25,25,25,25
530353,0,1,25,25,25,25,25,25,25,25,25,25
530353,1,1,0,12,0,0,0,0,0,0,0,0
530354,0,1,0,0,0,0,0,0,0,0,0,0
530354,1,1,0,0,0,0,0,0,0,0,0,0
530355,0,1,0,0,0,0,0,0,0,0,0,0
530355,1,1,0,0,0,18,0,0,0,0,0,0
530356,1,1,0,0,0,0,0,0,0,0,0,0
530356,2,1,0,0,0,0,0,0,0,0,0,0
530357,1,1,16,16,16,16,16,16,16,16,16,16
530358,0,1,32,12,0,0,12,5,29,21,0,0
530358,1,1,0,24,0,0,0,0,9,0,0,0
530358,2,1,0,0,0,0,0,0,0,0,0,0
530359,1,1,15,0,0,0,0,0,0,0,0,0
530359,2,1,0,0,0,0,0,0,0,0,0,0
530361,1,1,3,3,3,3,3,3,3,3,3,3
530361,2,1,23,23,23,23,23,23,23,23,23,23
530362,1,1,0,0,0,0,0,0,0,0,0,0
530362,2,1,18,0,0,0,0,0,5,0,0,0
530363,1,1,0,0,0,0,0,0,0,0,0,0
530363,2,1,0,0,0,0,0,0,0,0,0,0
530364,1,1,0,0,0,0,0,0,0,0,0,0
530364,2,1,0,0,0,0,0,0,0,0,0,0
530365,0,1,26,0,0,0,8,16,0,0,0,0
530365,1,1,0,0,26,0,0,0,0,0,0,0
530366,1,1,0,0,0,0,0,0,0,0,0,0
530367,0,1,0,0,0,0,0,0,0,0,0,0
530367,1,1,0,0,0,0,0,0,0,0,0,0
530368,1,1,0,0,0,0,0,0,0,0,0,0
530368,2,1,0,0,0,0,0,0,0,0,0,0
530368,3,1,0,0,0,0,0,0,0,0,0,0
530369,1,1,0,0,0,0,0,0,0,0,0,0
530369,2,1,0,0,0,0,0,0,0,0,0,0
530370,1,1,18,18,18,18,18,18,18,18,18,18
530371,1,1,0,0,0,0,0,0,0,0,0,0
530371,2,1,0,0,0,12,0,0,0,0,0,0
530372,0,1,0,0,0,0,0,0,0,0,0,0
530372,1,1,0,20,7,3,24,10,12,20,13,22
530374,1,1,0,0,0,0,0,0,0,0,0,0
530375,1,1,16,16,16,16,16,16,16,16,16,16
530376,0,1,13,14,33,14,6,38,14,11,5,30
530376,1,1,0,17,0,22,36,16,0,0,0,0
530377,1,1,18,18,18,18,18,18,18,18,18,18
530378,1,1,0,0,0,0,0,0,0,0,0,0
530379,1,1,0,0,0,0,0,0,0,0,0,0
530379,2,1,0,0,0,0,0,0,0,0,0,0
530380,1,1,0,0,0,0,0,0,0,0,0,0
530380,2,1,5,0,13,0,0,0,0,0,0,0
530381,1,1,0,0,0,0,0,0,0,0,0,0
530382,1,1,26,26,26,26,26,26,26,26,26,26
530383,1,1,0,0,0,0,0,0,0,0,0,0
530383,2,1,0,0,0,0,0,0,0,0,0,0
530384,1,1,20,15,13,17,6,27,10,12,4,29
530384,2,1,0,0,0,0,0,0,0,0,0,0
530385,1,1,0,0,5,4,0,0,0,0,0,0
530386,1,1,0,0,0,0,0,0,0,14,23,0
530386,2,1,0,0,0,0,0,0,0,0,0,0
530387,0,1,0,0,0,0,0,0,0,0,0,0
530387,1,1,0,0,0,9,0,0,0,0,0,0
530388,1,1,23,23,23,23,23,23,23,23,23,23
530388,2,1,0,0,0,0,0,0,0,0,0,0
530389,0,1,0,0,0,0,0,0,0,0,0,0
530389,1,1,0,0,0,0,0,0,8,0,0,0
530390,1,1,0,0,0,0,0,0,0,0,0,0
530390,2,1,0,0,0,0,0,0,0,0,0,0
530391,1,1,0,0,0,0,0,0,0,0,0,0
530392,1,1,14,14,14,14,14,14,14,14,14,14
530393,0,1,22,22,22,22,22,22,22,22,22,22
530393,1,1,0,0,0,0,0,0,0,0,0,0
530394,1,1,0,0,0,0,0,0,0,0,0,0
530395,1,1,17,17,17,17,17,17,17,17,17,17
530396,1,1,12,12,12,12,12,12,12,12,12,12
530397,1,1,0,0,0,0,0,0,0,0,0,0
530398,1,1,0,0,0,0,0,0,0,0,0,0
530399,0,1,19,19,19,19,19,19,19,19,19,19
530399,1,1,6,0,12,16,17,0,17,6,0,30
530400,1,1,0,0,0,0,0,0,0,0,0,0
530402,1,1,0,0,0,23,0,0,0,0,0,0
530402,2,1,0,0,0,0,0,0,0,0,0,0
530403,1,1,12,17,19,16,8,4,9,34,16,61
530403,2,1,0,0,0,0,0,0,0,0,0,0
530404,1,1,0,0,0,0,0,0,0,0,0,0
530405,1,1,0,0,0,0,0,0,0,0,0,0
530405,2,1,0,0,0,0,0,0,0,0,0,0
530406,0,1,0,0,0,0,0,0,0,0,0,0
530406,1,1,0,0,0,0,0,0,0,0,0,0
530407,1,1,0,0,0,0,0,0,0,0,0,0
530407,2,1,0,0,0,0,0,0,0,0,0,0
530408,1,1,0,0,0,0,0,0,0,0,0,0
530408,2,1,18,0,0,0,0,0,21,9,0,0
530408,3,1,0,0,0,5,0,0,0,0,0,0
530408,4,1,0,0,16,0,0,0,0,0,0,0
530408,5,1,0,0,0,0,0,0,0,0,0,0
530409,1,1,11,25,0,3,10,0,0,0,8,0
530409,2,1,0,16,5,0,0,0,15,0,19,0
530409,3,1,11,0,0,11,0,0,29,0,0,0
530409,4,1,0,0,0,0,0,0,0,0,2,0
530410,1,1,0,0,0,0,0,0,0,0,0,0
530410,2,1,0,0,0,0,0,0,0,0,0,0
530411,1,1,0,0,0,0,0,0,0,0,0,0
530412,0,1,0,0,0,0,0,0,0,0,0,0
530412,1,1,0,0,0,0,0,0,0,0,0,0
530413,1,1,0,0,0,0,0,0,0,0,0,0
530413,2,1,0,0,0,0,0,0,0,0,0,0
530413,3,1,0,0,0,0,0,0,0,0,0,0
530413,4,1,0,0,0,0,0,0,0,0,0,0
530414,1,1,0,0,24,0,0,0,0,0,0,0
530414,2,1,0,0,0,0,0,0,0,0,0,0
530415,1,1,0,0,0,0,0,0,0,0,0,0
530416,1,1,0,0,0,0,0,0,0,0,0,0
530417,1,1,0,0,0,0,0,0,0,0,0,0
530418,1,1,0,0,0,0,0,0,0,0,0,0
530418,2,1,0,0,0,0,22,0,0,0,0,0
530419,1,1,0,0,0,0,0,0,0,0,0,0
530420,0,1,15,0,0,0,0,0,0,14,0,32
530420,1,1,0,0,0,0,0,32,0,0,0,0
530420,2,1,0,0,0,0,5,0,0,0,0,0
530420,3,1,0,0,0,0,0,0,0,9,0,0
530421,1,1,16,16,16,16,16,16,16,16,16,16
530422,0,1,26,26,26,26,26,26,26,26,26,26
530422,1,1,0,0,0,0,0,0,0,0,0,0
530423,1,1,0,0,0,0,0,0,0,0,0,0
530423,2,1,0,0,0,0,0,0,0,0,9,0
530425,0,1,0,0,0,0,0,0,0,0,0,0
530425,0,2,0,0,0,0,0,0,0,0,0,0
530425,0,3,0,0,0,0,0,0,0,0,0,0
530425,1,1,0,0,0,0,0,0,0,0,0,0
530426,0,1,0,0,0,0,0,0,0,0,0,0
530426,1,1,19,0,0,0,0,0,0,0,0,0
530427,0,1,0,0,0,0,0,0,0,0,0,0
530427,1,1,0,7,0,0,0,0,10,0,0,0
530428,0,1,24,24,24,24,24,24,24,24,24,24
530428,1,1,0,0,0,0,0,0,0,0,0,0
530429,1,1,23,23,23,23,23,23,23,23,23,23
530430,1,1,0,0,0,0,0,0,0,0,0,0
530431,1,1,5,5,5,5,5,5,5,5,5,5
530432,1,1,35,35,35,35,35,35,35,35,35,35
530433,1,1,0,0,0,0,0,0,0,0,0,0
530433,2,1,0,0,0,0,0,0,0,0,0,0
530433,3,1,0,0,0,0,0,0,0,0,0,0
530434,0,1,27,27,27,27,27,27,27,27,27,27
530434,1,1,9,9,9,9,9,9,9,9,9,9
530435,1,1,0,0,0,0,0,0,0,0,0,0
530435,2,1,0,10,0,0,0,0,0,11,0,0
530435,3,1,0,0,0,0,0,0,0,0,0,0
530435,4,1,0,4,0,0,0,0,0,11,0,0
530436,1,1,0,0,0,0,0,0,0,0,0,0
530437,1,1,0,0,0,0,0,0,0,0,0,0
530437,2,1,0,0,0,0,0,0,0,0,0,0
530438,1,1,0,0,0,0,0,0,0,0,0,0
530438,2,1,0,0,0,0,0,0,0,0,0,0
530438,3,1,0,0,0,0,0,0,0,0,0,0
530439,1,1,23,23,23,23,23,23,23,23,23,23
530440,1,1,0,0,0,0,0,0,0,0,0,0
530441,1,1,0,0,0,0,0,0,0,0,0,0
530442,1,1,0,0,0,0,0,0,0,0,0,0
530443,1,1,20,20,20,20,20,20,20,20,20,20
530444,1,1,0,0,0,0,0,0,0,0,0,0
530444,2,1,0,0,0,0,0,0,0,0,0,0
530445,1,1,20,0,0,0,0,0,0,0,0,0
530445,2,1,9,0,0,0,0,0,0,0,0,0
530446,1,1,0,0,0,0,0,0,0,0,0,0
530446,2,1,0,0,0,0,0,0,0,0,0,0
530447,1,1,0,0,0,0,0,0,0,0,0,0
530447,2,1,24,17,21,9,0,20,23,17,0,29
530448,1,1,0,0,0,0,0,0,0,0,0,0
530448,2,1,0,0,0,0,0,0,0,0,0,0
530449,1,1,0,0,0,0,0,0,0,0,0,0
530450,1,1,22,14,6,9,15,25,22,35,17,11
530451,0,1,0,0,0,0,0,0,0,0,0,0
530451,1,1,0,0,0,0,0,0,0,0,0,0
530452,0,1,14,14,14,14,14,14,14,14,14,14
530452,1,1,0,0,0,0,0,0,0,0,0,0
530453,1,1,0,0,0,0,0,0,0,0,0,0
530453,2,1,0,0,24,0,0,0,0,0,0,0
530453,3,1,0,0,0,0,0,0,0,0,0,0
530454,0,1,0,0,0,0,0,0,0,0,0,0
530454,1,1,0,0,0,0,0,0,0,0,0,0
530455,1,1,0,0,0,0,0,0,0,0,0,0
530455,2,1,0,0,0,0,0,5,19,18,0,0
530455,3,1,4,0,0,0,0,0,0,0,0,0
530456,1,1,0,0,0,0,0,0,0,0,0,0
530456,2,1,0,0,0,9,0,0,0,0,0,0
530457,1,1,0,0,0,0,0,0,0,0,0,0
530460,1,1,8,8,8,8,8,8,8,8,8,8
530460,2,1,0,0,0,0,0,0,13,0,0,0
530461,1,1,0,0,0,0,0,0,0,0,0,0