ST_CASE,VEH_NO,PER_NO,P1,P2,P3,P4,P5,P6,P7,P8,P9,P10
60001,1,1,0,0,0,0,0,0,0,0,0,0
60002,1,1,0,0,0,0,0,0,0,0,0,0
60002,2,1,0,0,0,0,0,0,0,0,0,0
60003,1,1,0,0,0,0,0,0,0,0,0,0
60003,2,1,0,0,0,0,0,0,0,0,0,0
60005,1,1,16,16,16,16,16,16,16,16,16,16
60005,2,1,0,0,0,0,0,0,0,0,0,0
60005,3,1,0,0,0,0,0,0,0,0,0,0
60006,1,1,0,0,0,0,0,0,0,0,0,0
60007,0,1,22,22,22,22,22,22,22,22,22,22
60007,1,1,0,0,0,22,0,0,0,0,0,0
60008,1,1,0,0,0,0,0,0,0,0,0,0
60009,1,1,0,0,0,0,0,0,0,0,0,0
60009,2,1,0,0,0,0,0,0,0,0,0,0
60010,1,1,0,0,0,0,0,0,0,0,0,0
60010,2,1,0,0,0,0,0,0,0,0,0,0
60011,0,1,13,13,13,13,13,13,13,13,13,13
60011,1,1,0,7,0,17,0,0,0,0,0,0
60012,1,1,0,0,0,0,0,36,0,0,0,0
60012,2,1,0,0,0,0,0,0,0,0,0,0
60013,1,1,23,23,23,23,23,23,23,23,23,23
60013,2,1,14,0,0,0,0,0,0,0,0,0
60014,1,1,11,11,11,11,11,11,11,11,11,11
60015,1,1,10,10,10,10,10,10,10,10,10,10
60015,2,1,20,11,12,32,17,12,26,0,10,16
60016,1,1,0,0,0,0,0,0,0,0,0,0
60016,2,1,0,0,0,0,0,27,0,0,0,0
60016,3,1,0,0,0,0,0,0,0,0,0,0
60017,1,1,0,0,0,0,0,0,0,0,0,0
60017,2,1,0,0,0,0,0,0,0,0,0,0
60018,0,1,36,36,36,36,36,36,36,36,36,36
60018,1,1,0,0,17,0,21,13,0,0,23,15
60019,1,1,0,0,0,0,0,0,0,0,0,0
60020,1,1,0,0,0,0,0,0,0,0,0,0
60021,0,1,25,25,25,25,25,25,25,25,25,25
60021,1,1,0,0,0,0,0,0,0,0,0,0
60022,1,1,0,0,0,0,0,0,0,0,0,0
60022,2,1,0,0,0,0,0,0,0,0,0,0
60023,1,1,0,0,0,0,0,0,0,0,0,0
60024,1,1,0,0,0,0,0,0,0,0,22,0
60025,1,1,0,0,0,0,0,0,0,0,0,0
60025,2,1,0,0,0,0,0,0,0,0,0,0
60025,3,1,0,0,0,0,0,0,0,0,0,0
60026,1,1,13,13,13,13,13,13,13,13,13,13
60027,1,1,0,0,0,0,0,0,0,0,0,0
60028,0,1,36,36,36,36,36,36,36,36,36,36
60028,1,1,0,0,0,0,0,0,0,0,0,0
60028,2,1,0,0,0,0,0,0,0,0,0,0
60029,1,1,0,0,0,0,0,0,0,0,0,0
60029,2,1,0,0,0,0,0,0,0,0,0,0
60030,1,1,0,0,0,0,0,0,0,0,0,0
60030,2,1,2,2,2,2,2,2,2,2,2,2
60031,1,1,8,8,8,8,8,8,8,8,8,8
60032,1,1,0,0,0,0,0,0,0,0,0,0
60032,2,1,0,0,0,0,0,0,0,0,0,0
60033,1,1,26,26,26,26,26,26,26,26,26,26
60034,0,1,23,0,0,13,9,0,0,16,12,11
60034,1,1,0,0,0,0,0,0,0,0,0,0
60034,2,1,0,28,0,0,0,0,18,23,31,0
60034,3,1,0,0,0,0,0,28,0,0,0,0
60034,4,1,15,13,0,0,0,0,9,29,0,0
60035,1,1,21,21,21,21,21,21,21,21,21,21
60036,1,1,28,28,28,28,28,28,28,28,28,28
60036,2,1,0,0,0,0,0,0,0,0,0,0
60037,0,1,0,0,0,0,0,0,0,0,0,0
60037,1,1,0,0,0,0,0,0,0,0,0,0
60038,0,1,0,0,0,0,0,0,0,0,0,0
60038,1,1,0,0,0,15,0,0,0,0,18,7
60039,1,1,0,0,0,0,0,0,0,0,0,0
60040,1,1,0,0,0,0,0,0,0,0,0,0
60040,2,1,0,0,0,0,0,0,0,0,0,0
60041,1,1,3,3,3,3,3,3,3,3,3,3
60042,1,1,10,10,10,10,10,10,10,10,10,10
60043,0,1,0,0,0,0,0,0,0,0,0,14
60043,1,1,0,0,0,0,0,0,0,0,0,0
60044,1,1,18,18,18,18,18,18,18,18,18,18
60045,1,1,14,14,14,14,14,14,14,14,14,14
60046,1,1,0,0,0,0,0,0,0,0,16,0
60046,2,1,0,0,0,0,0,0,0,0,0,0
60047,1,1,0,0,0,0,0,0,0,0,0,0
60048,1,1,0,0,0,0,0,0,0,13,0,0
60049,0,1,22,0,0,0,0,13,15,0,21,0
60049,1,1,0,0,18,36,0,0,9,0,15,0
60050,1,1,0,0,0,0,0,0,0,0,0,0
60050,2,1,0,0,0,0,0,0,0,0,0,0
60051,1,1,11,11,11,11,11,11,11,11,11,11
60052,1,1,0,0,0,0,0,0,0,0,0,0
60053,1,1,0,0,0,0,0,0,0,0,0,0
60054,1,1,20,20,20,20,20,20,20,20,20,20
60055,1,1,0,0,0,0,0,0,0,0,0,0
60055,2,1,0,0,2,0,0,0,0,0,0,0
60055,3,1,0,0,0,0,0,0,0,0,0,0
60056,1,1,0,0,0,0,0,0,0,0,0,0
60057,1,1,0,0,0,0,0,0,0,0,0,22
60057,2,1,0,0,0,0,0,0,0,0,0,0
60057,3,1,0,0,0,0,0,0,0,0,0,0
60058,0,1,20,20,20,20,20,20,20,20,20,20
60058,1,1,0,0,0,0,0,0,0,0,0,0
60059,0,1,0,0,0,0,0,0,0,0,0,0
60059,0,2,0,0,0,0,0,0,0,0,0,0
60059,1,1,0,0,0,0,0,0,0,0,0,0
60060,1,1,9,27,20,9,36,5,13,19,16,26
60060,2,1,0,0,0,0,0,0,15,0,0,0
60060,3,1,0,0,0,0,0,0,0,0,0,0
60061,1,1,16,16,16,16,16,16,16,16,16,16
60062,1,1,0,16,0,0,0,13,0,0,16,0
60063,0,1,0,0,0,0,0,0,0,0,0,0
60063,1,1,0,0,29,0,16,0,27,13,14,0
60064,1,1,9,9,9,9,9,9,9,9,9,9
60065,1,1,22,22,22,22,22,22,22,22,22,22
60066,0,1,0,0,0,0,0,0,0,0,0,0
60066,1,1,0,0,0,0,0,0,0,0,0,0
60067,1,1,0,0,0,0,0,0,32,16,0,0
60067,2,1,0,0,0,0,0,0,0,0,0,0
60068,0,1,32,19,16,16,25,15,19,18,14,8
60068,1,1,30,9,13,0,11,0,18,0,36,15
60069,1,1,19,19,19,19,19,19,19,19,19,19
60070,1,1,0,0,0,0,0,0,0,0,0,0
60071,1,1,0,0,0,0,0,0,0,0,0,0
60072,1,1,0,0,0,0,17,0,0,0,0,0
60072,2,1,0,0,0,0,0,0,0,0,0,0
60073,1,1,0,0,0,0,0,0,0,0,0,0
60074,0,1,22,22,22,22,22,22,22,22,22,22
60074,1,1,0,0,0,0,0,0,0,0,0,0
60075,0,1,0,0,0,0,0,0,0,0,0,0
60075,1,1,0,0,0,0,0,20,0,0,0,0
60076,1,1,0,0,0,0,0,0,0,0,0,0
60077,1,1,20,20,20,20,20,20,20,20,20,20
60077,2,1,0,25,0,12,0,0,12,0,0,0
60078,1,1,0,0,0,0,0,0,0,0,0,0
60079,1,1,0,0,0,0,0,0,0,0,0,0
60080,1,1,18,18,18,18,18,18,18,18,18,18
60081,1,1,0,0,0,0,0,0,0,0,0,0
60081,2,1,0,0,0,0,0,0,0,0,0,0
60082,0,1,0,0,0,0,0,0,0,0,0,0
60082,1,1,0,0,0,0,0,0,0,0,0,0
60083,1,1,0,0,0,0,0,0,0,0,0,0
60084,1,1,0,0,0,0,0,0,0,0,0,0
60084,2,1,22,17,14,0,0,0,0,0,0,0
60084,3,1,0,0,0,0,0,0,0,0,0,0
60085,1,1,14,14,14,14,14,14,14,14,14,14
60086,1,1,21,21,21,21,21,21,21,21,21,21
60087,1,1,23,23,23,23,23,23,23,23,23,23
60087,2,1,0,0,0,0,0,0,0,0,10,0
60088,1,1,0,0,0,0,0,0,0,0,0,0
60088,2,1,0,16,0,0,0,0,0,0,0,0
60089,1,1,0,0,0,0,0,0,0,0,0,0
60090,1,1,0,0,0,0,0,0,0,0,0,0
60091,1,1,7,7,7,7,7,7,7,7,7,7
60091,2,1,0,0,0,0,0,0,1,0,0,0
60092,0,1,0,0,0,0,0,0,0,0,0,0
60092,1,1,24,0,0,0,0,0,11,0,0,0
60093,1,1,0,0,0,0,0,0,0,0,0,0
60094,1,1,0,0,0,0,0,0,0,0,0,7
60094,2,1,0,0,0,0,0,0,0,0,0,0
60095,0,1,0,0,0,0,0,0,0,0,0,0
60095,1,1,0,0,0,0,0,0,0,0,0,0
60096,0,1,0,0,0,0,0,0,0,0,0,0
60096,1,1,0,17,32,7,0,0,0,0,0,0
60097,1,1,0,0,0,0,0,0,0,0,0,0
60097,2,1,0,0,0,0,0,0,0,0,0,0
60097,3,1,0,0,0,0,0,0,0,0,0,0
60098,1,1,11,5,24,18,10,11,17,8,10,10
60100,1,1,0,0,0,0,0,0,0,0,0,0
60100,2,1,0,0,0,0,0,0,0,0,0,0
60101,1,1,5,5,5,5,5,5,5,5,5,5
60101,2,1,0,0,0,0,0,0,0,0,0,0
60101,3,1,0,0,0,0,0,0,0,0,0,0
60102,1,1,17,21,0,13,21,5,8,13,15,11
60102,2,1,0,0,0,0,0,0,0,0,0,0
60102,3,1,0,0,0,0,0,0,0,0,0,0
60104,1,1,19,19,11,0,0,13,7,0,0,29
60105,1,1,0,0,0,0,0,0,0,0,0,0
60105,2,1,0,0,0,0,0,0,0,0,0,0
60106,1,1,15,15,15,15,15,15,15,15,15,15
60107,0,1,24,24,24,24,24,24,24,24,24,24
60107,1,1,0,0,0,0,0,0,0,0,0,0
60108,0,1,0,0,0,0,0,0,0,0,0,0
60108,1,1,0,0,0,0,0,0,0,0,0,0
60109,1,1,9,0,0,0,0,0,23,0,0,37
60109,2,1,2,2,2,2,2,2,2,2,2,2
60110,1,1,14,14,14,14,14,14,14,14,14,14
60111,1,1,29,29,29,29,29,29,29,29,29,29
60112,0,1,2,2,2,2,2,2,2,2,2,2
60112,1,1,0,0,0,0,0,0,0,0,0,0
60113,1,1,11,11,11,11,11,11,11,11,11,11
60114,1,1,0,0,0,0,0,0,0,0,0,0
60114,2,1,0,0,0,0,0,0,0,0,0,0
60115,1,1,0,0,0,0,0,0,0,0,0,0
60116,0,1,0,0,0,0,0,0,0,0,0,0
60116,1,1,18,0,0,0,0,0,0,0,0,0
60117,0,1,0,0,0,0,0,0,0,0,0,0
60117,1,1,0,0,0,0,0,0,0,0,0,20
60117,3,1,0,0,0,0,0,0,0,22,0,0
60118,1,1,15,15,15,15,15,15,15,15,15,15
60118,2,1,21,21,21,21,21,21,21,21,21,21
60119,1,1,28,28,28,28,28,28,28,28,28,28
60119,2,1,0,0,0,0,0,0,0,14,0,0
60119,3,1,0,0,17,0,0,17,0,0,0,0
60119,4,1,0,0,0,0,0,0,0,0,0,0
60120,1,1,8,8,8,8,8,8,8,8,8,8
60121,0,1,0,0,0,0,0,0,0,0,0,0
60121,1,1,0,0,0,0,0,0,0,0,0,0
60122,1,1,0,0,0,0,0,0,0,0,0,0
60123,1,1,0,0,0,0,0,0,0,0,0,0
60123,2,1,0,0,0,0,0,0,0,0,0,0
60123,3,1,0,0,0,0,0,0,0,0,0,0
60123,4,1,0,0,0,0,0,0,0,0,0,0
60123,5,1,0,0,0,0,0,0,0,0,0,0
60123,6,1,0,0,0,0,0,15,0,0,0,0
60123,7,1,0,0,19,0,20,0,0,21,0,0
60123,8,1,0,0,0,0,0,0,0,0,0,0
60124,1,1,0,0,0,0,0,0,0,0,0,0
60124,2,1,5,0,0,0,0,0,0,0,0,0
60124,3,1,0,20,0,0,0,0,0,0,0,0
60124,4,1,0,0,0,0,0,0,0,0,0,0
60125,0,1,45,45,45,45,45,45,45,45,45,45
60125,1,1,0,0,0,0,0,0,0,0,0,0
60126,0,1,0,0,0,0,0,0,0,0,0,0
60126,1,1,0,0,0,0,0,0,0,0,0,0
60127,1,1,0,0,0,0,0,0,0,0,0,0
60127,2,1,2,2,2,2,2,2,2,2,2,2
60128,0,1,35,0,20,19,0,0,31,0,0,33
60128,1,1,0,0,0,0,0,0,10,0,0,0
60129,0,1,0,0,0,0,0,0,0,0,0,0
60129,1,1,0,0,0,0,0,0,0,0,0,0
60130,1,1,0,0,0,0,0,0,0,0,0,0
60130,2,1,0,0,0,0,0,0,0,0,0,0
60131,0,1,0,0,0,0,0,21,0,2,25,0
60131,1,1,0,0,0,0,0,0,0,0,0,0
60132,1,1,0,0,0,0,0,0,0,0,0,0
60132,2,1,0,0,0,0,0,0,6,0,0,0
60133,1,1,0,0,0,0,0,0,0,0,0,0
60134,1,1,0,0,0,0,0,0,0,0,0,0
60134,2,1,0,0,0,0,0,0,0,0,0,10
60135,1,1,0,0,0,24,0,0,0,0,0,0
60135,2,1,0,0,0,0,0,0,0,0,0,0
60136,1,1,0,0,0,0,0,0,0,0,0,0
60137,1,1,0,0,0,0,0,0,0,0,0,0
60137,2,1,0,0,0,0,0,0,0,0,0,0
60138,1,1,8,0,0,0,12,0,0,0,0,0
60139,1,1,0,0,0,0,0,0,0,0,0,0
60139,2,1,0,0,0,0,0,0,0,0,0,0
60140,1,1,12,12,12,12,12,12,12,12,12,12
60141,1,1,13,13,13,13,13,13,13,13,13,13
60141,2,1,0,0,0,0,0,0,0,0,0,0
60143,1,1,6,6,6,6,6,6,6,6,6,6
60144,1,1,0,0,0,0,0,0,0,0,0,0
60145,0,1,22,22,22,22,22,22,22,22,22,22
60145,1,1,6,0,0,0,16,0,0,8,7,0
60147,1,1,13,13,13,13,13,13,13,13,13,13
60147,2,1,0,0,0,0,0,0,0,0,0,0
60148,1,1,0,0,0,0,0,0,0,0,0,0
60149,0,1,22,22,22,22,22,22,22,22,22,22
60149,1,1,29,0,20,14,0,16,0,27,3,23
60150,0,1,0,0,0,0,0,0,0,0,0,0
60150,1,1,0,0,0,0,15,0,0,0,0,0
60151,0,1,0,0,0,0,0,0,0,0,0,0
60151,1,1,8,0,8,31,24,0,0,16,0,0
60152,0,1,0,0,0,0,0,0,0,0,0,0
60152,1,1,0,0,0,0,0,0,0,0,0,0
60153,0,1,0,0,0,0,0,0,0,0,0,0
60153,1,1,0,0,0,12,0,0,0,0,0,0
60154,1,1,5,5,5,5,5,5,5,5,5,5
60154,2,1,28,28,28,28,28,28,28,28,28,28
60155,1,1,0,0,0,0,0,0,0,0,0,0
60156,1,1,0,0,0,0,0,0,0,0,0,0
60157,0,1,0,0,0,0,0,0,0,22,0,0
60157,1,1,0,0,0,0,24,0,0,0,0,0
60158,1,1,0,0,0,0,0,0,0,0,0,0
60159,1,1,0,0,0,0,0,0,0,0,0,0
60159,2,1,0,0,0,0,0,0,0,0,0,0
60159,3,1,0,0,0,0,0,0,0,0,0,0
60159,4,1,0,0,0,0,0,0,0,0,0,0
60160,1,1,17,17,17,17,17,17,17,17,17,17
60160,2,1,0,0,0,0,0,0,0,0,0,0
60161,0,1,0,0,0,8,0,26,0,12,0,0
60162,0,1,13,8,22,19,15,40,43,14,15,18
60162,1,1,0,21,0,16,0,0,9,0,25,13
60163,1,1,0,0,0,0,0,0,0,0,0,0
60164,0,1,4,4,4,4,4,4,4,4,4,4
60164,1,1,0,0,0,0,0,0,0,0,0,0
60164,2,1,0,0,0,0,0,0,0,0,0,0
60165,1,1,18,18,18,18,18,18,18,18,18,18
60166,1,1,16,16,16,16,16,16,16,16,16,16
60166,2,1,0,0,0,0,0,0,0,0,0,0
60167,0,1,24,24,24,24,24,24,24,24,24,24
60167,1,1,0,15,0,0,0,0,0,0,0,0
60168,1,1,19,19,19,19,19,19,19,19,19,19
60168,2,1,0,0,0,0,0,0,0,0,0,0
60169,0,1,0,0,0,0,0,0,0,0,0,0
60169,1,1,0,0,0,0,0,0,0,0,0,0
60170,1,1,0,0,0,0,0,0,0,0,0,0
60171,1,1,0,0,0,0,0,0,0,0,0,0
60171,2,1,0,0,0,0,0,0,0,0,0,0
60172,1,1,21,21,21,21,21,21,21,21,21,21
60172,2,1,11,11,11,11,11,11,11,11,11,11
60173,1,1,3,3,3,3,3,3,3,3,3,3
60174,1,1,0,0,0,0,0,0,0,0,0,0
60174,2,1,0,0,0,0,0,0,0,0,0,0
60175,1,1,0,0,0,0,0,0,0,0,0,0
60176,0,1,0,0,0,0,0,0,0,0,0,0
60176,1,1,0,0,0,0,0,0,0,0,0,0
60176,3,1,0,25,0,31,13,14,28,0,0,0
60177,1,1,0,0,0,0,0,0,0,15,0,0
60177,2,1,0,0,0,0,0,0,0,0,0,0
60177,3,1,0,0,0,0,0,0,0,0,0,0
60178,1,1,23,23,23,23,23,23,23,23,23,23
60179,1,1,13,13,13,13,13,13,13,13,13,13
60180,0,1,0,0,0,0,0,0,0,0,0,0
60180,1,1,0,0,0,0,0,0,0,0,0,0
60181,0,1,28,28,28,28,28,28,28,28,28,28
60181,1,1,0,11,0,0,0,0,0,0,0,0
60182,0,1,0,0,0,0,0,0,0,0,0,0
60182,1,1,0,0,0,0,0,0,0,0,0,0
60183,1,1,18,18,18,18,18,18,18,18,18,18
60183,2,1,20,0,0,0,0,0,0,0,16,13
60184,0,1,0,0,0,0,0,0,24,0,0,29
60184,1,1,0,0,0,0,0,0,0,0,0,0
60185,0,1,0,0,0,0,0,0,0,0,0,16
60185,1,1,0,0,0,0,0,0,0,0,27,0
60186,1,1,0,0,0,0,0,0,0,0,0,0
60186,2,1,0,0,0,0,0,0,0,0,0,0
60187,1,1,0,0,0,0,0,0,0,0,0,0
60187,2,1,0,0,0,0,0,0,0,0,0,0
60188,1,1,0,0,0,0,0,0,0,0,0,0
60188,2,1,0,0,0,0,0,0,0,0,0,0
60189,1,1,0,0,0,0,0,0,0,0,0,0
60189,2,1,0,0,0,0,0,0,0,0,0,0
60190,0,1,0,0,0,0,0,0,0,0,0,0
60190,1,1,0,0,0,0,0,0,0,0,0,0
60191,1,1,17,17,17,17,17,17,17,17,17,17
60191,2,1,0,0,11,0,0,0,0,0,0,13
60192,1,1,20,20,20,20,20,20,20,20,20,20
60193,1,1,0,0,0,0,0,0,0,0,0,0
60194,1,1,0,0,0,0,0,0,0,0,0,0
60194,2,1,0,0,0,0,0,0,0,0,0,0
60195,1,1,0,0,0,0,0,0,0,0,0,0
60196,0,1,0,0,0,0,0,0,0,0,0,0
60196,1,1,22,17,9,23,16,6,15,15,12,3
60197,0,1,0,0,0,0,0,0,0,0,0,0
60197,1,1,0,0,0,0,0,0,0,0,0,0
60198,1,1,0,0,0,0,0,0,0,0,0,0
60199,1,1,0,0,0,0,0,0,0,0,0,0
60199,2,1,0,0,0,0,0,0,0,0,0,0
60200,1,1,0,0,0,0,0,0,0,0,0,0
60200,2,1,0,0,0,0,0,0,0,0,0,19
60201,1,1,0,9,0,0,0,0,18,22,0,0
60202,0,1,27,27,27,27,27,27,27,27,27,27
60202,1,1,0,0,0,0,0,0,0,12,0,0
60203,1,1,0,0,0,0,0,0,0,0,0,0
60204,0,1,28,28,28,28,28,28,28,28,28,28
60204,1,1,0,0,0,0,0,0,0,0,0,0
60205,0,1,0,0,0,0,0,0,0,0,0,0
60205,1,1,0,0,0,0,0,0,0,0,0,0
60206,1,1,16,16,16,16,16,16,16,16,16,16
60207,1,1,9,9,9,9,9,9,9,9,9,9
60208,1,1,27,17,10,7,10,12,22,17,16,8
60208,2,1,0,0,0,0,0,0,0,0,0,0
60209,1,1,34,34,34,34,34,34,34,34,34,34
60210,1,1,0,0,0,0,0,0,0,0,0,0
60211,1,1,0,0,0,0,0,0,0,0,0,0
60212,1,1,22,22,22,22,22,22,22,22,22,22
60212,2,1,0,0,0,0,21,0,0,0,0,0
60213,1,1,7,7,7,7,7,7,7,7,7,7
60214,1,1,0,0,0,0,0,0,8,0,0,18
60215,0,1,0,0,0,0,0,0,0,0,0,0
60215,1,1,0,0,12,14,0,15,0,0,5,18
60216,1,1,0,0,0,0,0,0,0,0,0,0
60217,0,1,0,0,0,0,0,0,0,0,0,0
60217,1,1,0,0,0,0,0,0,0,0,0,0
60218,1,1,28,28,28,28,28,28,28,28,28,28
60218,2,1,0,0,0,0,0,0,0,0,0,0
60219,0,1,0,0,0,0,0,0,0,0,0,0
60219,1,1,19,19,19,19,19,19,19,19,19,19
60220,0,1,0,0,0,0,0,0,0,0,0,0
60220,1,1,0,0,0,0,0,0,0,0,0,28
60221,1,1,0,0,0,0,0,0,0,0,0,0
60221,2,1,0,0,0,0,0,0,0,0,0,0
60221,3,1,0,0,0,0,0,0,0,0,0,0
60222,1,1,27,27,27,27,27,27,27,27,27,27
60223,0,1,0,0,0,0,0,0,0,0,0,0
60223,1,1,16,16,16,16,16,16,16,16,16,16
60224,0,1,0,0,0,0,0,0,0,0,0,0
60224,1,1,0,0,0,0,0,0,0,0,0,0
60225,1,1,0,0,0,11,0,0,0,0,0,0
60225,2,1,0,0,0,0,0,0,0,0,0,0
60226,1,1,0,0,0,0,0,0,0,0,0,0
60227,1,1,0,0,0,0,0,0,0,0,0,0
60227,2,1,0,7,0,0,9,9,0,15,0,0
60227,3,1,0,0,21,0,19,0,0,0,0,0
60228,1,1,0,0,0,0,0,0,0,0,0,0
60228,2,1,0,0,0,0,0,0,0,0,0,0
60229,1,1,0,0,0,0,0,0,0,0,0,0
60230,0,1,24,24,24,24,24,24,24,24,24,24
60230,1,1,0,0,0,0,0,0,15,0,0,0
60231,0,1,28,28,28,28,28,28,28,28,28,28
60231,1,1,11,11,11,11,11,11,11,11,11,11
60231,2,1,0,0,0,0,0,0,0,0,0,0
60231,3,1,0,0,0,0,0,0,0,0,0,0
60232,0,1,30,30,30,30,30,30,30,30,30,30
60232,1,1,0,20,0,0,0,0,0,0,0,0
60233,1,1,0,0,0,0,0,0,0,0,0,0
60233,2,1,0,0,0,0,0,0,0,0,0,0
60234,1,1,29,29,29,29,29,29,29,29,29,29
60234,2,1,0,0,0,0,0,0,0,0,0,0
60235,0,1,0,0,0,0,0,0,0,0,0,0
60235,1,1,0,0,0,0,0,0,0,0,0,0
60236,1,1,0,0,0,0,0,0,0,0,0,0
60237,0,1,21,21,21,21,21,21,21,21,21,21
60237,1,1,0,0,0,0,0,0,0,0,0,0
60238,0,1,0,0,0,0,0,0,0,0,0,0
60238,1,1,24,0,0,0,0,0,0,0,0,0
60239,1,1,0,0,0,0,0,0,10,0,1,0
60240,1,1,0,0,0,0,0,0,0,0,0,0
60241,0,1,0,0,0,0,0,0,0,0,0,0
60241,1,1,17,17,17,17,17,17,17,17,17,17
60242,0,1,23,23,23,23,23,23,23,23,23,23
60242,1,1,0,34,0,0,0,2,10,0,12,0
60243,1,1,13,13,13,13,13,13,13,13,13,13
60244,1,1,0,0,0,0,0,0,0,0,0,0
60244,2,1,0,0,0,0,0,0,0,0,0,0
60245,1,1,0,0,0,0,0,0,0,0,0,0
60245,2,1,0,0,0,0,0,0,0,0,5,0
60245,3,1,0,0,0,0,0,0,0,0,0,0
60246,1,1,3,3,3,3,3,3,3,3,3,3
60247,1,1,0,0,0,0,0,0,0,0,0,0
60248,0,1,26,26,26,26,26,26,26,26,26,26
60248,1,1,0,0,0,0,0,0,0,0,0,0
60249,1,1,21,21,21,21,21,21,21,21,21,21
60250,1,1,0,0,0,0,0,0,0,0,0,0
60251,1,1,18,18,18,18,18,18,18,18,18,18
60252,1,1,0,0,0,0,0,0,0,0,0,0
60252,2,1,0,0,0,0,0,0,0,0,0,0
60252,3,1,0,0,0,14,0,0,0,0,0,0
60253,1,1,0,0,0,0,0,0,0,0,0,0
60253,2,1,0,0,0,0,0,0,0,0,0,0
60254,1,1,22,22,22,22,22,22,22,22,22,22
60254,2,1,0,0,0,0,0,0,0,0,0,0
60255,1,1,0,0,0,0,0,0,0,0,0,0
60255,2,1,0,0,0,0,0,0,0,0,0,0
60256,1,1,0,0,0,0,0,0,0,0,0,0
60257,1,1,0,0,15,0,0,0,0,0,0,0
60257,2,1,0,0,0,0,0,0,0,0,0,0
60258,0,1,0,0,0,0,0,0,0,0,0,0
60258,1,1,0,0,0,0,0,0,0,0,0,0
60259,0,1,0,0,0,0,0,23,12,0,0,0
60259,1,1,0,0,0,0,0,0,0,0,0,0
60259,2,1,0,0,0,0,0,0,0,0,0,0
60260,0,1,18,18,18,18,18,18,18,18,18,18
60260,1,1,0,0,0,18,0,0,0,0,0,0
60261,0,1,0,0,0,0,0,0,0,0,0,0
60261,1,1,15,31,12,16,6,0,24,11,0,12
60262,0,1,11,11,11,11,11,11,11,11,11,11
60262,1,1,0,0,0,0,0,0,0,0,0,0
60263,1,1,0,0,0,0,0,0,0,0,0,0
60263,2,1,12,12,12,12,12,12,12,12,12,12
60263,3,1,21,0,35,0,0,0,0,3,7,12
60264,1,1,0,0,0,0,0,0,0,0,0,0
60265,1,1,19,19,19,19,19,19,19,19,19,19
60266,1,1,0,0,0,0,0,0,0,0,0,0
60267,0,1,29,29,29,29,29,29,29,29,29,29
60267,1,1,0,0,0,0,0,0,0,0,0,0
60268,0,1,18,18,18,18,18,18,18,18,18,18
60268,1,1,0,11,0,0,0,0,0,0,17,0
60269,1,1,1,1,1,1,1,1,1,1,1,1
60270,1,1,0,0,0,0,0,0,0,0,0,0
60270,2,1,0,0,0,0,0,0,0,0,0,0
60271,1,1,0,0,0,0,0,0,0,0,0,0
60271,2,1,0,0,0,0,0,0,0,0,0,0
60272,1,1,20,20,20,20,20,20,20,20,20,20
60272,2,1,0,0,0,0,0,0,0,0,0,0
60272,3,1,0,0,0,0,0,0,0,0,22,0
60273,0,1,0,0,0,0,0,0,0,0,0,0
60273,0,2,0,0,0,0,0,0,0,0,0,0
60273,1,1,0,0,0,0,0,0,0,0,0,0
60274,1,1,24,24,24,24,24,24,24,24,24,24
60274,2,1,7,7,7,7,7,7,7,7,7,7
60274,3,1,0,0,0,0,0,0,0,0,0,0
60274,4,1,0,0,0,0,0,0,0,0,0,0
60274,5,1,0,0,0,0,0,0,0,0,0,0
60275,1,1,18,18,18,18,18,18,18,18,18,18
60275,2,1,0,0,0,0,14,0,0,0,0,0
60276,1,1,0,0,0,0,0,0,0,0,0,0
60276,2,1,0,0,0,0,0,0,0,0,0,0
60277,1,1,11,11,11,11,11,11,11,11,11,11
60277,2,1,0,0,0,0,0,0,0,0,0,0
60278,1,1,0,0,0,0,0,0,0,0,7,0
60279,1,1,5,5,5,5,5,5,5,5,5,5
60280,1,1,8,8,8,8,8,8,8,8,8,8
60280,2,1,0,24,0,0,0,0,0,0,0,0
60281,1,1,0,0,0,13,0,0,0,0,0,23
60282,0,1,0,0,0,0,0,0,0,0,0,0
60282,1,1,0,11,5,0,0,0,9,0,0,5
60283,1,1,0,5,0,0,6,0,0,0,0,0
60283,2,1,0,0,0,0,0,0,0,0,0,0