ST_CASE,VEH_NO,PER_NO,P1,P2,P3,P4,P5,P6,P7,P8,P9,P10
60284,1,1,25,25,25,25,25,25,25,25,25,25
60284,2,1,0,0,0,0,0,0,0,0,0,0
60285,1,1,9,9,9,9,9,9,9,9,9,9
60286,0,1,0,0,0,0,0,0,0,0,0,0
60286,1,1,0,0,0,0,0,0,0,0,0,0
60287,0,1,0,0,0,0,0,0,0,0,0,0
60287,1,1,0,0,0,0,0,0,0,0,0,0
60288,1,1,0,0,0,0,0,0,0,0,0,0
60288,2,1,0,0,0,0,0,0,0,0,0,0
60290,0,1,0,0,0,0,0,0,0,0,0,0
60290,1,1,0,0,0,10,0,0,0,0,0,0
60291,1,1,0,0,0,0,0,17,0,0,0,0
60291,2,1,0,0,0,0,0,0,0,0,0,0
60292,0,1,3,3,3,3,3,3,3,3,3,3
60292,1,1,0,0,0,0,0,0,0,0,0,0
60293,0,1,0,0,0,0,0,0,0,0,0,0
60293,1,1,0,0,0,0,0,0,0,0,0,0
60294,0,1,0,0,0,0,0,0,0,0,0,0
60294,1,1,0,21,0,0,0,0,0,0,0,0
60295,1,1,14,14,14,14,14,14,14,14,14,14
60296,1,1,0,33,0,0,0,0,0,0,0,0
60297,1,1,0,0,0,0,0,0,0,0,0,0
60297,2,1,0,0,0,0,0,0,0,0,0,0
60298,1,1,0,0,0,0,0,0,0,0,0,0
60299,1,1,13,13,13,13,13,13,13,13,13,13
60300,1,1,0,0,0,0,0,0,37,0,0,0
60300,2,1,7,7,7,7,7,7,7,7,7,7
60301,1,1,0,0,0,0,0,0,0,0,0,0
60301,2,1,0,0,0,0,0,0,0,0,0,0
60302,1,1,0,0,0,0,0,0,0,0,0,0
60303,0,1,0,0,0,0,0,0,0,0,0,0
60303,1,1,0,15,0,0,16,0,0,0,0,0
60304,1,1,0,0,0,0,13,0,0,0,0,0
60305,1,1,0,0,0,0,0,0,0,0,0,0
60306,1,1,0,0,0,0,0,0,0,0,0,0
60306,2,1,0,0,0,0,0,0,0,0,0,0
60307,0,1,0,0,0,0,0,0,0,0,0,0
60307,1,1,0,0,0,0,0,0,0,0,0,0
60308,1,1,15,15,15,15,15,15,15,15,15,15
60309,1,1,0,0,0,0,0,0,0,0,0,0
60310,0,1,0,0,0,0,0,0,0,0,0,0
60310,1,1,0,0,0,14,0,0,16,8,0,0
60311,1,1,25,25,25,25,25,25,25,25,25,25
60312,1,1,0,0,0,0,0,0,0,0,0,0
60313,0,1,13,13,13,13,13,13,13,13,13,13
60313,1,1,0,0,0,0,0,0,13,0,0,0
60314,1,1,0,0,0,0,0,0,0,0,0,0
60314,2,1,0,0,0,0,0,0,0,0,0,0
60315,0,1,2,2,2,2,2,2,2,2,2,2
60315,1,1,22,7,23,16,9,32,13,17,17,17
60316,0,1,4,4,4,4,4,4,4,4,4,4
60316,1,1,0,0,0,0,0,0,0,0,0,25
60317,1,1,0,0,0,0,0,0,0,0,0,0
60318,0,1,29,29,29,29,29,29,29,29,29,29
60318,1,1,0,0,0,0,0,0,0,0,0,0
60319,1,1,0,0,0,0,0,0,0,0,0,0
60319,2,1,0,0,0,0,0,0,0,0,0,0
60320,0,1,0,0,0,0,0,0,0,0,0,0
60320,1,1,10,0,0,0,0,0,0,0,0,12
60321,1,1,0,0,0,0,0,0,0,0,0,0
60321,2,1,0,0,0,0,0,0,0,0,0,0
60322,0,1,0,0,0,0,0,0,0,0,0,0
60322,1,1,0,0,0,0,0,0,0,0,0,0
60323,1,1,0,0,0,0,0,0,0,0,0,0
60323,2,1,0,0,0,0,0,0,0,0,0,0
60324,1,1,0,0,0,0,0,0,0,0,0,0
60324,2,1,0,0,0,0,0,0,0,0,0,0
60325,0,1,0,0,0,0,0,0,0,0,0,0
60325,1,1,11,11,11,11,11,11,11,11,11,11
60326,0,1,0,0,0,0,0,0,0,0,0,0
60326,1,1,0,0,0,0,0,0,0,0,0,0
60326,2,1,0,25,0,3,0,14,17,0,0,26
60327,0,1,0,0,0,0,0,0,0,0,0,0
60327,1,1,18,0,11,0,19,12,0,24,0,0
60328,1,1,0,0,0,0,0,0,0,0,0,0
60329,0,1,0,0,0,0,0,0,0,0,0,0
60329,1,1,0,26,0,0,23,0,24,26,0,20
60330,1,1,0,0,0,0,0,6,0,11,6,0
60330,2,1,0,0,0,0,0,0,0,0,0,20
60331,1,1,0,0,0,0,0,0,0,0,0,0
60331,2,1,0,0,0,0,0,0,0,0,0,0
60331,3,1,0,0,0,0,0,0,0,0,0,0
60332,1,1,17,17,17,17,17,17,17,17,17,17
60333,1,1,0,0,0,0,0,0,0,0,0,0
60333,2,1,0,0,0,0,0,0,0,0,0,0
60334,1,1,0,0,0,0,0,0,0,0,0,0
60334,2,1,0,0,0,0,0,0,0,0,0,0
60335,1,1,10,10,10,10,10,10,10,10,10,10
60336,1,1,0,0,0,18,0,0,0,0,0,0
60337,1,1,0,0,0,0,0,0,0,0,0,0
60338,1,1,35,35,35,35,35,35,35,35,35,35
60338,2,1,0,0,0,0,0,0,0,0,0,0
60340,1,1,6,6,6,6,6,6,6,6,6,6
60340,2,1,0,0,0,0,12,0,0,13,0,0
60340,3,1,14,0,0,5,0,0,9,3,0,0
60341,1,1,0,0,0,0,0,0,0,0,0,0
60341,2,1,0,46,6,0,0,24,0,0,0,0
60341,3,1,0,0,0,0,0,0,0,0,0,0
60342,0,1,29,29,29,29,29,29,29,29,29,29
60342,1,1,0,13,0,0,13,0,0,0,0,0
60343,1,1,11,11,11,11,11,11,11,11,11,11
60344,0,1,0,0,0,0,0,0,0,0,0,0
60344,1,1,0,0,28,0,0,0,0,0,0,0
60345,0,1,0,0,0,0,0,0,0,0,0,0
60345,1,1,23,0,0,0,2,0,0,0,0,0
60346,1,1,27,27,27,27,27,27,27,27,27,27
60346,2,1,0,0,0,0,0,0,0,0,0,0
60347,1,1,15,15,15,15,15,15,15,15,15,15
60347,2,1,0,0,0,0,0,0,0,0,0,0
60348,1,1,0,0,0,0,0,0,0,0,0,0
60348,2,1,0,0,0,0,0,0,0,0,0,0
60349,0,1,0,0,25,18,0,0,0,0,0,0
60349,1,1,0,0,0,0,0,0,0,0,0,0
60350,0,1,0,0,0,0,0,0,0,0,0,0
60350,1,1,0,0,0,0,0,0,0,0,0,0
60351,1,1,0,0,0,0,0,0,0,0,0,0
60351,2,1,0,0,0,0,7,0,0,0,0,0
60352,0,1,17,17,17,17,17,17,17,17,17,17
60352,1,1,13,8,22,24,30,23,0,0,9,18
60353,1,1,29,29,29,29,29,29,29,29,29,29
60353,2,1,0,0,0,0,0,0,0,0,0,0
60354,0,1,0,12,0,18,0,0,0,40,0,0
60354,1,1,0,18,0,14,17,0,21,0,13,0
60355,1,1,0,0,0,0,0,0,0,0,0,0
60356,0,1,0,0,0,0,0,0,0,0,0,0
60356,1,1,10,10,10,10,10,10,10,10,10,10
60357,1,1,0,0,0,0,0,0,0,0,0,0
60357,2,1,0,0,0,0,0,14,0,0,0,0
60357,3,1,0,0,0,0,0,0,0,0,0,0
60357,4,1,0,0,0,0,0,0,0,0,0,0
60358,1,1,0,0,0,0,0,0,0,0,0,0
60359,1,1,0,0,14,0,0,0,0,0,0,0
60359,2,1,0,0,0,0,0,0,10,0,0,0
60360,1,1,0,0,0,0,0,0,0,0,0,0
60360,2,1,0,0,24,0,20,0,0,0,0,0
60361,1,1,0,0,0,0,0,0,0,0,0,0
60361,2,1,0,0,0,0,0,0,0,0,0,0
60362,1,1,0,0,0,0,0,0,0,0,0,0
60362,2,1,0,0,0,0,0,0,0,0,0,0
60363,1,1,0,0,0,0,0,0,0,0,0,0
60364,1,1,0,0,13,0,0,0,0,0,0,0
60365,0,1,0,0,0,0,0,0,0,0,0,21
60365,1,1,0,0,0,0,0,0,0,0,0,0
60366,0,1,0,0,0,0,0,0,0,0,0,0
60366,1,1,0,0,0,0,0,0,0,0,0,0
60367,1,1,0,0,0,0,0,0,0,0,0,0
60368,1,1,11,11,11,11,11,11,11,11,11,11
60368,2,1,0,0,0,0,0,0,0,0,0,0
60369,1,1,0,0,0,0,0,0,0,0,0,0
60370,1,1,13,13,13,13,13,13,13,13,13,13
60371,1,1,18,18,18,18,18,18,18,18,18,18
60372,1,1,27,27,27,27,27,27,27,27,27,27
60373,1,1,0,0,0,0,0,0,0,0,0,0
60373,2,1,0,0,0,0,0,0,0,0,0,10
60374,1,1,0,0,0,0,0,0,0,0,0,0
60374,2,1,0,0,0,0,0,0,0,0,0,0
60375,1,1,0,0,0,0,0,0,0,0,0,0
60376,1,1,0,0,0,0,0,0,0,0,0,0
60376,2,1,0,0,0,0,0,0,0,0,0,0
60376,3,1,0,0,0,0,0,0,0,0,0,0
60377,1,1,0,0,0,0,0,0,0,0,0,0
60377,2,1,0,0,0,0,0,0,0,0,0,0
60378,1,1,0,0,0,0,0,0,0,0,0,0
60379,0,1,21,21,21,21,21,21,21,21,21,21
60379,1,1,0,0,0,0,0,0,0,0,0,0
60380,0,1,25,25,25,25,25,25,25,25,25,25
60380,1,1,0,0,0,0,0,0,0,0,13,0
60381,0,1,24,24,24,24,24,24,24,24,24,24
60381,1,1,20,0,0,12,19,0,19,0,0,8
60382,1,1,17,17,17,17,17,17,17,17,17,17
60383,1,1,0,0,0,0,0,0,0,0,0,0
60383,2,1,0,0,0,0,0,0,0,0,0,0
60384,1,1,12,12,12,12,12,12,12,12,12,12
60385,0,1,0,0,0,0,0,0,0,0,0,0
60385,1,1,0,0,0,0,0,23,13,0,14,0
60386,1,1,0,0,0,0,0,0,0,0,0,0
60387,1,1,0,0,14,0,0,0,0,0,0,0
60387,2,1,12,0,0,0,0,0,0,0,0,0
60387,3,1,0,0,0,0,0,0,0,0,0,18
60387,4,1,5,0,0,0,16,6,0,9,14,2
60388,1,1,24,24,24,24,24,24,24,24,24,24
60389,1,1,0,0,0,0,0,0,0,0,0,0
60389,2,1,0,0,0,0,0,0,0,0,0,0
60390,0,1,0,0,0,0,0,0,0,0,0,0
60390,1,1,0,0,0,0,2,0,20,0,0,0
60391,0,1,0,0,0,0,0,0,0,0,0,0
60391,1,1,0,24,19,0,13,10,21,0,0,13
60392,1,1,0,0,0,0,0,0,0,0,0,0
60392,2,1,0,0,0,0,0,0,0,0,0,0
60393,1,1,0,0,0,0,0,0,0,0,0,0
60393,2,1,0,0,0,0,0,0,0,0,0,0
60394,1,1,0,0,0,0,0,0,0,0,0,0
60395,0,1,0,0,0,0,0,0,0,0,0,0
60395,1,1,0,0,0,0,0,0,0,5,0,13
60396,1,1,19,14,18,6,8,6,20,15,16,12
60397,0,1,0,0,0,0,0,0,0,0,0,0
60397,1,1,6,6,6,6,6,6,6,6,6,6
60398,1,1,0,0,0,0,0,0,0,0,0,0
60399,1,1,0,0,0,0,0,0,0,0,0,0
60399,2,1,0,0,0,0,0,0,0,0,0,0
60399,3,1,0,0,0,0,0,0,0,26,0,0
60400,1,1,0,0,0,0,0,0,0,0,0,0
60401,1,1,0,0,0,0,0,0,0,0,0,0
60401,2,1,0,0,0,0,0,0,0,0,0,0
60402,0,1,0,0,0,0,0,0,0,0,0,0
60402,1,1,0,0,0,0,0,0,0,0,0,0
60403,1,1,0,0,0,0,0,0,0,0,0,0
60403,2,1,0,0,0,15,0,0,0,0,0,0
60403,3,1,0,0,0,0,0,0,0,0,0,0
60404,1,1,0,0,0,0,0,0,0,0,0,0
60404,2,1,0,0,0,0,0,0,0,0,0,0
60404,3,1,0,0,0,0,0,0,0,0,0,8
60405,0,1,26,0,0,0,0,0,0,0,0,15
60405,1,1,6,0,19,0,0,0,11,0,0,0
60406,1,1,26,26,26,26,26,26,26,26,26,26
60407,1,1,0,0,0,0,0,0,0,0,0,0
60407,2,1,0,0,0,0,0,0,0,0,0,0
60408,1,1,0,0,0,0,0,0,0,0,0,0
60409,1,1,18,18,18,18,18,18,18,18,18,18
60409,2,1,0,0,0,0,0,0,0,0,0,0
60410,1,1,13,13,9,16,3,10,29,0,0,13
60411,1,1,17,17,17,17,17,17,17,17,17,17
60412,0,1,0,26,0,0,0,0,0,0,0,19
60412,1,1,0,0,0,0,0,0,0,0,0,0
60413,1,1,25,25,25,25,25,25,25,25,25,25
60413,2,1,16,16,16,16,16,16,16,16,16,16
60413,3,1,0,0,0,0,0,15,0,0,14,0
60414,0,1,0,0,0,0,0,0,0,0,0,0
60414,1,1,0,0,0,0,0,0,0,15,0,0
60415,1,1,0,0,0,0,0,0,0,0,0,0
60416,1,1,20,20,20,20,20,20,20,20,20,20
60417,0,1,25,25,25,25,25,25,25,25,25,25
60417,1,1,0,0,0,0,0,0,13,13,0,0
60417,2,1,0,0,0,23,0,19,0,0,0,0
60418,0,1,51,51,51,51,51,51,51,51,51,51
60418,1,1,0,0,0,0,0,0,0,9,0,0
60419,1,1,21,21,21,21,21,21,21,21,21,21
60420,1,1,0,0,0,0,0,0,0,0,0,0
60420,2,1,11,11,11,11,11,11,11,11,11,11
60421,1,1,0,0,0,0,0,0,0,0,0,0
60422,1,1,0,0,0,0,0,0,0,0,0,0
60422,2,1,0,0,0,0,0,0,0,0,0,0
60423,1,1,0,0,0,24,14,6,42,0,15,0
60424,0,1,24,0,0,0,0,0,18,0,31,33
60424,1,1,0,0,0,0,0,0,0,0,0,0
60425,1,1,29,29,29,29,29,29,29,29,29,29
60425,2,1,0,0,0,0,13,0,0,0,0,0
60425,3,1,0,0,0,0,0,0,0,0,0,0
60426,1,1,0,0,0,0,0,16,0,0,0,0
60427,1,1,0,0,0,0,0,0,0,0,0,0
60427,2,1,0,0,0,0,0,0,0,0,0,0
60428,1,1,0,0,0,0,0,0,0,0,0,0
60428,2,1,0,0,0,0,0,0,0,0,0,0
60429,0,1,0,25,0,11,0,20,0,0,0,0
60429,1,1,0,0,0,0,0,0,0,0,0,0
60430,0,1,0,0,0,0,0,0,0,0,0,0
60430,1,1,0,0,0,0,0,0,0,0,0,0
60431,0,1,0,0,0,0,0,0,0,0,0,0
60431,1,1,0,0,0,0,0,0,0,0,0,0
60432,0,1,0,0,0,0,0,0,0,0,0,0
60432,1,1,0,0,0,0,0,0,0,0,0,0
60432,2,1,24,10,8,8,0,0,29,0,0,0
60433,0,1,0,0,0,0,22,8,0,17,0,0
60433,1,1,0,0,0,0,0,0,0,0,0,0
60434,0,1,0,0,0,0,0,0,0,0,0,0
60434,1,1,0,0,0,0,0,0,0,0,0,0
60435,0,1,0,0,0,0,0,0,0,0,0,0
60435,1,1,0,0,0,0,0,0,0,0,0,0
60436,1,1,0,0,0,0,0,0,0,0,0,0
60436,2,1,0,0,0,0,0,0,0,0,0,0
60436,3,1,0,0,0,0,0,0,0,0,0,0
60437,1,1,0,0,0,0,0,0,0,0,0,0
60437,2,1,0,6,0,11,20,0,0,0,0,0
60438,0,1,19,19,19,19,19,19,19,19,19,19
60438,0,2,8,8,8,8,8,8,8,8,8,8
60438,1,1,26,27,11,12,0,17,0,20,17,13
60439,0,1,0,0,0,0,0,0,0,0,0,0
60439,1,1,0,0,0,0,0,0,0,0,0,0
60440,1,1,28,28,28,28,28,28,28,28,28,28
60440,2,1,0,0,0,0,0,0,0,0,0,0
60441,0,1,0,0,0,0,0,0,0,0,0,0
60441,1,1,20,0,0,0,0,0,0,0,0,0
60442,1,1,0,0,0,0,0,0,0,0,0,0
60442,2,1,0,16,0,0,0,0,0,0,0,0
60443,0,1,18,18,18,18,18,18,18,18,18,18
60443,1,1,0,0,0,0,0,0,0,0,0,0
60444,1,1,0,0,0,0,0,0,0,0,0,0
60445,1,1,9,9,9,9,9,9,9,9,9,9
60446,1,1,27,27,27,27,27,27,27,27,27,27
60447,1,1,0,0,0,0,0,0,0,0,0,0
60447,2,1,0,0,0,0,0,0,0,0,0,0
60448,1,1,0,0,0,0,0,0,0,0,0,0
60448,2,1,0,0,0,0,0,0,0,0,0,0
60449,0,1,0,0,0,0,0,0,0,0,0,0
60449,1,1,0,0,0,0,30,0,0,0,0,0
60450,1,1,0,0,0,0,0,0,0,0,0,0
60450,2,1,0,0,0,0,0,0,0,0,0,0
60451,0,1,0,0,0,0,0,0,0,0,0,0
60451,1,1,0,0,0,0,0,0,0,0,0,0
60452,1,1,10,0,0,0,17,0,0,19,0,0
60452,2,1,0,9,0,14,0,0,0,30,0,0
60453,0,1,14,14,14,14,14,14,14,14,14,14
60453,1,1,0,0,0,0,0,0,0,0,0,0
60453,3,1,0,0,0,0,0,6,0,7,0,0
60453,4,1,15,0,0,0,0,28,0,0,0,0
60454,0,1,0,0,0,0,0,0,0,0,0,0
60454,1,1,8,19,0,0,0,0,8,8,0,0
60455,0,1,10,10,10,10,10,10,10,10,10,10
60455,1,1,0,0,0,0,0,0,0,0,0,0
60456,1,1,22,22,22,22,22,22,22,22,22,22
60456,2,1,0,0,0,0,0,0,0,0,0,0
60456,3,1,0,28,0,7,8,11,11,0,10,8
60457,1,1,24,24,24,24,24,24,24,24,24,24
60458,1,1,0,0,0,0,0,0,0,0,0,0
60458,2,1,0,0,0,0,0,0,0,0,0,0
60459,0,1,0,0,0,0,0,0,0,0,0,0
60459,1,1,0,0,0,0,0,0,0,0,0,0
60460,1,1,0,0,24,0,0,0,0,0,0,25
60460,2,1,0,0,0,0,0,0,0,0,0,0
60461,1,1,0,0,0,0,0,0,0,0,0,0
60461,2,1,0,0,0,0,0,0,0,0,0,0
60462,0,1,2,2,2,2,2,2,2,2,2,2
60462,1,1,0,0,0,0,0,0,0,0,0,0
60463,0,1,0,0,0,0,0,0,0,0,0,0
60463,1,1,0,0,0,0,0,0,0,0,0,0
60464,1,1,0,0,0,0,0,0,0,0,0,0
60464,2,1,0,0,0,0,0,0,0,0,0,0
60465,1,1,0,0,0,0,0,0,0,0,0,0
60465,2,1,0,0,0,0,0,0,0,0,0,0
60466,1,1,0,0,0,0,0,0,0,0,0,0
60466,2,1,0,0,0,0,0,0,0,0,0,0
60467,0,1,5,5,5,5,5,5,5,5,5,5
60467,1,1,13,0,0,18,0,17,16,0,6,0
60468,0,1,0,0,0,0,0,0,0,0,0,0
60468,1,1,0,23,15,11,13,11,0,0,0,21
60469,1,1,9,9,9,9,9,9,9,9,9,9
60469,2,1,0,0,0,0,0,0,0,0,0,0
60470,0,1,31,31,31,31,31,31,31,31,31,31
60470,1,1,20,20,20,20,20,20,20,20,20,20
60471,1,1,0,0,0,0,0,0,0,0,0,0
60472,1,1,0,0,0,0,0,0,0,0,0,0
60473,1,1,17,17,17,17,17,17,17,17,17,17
60473,2,1,0,0,0,0,0,0,0,0,0,0
60474,0,1,0,0,0,22,0,0,0,0,0,0
60474,1,1,0,0,0,0,0,0,0,0,0,0
60475,1,1,0,0,9,0,0,0,0,0,0,0
60475,2,1,0,0,0,0,0,0,0,0,0,0
60476,1,1,0,0,0,0,0,0,0,0,0,0
60477,1,1,0,0,0,0,0,0,0,0,0,0
60477,2,1,0,0,0,0,0,0,0,0,0,0
60478,1,1,9,9,9,9,9,9,9,9,9,9
60479,1,1,0,0,0,0,0,0,0,0,0,0
60479,2,1,0,0,0,0,0,0,0,0,0,0
60480,1,1,0,0,0,0,0,0,0,0,0,0
60481,1,1,0,0,0,0,0,0,0,0,0,0
60482,1,1,0,0,0,0,0,0,0,0,0,0
60483,1,1,0,0,0,0,0,0,0,0,0,0
60483,2,1,0,0,0,0,0,0,0,0,0,0
60484,1,1,0,0,0,0,0,0,0,0,0,0
60484,2,1,0,0,0,0,0,0,0,0,0,0
60485,0,1,0,0,0,0,0,0,0,0,0,0
60485,1,1,0,0,0,0,12,0,0,0,0,0
60486,1,1,34,34,34,34,34,34,34,34,34,34
60487,1,1,28,28,28,28,28,28,28,28,28,28
60487,2,1,0,0,0,0,14,0,0,0,0,0
60487,3,1,0,0,0,0,0,0,0,0,0,0
60488,1,1,0,0,0,0,0,0,0,0,0,0
60488,2,1,0,0,0,0,0,0,0,0,0,0
60489,0,1,0,0,0,0,0,0,0,0,0,0
60489,1,1,0,14,0,0,0,15,0,0,0,0
60490,1,1,0,0,0,0,0,0,0,0,0,0
60491,1,1,13,13,13,13,13,13,13,13,13,13
60492,1,1,0,0,0,0,0,0,0,0,0,0
60493,1,1,0,0,0,0,0,0,0,0,0,0
60493,2,1,10,10,10,10,10,10,10,10,10,10
60494,1,1,0,0,0,0,0,0,0,0,0,0
60494,2,1,0,0,0,0,0,0,0,0,0,0
60495,1,1,20,20,20,20,20,20,20,20,20,20
60496,1,1,0,0,0,0,0,0,0,0,0,0
60496,2,1,0,0,0,0,0,5,0,0,0,0
60497,1,1,0,0,0,0,0,0,0,0,0,0
60497,2,1,0,0,0,0,0,0,26,0,0,0
60497,3,1,0,0,0,0,0,0,0,0,0,0
60498,1,1,0,0,0,0,0,0,0,0,0,0
60499,1,1,0,0,0,0,0,0,0,0,0,0
60500,1,1,0,0,0,0,0,0,0,0,0,0
60501,1,1,0,0,0,0,0,0,0,0,0,0
60501,2,1,0,0,0,0,0,0,0,0,0,0
60502,0,1,8,8,8,8,8,8,8,8,8,8
60502,1,1,0,0,33,0,0,18,8,16,0,12
60503,1,1,0,0,0,10,8,19,0,0,0,0
60503,2,1,0,17,0,0,0,0,8,11,0,13
60504,1,1,17,17,17,17,17,17,17,17,17,17
60505,1,1,0,0,0,0,0,0,0,0,0,0
60505,2,1,0,0,0,0,0,0,0,0,0,0
60506,1,1,26,26,26,26,26,26,26,26,26,26
60507,1,1,0,0,0,0,0,0,0,0,0,0
60507,2,1,0,0,0,0,0,0,0,0,0,0
60508,1,1,0,0,0,0,0,0,0,0,0,0
60509,1,1,0,0,0,0,0,0,0,0,0,0
60509,2,1,0,0,0,0,0,0,0,0,0,0
60510,0,1,0,0,0,0,20,0,0,0,0,37
60510,1,1,0,0,0,0,0,0,0,0,0,0
60511,0,1,0,0,0,0,0,0,0,0,0,10
60511,1,1,0,0,0,0,0,0,0,0,0,0
60512,0,1,34,34,34,34,34,34,34,34,34,34
60512,1,1,0,0,0,0,0,0,0,0,0,0
60513,0,1,0,0,0,0,0,0,0,0,0,0
60513,0,2,0,18,0,0,0,0,0,0,0,24
60513,1,1,0,0,0,0,0,0,0,0,0,0
60514,1,1,0,0,0,0,0,14,0,0,0,0
60514,2,1,0,0,0,0,0,0,0,0,0,0
60515,1,1,0,0,0,0,0,0,0,0,0,0
60516,1,1,0,0,0,0,0,0,0,0,0,0
60516,2,1,0,0,0,0,0,0,0,0,0,0
60517,0,1,18,18,18,18,18,18,18,18,18,18
60517,0,2,0,0,0,0,0,0,0,0,0,0
60517,1,1,0,0,0,0,0,0,0,0,0,0
60518,1,1,0,0,0,12,0,13,14,17,0,0
60518,2,1,5,5,5,5,5,5,5,5,5,5
60519,0,1,0,0,0,0,0,0,0,0,0,0
60519,1,1,0,0,0,0,0,0,0,0,0,0
60520,0,1,1,1,1,1,1,1,1,1,1,1
60520,1,1,0,0,0,0,0,0,0,0,0,0
60521,1,1,0,0,0,0,0,0,0,0,0,0
60522,1,1,0,0,0,0,0,0,0,0,0,0
60523,0,1,28,0,0,0,0,0,0,0,11,25
60523,1,1,0,0,0,0,0,0,21,0,16,0
60524,1,1,0,0,0,23,0,0,0,0,0,0
60524,2,1,19,0,0,0,0,0,0,0,0,0
60525,0,1,0,0,0,0,37,0,3,26,31,34
60525,1,1,16,0,0,0,0,0,0,0,0,0
60526,0,1,0,0,0,0,0,0,0,0,0,0
60526,0,2,33,0,0,0,0,0,0,0,0,0
60526,0,3,0,0,0,0,0,5,0,0,0,0
60526,0,4,0,19,0,10,0,0,0,0,0,0
60526,1,1,22,22,22,22,22,22,22,22,22,22
60527,1,1,5,5,5,5,5,5,5,5,5,5
60527,2,1,0,0,0,0,0,0,0,0,0,0
60528,0,1,0,0,0,0,0,0,0,0,0,0
60528,1,1,0,0,0,0,0,0,0,0,0,0
60529,0,1,0,0,0,0,0,0,0,0,0,0
60529,1,1,0,0,0,0,21,0,0,0,18,0
60530,0,1,0,43,18,0,0,0,0,0,20,0
60530,1,1,0,0,0,0,0,0,0,0,0,17
60531,0,1,0,0,0,0,0,0,0,0,27,0
60531,1,1,0,0,0,0,0,0,9,0,0,9
60532,1,1,0,0,0,0,0,0,0,0,0,0
60533,1,1,14,14,14,14,14,14,14,14,14,14
60533,2,1,0,0,0,0,0,0,0,0,0,0
60534,1,1,0,0,0,0,0,0,0,0,0,0
60534,2,1,0,0,0,0,0,0,0,0,0,0
60535,0,1,0,0,0,0,0,0,0,0,0,0
60535,1,1,0,0,0,0,0,0,0,0,0,0
60536,0,1,0,0,0,0,0,0,0,0,0,0
60536,1,1,13,0,0,0,3,18,25,8,28,0
60537,0,1,2,2,2,2,2,2,2,2,2,2
60537,1,1,0,0,0,0,0,0,0,0,0,0
60538,0,1,0,0,0,0,0,0,0,0,0,0
60538,1,1,0,0,0,0,0,0,0,0,5,0
60539,0,1,0,0,0,0,0,0,0,0,0,0
60539,1,1,0,0,14,0,0,0,0,0,0,0
60540,0,1,0,0,0,0,0,0,0,0,0,0
60540,1,1,0,0,0,0,0,0,0,0,0,0
60541,1,1,22,22,22,22,22,22,22,22,22,22
60541,2,1,0,0,0,0,0,0,0,0,0,0
60542,1,1,0,21,0,0,0,0,0,0,0,4
60543,1,1,8,8,8,8,8,8,8,8,8,8
60544,1,1,21,21,21,21,21,21,21,21,21,21
60544,2,1,0,0,0,0,0,0,0,0,0,0
60545,1,1,0,0,0,0,0,0,0,0,21,0
60545,2,1,0,0,0,0,0,0,0,0,0,0
60546,1,1,0,0,0,0,0,0,0,0,0,0
60546,2,1,0,0,0,0,0,0,0,0,0,0
60547,1,1,5,5,5,5,5,5,5,5,5,5
60548,1,1,0,0,0,0,0,0,0,0,6,0
60549,1,1,23,23,23,23,23,23,23,23,23,23
60550,0,1,28,28,28,28,28,28,28,28,28,28
60550,1,1,0,0,0,0,0,0,0,0,0,0
60550,2,1,12,0,9,29,34,0,20,27,14,6
60551,1,1,0,0,15,0,0,0,0,0,0,0
60551,2,1,8,0,0,0,0,0,0,0,0,0
60552,1,1,21,21,21,21,21,21,21,21,21,21
60554,1,1,0,0,0,0,0,0,0,0,0,0
60555,1,1,0,10,0,0,0,0,0,0,0,0
60556,0,1,0,0,0,0,0,0,0,0,0,0
60556,1,1,0,0,0,8,0,0,0,0,0,16
60556,2,1,8,24,0,8,18,0,0,0,0,0
60557,1,1,5,5,5,5,5,5,5,5,5,5
60557,2,1,0,0,0,0,0,0,0,0,0,0
60558,1,1,0,0,0,0,0,0,0,0,0,0
60558,2,1,0,0,0,0,0,0,0,0,0,0
60559,0,1,0,0,0,0,0,0,0,0,0,0
60559,1,1,0,0,0,10,0,0,0,0,0,0
60560,1,1,0,0,0,0,0,0,0,0,0,0
60560,2,1,0,0,0,0,0,0,0,0,0,0
60560,3,1,0,0,0,13,0,0,0,0,0,0
60560,4,1,0,0,0,0,0,0,0,0,0,0
60560,5,1,0,0,0,0,0,0,0,0,0,0
60561,0,1,0,0,0,0,0,0,0,0,0,0
60561,1,1,14,5,0,0,10,0,0,15,17,0
60562,1,1,0,0,0,0,0,0,0,0,0,0
60562,2,1,0,0,0,0,0,0,0,18,0,0