ST_CASE,VEH_NO,PER_NO,P1,P2,P3,P4,P5,P6,P7,P8,P9,P10
60562,3,1,0,0,0,0,0,0,31,0,0,0
60563,1,1,0,0,6,0,0,0,0,18,0,0
60563,2,1,0,0,0,0,0,0,0,0,0,0
60564,1,1,18,18,18,18,18,18,18,18,18,18
60565,0,1,0,0,0,0,0,0,0,0,0,0
60565,1,1,0,0,0,0,0,0,0,0,0,0
60567,1,1,0,0,0,0,0,0,0,0,0,0
60567,2,1,0,0,0,0,0,0,0,0,0,0
60568,1,1,29,29,29,29,29,29,29,29,29,29
60568,2,1,0,0,0,0,0,0,0,0,0,0
60569,1,1,16,16,16,16,16,16,16,16,16,16
60569,2,1,0,0,0,0,0,0,0,0,0,0
60571,1,1,0,0,0,0,0,0,0,0,0,0
60571,2,1,26,26,26,26,26,26,26,26,26,26
60572,1,1,21,21,21,21,21,21,21,21,21,21
60572,2,1,0,0,0,0,0,0,0,0,0,0
60573,1,1,30,30,30,30,30,30,30,30,30,30
60573,2,1,0,0,0,0,0,0,0,0,0,0
60573,3,1,0,0,0,0,0,0,0,0,0,0
60574,1,1,19,19,19,19,19,19,19,19,19,19
60575,1,1,0,0,0,0,0,0,0,0,0,0
60575,2,1,0,0,0,0,0,0,0,0,0,0
60576,0,1,0,0,0,0,0,0,0,0,0,0
60576,1,1,13,0,0,0,0,26,0,0,0,22
60576,2,1,0,0,0,0,0,0,0,0,16,0
60577,1,1,24,24,24,24,24,24,24,24,24,24
60578,0,1,0,0,0,0,0,0,0,0,0,0
60578,1,1,0,0,0,5,0,0,0,0,0,0
60579,1,1,0,0,0,0,0,0,0,0,0,0
60579,2,1,0,0,0,0,0,0,0,0,0,0
60580,1,1,21,21,21,21,21,21,21,21,21,21
60581,1,1,0,0,0,0,0,0,0,0,0,0
60582,1,1,0,0,0,0,0,0,0,0,0,0
60583,1,1,0,0,10,0,0,0,0,0,0,0
60583,2,1,18,21,25,18,18,15,17,39,4,19
60584,1,1,22,22,22,22,22,22,22,22,22,22
60584,2,1,0,0,0,0,0,0,0,0,0,0
60585,0,1,33,33,33,33,33,33,33,33,33,33
60585,1,1,19,19,19,19,19,19,19,19,19,19
60586,1,1,10,10,10,10,10,10,10,10,10,10
60586,2,1,0,0,0,0,0,0,0,0,0,0
60587,1,1,12,12,12,12,12,12,12,12,12,12
60588,1,1,0,0,0,0,0,0,0,0,0,0
60588,2,1,0,0,0,0,0,0,0,0,0,0
60588,3,1,0,0,0,0,0,0,0,0,0,0
60589,1,1,0,0,0,0,0,0,0,0,0,0
60590,1,1,0,13,21,0,0,14,0,0,0,24
60590,2,1,4,0,0,0,0,0,0,0,0,0
60591,1,1,0,0,0,0,0,0,0,0,0,0
60591,2,1,0,0,0,0,0,0,0,0,0,0
60592,1,1,9,9,9,9,9,9,9,9,9,9
60592,2,1,0,0,0,0,0,0,0,0,0,0
60592,3,1,0,0,0,0,0,0,0,0,0,0
60593,1,1,0,0,0,0,0,0,0,0,0,0
60593,2,1,0,0,16,0,0,0,0,0,0,0
60594,0,1,0,0,0,0,0,0,0,0,0,0
60594,1,1,17,0,23,9,0,9,0,0,0,22
60595,1,1,0,0,0,0,0,0,0,0,0,0
60595,2,1,0,0,0,0,0,0,0,0,0,0
60596,1,1,23,23,23,23,23,23,23,23,23,23
60596,2,1,0,0,0,0,0,22,0,13,0,0
60597,1,1,0,0,0,0,0,0,0,0,0,0
60597,2,1,0,0,0,0,0,0,0,0,0,0
60598,1,1,0,0,0,0,0,0,0,0,0,0
60599,1,1,0,0,0,0,0,0,0,0,0,0
60600,1,1,0,0,0,0,0,0,0,0,0,0
60600,2,1,0,0,27,0,0,0,0,0,0,0
60600,3,1,0,0,0,4,0,0,0,0,0,0
60600,4,1,0,0,0,26,23,0,0,0,0,0
60600,5,1,0,0,0,25,0,0,0,0,0,0
60600,6,1,0,0,0,0,0,31,0,0,0,0
60600,7,1,21,0,0,0,0,0,0,0,24,0
60600,8,1,0,21,0,13,42,0,0,27,27,0
60601,1,1,21,21,21,21,21,21,21,21,21,21
60601,2,1,0,0,0,0,0,0,0,0,0,0
60602,1,1,0,0,0,0,0,0,0,0,0,0
60602,2,1,0,0,0,0,0,0,0,0,0,0
60603,0,1,0,0,0,0,0,0,0,0,0,0
60603,1,1,0,0,0,0,0,0,0,0,0,0
60604,1,1,23,23,23,23,23,23,23,23,23,23
60604,2,1,0,0,0,0,0,0,0,0,0,0
60604,3,1,0,0,0,0,0,0,0,0,0,0
60605,1,1,0,0,0,0,0,0,0,0,0,0
60606,1,1,0,0,0,0,0,0,0,0,0,11
60606,2,1,0,0,0,0,0,0,0,0,0,0
60607,1,1,0,0,0,0,0,0,0,0,0,0
60608,1,1,0,0,0,0,0,0,0,0,0,0
60609,1,1,0,0,0,0,0,0,0,0,0,0
60610,1,1,0,0,0,0,0,0,0,0,0,0
60611,1,1,0,0,0,0,0,0,0,0,0,0
60612,1,1,0,0,0,0,0,0,0,0,0,0
60612,2,1,0,0,0,0,0,0,0,0,0,0
60613,1,1,0,0,0,0,0,0,0,0,0,0
60613,2,1,0,0,0,0,0,0,0,0,0,0
60613,3,1,0,0,0,0,20,0,0,0,0,6
60614,0,1,0,0,0,0,0,0,0,0,0,0
60614,1,1,0,0,0,0,0,0,0,0,0,0
60615,0,1,16,16,16,16,16,16,16,16,16,16
60615,1,1,0,0,0,0,0,0,0,0,0,0
60616,1,1,0,0,0,0,0,0,0,0,0,0
60616,2,1,0,0,0,0,0,0,0,0,0,0
60617,1,1,0,0,0,0,0,0,0,0,0,0
60617,2,1,0,0,0,0,0,0,0,0,0,0
60618,0,1,0,0,0,0,0,0,0,0,0,0
60618,1,1,0,0,0,0,0,0,0,0,0,0
60618,2,1,0,0,0,0,0,0,0,0,0,0
60619,1,1,0,0,0,0,0,0,0,0,0,0
60620,1,1,15,15,15,15,15,15,15,15,15,15
60621,0,1,0,0,0,0,0,0,0,0,0,0
60621,1,1,0,0,0,0,0,0,18,0,0,0
60622,0,1,8,8,8,8,8,8,8,8,8,8
60622,1,1,14,4,19,8,20,18,15,9,8,12
60623,1,1,0,0,0,0,0,0,0,0,0,0
60623,2,1,0,0,0,0,0,0,0,0,32,0
60624,0,1,0,0,0,0,0,0,0,0,0,0
60624,1,1,0,0,0,0,0,0,0,0,0,0
60625,1,1,0,0,0,0,0,0,0,0,0,0
60625,2,1,0,0,0,0,0,0,0,0,0,0
60625,3,1,0,0,0,11,0,0,23,0,0,0
60626,1,1,0,0,0,0,0,0,0,0,0,0
60627,1,1,0,0,0,0,0,0,0,0,0,0
60627,2,1,0,0,0,5,14,0,0,0,0,0
60628,1,1,0,0,0,0,0,0,0,0,0,0
60629,1,1,15,15,15,15,15,15,15,15,15,15
60630,1,1,0,0,0,0,6,0,0,0,0,0
60631,0,1,0,0,0,0,0,0,0,0,0,0
60631,1,1,0,0,0,0,0,0,0,0,0,0
60632,1,1,0,0,0,0,0,0,0,0,0,0
60632,2,1,11,0,0,0,0,0,9,0,0,0
60632,3,1,0,0,0,0,0,0,0,0,0,0
60632,4,1,0,0,0,0,0,0,0,0,0,0
60633,1,1,7,7,7,7,7,7,7,7,7,7
60633,2,1,0,0,0,0,0,0,0,0,0,0
60634,1,1,0,0,0,0,0,0,0,0,0,0
60635,1,1,0,0,0,0,0,0,0,0,0,0
60635,2,1,0,0,0,0,0,0,0,0,0,0
60636,0,1,0,0,0,0,0,0,0,0,0,0
60636,1,1,0,0,0,0,0,0,0,0,0,0
60637,0,1,0,0,0,0,0,0,0,0,0,0
60637,1,1,0,0,0,0,0,0,0,0,0,0
60638,1,1,0,0,0,0,0,0,0,0,0,0
60638,2,1,0,0,0,0,0,0,0,0,0,0
60639,0,1,29,29,29,29,29,29,29,29,29,29
60639,1,1,6,0,17,0,17,11,6,24,12,0
60640,1,1,0,0,0,0,0,0,0,0,0,15
60640,2,1,0,0,0,0,0,0,0,0,6,0
60640,3,1,0,0,0,23,0,0,0,0,17,0
60641,1,1,0,0,0,0,0,0,0,0,0,0
60642,1,1,11,11,11,11,11,11,11,11,11,11
60642,2,1,0,0,0,0,13,0,0,0,0,6
60643,0,1,24,24,24,24,24,24,24,24,24,24
60643,1,1,0,0,0,0,0,0,0,0,0,0
60644,0,1,0,0,0,0,0,0,0,0,0,0
60644,1,1,0,0,0,0,0,0,0,0,0,0
60645,1,1,0,0,0,0,0,0,0,0,0,0
60645,2,1,0,0,2,0,0,0,0,49,0,0
60646,0,1,0,0,0,0,0,0,0,0,0,0
60646,1,1,0,0,0,0,0,0,0,0,0,0
60647,1,1,0,0,0,0,0,0,0,0,0,0
60647,2,1,12,12,12,12,12,12,12,12,12,12
60647,3,1,0,0,0,10,0,0,0,20,16,3
60647,4,1,0,0,0,0,0,0,0,0,0,0
60648,0,1,26,26,26,26,26,26,26,26,26,26
60648,1,1,21,14,0,9,14,0,0,13,0,50
60649,1,1,0,0,0,0,0,0,0,0,0,0
60649,2,1,0,0,0,0,0,0,0,0,0,0
60649,3,1,0,0,8,0,17,0,0,0,0,0
60650,0,1,0,0,0,0,0,0,0,0,0,0
60650,0,2,0,0,0,0,11,0,26,0,0,0
60650,0,3,0,0,0,0,14,0,10,0,0,28
60650,1,1,0,0,0,0,0,0,0,0,0,0
60651,1,1,0,0,0,0,0,0,0,0,0,0
60651,2,1,0,0,0,0,0,0,0,0,0,0
60652,1,1,0,0,0,0,0,0,0,0,0,0
60653,0,1,22,22,22,22,22,22,22,22,22,22
60653,1,1,0,0,0,0,0,0,0,0,0,0
60653,2,1,0,8,0,0,0,20,0,33,0,3
60654,0,1,0,0,0,0,0,0,0,0,0,0
60654,1,1,0,0,0,0,0,0,0,0,0,0
60655,1,1,0,16,0,0,0,0,0,0,0,0
60655,2,1,0,0,0,0,0,0,0,0,0,0
60656,0,1,0,31,0,0,17,0,23,12,0,16
60656,1,1,2,2,2,2,2,2,2,2,2,2
60657,0,1,0,0,0,0,0,0,0,0,0,0
60657,1,1,0,0,0,0,0,0,0,0,0,0
60657,2,1,0,0,0,0,13,0,4,0,0,0
60658,1,1,0,0,0,0,0,0,0,0,0,0
60658,2,1,0,0,0,0,0,0,0,15,0,0
60659,1,1,0,0,0,0,0,0,0,0,0,0
60659,2,1,0,0,0,0,0,0,0,0,0,0
60660,0,1,23,23,23,23,23,23,23,23,23,23
60660,1,1,0,22,0,0,0,0,0,0,0,0
60661,0,1,0,0,0,0,0,0,0,0,0,0
60661,1,1,0,0,0,0,0,0,0,0,0,0
60662,1,1,0,0,0,0,0,0,0,0,0,0
60662,2,1,0,0,0,20,0,23,0,0,0,0
60662,3,1,0,11,0,0,0,0,0,0,0,0
60663,1,1,0,0,0,0,0,0,0,0,0,0
60663,2,1,0,0,0,0,0,0,0,0,0,0
60664,1,1,0,0,0,0,0,0,0,0,0,0
60665,1,1,20,20,20,20,20,20,20,20,20,20
60665,2,1,0,0,0,0,0,0,0,0,0,0
60666,1,1,13,13,13,13,13,13,13,13,13,13
60666,2,1,0,0,0,0,0,0,0,0,0,0
60666,3,1,0,0,0,0,0,0,0,0,0,0
60666,4,1,0,0,0,0,0,0,0,0,12,0
60667,0,1,0,0,0,0,0,0,0,0,0,0
60667,1,1,13,23,0,0,2,0,0,12,7,13
60667,2,1,0,0,0,0,3,0,6,0,0,0
60667,3,1,0,14,0,16,0,20,15,9,11,0
60668,1,1,0,0,0,0,7,0,0,0,0,0
60668,2,1,0,0,0,0,0,0,0,0,0,0
60669,1,1,15,15,15,15,15,15,15,15,15,15
60670,1,1,7,7,7,7,7,7,7,7,7,7
60670,2,1,19,21,11,0,0,17,0,15,0,17
60670,3,1,15,0,0,5,0,0,6,0,0,28
60671,0,1,13,13,13,13,13,13,13,13,13,13
60671,1,1,0,0,0,0,0,0,0,0,0,0
60672,0,1,10,10,10,10,10,10,10,10,10,10
60672,1,1,0,14,0,0,0,0,0,0,0,0
60673,1,1,12,12,12,12,12,12,12,12,12,12
60673,2,1,9,9,9,9,9,9,9,9,9,9
60673,3,1,0,0,0,0,0,0,0,0,0,0
60674,0,1,0,0,0,0,0,0,0,0,0,0
60674,1,1,0,0,0,0,0,0,0,0,0,0
60675,0,1,0,0,0,0,0,0,0,0,0,0
60675,1,1,0,20,0,24,16,0,0,11,0,0
60676,0,1,0,0,0,0,0,0,0,0,0,0
60676,1,1,0,2,26,17,9,19,13,0,0,20
60678,0,1,0,0,0,0,0,0,0,0,0,0
60678,1,1,0,0,0,0,0,0,0,0,0,0
60679,0,1,0,0,0,0,0,0,0,0,0,0
60679,1,1,17,17,17,17,17,17,17,17,17,17
60680,0,1,0,0,0,0,0,0,0,0,0,0
60680,1,1,0,0,0,0,0,0,0,0,0,0
60681,1,1,0,0,0,0,0,0,0,0,0,0
60682,1,1,0,0,0,0,0,0,0,0,0,0
60682,2,1,0,0,0,0,0,0,0,0,0,0
60683,1,1,16,16,16,16,16,16,16,16,16,16
60684,1,1,13,13,13,13,13,13,13,13,13,13
60685,1,1,0,0,0,0,0,0,0,0,0,0
60685,2,1,10,0,0,0,18,0,0,0,0,27
60685,3,1,0,21,0,10,0,0,0,0,0,0
60685,4,1,0,0,0,0,0,13,0,0,0,9
60686,1,1,0,0,0,0,0,0,0,0,0,0
60686,2,1,0,0,0,0,0,0,0,0,0,0
60687,1,1,0,0,0,0,0,0,0,0,0,0
60687,2,1,0,0,0,0,0,14,19,0,0,0
60687,3,1,0,0,0,0,0,0,0,0,0,0
60687,4,1,0,0,0,0,0,0,0,0,0,0
60688,0,1,0,0,0,0,0,0,0,0,0,0
60688,1,1,0,21,0,0,0,0,0,0,5,0
60689,1,1,34,34,34,34,34,34,34,34,34,34
60689,2,1,0,0,0,0,0,0,0,0,0,0
60690,1,1,13,13,13,13,13,13,13,13,13,13
60691,0,1,8,0,0,17,0,1,14,18,42,14
60691,1,1,17,13,0,26,0,0,16,0,19,33
60692,1,1,0,0,0,0,0,0,0,0,0,0
60692,2,1,30,0,0,0,0,0,0,0,0,0
60693,1,1,0,0,0,0,0,0,0,0,0,0
60694,1,1,16,18,22,14,0,22,11,19,21,14
60695,0,1,11,11,11,11,11,11,11,11,11,11
60695,1,1,0,0,0,0,19,0,0,0,0,0
60696,1,1,15,15,15,15,15,15,15,15,15,15
60697,1,1,11,0,0,0,0,0,0,0,0,4
60697,2,1,0,0,0,0,0,0,0,0,0,0
60697,3,1,11,11,11,11,11,11,11,11,11,11
60698,1,1,0,0,0,0,30,0,0,0,0,0
60698,2,1,0,0,0,0,0,0,0,0,0,0
60699,0,1,0,0,0,0,29,14,0,0,37,0
60699,1,1,0,0,0,0,0,0,0,0,0,0
60700,1,1,21,21,21,21,21,21,21,21,21,21
60701,1,1,1,1,1,1,1,1,1,1,1,1
60701,2,1,0,0,0,0,0,0,0,0,0,0
60701,3,1,0,0,0,0,0,0,0,0,0,0
60702,0,1,3,3,3,3,3,3,3,3,3,3
60702,1,1,0,0,0,0,0,0,0,0,2,0
60703,0,1,0,0,0,0,0,0,0,0,0,0
60703,1,1,0,0,0,0,0,0,0,0,0,0
60704,1,1,0,0,0,0,0,0,7,0,0,0
60705,1,1,15,15,15,15,15,15,15,15,15,15
60706,0,1,20,20,20,20,20,20,20,20,20,20
60706,1,1,0,0,0,0,0,0,0,0,0,0
60707,1,1,27,27,27,27,27,27,27,27,27,27
60708,1,1,0,0,0,0,0,0,0,0,0,0
60708,2,1,0,0,0,0,0,0,0,0,0,0
60709,1,1,3,3,3,3,3,3,3,3,3,3
60709,2,1,5,0,11,0,0,0,0,0,0,0
60711,0,1,0,0,0,0,0,0,0,0,0,0
60711,1,1,0,0,0,0,0,0,25,0,0,8
60712,1,1,0,0,0,0,0,0,0,0,0,0
60713,1,1,0,0,0,0,0,0,0,0,0,0
60713,2,1,0,0,0,0,0,0,0,0,0,0
60714,1,1,0,0,0,0,0,0,0,0,0,0
60715,1,1,0,0,0,0,0,0,0,0,0,0
60715,2,1,0,0,0,0,0,0,0,0,0,0
60716,1,1,0,0,0,0,0,0,0,19,0,0
60717,0,1,0,0,0,0,0,0,0,0,0,0
60717,1,1,15,0,0,0,14,0,0,0,0,0
60718,0,1,0,0,0,0,0,0,0,0,0,0
60718,1,1,0,0,0,0,0,0,0,0,0,0
60719,0,1,0,20,0,0,0,0,0,0,0,0
60719,1,1,0,0,0,0,0,0,0,0,0,0
60719,2,1,0,0,0,0,0,0,0,0,0,0
60720,0,1,8,8,8,8,8,8,8,8,8,8
60720,1,1,0,10,17,0,0,15,10,0,0,0
60721,1,1,0,15,19,0,0,0,0,0,0,0
60721,2,1,10,10,10,10,10,10,10,10,10,10
60722,1,1,0,0,0,0,0,0,0,0,0,0
60722,2,1,0,0,0,0,0,0,0,0,0,0
60723,0,1,0,0,0,0,0,0,0,0,0,0
60723,1,1,0,0,0,0,0,0,0,0,0,0
60724,1,1,23,0,7,24,0,0,0,0,0,0
60725,0,1,0,0,0,0,0,0,0,0,0,0
60725,1,1,0,0,0,0,0,0,0,0,0,0
60726,1,1,0,0,0,0,0,0,0,0,0,0
60726,2,1,0,0,0,0,0,0,0,0,0,0
60726,3,1,0,0,0,0,0,0,0,0,0,0
60727,0,1,16,11,24,16,3,28,27,0,21,29
60727,1,1,0,0,0,0,0,0,0,0,0,0
60728,1,1,0,0,0,0,0,0,0,0,0,0
60728,2,1,0,0,0,0,0,0,0,0,0,0
60729,0,1,0,19,0,0,0,0,30,9,0,0
60729,1,1,0,0,0,0,0,0,0,0,0,0
60730,1,1,16,16,16,16,16,16,16,16,16,16
60731,1,1,23,23,23,23,23,23,23,23,23,23
60732,1,1,0,0,0,0,0,0,0,0,0,0
60732,2,1,0,0,0,0,0,0,0,0,0,0
60733,1,1,0,0,8,0,11,0,0,0,0,0
60733,2,1,0,0,0,0,0,0,0,0,0,0
60734,1,1,0,0,0,0,0,0,0,0,0,0
60734,2,1,0,0,0,0,0,0,0,0,0,0
60735,1,1,0,0,0,0,0,0,0,0,0,0
60735,2,1,0,0,0,0,0,0,0,0,0,0
60736,1,1,21,21,21,21,21,21,21,21,21,21
60737,1,1,0,0,0,0,0,0,0,0,0,0
60738,0,1,1,1,1,1,1,1,1,1,1,1
60738,1,1,0,0,0,0,0,0,0,0,12,0
60739,1,1,0,0,0,0,0,0,0,0,0,0
60739,2,1,0,0,0,0,0,0,0,0,0,0
60740,0,1,0,0,0,0,0,0,0,0,0,0
60740,1,1,13,0,0,30,6,10,0,30,20,19
60741,1,1,14,14,14,14,14,14,14,14,14,14
60742,1,1,0,0,0,0,0,0,0,0,0,0
60743,1,1,0,0,0,0,12,0,0,0,0,0
60744,1,1,0,0,0,0,0,0,0,0,0,0
60745,1,1,0,0,0,0,8,0,0,0,0,0
60745,2,1,0,0,0,0,0,0,0,0,0,0
60746,1,1,0,0,0,0,0,0,0,0,0,0
60747,1,1,0,0,0,0,0,0,0,0,0,0
60747,2,1,0,0,0,0,0,0,0,0,0,0
60747,3,1,0,0,0,0,0,0,0,0,0,0
60748,1,1,13,13,13,13,13,13,13,13,13,13
60749,1,1,0,0,0,6,0,8,0,0,0,11
60749,2,1,0,0,0,0,0,0,0,0,0,0
60750,1,1,31,31,31,31,31,31,31,31,31,31
60751,1,1,12,12,12,12,12,12,12,12,12,12
60752,0,1,14,14,14,14,14,14,14,14,14,14
60752,1,1,16,26,0,0,0,0,0,17,0,0
60753,1,1,0,0,0,0,0,0,0,0,0,0
60754,1,1,0,0,0,0,0,0,0,0,0,0
60755,0,1,0,0,0,0,0,0,0,0,0,0
60755,1,1,0,0,13,0,0,0,0,7,0,0
60756,1,1,0,0,0,0,0,0,0,0,0,0
60756,2,1,0,0,0,0,0,0,0,0,0,0
60757,1,1,0,0,0,0,0,0,0,0,0,0
60757,2,1,0,13,0,0,0,0,0,0,6,0
60758,1,1,0,21,0,0,0,0,18,0,0,0
60759,1,1,0,0,0,0,0,0,0,0,0,0
60759,2,1,0,0,0,0,0,0,0,0,0,0
60760,0,1,0,0,0,0,0,0,0,0,0,0
60760,1,1,0,0,0,0,0,0,0,0,0,0
60761,0,1,0,0,0,0,0,0,0,0,0,0
60761,1,1,0,0,0,0,0,0,0,0,0,0
60762,0,1,0,0,0,0,0,0,0,0,0,0
60762,1,1,0,0,0,0,0,0,0,0,0,0
60763,1,1,17,17,17,17,17,17,17,17,17,17
60763,2,1,0,0,0,0,0,0,0,0,0,0
60764,0,1,0,0,0,0,0,0,0,0,0,0
60764,1,1,0,0,0,0,0,0,0,0,0,0
60765,1,1,16,16,16,16,16,16,16,16,16,16
60765,2,1,12,0,0,0,0,0,0,0,20,0
60765,3,1,0,8,0,12,0,0,0,0,0,0
60766,1,1,0,0,0,0,0,0,0,0,0,0
60767,1,1,0,0,0,0,0,0,0,0,0,0
60767,2,1,0,0,0,0,0,0,0,0,0,0
60768,0,1,0,0,0,0,0,0,0,0,0,0
60768,1,1,0,0,0,0,0,0,0,0,0,0
60769,0,1,0,0,0,0,0,0,0,0,0,0
60769,1,1,20,20,20,20,20,20,20,20,20,20
60770,1,1,0,0,0,0,0,0,0,0,0,0
60771,1,1,0,0,0,0,0,0,0,0,0,0
60772,1,1,17,17,17,17,17,17,17,17,17,17
60773,1,1,0,0,0,0,0,0,0,0,0,0
60774,1,1,4,4,4,4,4,4,4,4,4,4
60775,1,1,0,0,0,0,0,0,0,0,0,0
60777,1,1,8,0,0,0,0,0,21,0,12,0
60777,2,1,0,0,0,0,0,0,0,0,0,0
60778,0,1,22,22,22,22,22,22,22,22,22,22
60778,1,1,10,0,0,0,0,8,0,0,16,0
60779,0,1,2,0,19,14,10,0,22,24,10,0
60779,0,2,13,0,0,0,17,11,20,0,0,0
60779,1,1,30,0,0,0,0,7,0,0,0,0
60780,1,1,24,24,24,24,24,24,24,24,24,24
60780,2,1,0,0,0,5,19,11,0,0,13,18
60781,0,1,32,32,32,32,32,32,32,32,32,32
60781,1,1,0,29,15,11,0,0,0,0,0,0
60782,1,1,0,0,0,0,0,0,0,0,0,0
60783,1,1,0,0,0,0,0,0,0,0,0,0
60783,2,1,0,0,0,0,0,0,0,0,0,0
60783,3,1,0,0,0,0,0,0,0,0,0,0
60784,0,1,0,0,0,0,0,0,0,0,0,0
60784,1,1,0,0,0,0,0,0,0,4,0,0
60785,1,1,0,0,0,0,0,0,0,0,0,0
60785,2,1,0,0,0,0,0,0,0,0,0,0
60786,1,1,0,0,0,0,0,0,0,0,0,0
60787,1,1,0,0,0,0,0,0,0,0,0,0
60787,2,1,0,0,0,0,0,0,0,0,0,0
60787,3,1,0,0,0,0,0,0,0,0,0,0
60788,1,1,0,0,0,0,0,0,0,0,0,0
60788,2,1,0,17,0,0,0,18,0,0,0,0
60789,1,1,9,9,9,9,9,9,9,9,9,9
60789,2,1,0,0,0,0,0,0,0,0,0,10
60790,1,1,28,28,28,28,28,28,28,28,28,28
60791,0,1,13,13,13,13,13,13,13,13,13,13
60791,1,1,15,15,15,15,15,15,15,15,15,15
60792,0,1,0,0,0,0,0,0,0,0,0,0
60792,1,1,0,12,7,0,0,23,21,0,0,0
60793,1,1,0,0,0,0,0,0,0,20,0,4
60793,2,1,0,0,25,20,23,23,19,0,15,0
60794,1,1,13,13,13,13,13,13,13,13,13,13
60795,1,1,0,0,0,0,0,0,0,0,0,0
60796,1,1,0,0,0,0,0,0,0,0,0,0
60797,1,1,33,33,33,33,33,33,33,33,33,33
60798,1,1,21,21,21,21,21,21,21,21,21,21
60799,1,1,0,0,0,0,0,0,0,0,0,0
60799,2,1,0,0,0,0,0,0,0,0,0,0
60800,1,1,0,0,0,0,0,0,0,0,0,0
60800,2,1,0,0,0,0,0,0,0,0,0,0
60800,3,1,0,0,0,0,0,0,0,0,0,0
60801,1,1,9,2,0,16,9,26,0,22,34,0
60802,1,1,0,0,0,18,0,0,0,0,0,0
60802,2,1,23,23,23,23,23,23,23,23,23,23
60803,1,1,0,0,0,0,0,0,0,0,0,0
60803,2,1,0,0,0,0,0,0,0,0,0,0
60804,0,1,22,0,0,0,0,37,0,0,15,20
60804,1,1,0,14,0,0,0,0,0,0,0,0
60805,1,1,16,16,16,16,16,16,16,16,16,16
60805,2,1,0,0,0,0,0,0,0,0,0,0
60806,1,1,25,25,25,25,25,25,25,25,25,25
60807,1,1,25,25,25,25,25,25,25,25,25,25
60807,2,1,0,17,0,0,0,0,0,0,0,0
60807,3,1,0,14,0,0,0,0,6,0,0,0
60807,4,1,0,16,4,0,13,7,0,0,0,0
60808,1,1,25,25,25,25,25,25,25,25,25,25
60808,2,1,0,0,0,0,0,0,0,0,0,0
60809,1,1,0,0,0,0,0,0,0,0,0,0
60810,1,1,0,18,0,0,0,0,0,0,0,0
60810,2,1,4,4,4,4,4,4,4,4,4,4
60811,1,1,8,8,8,8,8,8,8,8,8,8
60812,1,1,25,25,25,25,25,25,25,25,25,25
60813,1,1,0,0,0,33,21,0,0,0,0,0
60813,2,1,0,0,0,0,0,0,0,0,0,0
60814,1,1,0,0,0,0,0,0,0,0,0,0
60815,1,1,27,27,27,27,27,27,27,27,27,27
60816,1,1,19,19,19,19,19,19,19,19,19,19
60817,1,1,17,17,17,17,17,17,17,17,17,17
60818,1,1,3,3,3,3,3,3,3,3,3,3
60819,1,1,18,18,18,18,18,18,18,18,18,18
60820,1,1,13,13,13,13,13,13,13,13,13,13
60821,1,1,18,18,18,18,18,18,18,18,18,18
60822,1,1,18,18,18,18,18,18,18,18,18,18
60823,1,1,0,0,0,0,0,0,0,0,0,0
60823,2,1,0,0,0,0,0,0,0,0,0,0
60824,1,1,0,0,0,0,0,0,0,0,0,0
60824,2,1,25,0,0,0,0,15,0,0,0,0
60825,1,1,28,28,28,28,28,28,28,28,28,28
60825,2,1,0,0,0,0,0,0,0,0,0,0
60826,1,1,0,0,0,0,0,0,0,0,0,0
60827,1,1,0,0,0,0,0,0,0,0,0,0
60828,1,1,0,0,0,0,0,0,0,0,0,0
60828,2,1,23,0,0,0,0,0,12,12,0,26
60828,3,1,0,0,0,0,0,0,0,0,0,0
60829,1,1,0,0,0,0,0,0,0,0,0,0
60829,2,1,0,0,0,0,0,0,0,0,0,0
60830,1,1,14,14,14,14,14,14,14,14,14,14
60831,1,1,0,0,0,0,0,0,0,0,0,0
60832,1,1,0,0,0,0,0,0,0,0,0,0
60832,2,1,0,0,0,0,0,0,0,0,0,0
60834,1,1,11,11,11,11,11,11,11,11,11,11
60834,2,1,0,0,0,0,20,0,0,0,0,0
60835,1,1,0,0,0,0,0,0,0,0,0,0
60835,2,1,0,0,0,0,0,0,0,0,0,0
60835,3,1,0,0,26,0,14,0,21,0,0,0
60836,1,1,8,8,8,8,8,8,8,8,8,8
60837,1,1,15,15,15,15,15,15,15,15,15,15
60837,2,1,0,0,0,0,16,0,0,0,0,0