ST_CASE,VEH_NO,PER_NO,P1,P2,P3,P4,P5,P6,P7,P8,P9,P10
60838,1,1,0,0,0,0,0,0,0,0,0,0
60839,1,1,0,0,0,0,0,0,0,0,0,0
60840,1,1,0,0,4,0,0,0,0,20,0,0
60840,2,1,0,0,0,0,0,0,0,0,0,0
60841,1,1,0,0,0,0,0,0,0,0,0,0
60842,1,1,27,27,27,27,27,27,27,27,27,27
60842,2,1,0,0,0,0,0,0,0,0,0,0
60843,1,1,2,2,2,2,2,2,2,2,2,2
60843,2,1,0,0,0,0,0,0,0,0,0,0
60844,1,1,8,8,8,8,8,8,8,8,8,8
60845,1,1,0,0,0,0,0,0,0,0,0,0
60846,1,1,0,0,0,0,0,0,0,0,0,10
60846,2,1,0,0,0,0,0,0,0,0,0,0
60846,3,1,0,0,0,0,0,0,0,0,0,0
60847,1,1,0,0,0,0,0,0,0,0,0,0
60847,2,1,0,0,0,0,0,0,0,0,0,0
60848,1,1,0,0,0,0,0,0,0,0,0,0
60849,1,1,18,18,18,18,18,18,18,18,18,18
60849,2,1,0,0,0,0,0,0,0,0,0,0
60850,1,1,0,0,0,0,0,0,0,0,0,0
60850,2,1,0,0,0,0,0,0,0,0,0,0
60851,0,1,10,10,10,10,10,10,10,10,10,10
60851,1,1,0,0,0,0,0,0,0,15,0,0
60852,1,1,0,0,0,0,0,0,0,0,0,0
60852,2,1,0,0,0,0,0,0,0,0,0,0
60853,0,1,0,17,20,0,15,0,0,0,8,0
60853,1,1,0,0,0,0,0,0,0,0,0,0
60854,0,1,6,6,6,6,6,6,6,6,6,6
60854,1,1,0,0,0,0,0,33,3,0,24,0
60855,1,1,5,5,5,5,5,5,5,5,5,5
60856,1,1,0,0,0,0,0,0,0,0,0,0
60857,1,1,0,0,0,0,0,0,0,0,0,0
60858,1,1,6,6,6,6,6,6,6,6,6,6
60859,1,1,0,0,0,0,0,0,0,0,0,0
60859,2,1,0,0,0,0,0,0,0,0,0,0
60860,1,1,0,0,0,0,0,0,0,0,0,0
60861,0,1,0,0,0,0,0,0,0,0,0,0
60861,1,1,10,16,7,11,18,0,12,0,14,18
60862,1,1,20,0,0,0,0,0,11,0,0,0
60862,2,1,0,0,0,0,0,0,0,0,0,0
60862,3,1,0,0,0,0,0,0,0,0,0,0
60863,0,1,35,35,35,35,35,35,35,35,35,35
60863,1,1,0,0,0,0,0,0,0,0,0,0
60864,1,1,0,0,0,0,0,0,0,0,0,0
60864,2,1,0,0,0,0,0,0,0,0,0,0
60865,0,1,0,0,0,0,0,0,0,0,0,0
60865,1,1,0,0,0,0,0,0,0,0,0,0
60866,1,1,0,0,0,0,0,0,0,0,0,0
60867,1,1,0,0,0,0,0,0,0,0,0,0
60868,0,1,18,18,18,18,18,18,18,18,18,18
60868,1,1,0,0,0,0,0,0,0,0,0,0
60869,1,1,0,0,0,0,0,0,0,0,0,0
60869,2,1,0,0,0,0,0,0,0,0,0,0
60870,1,1,0,0,14,0,0,0,18,0,0,0
60870,2,1,0,0,0,0,0,0,0,0,0,0
60870,3,1,0,0,0,0,0,0,0,0,0,0
60871,1,1,0,0,0,0,0,0,0,0,0,0
60872,1,1,0,0,5,0,0,0,0,0,0,17
60872,2,1,0,0,0,0,0,0,0,0,0,0
60873,1,1,10,10,10,10,10,10,10,10,10,10
60873,2,1,0,0,0,0,0,0,21,0,20,0
60873,3,1,0,0,0,0,0,0,0,0,0,0
60875,1,1,0,0,0,0,0,0,0,0,0,0
60875,2,1,0,0,20,0,0,0,0,0,0,0
60876,1,1,0,0,0,0,0,0,0,0,0,0
60877,0,1,8,8,8,8,8,8,8,8,8,8
60877,1,1,0,0,0,0,24,0,0,0,0,0
60878,0,1,0,0,0,0,0,0,0,0,0,0
60878,1,1,0,14,15,0,0,4,0,0,20,0
60879,1,1,0,0,0,0,0,0,0,0,0,0
60880,1,1,18,18,18,18,18,18,18,18,18,18
60881,1,1,0,0,0,0,0,0,0,0,0,0
60881,2,1,0,0,0,0,0,0,0,0,0,0
60882,1,1,22,22,22,22,22,22,22,22,22,22
60883,1,1,0,0,0,0,0,0,0,0,0,0
60883,2,1,0,0,0,0,0,0,0,0,0,0
60884,1,1,0,0,0,0,0,0,0,0,0,0
60884,2,1,0,0,0,0,0,0,0,0,0,0
60885,1,1,0,0,0,0,0,0,0,0,0,0
60885,2,1,0,0,0,0,0,0,0,0,0,0
60886,1,1,0,0,0,0,0,0,0,0,0,0
60886,2,1,0,0,0,0,0,0,0,0,0,0
60887,1,1,0,0,0,0,0,0,0,0,0,0
60888,1,1,42,42,42,42,42,42,42,42,42,42
60889,1,1,10,10,10,10,10,10,10,10,10,10
60889,2,1,0,4,0,0,0,11,0,0,0,0
60890,1,1,0,0,0,0,0,0,0,0,0,0
60890,2,1,0,0,0,0,0,0,0,0,0,0
60891,1,1,26,26,26,26,26,26,26,26,26,26
60892,1,1,0,0,0,0,0,0,0,0,0,0
60892,2,1,0,0,0,0,0,0,0,0,0,0
60893,1,1,0,0,0,0,0,0,0,0,0,0
60894,1,1,0,0,0,9,0,0,0,0,0,0
60894,2,1,0,0,0,0,0,0,0,0,0,0
60895,1,1,23,23,23,23,23,23,23,23,23,23
60896,1,1,28,8,16,12,19,28,13,17,3,13
60896,2,1,0,0,0,0,0,0,0,0,0,0
60897,1,1,0,0,0,0,0,0,0,0,0,0
60897,2,1,0,0,0,0,0,0,0,0,0,0
60898,1,1,22,22,22,22,22,22,22,22,22,22
60898,2,1,0,0,0,0,0,0,0,0,0,0
60899,1,1,0,0,0,0,0,0,0,0,0,0
60899,2,1,8,8,8,8,8,8,8,8,8,8
60900,1,1,0,0,0,0,0,0,0,0,0,0
60901,1,1,11,11,11,11,11,11,11,11,11,11
60902,1,1,18,18,18,18,18,18,18,18,18,18
60903,1,1,30,30,30,30,30,30,30,30,30,30
60903,2,1,0,0,0,0,0,0,0,0,0,0
60904,1,1,31,31,31,31,31,31,31,31,31,31
60905,1,1,24,24,24,24,24,24,24,24,24,24
60906,1,1,15,15,15,15,15,15,15,15,15,15
60906,2,1,0,0,0,0,0,33,0,0,0,0
60906,3,1,0,0,0,0,0,0,0,0,0,0
60907,1,1,0,0,0,0,0,0,0,0,0,0
60907,2,1,0,0,0,0,0,0,0,17,0,0
60907,3,1,0,0,0,0,0,0,0,0,0,0
60908,0,1,0,0,0,0,0,0,0,0,0,0
60908,1,1,0,0,0,0,0,0,0,0,0,0
60909,1,1,0,0,0,0,0,0,0,0,0,0
60909,2,1,0,0,0,0,0,0,0,0,0,0
60909,3,1,0,0,0,0,0,0,0,0,0,0
60910,1,1,10,10,10,10,10,10,10,10,10,10
60911,0,1,9,9,9,9,9,9,9,9,9,9
60911,1,1,0,0,0,0,0,0,0,0,0,0
60912,0,1,0,0,0,0,0,0,0,0,0,0
60912,1,1,0,0,0,0,22,0,0,0,0,0
60913,1,1,0,0,0,0,0,0,0,0,0,0
60914,1,1,0,0,0,0,0,0,0,0,0,0
60915,1,1,0,0,0,0,0,0,0,0,0,0
60916,1,1,0,0,0,0,0,0,0,0,0,0
60917,1,1,0,0,0,0,0,0,0,0,0,0
60918,1,1,0,0,0,0,0,0,0,0,0,0
60919,1,1,9,0,0,0,0,0,0,0,0,0
60919,2,1,0,0,0,0,0,0,0,0,0,0
60920,0,1,0,0,0,0,0,0,0,0,0,0
60920,1,1,0,0,0,0,0,0,0,0,0,0
60921,1,1,0,0,0,0,0,0,0,0,0,0
60922,1,1,0,0,0,0,0,0,0,0,0,0
60922,2,1,0,0,0,0,0,0,0,0,0,0
60923,1,1,0,0,0,0,0,0,0,0,0,0
60923,2,1,0,0,0,0,0,0,0,0,0,0
60924,1,1,0,0,0,0,0,0,0,0,0,0
60924,2,1,0,0,0,0,0,0,0,0,0,0
60925,1,1,8,8,8,8,8,8,8,8,8,8
60926,1,1,20,20,20,20,20,20,20,20,20,20
60926,2,1,0,0,0,0,0,0,9,0,0,0
60927,0,1,0,0,0,0,0,0,0,0,0,0
60927,1,1,0,0,0,0,0,0,0,0,0,0
60928,1,1,0,0,0,0,13,0,0,0,14,0
60928,2,1,0,0,0,0,0,0,0,0,0,0
60929,1,1,0,0,0,0,0,0,0,0,0,0
60929,2,1,0,0,0,0,0,0,0,0,0,0
60929,3,1,0,0,0,0,0,0,0,0,0,0
60930,0,1,0,0,0,0,0,0,0,0,0,0
60930,1,1,0,33,0,0,0,34,18,12,0,0
60931,1,1,28,28,28,28,28,28,28,28,28,28
60932,1,1,0,0,0,0,0,0,0,0,0,0
60932,2,1,0,0,0,0,0,0,8,0,0,0
60933,1,1,32,32,32,32,32,32,32,32,32,32
60933,2,1,0,0,0,0,0,0,0,0,0,0
60934,0,1,32,10,18,0,0,13,0,25,21,25
60934,1,1,0,0,0,0,0,0,0,0,0,0
60935,1,1,16,0,0,19,0,0,0,0,0,0
60935,2,1,0,0,0,0,0,0,0,0,0,0
60935,3,1,0,0,0,0,0,0,0,0,0,0
60935,4,1,0,0,0,0,0,0,0,0,0,0
60936,1,1,0,0,0,0,0,0,0,0,0,0
60936,2,1,0,0,0,0,0,0,0,0,0,0
60936,3,1,0,0,0,0,0,0,0,0,0,0
60937,1,1,18,18,18,18,18,18,18,18,18,18
60938,1,1,11,11,11,11,11,11,11,11,11,11
60938,2,1,0,0,0,0,0,0,0,0,0,0
60939,1,1,0,9,0,0,0,0,0,0,0,0
60940,0,1,0,3,0,21,0,34,0,0,0,12
60940,1,1,0,24,0,0,0,0,0,0,0,0
60941,1,1,0,0,0,0,0,0,0,0,0,0
60941,2,1,0,0,0,0,0,0,0,0,0,0
60941,3,1,0,0,0,0,0,0,0,0,0,0
60942,1,1,1,1,1,1,1,1,1,1,1,1
60943,0,1,0,0,0,0,0,0,0,0,0,0
60943,1,1,0,0,0,0,0,0,0,0,0,0
60944,1,1,0,0,0,0,0,0,0,0,0,0
60945,1,1,22,22,22,22,22,22,22,22,22,22
60946,1,1,0,0,0,0,0,0,0,0,0,0
60946,2,1,0,0,0,0,4,0,0,0,0,0
60946,3,1,0,0,0,0,0,0,0,0,0,0
60947,1,1,0,0,0,0,0,0,0,0,0,0
60948,0,1,0,0,0,0,0,0,0,0,0,0
60948,1,1,0,14,11,0,0,0,0,0,0,0
60949,1,1,0,0,0,0,0,0,0,0,0,0
60949,2,1,0,0,0,0,22,0,0,0,0,0
60951,1,1,0,0,0,23,0,0,0,0,10,40
60951,2,1,0,0,0,0,0,0,0,0,16,0
60952,0,1,0,0,0,0,0,0,0,0,0,0
60952,1,1,0,0,0,0,0,0,0,0,0,0
60953,1,1,0,0,0,0,0,0,0,0,0,0
60954,1,1,24,24,24,24,24,24,24,24,24,24
60954,2,1,0,0,22,18,0,34,0,0,26,0
60955,1,1,0,0,0,0,0,0,0,0,0,0
60955,2,1,0,0,0,0,0,0,0,0,0,0
60956,1,1,0,0,0,0,0,0,0,0,0,0
60957,1,1,20,20,20,20,20,20,20,20,20,20
60958,1,1,19,19,19,19,19,19,19,19,19,19
60958,2,1,2,2,2,2,2,2,2,2,2,2
60959,1,1,0,0,0,0,0,0,0,0,0,0
60959,2,1,0,0,0,0,0,0,0,0,0,0
60960,1,1,0,0,0,0,0,0,0,0,0,0
60960,2,1,0,0,0,0,0,0,0,0,0,0
60961,0,1,0,0,0,0,0,0,0,0,0,0
60961,1,1,13,11,0,0,0,0,0,0,0,0
60962,1,1,0,0,0,0,0,0,0,0,0,0
60962,2,1,0,0,0,0,0,0,0,0,0,0
60963,1,1,0,0,0,0,0,0,0,0,0,0
60963,2,1,0,20,0,0,0,0,18,0,0,0
60963,3,1,0,0,0,0,0,0,0,0,0,0
60963,4,1,0,3,0,0,17,0,0,0,0,0
60963,5,1,0,0,0,0,0,0,0,0,17,0
60963,6,1,0,17,0,0,10,0,0,0,11,0
60963,7,1,17,0,7,19,26,17,0,0,36,0
60963,8,1,0,0,0,0,0,0,0,0,0,0
60963,9,1,0,0,0,0,0,0,0,0,0,0
60964,1,1,10,10,10,10,10,10,10,10,10,10
60964,2,1,0,0,0,0,0,0,0,0,0,0
60965,1,1,20,20,20,20,20,20,20,20,20,20
60966,1,1,0,0,0,0,0,0,0,0,0,0
60967,1,1,6,0,0,0,10,0,0,0,0,3
60967,2,1,0,0,0,0,0,0,0,0,0,0
60968,1,1,9,9,9,9,9,9,9,9,9,9
60968,2,1,0,0,0,0,0,0,0,0,0,0
60969,0,1,5,5,5,5,5,5,5,5,5,5
60969,1,1,0,0,0,0,0,0,0,0,0,0
60970,1,1,13,13,13,13,13,13,13,13,13,13
60970,2,1,20,20,20,20,20,20,20,20,20,20
60971,1,1,0,0,0,0,0,0,0,0,0,0
60971,2,1,0,0,0,0,0,0,0,0,0,0
60972,0,1,0,0,0,23,0,0,0,0,0,0
60972,0,2,0,0,0,0,0,0,0,0,0,0
60972,1,1,0,0,0,0,0,0,0,0,0,0
60973,1,1,21,21,21,21,21,21,21,21,21,21
60974,0,1,14,14,14,14,14,14,14,14,14,14
60974,1,1,0,0,0,0,0,0,0,0,0,0
60975,1,1,11,11,11,11,11,11,11,11,11,11
60976,0,1,20,20,20,20,20,20,20,20,20,20
60976,1,1,0,0,0,0,0,15,0,0,0,0
60977,1,1,0,0,0,6,9,0,0,0,0,0
60977,2,1,0,0,0,0,0,0,0,0,0,0
60978,1,1,11,11,11,11,11,11,11,11,11,11
60979,1,1,16,16,16,16,16,16,16,16,16,16
60980,1,1,0,0,0,0,0,0,0,0,0,0
60981,1,1,21,21,21,21,21,21,21,21,21,21
60982,1,1,0,0,0,0,0,0,0,0,0,0
60983,0,1,2,2,2,2,2,2,2,2,2,2
60983,1,1,0,0,0,0,0,0,0,0,0,0
60984,0,1,32,32,32,32,32,32,32,32,32,32
60984,0,2,0,0,0,0,0,0,0,0,0,0
60984,1,1,0,0,0,0,0,0,0,0,0,0
60985,1,1,15,15,15,15,15,15,15,15,15,15
60985,2,1,0,0,0,0,0,0,0,0,0,0
60986,1,1,0,0,0,0,0,0,0,0,0,0
60986,2,1,0,0,0,0,0,0,0,7,0,0
60987,0,1,0,0,0,0,0,0,19,19,11,0
60987,1,1,28,0,0,0,0,0,0,0,0,0
60988,1,1,0,0,0,0,0,0,0,0,0,0
60988,2,1,0,0,0,0,0,0,0,0,3,17
60988,3,1,0,0,0,0,0,0,0,0,0,0
60989,1,1,18,18,18,18,18,18,18,18,18,18
60990,1,1,0,0,0,0,0,0,0,0,15,13
60990,2,1,0,0,0,0,0,0,0,0,0,0
60991,1,1,0,0,0,0,0,0,0,0,0,0
60991,2,1,0,0,0,0,0,0,0,0,0,0
60991,3,1,0,0,0,0,0,0,0,0,0,0
60991,4,1,0,0,0,0,0,0,0,0,0,0
60992,0,1,0,0,0,0,0,0,0,0,0,0
60992,1,1,0,0,0,0,0,0,0,0,0,0
60993,1,1,0,0,0,0,0,0,0,0,0,0
60994,1,1,0,0,0,0,0,0,0,0,0,0
60994,2,1,0,0,0,0,0,0,0,0,0,0
60995,1,1,0,0,0,0,0,22,0,0,0,0
60996,1,1,0,0,0,0,0,0,0,0,0,0
60996,2,1,0,0,0,0,0,0,0,0,0,0
60998,1,1,20,20,20,20,20,20,20,20,20,20
60999,0,1,2,2,2,2,2,2,2,2,2,2
60999,1,1,0,0,0,0,0,0,0,0,0,0
61000,1,1,0,0,0,0,0,0,0,0,0,0
61001,1,1,4,4,4,4,4,4,4,4,4,4
61002,0,1,0,0,0,0,0,0,0,0,0,0
61002,1,1,0,0,22,26,0,0,0,0,16,0
61003,1,1,0,0,0,0,0,0,0,0,0,0
61004,1,1,0,0,0,0,0,0,0,0,0,0
61005,1,1,14,0,0,0,0,12,0,12,0,0
61005,2,1,0,0,0,0,0,0,0,0,0,10
61005,3,1,0,0,0,0,25,0,0,0,0,0
61005,4,1,0,0,0,0,0,0,0,0,0,0
61006,1,1,0,0,0,0,0,0,0,0,0,0
61006,2,1,0,0,0,0,10,0,0,0,0,0
61006,3,1,0,0,0,0,0,0,0,0,0,0
61007,1,1,0,0,0,23,0,0,16,0,0,0
61007,2,1,0,0,0,0,0,0,0,0,0,0
61007,3,1,17,0,0,15,0,0,0,0,22,0
61007,4,1,0,0,18,0,32,0,27,0,0,0
61008,2,1,0,0,0,0,0,0,0,0,0,0
61008,3,1,0,0,9,0,0,0,0,0,0,0
61009,1,1,15,15,15,15,15,15,15,15,15,15
61009,2,1,0,0,0,0,0,0,0,0,0,0
61009,3,1,0,0,0,0,0,0,0,0,0,0
61010,1,1,22,22,22,22,22,22,22,22,22,22
61011,1,1,0,0,0,0,0,0,0,0,0,0
61011,2,1,0,0,0,0,0,0,0,0,0,0
61011,3,1,0,0,0,0,0,0,0,0,0,0
61012,1,1,0,0,0,0,0,0,0,0,0,0
61013,1,1,0,0,0,0,19,0,0,0,0,0
61013,2,1,0,0,0,0,0,0,0,0,41,0
61015,0,1,0,13,19,17,17,15,32,30,28,12
61015,1,1,0,0,0,0,0,0,0,0,0,0
61016,1,1,12,12,12,12,12,12,12,12,12,12
61017,0,1,0,0,0,0,0,0,0,0,0,0
61017,1,1,0,0,0,0,0,0,0,0,0,0
61018,1,1,32,16,5,4,21,13,7,24,10,22
61019,1,1,0,17,20,8,9,15,28,0,14,21
61019,2,1,0,0,0,0,0,0,0,0,0,0
61020,1,1,0,0,0,0,0,0,0,0,0,0
61020,2,1,0,0,0,0,0,0,0,0,0,0
61021,1,1,0,0,0,0,0,0,0,0,0,0
61021,2,1,0,0,0,0,0,0,0,0,0,0
61022,1,1,0,0,0,0,0,0,0,0,0,0
61022,2,1,0,0,0,0,0,0,0,0,0,0
61022,3,1,0,0,0,0,0,0,0,0,0,0
61022,4,1,0,0,0,0,0,0,0,0,0,0
61022,5,1,0,0,0,0,0,0,0,0,0,0
61023,1,1,0,0,0,0,0,0,0,0,0,0
61024,1,1,0,0,0,0,0,0,0,0,0,0
61025,1,1,0,0,0,0,0,0,0,0,0,0
61025,2,1,0,0,0,0,0,0,0,0,0,0
61026,0,1,22,22,22,22,22,22,22,22,22,22
61026,1,1,0,0,22,22,0,0,0,0,13,0
61027,1,1,0,0,0,0,0,0,0,0,0,0
61028,1,1,0,0,0,0,0,0,0,0,0,0
61029,0,1,0,0,0,0,0,0,0,0,0,0
61029,1,1,0,0,0,0,0,0,0,0,0,0
61029,4,1,0,0,0,0,0,0,0,0,0,0
61030,0,1,0,0,0,0,0,0,0,0,0,0
61030,1,1,0,0,0,0,20,0,0,0,0,0
61031,1,1,16,0,0,0,0,0,0,0,0,0
61032,1,1,0,0,0,0,0,0,0,0,0,0
61032,2,1,0,0,0,0,0,0,0,0,0,0
61032,3,1,0,0,0,0,0,0,0,0,0,0
61032,4,1,0,0,0,0,0,0,0,0,0,0
61033,1,1,23,23,23,23,23,23,23,23,23,23
61034,1,1,0,0,0,0,0,0,0,0,0,0
61035,1,1,4,11,16,8,5,48,15,5,26,20
61036,1,1,0,0,0,0,0,0,0,0,0,0
61037,1,1,0,0,0,0,0,0,0,0,0,0
61038,1,1,11,0,0,0,0,0,11,0,0,0
61038,2,1,0,0,0,28,16,0,0,0,0,0
61039,1,1,0,0,0,0,0,0,0,0,0,0
61039,2,1,0,0,0,0,0,0,0,0,0,0
61040,0,1,0,0,0,0,0,0,0,0,0,0
61040,0,2,0,0,0,0,0,0,0,0,0,0
61040,0,3,0,0,0,0,0,0,0,0,0,0
61040,0,4,0,0,8,0,14,2,0,0,0,0
61040,1,1,0,0,0,0,0,0,0,0,0,30
61041,1,1,0,0,0,0,0,0,0,0,0,0
61042,1,1,0,0,0,0,0,0,0,0,0,0
61042,2,1,11,11,11,11,11,11,11,11,11,11
61043,1,1,0,0,7,0,0,0,0,0,0,0
61043,2,1,0,0,0,0,0,0,0,0,0,0
61044,0,1,0,0,0,0,0,0,0,0,0,0
61044,1,1,0,0,0,0,0,0,0,0,0,0
61045,1,1,0,0,0,0,0,0,0,0,0,0
61045,2,1,15,15,15,15,15,15,15,15,15,15
61046,1,1,0,0,0,0,0,0,0,0,0,0
61046,2,1,0,0,0,0,0,0,0,0,0,0
61047,0,1,23,23,23,23,23,23,23,23,23,23
61047,1,1,10,0,0,0,0,0,17,0,0,0
61047,2,1,0,11,0,0,19,0,0,0,22,0
61048,1,1,0,0,0,0,0,0,6,0,25,11
61049,0,1,0,0,0,0,0,0,0,0,0,0
61049,1,1,18,0,0,0,11,0,0,4,0,22
61050,0,1,34,34,34,34,34,34,34,34,34,34
61050,1,1,17,0,0,0,0,0,0,0,21,0
61051,1,1,32,32,32,32,32,32,32,32,32,32
61052,0,1,20,20,20,20,20,20,20,20,20,20
61052,1,1,0,0,0,0,0,0,0,0,0,0
61052,2,1,0,0,0,0,0,0,0,4,0,0
61053,1,1,12,12,12,12,12,12,12,12,12,12
61054,1,1,9,22,16,3,28,19,17,25,8,5
61054,2,1,3,3,3,3,3,3,3,3,3,3
61056,1,1,2,2,2,2,2,2,2,2,2,2
61056,2,1,6,0,0,0,17,0,0,0,0,0
61057,0,1,18,0,0,0,0,0,7,0,0,0
61057,1,1,0,0,0,0,0,26,0,0,0,0
61057,2,1,0,0,0,0,0,11,0,0,0,0
61058,0,1,3,3,3,3,3,3,3,3,3,3
61058,1,1,0,17,0,0,0,0,0,0,0,0
61059,1,1,0,0,0,0,0,0,0,0,0,0
61059,2,1,0,26,8,0,0,20,18,0,12,0
61060,0,1,0,0,0,0,0,0,0,0,0,0
61060,1,1,0,0,0,0,0,0,0,0,0,0
61061,1,1,20,20,20,20,20,20,20,20,20,20
61062,0,1,0,0,0,0,0,0,0,0,0,0
61062,1,1,15,15,15,15,15,15,15,15,15,15
61063,1,1,26,26,26,26,26,26,26,26,26,26
61063,2,1,6,6,6,6,6,6,6,6,6,6
61064,1,1,19,19,19,19,19,19,19,19,19,19
61064,2,1,0,0,0,0,0,0,0,0,0,6
61065,1,1,26,26,26,26,26,26,26,26,26,26
61066,1,1,0,0,0,0,0,0,0,0,0,0
61067,1,1,0,0,0,0,0,0,0,0,0,0
61067,2,1,0,0,0,0,0,0,0,0,0,0
61068,0,1,0,0,0,0,0,0,0,0,0,0
61068,1,1,0,0,0,0,0,0,0,0,0,0
61069,0,1,0,0,0,0,0,0,0,0,0,0
61069,1,1,0,0,0,0,0,0,0,0,0,0
61069,2,1,0,0,0,0,0,0,0,0,0,0
61070,0,1,0,0,0,0,0,0,0,0,0,0
61070,1,1,0,0,0,0,0,0,0,0,0,0
61071,1,1,0,0,0,0,0,0,0,0,0,0
61072,1,1,0,0,0,0,0,0,0,0,0,0
61072,2,1,0,0,0,0,0,0,0,0,0,0
61073,1,1,0,0,0,0,0,0,0,0,0,0
61073,2,1,0,0,0,0,0,0,0,0,0,0
61074,1,1,0,0,0,0,0,0,0,0,0,0
61075,1,1,23,17,0,0,21,15,0,18,0,26
61076,1,1,33,33,33,33,33,33,33,33,33,33
61077,1,1,23,23,23,23,23,23,23,23,23,23
61078,1,1,0,0,0,0,0,0,0,0,0,0
61078,2,1,11,0,0,0,0,0,0,0,0,0
61079,1,1,0,0,0,0,0,0,0,0,0,0
61080,1,1,0,0,0,0,0,0,0,0,0,0
61080,2,1,0,0,0,0,18,9,0,0,0,0
61080,3,1,0,0,0,0,0,3,0,0,11,11
61081,1,1,11,11,11,11,11,11,11,11,11,11
61082,0,1,43,43,43,43,43,43,43,43,43,43
61082,1,1,30,0,0,0,0,0,0,0,0,0
61083,1,1,0,0,0,0,0,0,14,0,0,0
61083,2,1,6,0,0,0,0,0,0,0,10,0
61084,1,1,0,0,0,0,0,0,0,0,0,0
61085,1,1,26,26,26,26,26,26,26,26,26,26
61085,2,1,0,17,0,0,0,0,0,0,0,0
61086,1,1,19,19,19,19,19,19,19,19,19,19
61087,0,1,0,0,0,0,0,0,0,0,0,0
61087,1,1,0,0,0,0,0,0,0,0,0,0
61088,1,1,14,14,14,14,14,14,14,14,14,14
61089,1,1,0,0,0,0,0,0,0,0,0,0
61090,1,1,0,0,0,0,0,0,0,0,15,0
61090,2,1,0,0,15,0,0,0,0,0,0,0
61091,1,1,24,28,35,9,7,15,11,10,10,14
61092,1,1,19,19,19,19,19,19,19,19,19,19
61093,1,1,0,0,0,0,0,0,0,0,0,0
61093,2,1,0,0,0,0,0,0,0,0,0,0
61093,3,1,0,0,0,30,0,0,0,0,0,0
61094,1,1,20,20,20,20,20,20,20,20,20,20
61095,1,1,9,9,9,9,9,9,9,9,9,9
61096,0,1,7,7,7,7,7,7,7,7,7,7
61096,1,1,0,0,0,0,0,0,0,0,0,0
61097,1,1,0,0,0,0,0,0,0,0,0,0
61098,1,1,0,0,0,0,0,0,0,0,0,0
61098,2,1,0,0,0,0,0,3,0,0,0,0
61099,1,1,0,0,0,0,0,0,0,0,0,0
61100,1,1,0,0,0,0,0,0,0,0,0,0
61100,2,1,3,3,3,3,3,3,3,3,3,3
61101,0,1,0,0,0,0,0,0,0,0,0,0
61101,1,1,0,0,21,0,0,0,0,0,0,9
61102,0,1,0,0,0,0,0,0,0,0,0,0
61102,1,1,0,0,0,0,0,0,0,0,0,0
61102,2,1,13,0,0,0,0,0,0,0,0,0
61102,3,1,0,0,0,9,0,0,0,0,14,0
61103,0,1,0,0,0,0,0,0,0,0,0,0
61103,1,1,0,0,0,0,0,0,0,0,0,0
61104,1,1,15,15,15,15,15,15,15,15,15,15
61104,2,1,0,0,0,0,0,0,0,0,0,0
61105,0,1,0,0,0,0,0,0,0,0,0,0
61105,1,1,0,0,0,0,0,0,0,0,0,0
61106,0,1,0,0,0,0,0,0,0,0,0,0
61106,1,1,0,0,0,0,0,0,0,0,0,0
61107,0,1,27,27,27,27,27,27,27,27,27,27
61107,1,1,0,0,0,0,0,0,0,0,0,0
61108,1,1,9,12,0,0,0,31,0,0,0,28
61109,1,1,0,0,0,0,0,0,0,0,0,0
61110,1,1,18,18,18,18,18,18,18,18,18,18
61110,2,1,0,0,0,0,0,0,0,0,0,0
61111,1,1,0,0,0,0,0,0,0,0,0,30
61111,2,1,0,0,0,0,0,0,0,0,0,0
61112,1,1,0,0,0,0,0,0,0,0,0,0
61112,2,1,0,0,0,0,0,0,0,0,0,0
61113,1,1,0,0,0,0,0,0,0,0,0,0
61114,1,1,0,0,19,0,22,0,0,0,0,0
61115,1,1,0,11,0,9,14,0,4,0,0,0
61116,1,1,0,0,0,0,0,0,0,0,0,0
61117,0,1,0,0,0,0,0,0,0,0,0,0
61117,0,2,0,0,0,0,14,20,0,0,0,0
61117,1,1,19,0,0,0,0,0,0,10,0,0
61118,1,1,0,0,0,0,0,0,0,0,0,0
61118,2,1,0,0,0,0,0,0,0,0,0,0
61119,1,1,0,0,0,0,0,0,0,0,0,0
61119,2,1,0,0,0,0,0,0,0,0,0,0
61120,1,1,28,28,28,28,28,28,28,28,28,28
61120,2,1,16,0,16,0,0,0,21,0,0,0
61121,0,1,0,0,0,0,0,0,0,0,0,0
61121,1,1,0,0,0,0,0,0,0,0,0,0
61122,1,1,0,0,0,0,0,0,0,0,0,0