ST_CASE,VEH_NO,PER_NO,P1,P2,P3,P4,P5,P6,P7,P8,P9,P10
61668,1,1,0,0,0,0,0,0,0,0,0,0
61668,2,1,0,0,0,0,0,0,0,0,0,0
61669,1,1,0,0,0,0,0,0,0,0,0,0
61670,1,1,0,0,0,0,0,0,0,14,0,0
61670,2,1,0,0,0,0,0,0,0,0,0,0
61671,1,1,0,0,0,0,0,0,0,0,0,0
61671,2,1,0,0,0,0,0,0,0,0,0,22
61672,0,1,25,25,25,25,25,25,25,25,25,25
61672,1,1,0,14,0,17,7,26,5,11,0,0
61673,0,1,0,0,0,0,0,0,0,0,0,0
61673,1,1,0,0,12,0,26,44,0,33,25,0
61674,1,1,0,10,7,24,16,17,17,7,11,11
61675,0,1,0,0,0,0,0,0,0,0,0,0
61675,1,1,50,0,0,22,0,27,0,15,0,0
61676,1,1,0,0,0,0,0,0,0,0,0,0
61676,2,1,0,0,0,0,5,0,0,16,0,0
61677,0,1,0,0,0,0,0,0,0,0,0,0
61677,1,1,18,0,14,30,0,20,7,0,0,0
61678,1,1,0,0,0,0,0,0,0,0,0,0
61678,2,1,0,0,0,0,0,0,0,0,0,0
61679,1,1,0,0,0,0,0,0,0,0,0,0
61680,1,1,0,0,0,0,0,0,0,0,0,0
61681,0,1,22,0,0,12,0,11,0,0,0,15
61681,1,1,0,0,0,0,0,0,0,0,17,0
61682,0,1,0,0,0,0,0,0,0,0,0,0
61682,1,1,0,0,0,0,0,0,0,0,0,0
61683,1,1,0,0,0,0,0,0,0,0,0,0
61684,1,1,0,0,0,0,0,0,12,0,0,0
61684,2,1,0,0,0,0,0,0,0,0,0,0
61685,1,1,0,0,0,0,0,0,0,0,0,0
61685,2,1,0,0,0,0,0,30,0,0,0,0
61686,0,1,0,0,0,0,0,0,0,0,0,0
61686,1,1,0,0,0,0,0,0,0,0,0,0
61686,2,1,0,0,0,0,0,0,0,0,3,0
61687,0,1,27,27,27,27,27,27,27,27,27,27
61687,1,1,0,0,0,0,0,0,0,0,0,0
61688,0,1,0,0,0,0,0,0,0,0,0,0
61688,1,1,0,0,0,0,0,0,0,12,0,0
61689,1,1,0,0,0,0,0,0,0,0,0,0
61689,2,1,0,0,0,0,0,0,0,0,0,0
61690,1,1,0,0,0,0,0,0,0,0,0,0
61691,1,1,17,17,17,17,17,17,17,17,17,17
61692,1,1,0,0,0,0,0,0,0,0,0,0
61693,1,1,7,7,7,7,7,7,7,7,7,7
61693,2,1,0,0,0,0,0,0,0,0,0,0
61693,3,1,0,0,0,0,0,0,0,0,0,0
61694,1,1,25,25,25,25,25,25,25,25,25,25
61695,0,1,0,0,0,0,0,0,0,0,0,0
61695,1,1,0,0,0,0,0,0,0,0,0,0
61696,1,1,0,0,0,0,0,0,0,0,0,0
61697,1,1,0,0,0,0,0,0,0,0,0,0
61697,2,1,0,0,0,0,0,0,0,0,0,0
61698,0,1,3,0,21,0,0,0,0,18,4,0
61698,1,1,0,0,0,0,0,0,0,0,0,0
61699,0,1,0,0,0,0,0,0,0,0,0,0
61699,1,1,0,0,0,0,0,0,0,0,0,0
61700,0,1,0,0,0,0,0,0,0,0,0,0
61700,1,1,0,0,0,0,0,0,8,0,0,0
61701,0,1,0,0,0,0,0,0,0,0,0,0
61701,1,1,0,0,0,0,0,0,0,0,13,0
61702,1,1,0,0,0,0,0,0,0,0,0,0
61702,2,1,0,0,10,0,0,0,0,0,0,0
61703,1,1,0,0,0,0,0,0,0,0,0,0
61703,2,1,0,0,0,0,0,0,0,0,0,0
61703,3,1,0,0,0,0,0,0,0,0,0,0
61704,0,1,11,11,11,11,11,11,11,11,11,11
61704,0,2,26,15,0,0,34,0,0,0,0,0
61704,1,1,0,0,0,0,0,0,0,0,0,0
61705,1,1,0,24,0,0,0,0,0,0,0,0
61705,2,1,0,0,0,0,0,0,0,0,0,0
61706,1,1,2,2,2,2,2,2,2,2,2,2
61706,2,1,0,0,0,0,0,0,0,0,0,0
61707,0,1,8,8,8,8,8,8,8,8,8,8
61707,1,1,0,0,0,0,0,0,0,0,11,0
61708,1,1,13,13,13,13,13,13,13,13,13,13
61709,1,1,2,2,2,2,2,2,2,2,2,2
61710,0,1,0,0,0,0,0,0,0,0,0,0
61710,1,1,0,0,0,16,16,15,7,0,0,23
61711,1,1,18,18,18,18,18,18,18,18,18,18
61712,1,1,0,0,0,0,0,0,0,0,0,0
61712,2,1,13,13,13,13,13,13,13,13,13,13
61713,1,1,0,18,0,0,0,0,0,0,0,0
61714,1,1,0,0,0,0,0,0,0,0,0,0
61714,2,1,0,0,0,0,0,0,0,0,0,0
61715,0,1,0,0,0,0,0,0,0,0,0,0
61715,1,1,26,14,26,24,16,18,12,24,9,19
61716,1,1,0,0,0,0,0,0,0,0,0,0
61717,1,1,0,0,0,0,0,0,0,0,0,0
61717,2,1,0,0,0,0,0,0,0,0,0,0
61718,1,1,0,0,0,0,0,0,0,0,0,0
61718,2,1,0,0,0,0,0,0,0,0,0,0
61719,0,1,0,0,0,0,0,0,0,0,0,0
61720,1,1,18,18,18,18,18,18,18,18,18,18
61721,1,1,0,0,0,0,0,0,0,0,0,0
61722,1,1,0,0,0,0,0,21,0,0,0,0
61722,2,1,0,0,0,0,0,0,0,0,0,0
61723,0,1,0,0,0,0,0,0,0,0,0,0
61723,1,1,0,0,0,0,0,0,0,0,0,0
61724,1,1,10,10,10,10,10,10,10,10,10,10
61724,2,1,0,0,0,0,0,0,0,0,0,0
61725,0,1,14,14,14,14,14,14,14,14,14,14
61725,1,1,15,0,0,19,19,44,4,9,0,0
61726,1,1,0,0,0,0,0,0,0,0,0,0
61726,2,1,0,0,0,0,0,0,29,0,0,0
61727,1,1,0,0,0,0,0,0,0,0,0,0
61727,2,1,0,0,0,0,0,0,0,0,0,0
61728,0,1,40,40,40,40,40,40,40,40,40,40
61728,1,1,0,0,0,0,0,0,0,0,9,0
61729,1,1,0,0,0,0,0,0,0,0,0,0
61729,2,1,0,0,0,0,0,0,0,0,0,0
61730,0,1,0,0,0,0,0,0,0,0,0,0
61730,1,1,0,0,0,0,0,0,0,0,0,0
61731,1,1,0,0,0,0,0,0,0,0,0,0
61732,1,1,19,19,19,19,19,19,19,19,19,19
61733,1,1,0,0,0,0,0,0,0,0,0,0
61734,1,1,0,0,0,0,0,0,0,0,0,0
61735,1,1,0,0,0,0,0,0,0,0,0,0
61735,2,1,8,8,8,8,8,8,8,8,8,8
61736,1,1,10,10,10,10,10,10,10,10,10,10
61736,2,1,0,0,0,0,0,0,0,0,0,0
61737,1,1,0,0,0,0,0,0,0,0,0,0
61738,0,1,0,0,0,0,0,0,0,0,0,0
61738,1,1,0,20,0,0,0,0,0,4,0,0
61739,1,1,0,0,0,0,0,0,0,0,0,0
61740,1,1,0,0,0,0,0,8,0,0,0,0
61740,2,1,0,0,0,0,0,0,0,0,0,0
61741,0,1,0,0,0,0,0,0,0,0,0,0
61741,1,1,0,0,0,0,0,0,0,0,0,0
61742,0,1,0,0,0,0,0,0,0,0,0,0
61742,0,2,0,0,0,0,0,0,0,0,0,0
61742,1,1,0,0,0,0,0,0,0,13,17,0
61744,0,1,0,0,0,0,0,0,0,0,0,0
61744,1,1,6,6,6,6,6,6,6,6,6,6
61745,0,1,24,24,24,24,24,24,24,24,24,24
61745,1,1,0,0,0,0,0,0,0,0,0,0
61746,0,1,0,0,0,0,0,0,0,0,0,0
61746,1,1,0,0,0,0,0,0,0,0,0,0
61747,0,1,9,9,9,9,9,9,9,9,9,9
61747,1,1,4,4,4,4,4,4,4,4,4,4
61748,0,1,28,28,28,28,28,28,28,28,28,28
61748,1,1,0,21,0,0,0,0,29,6,0,0
61749,0,1,23,23,23,23,23,23,23,23,23,23
61749,1,1,0,0,0,0,16,0,0,0,0,0
61750,0,1,0,0,0,4,0,0,28,0,17,23
61750,1,1,0,15,17,6,7,16,21,8,15,13
61751,1,1,0,0,0,0,0,0,0,0,0,0
61751,2,1,0,12,0,0,0,0,0,0,0,0
61753,0,1,0,0,0,0,0,0,0,0,0,0
61753,1,1,0,14,0,0,0,0,0,0,0,0
61754,1,1,19,19,19,19,19,19,19,19,19,19
61755,1,1,0,0,0,0,0,0,0,0,0,0
61756,1,1,17,17,17,17,17,17,17,17,17,17
61756,2,1,0,0,0,0,0,0,0,0,0,0
61757,1,1,0,0,0,0,0,17,0,0,0,0
61757,2,1,0,0,27,0,0,0,23,14,0,0
61757,3,1,0,0,0,11,0,0,0,0,0,0
61757,4,1,0,0,0,0,0,0,0,0,0,20
61757,5,1,0,0,0,0,0,0,0,0,0,0
61757,6,1,0,0,0,0,0,0,0,0,0,0
61758,1,1,0,0,0,0,0,0,0,0,0,0
61759,1,1,0,0,0,0,0,0,0,0,0,0
61760,1,1,6,6,6,6,6,6,6,6,6,6
61760,2,1,0,0,0,0,0,0,0,0,0,0
61761,1,1,0,0,0,0,0,0,0,0,0,0
61762,1,1,17,17,17,17,17,17,17,17,17,17
61762,2,1,0,0,0,0,0,0,0,0,0,0
61763,1,1,13,7,19,19,13,0,37,30,17,18
61763,2,1,0,0,0,0,0,0,0,0,0,0
61764,0,1,0,0,0,0,0,0,0,0,0,0
61764,1,1,15,16,0,9,19,11,0,0,0,0
61765,0,1,24,24,24,24,24,24,24,24,24,24
61765,1,1,0,0,0,0,0,0,0,0,0,0
61766,1,1,0,0,0,0,0,0,0,0,0,0
61766,2,1,0,0,0,0,0,0,0,0,0,0
61767,1,1,13,13,13,13,13,13,13,13,13,13
61767,2,1,0,0,0,0,0,0,0,0,0,0
61768,0,1,0,0,0,0,0,0,0,0,0,0
61768,1,1,0,0,0,0,0,0,0,0,0,0
61769,1,1,0,0,0,0,0,0,0,0,0,0
61769,2,1,0,0,0,0,0,0,0,0,0,0
61770,1,1,0,0,0,0,0,0,0,0,0,0
61771,0,1,0,0,0,0,0,0,0,0,0,0
61771,0,2,0,0,0,14,0,0,0,0,0,12
61771,1,1,0,0,0,0,0,18,0,14,0,0
61771,2,1,0,0,0,0,0,0,0,0,3,0
61772,1,1,21,21,21,21,21,21,21,21,21,21
61773,0,1,0,0,0,0,0,0,0,0,0,0
61773,1,1,8,0,13,11,0,12,12,4,0,0
61774,0,1,0,0,0,0,0,0,0,0,0,0
61774,1,1,0,0,0,0,0,0,0,0,0,0
61775,1,1,0,0,0,26,0,0,0,0,0,0
61775,2,1,0,0,0,0,0,0,0,0,0,0
61775,3,1,0,0,0,0,0,0,0,0,0,0
61776,1,1,0,0,0,0,0,0,0,0,0,0
61776,2,1,0,0,0,19,0,0,0,0,0,0
61777,1,1,0,0,0,0,0,0,0,0,0,0
61777,2,1,0,0,0,0,0,0,0,0,0,0
61778,0,1,3,3,3,3,3,3,3,3,3,3
61778,1,1,0,0,0,0,0,0,0,0,0,0
61779,1,1,19,36,23,12,30,28,4,0,26,27
61779,2,1,0,0,0,0,0,0,0,0,0,0
61780,1,1,0,0,0,0,0,0,0,0,0,0
61781,1,1,14,14,14,14,14,14,14,14,14,14
61782,1,1,12,12,12,12,12,12,12,12,12,12
61783,1,1,20,20,20,20,20,20,20,20,20,20
61784,1,1,13,13,13,13,13,13,13,13,13,13
61784,2,1,0,0,0,0,0,0,0,0,0,0
61785,1,1,0,0,0,0,0,0,0,0,0,0
61786,1,1,0,0,0,0,0,0,0,0,0,0
61787,1,1,0,0,0,0,0,0,0,0,0,0
61787,2,1,0,0,0,0,0,0,0,0,0,0
61787,3,1,0,0,0,0,0,0,0,0,0,0
61787,4,1,0,0,0,0,0,0,0,0,0,0
61788,1,1,30,30,30,30,30,30,30,30,30,30
61788,2,1,0,0,0,0,0,0,0,0,0,12
61788,3,1,10,0,0,0,0,22,0,0,0,7
61789,1,1,0,0,15,8,10,0,10,0,0,0
61789,2,1,0,15,0,0,0,0,15,0,0,0
61790,1,1,0,0,0,0,0,0,0,0,0,0
61790,2,1,0,18,0,0,0,0,0,0,0,0
61791,1,1,0,0,0,0,0,0,0,0,0,0
61792,1,1,0,0,0,0,0,0,0,0,0,0
61793,1,1,17,17,17,17,17,17,17,17,17,17
61793,2,1,13,15,8,20,21,36,27,10,13,5
61794,1,1,0,0,0,0,0,0,0,0,0,0
61794,2,1,0,0,0,0,0,0,0,0,0,0
61794,3,1,0,0,0,0,0,0,0,0,24,0
61794,4,1,0,0,0,0,0,0,0,0,0,0
61795,1,1,2,2,2,2,2,2,2,2,2,2
61795,2,1,0,0,0,10,0,0,0,0,0,0
61795,3,1,23,0,0,0,0,23,0,13,22,0
61796,0,1,0,0,0,0,0,0,0,0,0,0
61796,1,1,0,0,0,0,0,0,0,0,0,0
61797,1,1,0,0,0,0,0,0,0,0,0,0
61797,2,1,0,0,0,0,0,0,0,0,0,0
61798,1,1,0,0,0,0,0,0,0,0,0,0
61798,2,1,0,0,0,0,33,0,0,0,0,0
61799,1,1,11,11,11,11,11,11,11,11,11,11
61799,2,1,0,0,0,0,0,0,0,0,0,0
61799,3,1,0,0,0,0,0,0,3,0,0,0
61800,1,1,0,0,0,0,0,0,0,0,0,0
61801,1,1,0,0,0,0,0,0,0,0,0,0
61802,1,1,0,8,0,0,0,0,0,0,0,0
61802,2,1,0,0,0,0,0,0,0,0,0,0
61803,1,1,0,0,0,0,0,0,0,0,0,0
61804,0,1,0,0,0,0,0,0,0,0,0,0
61804,1,1,0,0,0,0,0,0,0,0,0,0
61804,2,1,0,0,0,0,0,0,0,0,0,0
61805,1,1,0,0,0,0,0,0,0,0,0,0
61805,2,1,0,0,0,0,0,0,0,0,0,0
61806,1,1,0,0,0,0,0,0,0,0,0,0
61806,2,1,0,0,0,0,0,0,0,0,0,0
61807,1,1,0,0,0,11,0,0,0,0,0,0
61807,2,1,0,0,0,0,0,0,0,0,0,0
61808,1,1,13,27,4,0,8,0,0,0,0,0
61808,2,1,0,0,0,0,0,0,0,0,0,0
61808,3,1,0,0,0,0,0,0,0,0,0,0
61809,1,1,0,0,0,0,0,0,0,0,0,0
61810,1,1,0,0,0,0,0,0,0,0,0,0
61811,1,1,0,0,0,0,0,0,0,0,0,0
61811,2,1,0,0,0,0,0,0,0,0,0,0
61812,1,1,0,0,0,0,0,0,0,0,0,0
61813,1,1,0,0,0,0,0,0,0,0,0,0
61814,1,1,13,13,13,13,13,13,13,13,13,13
61814,2,1,0,5,16,7,23,13,18,0,18,0
61815,1,1,19,19,19,19,19,19,19,19,19,19
61815,2,1,0,0,0,0,0,0,0,0,0,0
61816,1,1,0,0,0,0,0,0,0,0,0,0
61816,2,1,2,2,2,2,2,2,2,2,2,2
61817,1,1,0,0,0,0,0,0,0,0,0,0
61817,2,1,0,0,0,0,0,0,0,0,0,0
61818,0,1,0,0,0,0,0,0,0,0,0,0
61818,1,1,0,0,0,0,0,0,0,0,0,0
61819,1,1,0,0,0,0,0,0,0,0,0,0
61820,1,1,0,0,0,0,0,0,0,0,0,0
61820,2,1,0,0,0,0,0,0,0,0,0,0
61821,1,1,0,0,0,0,0,0,0,0,0,0
61821,2,1,0,0,0,0,0,0,0,0,0,0
61822,1,1,0,0,0,0,0,0,0,0,0,0
61822,2,1,0,0,0,0,0,0,0,0,0,0
61823,1,1,20,20,20,20,20,20,20,20,20,20
61824,1,1,20,20,20,20,20,20,20,20,20,20
61824,2,1,0,0,0,0,0,0,0,20,0,0
61824,3,1,0,18,0,0,0,0,0,0,0,0
61824,4,1,0,0,0,0,0,0,0,0,0,0
61824,5,1,0,0,0,0,0,0,0,0,0,0
61825,1,1,0,0,0,0,0,0,0,0,0,0
61825,2,1,2,2,2,2,2,2,2,2,2,2
61826,0,1,0,0,0,0,0,0,0,0,0,0
61826,1,1,0,24,0,0,0,0,0,0,0,0
61827,0,1,0,0,0,0,0,0,0,0,0,0
61827,1,1,0,0,0,0,0,0,0,0,0,0
61828,1,1,15,15,15,15,15,15,15,15,15,15
61829,1,1,0,0,0,0,0,0,0,0,0,0
61829,2,1,0,0,0,28,0,0,0,0,11,0
61830,0,1,11,0,17,0,18,16,0,16,0,16
61830,1,1,0,15,7,0,13,0,25,17,0,0
61831,1,1,0,0,0,0,0,0,0,0,0,0
61831,2,1,0,0,0,0,0,0,0,0,0,0
61832,1,1,0,0,0,0,0,0,0,0,0,0
61834,1,1,0,7,15,15,10,10,23,28,21,28
61834,2,1,19,19,19,19,19,19,19,19,19,19
61835,0,1,0,0,0,0,0,0,0,0,0,0
61835,1,1,0,0,0,0,0,0,0,0,0,0
61836,0,1,0,0,0,0,0,0,14,0,0,0
61836,1,1,0,0,0,0,0,0,0,0,0,0
61837,0,1,0,0,0,0,0,0,0,0,0,0
61837,1,1,0,0,0,0,0,0,0,0,0,0
61838,1,1,0,0,0,0,0,0,0,0,0,0
61838,2,1,0,0,0,0,0,0,0,0,0,0
61838,3,1,0,0,0,0,0,0,0,0,9,0
61839,0,1,22,22,22,22,22,22,22,22,22,22
61839,0,2,0,0,0,0,0,0,0,0,0,0
61839,1,1,0,0,5,0,0,0,0,0,0,0
61840,1,1,0,0,0,0,0,0,0,0,0,0
61840,2,1,0,0,0,3,0,0,0,0,0,0
61841,1,1,0,0,0,0,0,0,0,0,0,0
61842,0,1,28,28,28,28,28,28,28,28,28,28
61842,0,2,22,22,22,22,22,22,22,22,22,22
61842,1,1,0,0,0,0,0,0,0,0,0,0
61843,1,1,0,0,0,0,0,0,0,0,0,0
61843,2,1,0,0,0,0,0,0,0,0,0,0
61844,1,1,0,0,0,0,0,27,0,0,0,0
61845,1,1,0,0,0,0,0,0,0,0,0,0
61846,1,1,0,0,0,0,0,0,0,0,0,25
61846,2,1,0,0,0,0,0,0,0,0,0,0
61847,1,1,0,0,0,0,0,0,0,0,0,0
61847,2,1,0,0,0,0,0,0,0,0,0,0
61848,1,1,0,0,0,21,0,0,0,0,0,0
61849,0,1,21,21,21,21,21,21,21,21,21,21
61849,1,1,14,14,14,14,14,14,14,14,14,14
61850,1,1,0,0,0,0,0,0,0,0,0,0
61850,2,1,0,0,0,0,0,0,0,0,0,0
61851,1,1,0,0,0,0,0,0,0,0,0,0
61851,2,1,0,0,0,0,0,0,0,0,0,0
61851,3,1,0,0,0,0,0,0,0,0,0,0
61852,1,1,12,12,12,12,12,12,12,12,12,12
61852,2,1,0,0,0,0,0,0,0,0,0,0
61853,0,1,0,0,0,0,0,0,0,0,0,0
61853,1,1,0,0,0,0,0,0,0,0,0,0
61854,1,1,0,0,0,0,0,0,0,12,0,0
61855,1,1,12,12,12,12,12,12,12,12,12,12
61855,2,1,0,0,0,0,0,0,0,0,25,0
61855,3,1,0,0,0,0,0,0,0,0,0,0
61856,1,1,0,0,0,0,0,0,10,22,0,0
61857,1,1,0,0,0,0,0,0,0,0,0,0
61858,1,1,0,0,0,0,0,0,0,0,0,0
61858,2,1,0,0,0,0,0,0,0,0,0,0
61859,1,1,18,18,18,18,18,18,18,18,18,18
61859,2,1,0,10,0,0,0,0,0,0,0,0
61860,1,1,0,0,0,0,8,13,0,0,0,0
61861,1,1,0,0,0,0,0,0,0,0,0,0
61861,2,1,0,0,0,0,0,0,0,0,0,0
61862,1,1,0,0,0,0,0,0,0,0,0,0
61863,1,1,4,4,4,4,4,4,4,4,4,4
61864,1,1,0,0,0,0,0,0,0,0,0,0
61864,2,1,0,0,0,0,0,0,0,0,0,0
61865,1,1,0,0,0,0,0,0,0,0,0,0
61865,2,1,0,0,0,0,0,0,0,0,0,0
61866,1,1,0,0,0,0,0,0,0,0,0,0
61866,2,1,0,0,0,0,0,0,0,0,0,0
61867,0,1,14,0,0,0,0,0,0,0,0,15
61867,1,1,12,26,0,3,33,0,0,24,0,0
61868,0,1,0,0,0,0,0,0,0,0,0,0
61868,1,1,0,0,0,0,0,0,0,0,0,0
61869,1,1,0,0,0,0,0,0,0,0,0,0
61870,0,1,15,43,0,24,0,0,0,21,41,0
61870,1,1,0,0,0,0,0,0,0,0,0,0
61871,1,1,0,0,0,0,0,0,0,0,0,0
61873,1,1,0,0,0,0,0,0,0,0,0,0
61873,2,1,0,0,0,0,0,0,0,0,0,0
61873,3,1,0,0,0,0,0,0,0,0,0,0
61873,4,1,0,0,0,6,0,0,0,0,0,0
61874,1,1,0,20,0,0,0,0,0,0,0,29
61874,2,1,0,0,0,0,0,0,0,0,0,0
61875,0,1,0,0,0,0,0,0,0,0,0,0
61875,1,1,0,0,0,0,0,0,0,8,0,0
61876,0,1,32,32,32,32,32,32,32,32,32,32
61876,1,1,0,0,0,0,0,0,0,13,0,0
61878,1,1,0,12,13,8,0,8,11,0,0,0
61878,2,1,0,0,0,0,0,0,0,0,0,0
61878,3,1,0,0,0,0,0,0,0,0,0,0
61879,1,1,21,21,21,21,21,21,21,21,21,21
61879,2,1,0,0,0,0,0,12,0,0,0,0
61880,0,1,0,4,0,0,29,0,17,15,7,0
61880,1,1,18,18,18,18,18,18,18,18,18,18
61881,0,1,0,0,0,0,14,18,0,0,0,0
61881,0,2,0,0,0,0,0,0,0,0,0,0
61881,1,1,0,0,0,17,0,0,0,0,0,0
61881,2,1,0,0,0,0,0,0,0,0,0,0
61882,1,1,0,0,0,0,0,0,0,0,0,0
61882,2,1,0,0,0,0,0,0,0,0,0,0
61883,1,1,0,0,0,0,0,0,0,0,0,0
61884,0,1,1,1,1,1,1,1,1,1,1,1
61884,1,1,14,29,13,7,0,26,16,15,12,18
61885,1,1,0,0,0,4,0,0,4,0,0,0
61885,2,1,0,0,0,0,0,0,0,0,0,0
61886,1,1,0,0,0,0,0,0,0,0,0,0
61886,2,1,0,4,0,0,0,0,0,0,0,0
61887,1,1,21,0,0,0,0,0,12,13,0,19
61888,1,1,0,0,0,0,0,0,0,0,0,0
61888,2,1,0,0,4,14,0,0,0,11,26,0
61889,0,1,25,25,25,25,25,25,25,25,25,25
61889,1,1,0,0,0,0,14,0,0,0,9,0
61890,0,1,0,0,0,0,0,0,0,0,0,0
61890,0,2,0,0,0,0,0,0,0,0,0,0
61890,1,1,0,0,0,0,0,0,0,0,0,0
61891,1,1,0,0,21,0,0,0,0,0,17,0
61891,2,1,0,0,0,0,0,0,0,0,0,0
61892,1,1,0,0,0,0,0,0,0,0,0,0
61893,1,1,8,8,8,8,8,8,8,8,8,8
61893,2,1,1,1,1,1,1,1,1,1,1,1
61894,1,1,0,0,0,0,0,0,0,0,0,0
61894,2,1,0,0,0,0,0,0,0,0,0,0
61895,1,1,0,0,0,0,0,0,0,0,0,0
61896,1,1,0,0,0,0,0,0,0,0,0,0
61897,1,1,0,0,0,0,0,0,0,0,0,0
61898,1,1,0,0,25,0,0,15,8,0,0,0
61899,1,1,0,0,25,0,0,0,0,0,0,0
61899,2,1,4,4,4,4,4,4,4,4,4,4
61900,1,1,4,4,4,4,4,4,4,4,4,4
61901,0,1,0,0,0,0,0,0,0,0,0,0
61901,1,1,0,0,0,0,0,0,0,13,0,0
61902,0,1,24,24,24,24,24,24,24,24,24,24
61902,1,1,0,0,0,0,0,0,0,0,0,0
61903,1,1,0,0,21,0,0,0,5,0,18,0
61904,0,1,0,0,0,0,0,0,0,0,0,0
61904,1,1,0,0,0,0,0,0,0,0,0,0
61905,0,1,15,15,15,15,15,15,15,15,15,15
61906,1,1,15,15,15,15,15,15,15,15,15,15
61907,0,1,0,0,0,0,0,0,0,0,0,0
61907,1,1,0,0,0,0,0,0,0,0,0,0
61908,1,1,0,0,0,0,0,0,0,0,0,0
61908,2,1,0,0,0,0,0,0,0,0,0,0
61909,1,1,0,0,0,0,0,0,0,0,0,0
61909,2,1,0,0,0,0,0,0,0,0,0,0
61910,0,1,38,38,38,38,38,38,38,38,38,38
61910,1,1,0,0,0,0,0,0,0,0,0,0
61911,0,1,0,0,0,0,0,0,0,0,0,0
61911,1,1,0,0,0,0,0,0,0,0,0,0
61912,0,1,19,0,0,0,0,46,0,7,47,14
61912,1,1,6,26,10,8,18,10,17,0,19,9
61913,1,1,0,0,0,0,0,0,0,0,0,0
61913,2,1,0,0,0,0,0,0,0,0,0,0
61914,0,1,40,40,40,40,40,40,40,40,40,40
61914,1,1,11,0,0,0,0,0,0,0,0,0
61915,1,1,25,25,25,25,25,25,25,25,25,25
61915,2,1,0,0,0,0,0,0,0,0,0,0
61916,1,1,0,7,17,0,13,0,8,6,0,18
61917,0,1,1,1,1,1,1,1,1,1,1,1
61917,1,1,0,0,0,0,0,0,0,0,0,0
61918,1,1,15,15,15,15,15,15,15,15,15,15
61919,1,1,0,0,0,0,0,0,0,0,0,0
61919,2,1,0,0,0,0,0,0,0,0,0,0
61920,1,1,10,18,0,0,16,0,9,0,8,0
61921,1,1,0,0,0,0,0,0,0,0,0,0
61922,1,1,0,0,0,0,0,0,0,0,0,0
61923,0,1,0,0,0,0,0,0,0,0,0,0
61923,1,1,12,25,9,16,25,3,20,18,13,7
61924,0,1,3,3,3,3,3,3,3,3,3,3
61924,1,1,30,0,0,20,0,0,0,11,0,0
61925,1,1,9,9,9,9,9,9,9,9,9,9
61925,2,1,0,0,0,0,0,0,0,0,0,0
61926,0,1,0,0,0,0,0,0,0,0,0,0
61926,1,1,17,22,0,0,0,9,12,0,0,0
61927,1,1,0,0,0,0,0,0,0,0,0,0
61927,2,1,0,0,0,0,0,0,0,0,0,0
61927,3,1,0,0,0,0,0,0,0,0,19,0
61928,0,1,1,1,1,1,1,1,1,1,1,1
61928,1,1,0,0,0,0,0,0,0,0,0,0
61929,0,1,0,0,0,0,0,0,0,0,0,0
61929,1,1,0,0,0,0,0,0,0,0,0,0
61930,0,1,6,6,6,6,6,6,6,6,6,6
61930,1,1,0,0,0,0,13,0,0,0,0,0
61931,0,1,0,0,0,0,0,0,0,0,0,0
61931,1,1,0,0,0,0,0,26,0,28,0,0
61932,0,1,0,0,0,0,0,0,0,0,0,0
61932,1,1,0,0,0,0,0,0,0,0,28,0
61933,0,1,0,0,0,0,0,0,0,0,0,0
61933,1,1,0,0,0,12,0,0,0,0,0,16
61934,0,1,0,0,0,0,0,0,0,0,0,0
61934,1,1,0,0,0,0,0,0,0,0,0,34
61935,0,1,0,0,0,0,0,0,0,0,0,0
61935,1,1,0,11,0,0,0,15,0,0,20,0
61936,0,1,0,0,0,0,0,0,0,0,0,0
61936,1,1,10,13,18,0,0,0,0,0,0,20
61937,1,1,0,0,0,0,0,0,0,0,0,0
61937,2,1,0,0,0,0,0,0,0,0,0,0
61938,0,1,19,19,19,19,19,19,19,19,19,19
61938,1,1,0,0,0,0,0,0,0,0,0,0
61939,1,1,0,0,0,0,0,0,0,0,0,0
61939,2,1,0,0,0,0,0,0,0,0,0,0
61940,0,1,0,0,0,0,0,0,0,0,20,0
61940,1,1,0,16,0,0,0,0,37,0,0,0
61941,1,1,0,0,0,0,0,0,0,0,0,0
61941,2,1,0,0,0,0,0,0,0,0,0,0
61942,1,1,0,0,0,0,0,0,0,0,0,0
61942,2,1,0,0,0,0,0,0,0,0,0,0
61943,0,1,13,13,13,13,13,13,13,13,13,13
61943,1,1,0,0,0,0,0,0,0,0,0,0
61944,0,1,30,30,30,30,30,30,30,30,30,30
61944,1,1,0,0,0,0,0,0,0,0,0,0
61945,0,1,0,0,0,0,0,0,23,0,0,0
61945,1,1,0,0,0,0,0,0,0,0,0,0
61946,1,1,0,0,0,0,0,0,0,0,0,0