ST_CASE,VEH_NO,PER_NO,P1,P2,P3,P4,P5,P6,P7,P8,P9,P10
61947,1,1,20,20,20,20,20,20,20,20,20,20
61948,1,1,10,10,10,10,10,10,10,10,10,10
61949,1,1,0,0,0,0,0,0,0,0,0,0
61949,2,1,0,0,0,0,0,0,0,0,0,0
61950,1,1,0,0,0,0,0,0,0,0,0,0
61950,2,1,0,0,0,0,0,0,0,0,0,0
61951,0,1,19,0,0,0,0,8,0,25,0,5
61951,1,1,0,0,0,27,0,0,0,0,0,0
61952,0,1,27,27,27,27,27,27,27,27,27,27
61952,1,1,21,0,11,20,12,0,0,11,18,0
61953,0,1,44,44,44,44,44,44,44,44,44,44
61953,1,1,0,0,0,0,0,0,0,0,0,0
61954,1,1,0,0,0,0,11,0,12,0,0,0
61954,2,1,0,0,0,13,0,0,17,0,0,0
61955,1,1,0,0,0,26,0,0,0,0,10,0
61955,2,1,0,0,0,0,0,0,0,0,0,0
61956,0,1,11,11,11,11,11,11,11,11,11,11
61956,1,1,0,0,0,0,0,16,20,0,0,31
61957,1,1,0,0,0,0,0,0,0,0,0,0
61957,2,1,0,0,0,0,0,0,0,0,0,0
61958,1,1,0,0,0,0,0,0,0,0,0,0
61958,2,1,0,0,0,0,0,0,0,0,0,0
61959,0,1,0,0,0,0,0,0,0,0,0,0
61959,1,1,0,0,0,0,0,16,0,0,0,0
61960,1,1,0,0,0,0,0,0,0,0,0,0
61960,2,1,0,0,0,0,0,0,0,0,0,0
61961,1,1,80,80,80,80,80,80,80,80,80,80
61961,2,1,0,0,0,0,0,0,0,0,0,0
61962,1,1,13,13,13,13,13,13,13,13,13,13
61963,1,1,17,17,17,17,17,17,17,17,17,17
61965,0,1,0,0,0,0,0,0,0,0,0,0
61965,1,1,19,0,0,12,0,0,15,0,0,7
61966,1,1,14,14,14,14,14,14,14,14,14,14
61966,2,1,11,11,11,11,11,11,11,11,11,11
61967,0,1,0,0,0,0,0,0,0,0,0,0
61967,1,1,0,0,0,0,0,0,0,0,0,0
61968,1,1,26,26,26,26,26,26,26,26,26,26
61968,2,1,0,0,0,0,0,0,0,22,0,0
61969,0,1,0,0,0,0,0,0,0,0,0,0
61969,1,1,0,0,0,0,0,0,0,0,0,0
61970,1,1,0,0,0,0,0,0,0,0,0,13
61970,2,1,0,0,0,0,0,0,0,0,0,0
61971,0,1,0,0,0,0,0,0,0,0,0,0
61971,1,1,0,0,0,0,0,0,0,0,0,0
61972,0,1,0,0,0,0,0,17,0,0,0,0
61972,1,1,0,0,0,0,0,0,0,0,0,0
61973,1,1,0,0,0,0,0,0,0,0,0,0
61973,2,1,0,0,0,0,0,0,0,0,0,0
61974,0,1,0,0,0,0,0,0,0,0,0,0
61974,0,2,0,0,0,0,0,0,0,0,0,0
61974,1,1,8,0,0,0,0,0,0,0,0,0
61975,1,1,0,0,4,0,0,0,0,0,0,0
61975,2,1,0,0,0,0,0,0,0,0,0,0
61976,1,1,23,7,0,3,19,0,25,7,12,15
61976,2,1,0,0,0,0,0,0,0,0,0,0
61977,1,1,0,0,0,0,0,0,0,0,0,0
61977,2,1,0,0,0,0,0,0,0,0,0,0
61978,1,1,0,0,0,0,0,0,0,0,0,0
61979,1,1,36,36,36,36,36,36,36,36,36,36
61980,1,1,19,19,19,19,19,19,19,19,19,19
61981,1,1,24,24,24,24,24,24,24,24,24,24
61982,0,1,0,0,0,0,0,0,0,0,0,0
61982,1,1,0,0,0,0,0,0,0,0,0,0
61983,1,1,0,0,0,0,0,0,0,0,0,0
61983,2,1,0,0,0,0,0,0,0,0,0,0
61984,0,1,0,0,0,0,0,0,0,0,0,0
61984,1,1,0,0,0,0,0,0,0,0,0,0
61985,1,1,0,0,0,0,0,0,0,0,0,0
61986,0,1,0,0,29,0,0,0,0,0,0,0
61986,1,1,0,0,0,0,0,0,0,0,0,0
61987,0,1,10,10,10,10,10,10,10,10,10,10
61987,1,1,0,10,12,0,0,13,24,3,0,0
61988,0,1,0,0,0,0,0,0,0,0,0,0
61988,1,1,0,0,0,0,0,0,0,0,0,0
61989,0,1,0,0,0,0,0,0,0,0,0,0
61989,1,1,29,0,0,0,0,0,0,28,22,0
61990,0,1,26,26,26,26,26,26,26,26,26,26
61990,1,1,0,0,0,0,0,0,0,0,0,0
61991,0,1,41,41,41,41,41,41,41,41,41,41
61991,1,1,2,2,2,2,2,2,2,2,2,2
61992,0,1,0,0,0,0,0,0,0,0,0,0
61992,1,1,0,0,0,0,0,0,0,0,0,0
61993,0,1,17,17,17,17,17,17,17,17,17,17
61993,1,1,0,21,0,20,0,16,22,0,23,0
61994,0,1,0,0,0,0,0,0,0,0,0,0
61994,1,1,0,0,0,0,0,0,0,0,0,0
61995,0,1,0,0,0,0,0,0,0,0,0,0
61995,1,1,10,0,14,20,0,0,16,0,0,0
61996,0,1,0,0,0,0,0,0,0,0,0,0
61996,1,1,0,0,0,0,25,0,11,0,0,0
61997,0,1,0,0,0,0,0,0,0,0,0,0
61997,1,1,0,0,0,0,0,0,0,0,0,0
61998,0,1,0,0,0,0,0,0,0,0,0,0
61998,1,1,0,0,0,0,0,0,0,0,0,0
61999,1,1,0,0,0,0,0,0,0,0,0,0
62000,1,1,0,0,0,0,0,0,0,0,0,0
62000,2,1,0,0,0,0,0,0,0,0,0,0
62000,3,1,24,0,0,0,0,24,0,14,14,0
62001,1,1,0,0,0,0,0,0,0,0,0,0
62001,2,1,0,0,0,0,0,0,0,0,0,0
62001,3,1,0,0,0,0,0,0,0,0,0,0
62002,1,1,0,0,0,0,0,0,0,0,0,0
62002,2,1,0,0,0,0,0,0,0,0,13,0
62003,1,1,0,0,0,0,0,0,0,0,0,0
62003,2,1,0,0,0,0,18,0,0,0,0,0
62003,3,1,0,0,0,0,0,0,6,0,0,0
62004,0,1,0,0,0,0,0,0,0,0,0,0
62004,1,1,20,0,0,0,20,0,0,27,14,0
62005,1,1,0,0,0,0,0,16,19,0,0,0
62005,2,1,0,0,0,0,0,0,0,0,0,0
62005,3,1,0,0,0,0,0,0,0,0,0,0
62006,0,1,21,0,24,0,0,20,0,16,0,6
62006,1,1,14,0,0,8,0,0,0,20,0,0
62007,1,1,0,0,0,0,0,0,0,0,0,0
62007,2,1,0,0,0,0,0,0,0,0,0,0
62007,3,1,0,0,0,0,0,0,0,0,0,0
62008,0,1,0,0,0,0,0,0,0,0,0,0
62008,1,1,0,0,0,0,0,0,0,0,0,0
62009,1,1,23,23,23,23,23,23,23,23,23,23
62010,1,1,21,21,21,21,21,21,21,21,21,21
62010,2,1,0,0,0,0,0,0,0,0,0,0
62011,1,1,0,0,0,0,0,0,0,0,0,0
62011,2,1,8,0,40,0,0,0,0,3,0,0
62012,0,1,0,0,0,0,0,0,0,0,0,0
62012,1,1,7,18,0,0,0,0,0,0,0,7
62013,0,1,0,0,0,0,0,0,0,0,0,0
62013,1,1,0,0,0,0,42,25,27,0,0,9
62014,1,1,0,0,0,0,0,0,0,0,0,0
62015,1,1,20,20,20,20,20,20,20,20,20,20
62016,1,1,0,0,0,0,0,0,0,0,0,0
62017,1,1,0,0,0,0,0,0,0,0,0,0
62017,2,1,0,0,0,0,0,0,0,0,0,0
62017,3,1,0,4,0,0,0,0,0,0,0,0
62017,4,1,0,13,0,0,0,0,0,0,0,0
62018,1,1,0,0,0,0,0,0,0,0,0,0
62018,2,1,0,0,0,0,0,0,0,0,0,0
62019,1,1,16,0,18,0,0,0,0,0,0,0
62019,2,1,0,0,7,0,0,0,0,0,0,7
62020,0,1,0,0,0,0,0,0,0,0,0,0
62020,1,1,9,9,9,9,9,9,9,9,9,9
62021,1,1,1,1,1,1,1,1,1,1,1,1
62021,2,1,30,2,7,6,10,8,45,15,10,22
62022,1,1,21,21,21,21,21,21,21,21,21,21
62022,2,1,0,0,0,0,0,0,0,0,0,0
62023,0,1,21,21,21,21,21,21,21,21,21,21
62023,1,1,33,18,8,19,20,25,20,13,19,0
62024,1,1,2,2,2,2,2,2,2,2,2,2
62025,1,1,21,21,21,21,21,21,21,21,21,21
62025,2,1,0,0,13,0,0,0,0,0,0,3
62026,0,1,0,0,0,0,0,0,0,0,0,0
62026,1,1,12,12,12,12,12,12,12,12,12,12
62027,0,1,0,0,0,0,0,0,0,0,0,0
62027,1,1,0,8,0,0,0,8,7,25,0,13
62028,0,1,0,0,0,0,0,0,0,0,0,0
62028,1,1,7,16,28,16,20,15,18,24,17,12
62029,1,1,0,0,0,0,0,0,0,0,0,0
62030,1,1,24,24,24,24,24,24,24,24,24,24
62030,2,1,0,0,0,0,14,0,0,0,0,0
62031,1,1,0,0,0,0,0,0,0,0,0,0
62031,3,1,0,0,0,17,0,0,0,0,0,0
62032,1,1,0,0,0,0,0,0,0,0,0,0
62033,1,1,0,0,0,0,0,0,0,0,0,0
62034,1,1,0,0,0,0,0,0,0,0,0,0
62034,2,1,21,0,0,0,14,0,0,0,0,0
62035,1,1,0,0,0,0,0,0,0,0,0,0
62035,2,1,0,0,0,0,0,0,0,0,13,0
62036,1,1,37,37,37,37,37,37,37,37,37,37
62036,2,1,0,0,0,0,0,0,0,0,0,0
62037,1,1,0,0,0,0,0,0,0,0,0,0
62037,2,1,0,0,0,0,0,0,0,0,0,0
62037,3,1,0,0,0,0,0,0,0,0,0,0
62038,1,1,0,0,0,0,0,0,0,0,0,0
62038,2,1,0,0,0,0,0,0,0,0,0,0
62039,0,1,0,0,0,0,0,0,0,0,0,0
62039,1,1,0,0,0,0,0,0,0,0,0,0
62040,0,1,21,21,21,21,21,21,21,21,21,21
62040,1,1,0,0,0,0,0,0,0,0,0,15
62041,0,1,30,30,30,30,30,30,30,30,30,30
62041,1,1,15,0,0,0,5,0,0,0,0,0
62042,0,1,22,22,22,22,22,22,22,22,22,22
62042,1,1,0,0,0,0,0,0,9,18,0,0
62043,0,1,0,0,22,0,25,0,0,0,35,0
62043,1,1,0,0,0,0,0,0,0,0,0,0
62044,1,1,7,25,14,25,0,0,0,0,0,10
62045,1,1,8,8,8,8,8,8,8,8,8,8
62046,1,1,7,7,7,7,7,7,7,7,7,7
62047,1,1,20,20,20,20,20,20,20,20,20,20
62048,0,1,12,12,12,12,12,12,12,12,12,12
62048,1,1,0,0,0,0,0,0,0,0,0,0
62049,0,1,31,0,0,0,0,0,0,0,0,0
62049,1,1,0,0,0,0,0,0,0,0,0,0
62050,0,1,10,8,0,0,0,0,0,0,0,0
62050,1,1,0,0,0,0,0,0,0,0,0,0
62051,0,1,0,0,0,0,0,0,0,0,0,0
62051,1,1,0,0,0,8,0,0,0,0,0,0
62052,1,1,0,0,0,0,0,0,0,0,0,0
62053,1,1,0,0,0,0,0,0,0,0,35,0
62054,1,1,20,20,20,20,20,20,20,20,20,20
62054,2,1,0,0,0,0,0,0,0,0,0,0
62055,0,1,0,0,0,0,0,0,0,0,0,0
62055,1,1,23,4,9,6,15,12,0,17,16,31
62056,1,1,29,29,29,29,29,29,29,29,29,29
62057,1,1,0,0,0,0,0,0,0,0,0,0
62057,2,1,0,0,0,0,0,0,0,0,0,0
62058,1,1,11,11,11,11,11,11,11,11,11,11
62059,0,1,0,0,0,0,0,0,0,0,0,0
62059,1,1,0,0,0,0,0,0,0,0,0,30
62060,0,1,0,0,0,0,0,0,0,0,0,0
62060,1,1,11,0,7,0,18,0,10,0,0,20
62061,0,1,21,0,0,0,3,0,0,0,0,19
62061,1,1,0,0,0,21,23,0,0,0,0,20
62062,0,1,0,0,0,0,0,0,0,0,0,0
62062,1,1,0,0,0,0,0,0,0,0,0,0
62063,1,1,0,0,0,0,0,0,0,0,0,0
62063,2,1,0,0,0,0,0,0,0,0,0,0
62063,3,1,0,0,0,0,0,0,0,0,0,0
62064,1,1,0,0,0,0,0,0,0,0,0,0
62065,1,1,0,0,0,0,0,0,0,0,0,0
62066,1,1,33,33,33,33,33,33,33,33,33,33
62067,1,1,0,0,0,0,0,0,0,0,0,0
62068,1,1,4,4,4,4,4,4,4,4,4,4
62069,0,1,0,0,0,0,0,0,0,0,0,0
62069,1,1,0,0,0,0,0,0,0,0,0,0
62070,1,1,0,0,0,0,0,13,0,0,0,0
62071,0,1,18,18,18,18,18,18,18,18,18,18
62071,1,1,0,0,0,0,0,0,0,0,0,0
62072,1,1,0,0,0,0,0,0,0,0,23,0
62073,0,1,26,26,26,26,26,26,26,26,26,26
62073,1,1,0,36,4,0,0,5,0,0,0,0
62074,1,1,0,0,0,0,0,0,0,0,0,0
62074,2,1,0,0,0,0,0,0,0,0,0,0
62075,1,1,40,40,40,40,40,40,40,40,40,40
62076,1,1,0,0,0,0,0,0,0,0,0,0
62077,1,1,9,9,9,9,9,9,9,9,9,9
62078,1,1,8,8,8,8,8,8,8,8,8,8
62079,1,1,0,0,0,0,0,0,0,0,0,0
62079,2,1,0,0,0,0,0,0,0,0,0,0
62079,3,1,21,0,0,0,7,0,0,0,0,0
62079,4,1,0,0,0,0,0,0,0,0,0,13
62079,5,1,0,0,0,0,0,0,0,0,0,0
62080,1,1,0,0,0,0,0,0,0,0,0,0
62080,2,1,0,0,12,0,0,0,0,21,0,11
62081,1,1,0,0,0,0,0,0,0,0,0,0
62082,0,1,0,0,0,0,0,0,0,0,0,0
62082,1,1,0,0,0,0,0,0,0,0,0,0
62083,0,1,21,21,21,21,21,21,21,21,21,21
62083,1,1,23,10,2,26,0,10,5,17,27,20
62084,0,1,0,0,0,0,0,0,0,0,0,0
62084,1,1,21,0,0,30,0,12,12,0,9,0
62085,0,1,0,0,0,0,0,0,0,0,0,0
62085,1,1,0,0,0,0,0,0,0,0,0,0
62086,1,1,19,19,19,19,19,19,19,19,19,19
62087,1,1,0,0,0,0,0,0,0,0,0,0
62088,1,1,0,0,0,0,0,0,0,0,0,0
62089,0,1,0,40,0,25,0,28,0,0,0,0
62089,1,1,0,0,0,0,9,0,0,0,0,0
62090,0,1,0,0,0,0,0,0,0,0,0,0
62090,1,1,0,17,19,0,0,0,0,0,0,0
62091,1,1,0,0,0,0,0,0,0,0,0,0
62092,1,1,22,22,22,22,22,22,22,22,22,22
62093,1,1,21,21,21,21,21,21,21,21,21,21
62094,1,1,32,32,32,32,32,32,32,32,32,32
62095,0,1,0,0,0,0,0,0,0,0,0,0
62095,1,1,0,0,0,0,0,0,14,0,0,0
62096,1,1,0,0,0,0,0,0,0,0,0,0
62096,2,1,0,0,0,0,0,18,0,0,0,0
62097,1,1,0,0,0,0,0,0,0,0,0,0
62097,2,1,0,0,0,0,0,0,0,0,0,0
62097,3,1,0,0,0,0,4,0,0,0,0,0
62098,0,1,0,0,0,0,0,0,0,0,0,0
62098,1,1,0,0,0,0,0,0,0,0,0,0
62098,2,1,0,7,0,0,0,5,0,0,0,0
62098,3,1,0,0,0,0,0,0,0,0,13,0
62099,1,1,0,0,0,0,0,0,0,0,0,0
62099,2,1,5,5,5,5,5,5,5,5,5,5
62100,1,1,0,0,0,0,0,0,0,0,0,0
62100,2,1,0,0,0,0,0,0,0,0,0,0
62101,0,1,0,0,0,0,0,0,0,0,0,0
62101,1,1,0,0,0,0,0,0,0,0,0,0
62102,1,1,0,0,0,0,0,0,0,0,0,0
62102,2,1,2,2,2,2,2,2,2,2,2,2
62103,0,1,0,0,0,0,0,0,0,0,0,0
62103,0,2,18,19,30,24,16,16,23,16,39,30
62103,1,1,0,15,0,0,0,0,0,0,0,0
62104,0,1,0,0,0,0,0,0,0,0,0,0
62104,1,1,0,0,0,0,0,0,0,0,0,0
62105,1,1,27,27,27,27,27,27,27,27,27,27
62105,2,1,0,0,0,29,0,28,0,0,0,0
62106,0,1,0,0,0,0,0,0,0,0,0,0
62106,1,1,0,0,0,0,7,0,0,0,0,0
62107,1,1,10,22,14,15,28,19,16,18,5,0
62107,2,1,0,0,0,0,0,0,0,0,0,0
62108,1,1,0,0,0,0,0,0,0,0,0,0
62109,1,1,14,14,14,14,14,14,14,14,14,14
62109,2,1,0,0,0,0,0,0,0,0,0,0
62110,0,1,0,0,0,0,0,0,0,0,0,0
62110,1,1,0,0,0,0,0,0,0,0,0,0
62111,0,1,0,0,0,0,0,0,0,0,0,0
62111,1,1,5,0,0,0,2,0,0,0,17,11
62112,1,1,17,17,17,17,17,17,17,17,17,17
62113,1,1,0,0,0,0,0,0,0,0,0,0
62113,2,1,0,0,0,0,0,0,0,29,14,0
62114,1,1,0,0,0,0,0,0,0,0,0,0
62114,2,1,0,14,0,0,0,0,0,0,0,20
62114,3,1,6,0,0,0,0,0,0,0,0,0
62115,1,1,0,0,0,0,0,0,0,0,0,0
62115,2,1,0,0,0,0,0,0,0,0,0,0
62115,3,1,0,0,0,0,0,0,0,0,21,0
62115,4,1,0,0,0,0,0,0,0,0,0,0
62116,1,1,24,24,24,24,24,24,24,24,24,24
62117,0,1,0,0,0,0,0,0,0,0,0,0
62117,1,1,0,5,0,0,0,0,0,0,0,0
62118,1,1,11,24,26,18,15,13,24,8,32,22
62119,1,1,0,8,0,0,0,11,0,7,0,0
62119,2,1,0,0,0,0,0,0,0,0,0,0
62119,3,1,0,28,0,15,4,0,0,15,0,0
62120,1,1,0,0,0,0,0,0,0,0,0,0
62120,2,1,0,9,0,0,0,0,0,0,0,0
62121,1,1,0,0,0,0,0,0,0,0,0,0
62121,2,1,0,0,0,0,0,0,0,0,0,0
62121,3,1,0,0,0,0,0,0,0,0,0,0
62122,1,1,0,0,0,0,0,0,0,0,0,0
62123,0,1,15,15,15,15,15,15,15,15,15,15
62123,1,1,0,7,0,0,0,13,0,0,0,0
62124,1,1,6,22,6,19,9,9,33,8,15,17
62125,1,1,0,0,0,0,0,0,0,0,0,0
62125,2,1,0,0,0,0,0,0,0,0,0,0
62126,1,1,0,0,0,0,0,0,0,0,0,0
62126,2,1,0,0,0,0,0,0,0,0,0,0
62127,1,1,24,24,24,24,24,24,24,24,24,24
62128,1,1,0,0,0,0,0,0,0,0,15,31
62128,2,1,0,0,0,0,0,0,0,0,0,0
62129,1,1,0,0,0,0,0,0,0,0,0,0
62129,2,1,0,0,0,0,0,0,0,0,10,0
62130,1,1,12,12,12,12,12,12,12,12,12,12
62130,2,1,0,0,0,0,20,0,0,0,0,23
62131,1,1,0,0,0,0,0,0,0,0,0,0
62132,1,1,0,0,0,0,0,0,0,0,0,0
62133,1,1,22,0,0,0,0,0,0,0,0,0
62133,2,1,0,0,0,0,0,0,0,0,0,0
62133,3,1,0,0,0,0,0,0,0,0,0,0
62134,0,1,0,0,0,0,0,0,0,0,0,0
62134,1,1,0,0,0,0,0,0,0,0,0,0
62135,1,1,19,19,19,19,19,19,19,19,19,19
62135,2,1,0,0,0,0,0,0,0,0,0,0
62136,0,1,9,9,9,9,9,9,9,9,9,9
62136,0,2,21,15,14,34,5,8,0,28,43,13
62136,1,1,13,8,14,11,7,15,5,12,14,9
62137,1,1,0,0,0,0,0,0,11,5,0,0
62137,2,1,0,0,0,0,0,0,0,0,0,0
62138,1,1,22,22,22,22,22,22,22,22,22,22
62139,1,1,11,11,11,11,11,11,11,11,11,11
62140,1,1,59,59,59,59,59,59,59,59,59,59
62140,2,1,0,0,0,0,0,0,0,0,0,0
62141,1,1,0,0,0,0,0,0,0,0,0,0
62142,1,1,0,0,0,0,22,0,0,0,0,0
62142,2,1,0,0,0,0,0,0,0,0,0,0
62143,1,1,0,0,0,0,0,0,0,0,0,0
62143,2,1,0,0,0,0,0,0,0,0,0,0
62143,3,1,0,0,0,0,0,0,0,0,15,0
62144,0,1,0,0,0,0,0,0,0,0,0,0
62144,1,1,0,0,0,0,20,0,0,0,0,0
62145,1,1,0,0,0,0,0,0,0,0,0,0
62145,2,1,0,0,0,0,0,0,0,0,0,0
62146,0,1,0,0,0,0,0,0,0,0,0,0
62146,1,1,0,0,0,0,0,0,0,0,0,0
62147,1,1,0,0,0,0,0,0,0,0,0,0
62148,1,1,0,0,0,0,0,0,0,0,0,0
62148,2,1,12,12,12,12,12,12,12,12,12,12
62149,1,1,0,0,0,0,0,0,0,0,0,0
62149,2,1,0,0,0,6,0,0,0,6,0,29
62149,3,1,0,0,0,0,0,0,0,0,0,0
62149,4,1,0,0,0,0,0,0,0,0,0,0
62150,1,1,0,0,0,0,0,0,0,0,0,0
62150,2,1,0,21,0,47,15,8,24,14,18,0
62150,3,1,0,21,0,0,0,0,0,0,0,17
62151,1,1,27,27,27,27,27,27,27,27,27,27
62152,1,1,0,0,0,0,0,0,0,0,0,0
62153,1,1,22,22,22,22,22,22,22,22,22,22
62154,1,1,0,0,0,0,0,0,0,0,0,0
62155,1,1,0,0,0,0,0,0,0,0,0,0
62156,1,1,30,30,30,30,30,30,30,30,30,30
62157,0,1,0,0,0,0,0,0,0,0,0,0
62157,1,1,5,5,5,5,5,5,5,5,5,5
62158,0,1,0,0,0,0,0,0,0,0,0,0
62158,1,1,0,0,0,0,0,0,0,0,0,0
62159,1,1,0,0,0,0,0,0,13,0,0,0
62159,2,1,0,0,0,0,0,0,0,0,0,0
62160,1,1,19,19,19,19,19,19,19,19,19,19
62161,0,1,21,21,21,21,21,21,21,21,21,21
62161,1,1,0,0,10,0,0,19,0,13,0,20
62161,2,1,0,0,0,0,5,0,0,0,0,0
62162,1,1,19,19,19,19,19,19,19,19,19,19
62162,2,1,2,2,2,2,2,2,2,2,2,2
62163,1,1,16,16,16,16,16,16,16,16,16,16
62164,0,1,0,0,0,0,0,0,0,0,0,0
62164,0,2,0,0,0,0,0,0,0,0,0,0
62164,1,1,0,0,0,0,0,0,0,0,0,0
62164,2,1,0,0,0,0,0,0,0,0,0,0
62165,0,1,0,0,0,0,0,0,0,0,0,0
62165,1,1,0,0,0,0,0,0,0,0,0,0
62166,1,1,18,18,18,18,18,18,18,18,18,18
62166,2,1,0,0,0,0,0,0,0,0,0,0
62166,3,1,0,0,0,0,0,0,0,0,0,0
62167,0,1,0,0,0,0,0,0,0,0,0,0
62167,1,1,0,0,0,0,0,0,0,0,0,0
62168,1,1,0,0,0,0,0,0,0,0,0,0
62168,2,1,0,7,0,0,0,11,0,0,0,0
62169,0,1,0,0,0,0,0,0,0,0,0,0
62169,1,1,0,0,0,0,0,0,0,0,0,0
62169,2,1,0,0,7,0,0,0,0,0,0,0
62169,3,1,0,0,0,0,0,0,0,0,0,0
62170,1,1,0,0,0,0,0,0,0,0,0,0
62171,0,1,0,0,0,0,0,0,0,0,0,0
62171,1,1,0,0,0,0,0,0,0,0,0,0
62172,1,1,23,22,18,8,13,30,12,21,14,34
62173,0,1,0,0,0,0,0,0,0,0,0,0
62173,1,1,10,22,9,12,0,0,12,0,0,24
62174,1,1,24,24,24,24,24,24,24,24,24,24
62175,1,1,0,0,0,0,0,0,0,0,0,0
62175,2,1,0,0,0,0,0,0,0,0,0,0
62176,1,1,8,8,8,8,8,8,8,8,8,8
62176,2,1,0,0,0,0,0,0,0,0,0,0
62177,0,1,2,2,2,2,2,2,2,2,2,2
62177,1,1,19,19,19,19,19,19,19,19,19,19
62178,0,1,0,0,0,0,0,0,0,0,0,0
62178,1,1,13,13,13,13,13,13,13,13,13,13
62179,0,1,0,0,0,0,0,0,0,0,0,0
62179,1,1,0,0,0,0,0,0,0,0,0,0
62180,1,1,0,0,0,0,0,0,0,0,0,0
62180,2,1,0,0,0,0,0,0,0,0,0,0
62181,1,1,0,0,0,0,0,0,0,0,0,0
62181,2,1,0,0,0,0,0,8,0,0,0,0
62182,0,1,0,0,0,0,0,0,0,0,0,0
62182,1,1,0,0,9,0,0,0,0,0,0,0
62183,1,1,17,17,17,17,17,17,17,17,17,17
62183,2,1,0,0,0,0,8,0,0,0,0,0
62184,0,1,0,0,0,0,0,0,0,0,0,0
62184,1,1,0,0,0,0,0,0,0,0,0,0
62185,1,1,19,19,19,19,19,19,19,19,19,19
62186,0,1,13,13,13,13,13,13,13,13,13,13
62186,1,1,0,0,0,0,0,0,0,0,0,0
62187,1,1,0,0,0,0,0,0,0,0,0,0
62188,0,1,0,0,0,0,0,0,0,0,0,0
62188,1,1,0,0,0,0,0,0,0,0,0,0
62189,1,1,0,0,0,0,0,0,0,0,0,0
62189,2,1,0,0,0,0,0,0,0,0,0,0
62190,1,1,37,37,37,37,37,37,37,37,37,37
62190,2,1,0,0,0,0,0,0,0,0,0,0
62191,1,1,0,0,0,0,0,0,0,0,0,0
62191,2,1,2,2,2,2,2,2,2,2,2,2
62192,1,1,11,11,11,11,11,11,11,11,11,11
62193,1,1,0,0,0,0,0,0,0,0,0,0
62194,0,1,0,0,0,0,0,0,0,0,0,0
62194,1,1,0,0,0,0,0,0,0,0,0,0
62195,0,1,0,0,0,0,0,0,0,0,0,0
62195,0,2,0,0,32,0,0,0,0,0,0,0
62195,1,1,0,0,0,0,0,0,0,0,0,0
62196,1,1,0,0,0,0,0,0,0,0,0,0
62197,1,1,18,18,18,18,18,18,18,18,18,18
62198,1,1,0,0,0,0,0,0,0,0,0,0
62199,0,1,23,23,23,23,23,23,23,23,23,23
62199,1,1,0,0,0,0,0,0,0,0,0,0
62200,1,1,0,0,0,0,0,0,0,0,0,0
62201,0,1,0,0,0,0,0,0,0,0,0,0
62201,1,1,23,23,23,23,23,23,23,23,23,23
62202,1,1,0,0,0,0,0,0,0,0,0,0
62202,2,1,0,0,0,0,0,0,0,0,0,0
62203,0,1,3,3,3,3,3,3,3,3,3,3
62203,1,1,0,0,0,0,12,0,0,0,0,16
62204,0,1,0,0,0,0,0,0,0,0,0,0
62204,1,1,10,0,0,0,0,0,31,0,0,0
62205,1,1,0,0,0,0,0,0,0,0,0,0
62205,2,1,0,0,0,0,0,0,0,0,0,0
62206,1,1,15,15,15,15,15,15,15,15,15,15
62207,1,1,26,26,26,26,26,26,26,26,26,26
62208,1,1,0,0,0,0,0,0,0,0,0,0
62208,2,1,0,0,0,20,0,0,0,0,0,0
62209,1,1,0,0,0,0,0,0,0,0,0,0
62209,2,1,0,0,0,0,0,0,0,0,0,0
62209,3,1,0,0,0,0,0,0,21,0,0,0
62210,1,1,18,18,18,18,18,18,18,18,18,18
62211,1,1,27,27,27,27,27,27,27,27,27,27
62211,2,1,0,0,0,0,0,0,0,0,0,0
62211,3,1,0,0,0,0,0,0,0,0,0,0
62212,1,1,0,0,0,0,0,0,0,0,0,0
62212,2,1,0,0,0,0,0,0,0,0,0,0
62213,1,1,0,0,0,0,0,0,0,0,0,0
62214,0,1,0,0,0,0,0,0,0,0,0,0
62214,1,1,29,29,29,29,29,29,29,29,29,29
62215,1,1,0,0,0,0,0,0,0,0,0,0
62216,0,1,30,30,30,30,30,30,30,30,30,30
62216,1,1,0,0,0,0,0,0,0,0,0,0
62217,1,1,0,0,0,0,0,0,0,0,0,0
62218,1,1,0,0,0,0,0,0,0,0,0,0
62218,2,1,0,0,0,0,0,0,0,0,0,0
62219,1,1,0,0,0,0,0,0,0,0,0,0
62219,2,1,0,0,0,0,0,0,0,0,0,0