ST_CASE,VEH_NO,PER_NO,P1,P2,P3,P4,P5,P6,P7,P8,P9,P10
62766,1,1,0,16,0,0,0,0,0,0,0,12
62767,0,1,0,4,20,7,0,20,15,21,41,0
62767,1,1,0,21,0,0,0,0,11,14,0,0
62768,1,1,0,0,0,0,0,0,0,0,0,0
62769,0,1,4,4,4,4,4,4,4,4,4,4
62769,1,1,0,0,0,0,0,0,0,0,0,0
62770,0,1,0,0,0,0,0,0,0,0,0,0
62770,1,1,0,0,0,0,0,0,0,0,0,0
62771,0,1,0,0,0,0,0,0,0,0,0,0
62771,1,1,0,0,0,0,0,0,0,0,0,0
62772,0,1,0,0,0,0,0,0,0,0,0,0
62772,1,1,0,0,0,0,0,0,0,0,0,0
62773,1,1,0,0,0,0,0,0,0,0,0,0
62773,2,1,0,0,0,0,0,0,0,11,0,0
62774,1,1,0,0,0,0,0,0,0,0,0,0
62774,2,1,0,0,0,0,0,0,0,0,0,0
62775,1,1,22,22,22,22,22,22,22,22,22,22
62775,2,1,0,0,0,0,0,0,10,0,0,0
62775,3,1,0,0,0,0,0,0,0,0,0,34
62776,1,1,0,0,0,0,0,0,0,0,0,0
62777,0,1,0,0,0,0,0,0,0,0,0,0
62777,1,1,0,0,0,11,0,0,0,0,0,0
62778,0,1,14,0,16,0,57,0,12,0,45,30
62778,1,1,8,0,0,0,0,0,0,0,0,0
62779,0,1,0,0,0,0,0,0,0,0,0,0
62779,1,1,0,0,0,0,0,0,0,0,0,0
62780,0,1,0,0,0,0,0,0,32,0,14,0
62780,1,1,0,0,0,0,0,14,0,0,0,0
62781,0,1,0,0,0,0,0,0,0,0,0,0
62781,1,1,0,0,0,0,0,0,0,0,19,0
62782,0,1,36,8,0,25,0,29,0,5,0,18
62782,1,1,18,25,0,16,5,19,0,19,2,0
62783,0,1,23,23,23,23,23,23,23,23,23,23
62783,1,1,0,0,0,0,0,0,0,0,0,0
62784,0,1,4,4,4,4,4,4,4,4,4,4
62784,1,1,0,0,0,0,0,30,0,0,0,0
62785,0,1,0,0,0,0,0,0,0,0,0,0
62785,1,1,0,0,0,0,0,0,0,0,0,0
62786,0,1,0,0,0,0,0,0,0,0,0,0
62786,1,1,0,27,0,0,0,0,0,0,0,0
62787,1,1,0,0,0,0,0,0,0,0,0,0
62787,2,1,0,0,0,0,0,0,0,0,0,0
62788,1,1,25,25,25,25,25,25,25,25,25,25
62788,2,1,0,0,0,0,0,10,0,0,0,0
62789,0,1,0,16,0,0,0,0,0,0,0,0
62789,1,1,0,0,0,0,0,0,0,0,0,0
62790,0,1,35,0,15,0,0,15,0,0,0,19
62790,1,1,0,0,0,0,0,0,0,0,0,0
62791,1,1,0,0,0,0,0,0,0,0,0,0
62791,2,1,0,0,0,0,8,0,0,0,0,0
62791,3,1,0,0,0,0,0,0,0,0,0,0
62792,0,1,24,24,24,24,24,24,24,24,24,24
62792,1,1,0,0,0,0,0,0,0,0,0,0
62793,0,1,0,0,0,0,0,0,0,0,0,0
62793,1,1,0,0,0,0,0,0,0,0,0,0
62794,1,1,0,0,0,0,0,0,0,0,0,0
62795,0,1,0,0,0,0,0,0,0,0,0,0
62795,1,1,0,0,0,0,0,0,0,0,0,0
62796,0,1,0,0,0,0,0,0,0,0,0,0
62796,1,1,0,0,0,0,0,0,0,0,0,0
62797,1,1,0,0,0,0,0,0,0,0,0,0
62798,1,1,0,0,0,0,0,0,0,0,0,0
62799,1,1,13,13,13,13,13,13,13,13,13,13
62800,0,1,0,0,0,0,0,0,0,0,0,0
62800,1,1,0,0,0,0,0,0,0,0,0,0
62801,0,1,0,0,0,0,0,0,0,0,0,0
62801,1,1,0,0,0,0,0,0,0,0,0,0
62802,0,1,0,0,0,0,0,0,0,0,0,0
62802,1,1,0,0,0,0,0,0,0,0,0,0
62802,2,1,0,0,0,0,0,0,0,0,0,0
62802,3,1,0,0,0,0,0,0,0,0,0,0
62803,1,1,0,0,0,0,0,0,0,0,0,0
62803,2,1,0,0,0,0,0,0,0,0,0,0
62803,3,1,0,0,0,0,14,0,0,0,0,0
62803,4,1,0,0,0,0,0,0,0,0,0,0
62805,0,1,10,10,10,10,10,10,10,10,10,10
62805,1,1,29,19,0,14,0,12,22,0,0,0
62806,0,1,0,0,0,0,0,0,0,0,0,0
62806,1,1,0,0,0,0,0,0,0,0,0,0
62806,2,1,0,0,0,35,5,0,0,0,0,0
62807,0,1,9,9,9,9,9,9,9,9,9,9
62807,1,1,0,0,0,0,0,0,0,0,0,0
62807,2,1,0,0,0,0,0,0,0,0,0,0
62807,3,1,17,0,0,0,0,0,0,0,0,0
62808,0,1,26,26,26,26,26,26,26,26,26,26
62808,1,1,0,28,0,11,21,0,8,14,0,7
62809,0,1,43,0,13,0,0,0,0,0,36,0
62809,1,1,0,0,0,0,0,0,0,0,0,0
62810,0,1,41,41,41,41,41,41,41,41,41,41
62810,1,1,0,22,16,0,0,13,16,14,14,15
62811,0,1,0,0,0,0,0,0,0,0,0,0
62811,1,1,0,0,0,0,9,21,0,0,0,0
62812,1,1,0,0,0,0,0,0,0,0,0,0
62813,0,1,0,0,0,0,0,0,0,0,0,0
62813,1,1,0,0,0,0,0,0,0,0,0,0
62814,0,1,0,0,0,0,0,0,0,0,0,0
62814,1,1,0,0,0,0,0,0,0,0,0,0
62814,2,1,0,0,30,0,0,0,13,0,0,0
62814,3,1,0,5,0,20,4,10,0,0,0,0
62815,1,1,22,22,22,22,22,22,22,22,22,22
62816,0,1,0,0,24,0,0,0,0,0,6,13
62816,0,2,0,0,0,0,0,0,0,0,0,0
62816,1,1,21,21,21,21,21,21,21,21,21,21
62817,1,1,20,20,20,20,20,20,20,20,20,20
62818,1,1,0,0,0,0,0,0,0,0,0,0
62818,2,1,0,0,0,0,0,0,0,0,0,0
62819,0,1,0,0,0,0,0,0,0,0,0,0
62819,1,1,0,19,0,0,0,0,0,0,0,0
62820,0,1,40,40,40,40,40,40,40,40,40,40
62820,1,1,0,18,0,0,0,0,0,0,0,0
62820,2,1,0,0,0,0,0,0,0,0,0,0
62821,1,1,0,0,0,0,0,0,0,0,0,0
62821,2,1,0,0,0,0,0,0,0,0,0,0
62822,1,1,15,15,15,15,15,15,15,15,15,15
62822,2,1,14,14,14,14,14,14,14,14,14,14
62823,1,1,0,0,0,0,0,0,0,0,0,0
62823,2,1,0,0,0,0,0,0,0,0,0,0
62824,1,1,0,0,0,0,0,0,0,0,0,0
62824,2,1,0,0,0,0,0,0,0,0,0,0
62825,1,1,12,8,4,22,12,14,16,26,18,40
62826,0,1,0,0,0,0,0,0,0,0,0,0
62826,1,1,15,15,15,15,15,15,15,15,15,15
62827,0,1,0,2,34,11,0,0,0,21,0,32
62827,1,1,0,0,0,0,0,0,0,0,0,0
62828,0,1,8,8,8,8,8,8,8,8,8,8
62828,1,1,0,0,0,0,0,0,0,0,26,0
62829,1,1,10,10,10,10,10,10,10,10,10,10
62830,1,1,16,16,16,16,16,16,16,16,16,16
62830,2,1,0,0,0,0,0,0,0,0,0,0
62830,3,1,0,0,0,13,30,0,0,0,0,0
62831,1,1,0,0,0,0,0,7,0,0,0,0
62831,2,1,0,0,0,0,0,0,0,0,0,0
62832,1,1,8,8,8,8,8,8,8,8,8,8
62832,2,1,0,0,0,0,0,0,0,0,0,0
62833,0,1,0,0,0,0,0,0,0,0,0,0
62833,1,1,0,0,0,0,0,0,0,0,0,0
62834,1,1,17,17,17,17,17,17,17,17,17,17
62835,1,1,16,16,16,16,16,16,16,16,16,16
62836,0,1,0,0,0,0,0,0,0,0,0,0
62836,1,1,0,0,0,0,0,0,0,0,13,0
62837,1,1,0,0,0,0,0,0,0,0,0,0
62837,2,1,0,0,0,0,0,0,0,0,0,0
62837,3,1,0,0,0,0,0,0,0,0,0,0
62837,4,1,0,0,0,0,0,0,0,0,0,0
62837,5,1,0,0,0,0,0,0,0,0,0,0
62837,6,1,0,0,0,0,0,22,0,0,0,0
62838,0,1,0,0,0,0,0,0,0,0,0,0
62838,1,1,0,0,0,0,0,0,0,0,0,0
62839,1,1,0,0,0,0,0,0,0,0,0,0
62840,0,1,0,0,0,0,0,0,0,0,0,0
62840,1,1,0,0,0,0,0,0,0,0,0,0
62841,1,1,0,0,0,0,0,0,0,0,0,0
62841,2,1,17,0,0,0,31,0,0,0,0,0
62842,1,1,0,0,0,0,0,0,0,0,5,0
62842,2,1,0,0,0,0,0,0,0,0,0,0
62843,0,1,33,33,33,33,33,33,33,33,33,33
62843,1,1,0,0,0,0,0,0,0,0,0,0
62844,1,1,26,26,26,26,26,26,26,26,26,26
62844,2,1,0,0,0,0,0,0,0,0,0,0
62844,3,1,0,0,0,0,0,0,0,2,0,0
62844,4,1,0,0,0,0,0,0,0,0,0,0
62845,1,1,11,11,11,11,11,11,11,11,11,11
62845,2,1,4,0,16,14,0,26,16,14,4,0
62845,3,1,0,0,0,0,0,0,0,0,0,0
62845,4,1,21,0,0,0,19,0,0,19,0,0
62846,1,1,18,18,18,18,18,18,18,18,18,18
62846,2,1,0,0,0,0,0,0,0,0,0,0
62847,1,1,0,18,18,0,0,0,0,0,0,0
62847,2,1,0,0,0,0,0,0,0,0,0,0
62847,3,1,0,0,0,0,26,0,0,0,0,0
62848,1,1,12,18,27,7,10,14,12,0,21,13
62848,2,1,0,0,0,0,0,0,0,0,0,0
62849,0,1,30,30,30,30,30,30,30,30,30,30
62849,1,1,0,0,0,0,0,0,0,0,0,0
62850,0,1,11,11,11,11,11,11,11,11,11,11
62850,1,1,0,0,0,0,0,0,0,0,0,0
62851,0,1,18,18,18,18,18,18,18,18,18,18
62851,1,1,0,0,0,0,0,0,0,0,0,5
62852,1,1,25,25,25,25,25,25,25,25,25,25
62853,1,1,0,0,0,0,0,0,0,0,0,0
62854,1,1,0,0,0,0,0,0,0,0,0,0
62855,1,1,0,0,0,0,0,0,0,0,0,0
62855,2,1,0,0,0,0,0,0,0,0,0,0
62856,1,1,0,0,0,0,0,0,0,0,0,0
62856,2,1,0,0,0,0,0,16,0,0,14,0
62857,1,1,0,0,0,0,0,0,0,0,18,0
62858,1,1,14,14,14,14,14,14,14,14,14,14
62859,0,1,0,0,0,0,0,0,0,0,0,0
62859,1,1,0,0,20,0,0,0,0,0,0,10
62860,0,1,0,0,24,0,0,0,0,0,9,0
62860,1,1,0,0,0,0,0,0,0,0,0,0
62861,0,1,0,30,0,0,0,0,0,52,0,0
62861,1,1,0,0,0,0,0,0,0,0,0,0
62862,1,1,13,0,0,0,0,0,0,0,0,0
62862,2,1,0,0,0,0,0,0,0,0,0,0
62863,0,1,0,0,0,0,0,0,0,0,0,0
62863,1,1,0,0,0,0,0,9,0,0,0,0
62864,0,1,17,17,17,17,17,17,17,17,17,17
62864,1,1,0,0,0,45,0,16,0,0,0,0
62865,0,1,0,0,0,0,0,0,0,0,0,0
62865,1,1,8,0,0,0,0,0,0,8,0,0
62866,1,1,13,13,13,13,13,13,13,13,13,13
62867,1,1,15,15,15,15,15,15,15,15,15,15
62868,0,1,0,0,0,0,0,0,0,0,0,0
62868,1,1,0,0,0,0,0,0,0,0,15,0
62869,0,1,0,0,0,0,0,0,0,24,0,0
62869,1,1,0,0,0,0,0,0,0,0,0,0
62870,1,1,0,0,10,20,0,17,26,0,37,0
62870,2,1,0,0,0,0,0,0,0,0,0,0
62870,3,1,0,0,0,0,0,0,0,0,0,0
62871,0,1,26,26,26,26,26,26,26,26,26,26
62871,1,1,0,8,10,0,26,12,21,0,0,20
62872,0,1,0,0,0,0,0,0,0,0,0,0
62872,1,1,0,0,0,0,0,0,0,0,0,0
62873,0,1,0,0,0,0,0,0,0,0,0,0
62873,1,1,0,0,0,0,0,0,0,0,0,33
62874,1,1,16,16,16,16,16,16,16,16,16,16
62875,1,1,16,16,16,16,16,16,16,16,16,16
62875,2,1,0,0,0,0,0,0,0,0,0,0
62876,1,1,0,0,0,0,0,0,0,0,0,0
62876,2,1,0,0,0,0,0,0,0,0,0,0
62877,0,1,0,0,0,0,0,0,0,0,0,0
62877,1,1,0,0,0,0,0,0,0,0,0,0
62877,2,1,0,0,0,8,0,0,0,0,0,0
62878,0,1,0,0,0,0,0,0,0,0,0,0
62878,1,1,0,0,0,0,0,26,0,0,0,0
62879,0,1,0,0,0,0,0,0,0,0,0,0
62879,1,1,23,0,26,16,16,0,2,0,20,27
62880,0,1,42,42,42,42,42,42,42,42,42,42
62880,1,1,0,0,0,0,0,0,0,0,0,0
62881,0,1,0,0,0,0,0,0,0,0,0,0
62881,1,1,0,0,0,0,0,0,0,0,0,0
62882,1,1,0,0,0,0,0,0,0,0,0,0
62882,2,1,0,0,0,0,0,0,0,0,0,0
62883,0,1,0,0,0,0,0,0,0,0,0,0
62883,1,1,0,0,0,0,0,0,0,0,0,0
62884,0,1,0,0,0,0,0,0,0,0,0,0
62884,1,1,0,0,0,0,0,0,0,0,0,0
62885,1,1,12,12,12,12,12,12,12,12,12,12
62886,1,1,0,0,0,0,0,0,0,0,0,0
62887,1,1,13,13,13,13,13,13,13,13,13,13
62887,2,1,0,22,22,9,17,13,0,6,9,19
62888,1,1,21,21,21,21,21,21,21,21,21,21
62889,0,1,0,0,0,0,0,0,0,0,0,0
62889,1,1,0,0,0,0,0,0,0,0,0,0
62890,1,1,0,0,0,0,0,0,0,0,0,0
62890,2,1,0,0,0,0,0,0,0,0,0,0
62891,1,1,0,0,0,0,0,0,0,0,0,0
62891,2,1,0,0,0,0,0,0,0,0,0,0
62892,1,1,24,24,24,24,24,24,24,24,24,24
62892,2,1,0,0,0,0,0,13,18,0,0,0
62893,0,1,41,41,41,41,41,41,41,41,41,41
62893,1,1,0,0,0,0,0,0,0,0,0,0
62894,1,1,0,0,0,0,0,0,0,0,0,0
62895,0,1,0,0,0,0,0,0,0,0,0,0
62895,1,1,0,5,0,22,19,0,0,12,0,10
62896,1,1,4,4,4,4,4,4,4,4,4,4
62897,0,1,0,0,0,27,0,0,15,0,13,11
62897,1,1,35,0,0,0,15,0,0,0,0,0
62898,1,1,0,0,0,19,0,16,0,0,0,0
62898,2,1,0,0,0,0,0,0,0,0,0,0
62899,1,1,12,12,12,12,12,12,12,12,12,12
62900,1,1,0,0,0,0,0,0,0,0,0,0
62900,2,1,0,0,0,0,0,0,0,0,0,0
62900,3,1,0,0,0,0,0,0,0,0,0,0
62901,1,1,17,17,17,17,17,17,17,17,17,17
62901,2,1,0,0,0,0,0,0,0,0,0,0
62902,0,1,0,0,0,0,0,0,0,0,0,0
62902,1,1,0,0,0,0,0,0,0,0,0,0
62903,0,1,0,0,0,0,0,0,0,0,0,0
62903,1,1,0,0,0,0,0,0,0,0,0,0
62904,0,1,27,20,21,4,11,18,35,27,21,28
62904,1,1,0,0,0,0,0,0,0,0,13,0
62905,1,1,0,0,0,0,0,0,0,0,0,0
62905,2,1,0,13,0,0,0,0,0,0,0,0
62906,1,1,0,0,0,0,0,0,0,0,0,0
62906,2,1,0,0,0,0,0,0,0,0,0,0
62907,1,1,11,11,11,11,11,11,11,11,11,11
62908,1,1,0,0,0,0,0,0,0,0,0,0
62908,2,1,10,10,10,10,10,10,10,10,10,10
62908,3,1,0,0,0,0,0,0,0,9,0,0
62908,4,1,10,10,10,10,10,10,10,10,10,10
62909,1,1,5,5,5,5,5,5,5,5,5,5
62909,2,1,0,0,21,0,0,0,0,0,0,0
62910,0,1,0,0,0,0,0,0,0,0,0,0
62910,1,1,0,0,0,0,0,0,0,0,0,0
62911,0,1,0,0,0,0,0,0,0,0,0,0
62911,1,1,0,0,0,0,0,0,0,0,0,0
62912,1,1,0,0,0,0,0,0,0,0,0,0
62913,1,1,0,0,0,0,0,0,0,0,0,0
62913,2,1,0,0,0,0,0,0,0,0,0,0
62914,0,1,14,14,14,14,14,14,14,14,14,14
62914,1,1,0,0,0,0,0,0,0,0,26,0
62914,2,1,15,19,0,0,0,0,0,0,25,0
62915,1,1,0,0,0,0,0,0,0,0,0,0
62915,3,1,0,0,0,0,0,0,0,0,0,0
62916,1,1,18,18,18,18,18,18,18,18,18,18
62917,1,1,0,0,23,0,0,0,0,0,0,0
62917,2,1,0,0,0,0,0,0,0,0,0,0
62918,0,1,0,0,0,6,0,23,30,8,38,0
62918,1,1,7,11,0,16,22,15,21,13,0,0
62919,1,1,0,0,0,0,0,0,0,0,0,0
62919,2,1,0,0,0,0,0,0,0,0,0,0
62920,0,1,0,0,0,0,0,11,0,0,0,0
62920,1,1,0,0,0,0,0,0,0,0,0,0
62921,1,1,2,2,2,2,2,2,2,2,2,2
62922,0,1,0,0,0,0,0,0,0,0,0,0
62922,1,1,0,0,0,0,0,0,0,0,0,0
62923,1,1,0,0,0,0,0,0,0,0,0,0
62923,2,1,6,6,6,6,6,6,6,6,6,6
62924,1,1,20,20,20,20,20,20,20,20,20,20
62924,2,1,0,0,0,0,0,22,0,0,0,0
62925,1,1,8,8,8,8,8,8,8,8,8,8
62925,2,1,0,0,0,0,0,0,0,0,0,0
62926,0,1,0,0,0,0,0,0,0,0,0,0
62926,1,1,0,0,20,0,0,0,0,0,0,0
62926,2,1,0,0,21,23,0,0,0,9,0,18
62927,1,1,4,4,4,4,4,4,4,4,4,4
62928,1,1,0,0,0,0,0,0,0,0,0,0
62929,0,1,31,31,31,31,31,31,31,31,31,31
62929,1,1,0,0,0,0,0,0,24,0,5,13
62930,0,1,0,0,0,0,0,0,0,0,0,0
62930,1,1,0,0,0,0,0,0,0,10,0,0
62931,0,1,0,0,0,0,0,0,0,0,0,0
62931,1,1,0,0,0,0,0,0,0,0,0,0
62932,0,1,0,0,0,0,0,0,0,0,0,0
62932,1,1,0,0,0,0,0,0,0,0,0,0
62933,1,1,21,21,21,21,21,21,21,21,21,21
62934,1,1,0,0,0,0,0,0,0,0,0,0
62934,2,1,0,15,0,0,0,0,0,0,0,0
62934,3,1,0,0,0,0,0,0,0,0,0,0
62935,1,1,27,27,27,27,27,27,27,27,27,27
62935,2,1,0,0,0,0,0,0,0,20,0,0
62936,1,1,22,22,22,22,22,22,22,22,22,22
62937,0,1,0,0,0,0,0,0,0,0,6,0
62937,1,1,0,0,0,0,0,0,0,0,0,0
62937,2,1,0,0,0,0,0,0,0,0,0,0
62937,3,1,0,0,0,0,0,0,0,0,0,0
62938,1,1,0,0,0,0,0,0,0,0,0,0
62939,0,1,0,0,0,0,0,0,0,0,0,0
62939,1,1,10,10,10,10,10,10,10,10,10,10
62940,1,1,0,0,25,11,12,7,14,0,4,0
62940,2,1,0,7,22,0,29,7,0,27,18,15
62941,1,1,0,0,0,0,0,0,0,0,0,0
62941,2,1,0,0,0,18,18,0,9,0,0,0
62941,3,1,0,0,0,0,0,0,0,0,0,0
62942,1,1,0,0,0,0,0,0,0,0,0,0
62942,2,1,0,0,0,0,0,0,0,0,0,0
62943,0,1,0,0,0,0,0,0,0,0,0,0
62943,1,1,0,15,0,16,0,0,0,41,0,22
62944,0,1,18,0,0,0,0,0,0,0,0,0
62944,1,1,0,0,0,0,0,0,0,0,0,0
62945,0,1,0,0,0,0,0,0,0,0,0,0
62945,1,1,0,0,22,20,0,0,2,11,20,26
62946,1,1,0,0,3,0,12,14,19,0,0,7
62946,2,1,0,0,0,0,0,0,0,0,0,0
62947,1,1,21,21,21,21,21,21,21,21,21,21
62947,2,1,0,0,0,0,0,0,0,0,0,0
62948,1,1,0,0,0,0,0,0,0,0,0,0
62949,0,1,0,0,0,0,0,0,0,0,0,0
62949,0,2,2,2,2,2,2,2,2,2,2,2
62949,1,1,0,0,0,0,0,0,0,0,0,0
62949,4,1,0,0,0,0,0,0,0,0,8,0
62950,1,1,0,0,0,0,0,0,0,0,0,0
62950,2,1,0,0,0,0,0,0,0,0,0,0
62950,3,1,0,0,0,0,0,0,0,0,0,0
62951,1,1,0,0,0,0,0,0,0,0,0,0
62951,2,1,0,0,0,0,0,0,0,0,0,0
62952,1,1,0,0,0,0,20,0,0,0,0,0
62952,2,1,0,0,0,0,0,0,0,0,0,0
62953,1,1,0,0,0,0,0,0,0,0,0,0
62953,2,1,0,0,0,0,0,0,0,0,0,0
62954,0,1,32,32,32,32,32,32,32,32,32,32
62954,1,1,0,0,0,0,0,0,0,0,0,0
62955,1,1,0,0,0,0,0,0,0,0,0,0
62955,2,1,0,0,0,0,0,0,0,0,0,0
62956,1,1,14,14,14,14,14,14,14,14,14,14
62956,2,1,16,16,16,16,16,16,16,16,16,16
62956,3,1,2,2,2,2,2,2,2,2,2,2
62957,0,1,0,0,0,0,0,0,0,0,0,0
62957,1,1,0,0,8,13,0,0,13,0,0,0
62959,0,1,0,0,0,13,0,36,23,0,0,0
62959,1,1,0,14,0,0,19,0,31,0,0,0
62960,1,1,0,0,0,0,0,0,0,0,0,0
62960,2,1,0,0,0,0,0,0,0,0,0,0
62961,1,1,0,0,0,0,0,0,0,0,0,0
62961,2,1,0,0,0,0,0,0,0,0,0,0
62962,1,1,0,0,0,0,0,0,0,0,0,0
62963,0,1,0,0,0,0,0,0,0,0,0,0
62963,1,1,0,0,0,0,0,0,0,0,0,0
62964,0,1,32,32,32,32,32,32,32,32,32,32
62964,1,1,0,0,0,0,0,0,0,0,0,0
62965,0,1,3,3,3,3,3,3,3,3,3,3
62965,1,1,27,0,0,13,9,0,0,0,22,14
62966,1,1,0,0,0,0,0,0,0,0,0,0
62966,2,1,0,0,0,0,0,0,0,0,0,0
62967,1,1,0,0,0,0,0,0,0,0,0,0
62967,2,1,0,0,0,0,0,0,0,0,0,0
62968,0,1,18,18,18,18,18,18,18,18,18,18
62968,1,1,0,0,0,0,0,0,0,0,0,0
62969,0,1,0,0,0,0,0,0,0,0,0,0
62969,1,1,0,0,0,0,0,0,0,0,0,0
62970,0,1,10,10,10,10,10,10,10,10,10,10
62970,1,1,0,0,0,0,0,0,0,0,0,0
62971,1,1,0,0,0,0,0,0,0,0,0,0
62971,2,1,15,15,15,15,15,15,15,15,15,15
62972,1,1,0,0,0,0,0,0,0,0,0,0
62972,2,1,0,0,0,0,0,0,0,0,0,0
62973,1,1,21,21,21,21,21,21,21,21,21,21
62974,0,1,36,36,36,36,36,36,36,36,36,36
62974,1,1,0,0,13,0,0,0,0,0,0,0
62975,1,1,0,0,0,0,0,0,0,0,0,0
62975,2,1,0,0,0,0,0,0,0,0,0,0
62976,1,1,11,0,0,0,0,0,0,0,0,0
62976,2,1,0,0,0,0,0,0,0,0,0,0
62977,1,1,21,21,21,21,21,21,21,21,21,21
62978,1,1,0,0,0,0,0,0,0,0,0,16
62978,2,1,0,0,0,0,0,0,0,15,8,0
62978,3,1,0,0,6,0,0,0,0,0,0,0
62979,0,1,0,0,0,0,0,0,0,0,0,0
62979,1,1,0,0,0,0,0,0,0,0,0,0
62980,1,1,16,16,16,16,16,16,16,16,16,16
62981,1,1,0,0,0,0,0,0,0,0,0,0
62981,2,1,0,0,0,0,0,0,0,0,0,0
62981,3,1,0,0,0,0,0,0,0,0,0,0
62982,0,1,9,9,9,9,9,9,9,9,9,9
62982,1,1,0,23,13,0,11,9,36,7,0,0
62983,1,1,22,22,22,22,22,22,22,22,22,22
62984,1,1,0,0,0,0,0,0,0,0,0,0
62985,0,1,26,26,26,26,26,26,26,26,26,26
62985,1,1,0,0,0,0,0,0,0,0,0,0
62986,1,1,17,17,17,17,17,17,17,17,17,17
62987,0,1,0,0,0,0,0,0,0,0,0,0
62987,1,1,0,0,0,0,0,0,0,0,0,0
62988,1,1,0,0,0,0,0,0,0,0,0,0
62989,1,1,16,0,0,12,0,0,0,0,14,0
62990,1,1,0,0,0,0,0,0,0,0,0,0
62991,1,1,0,0,0,0,0,0,0,0,0,0
62992,1,1,20,20,20,20,20,20,20,20,20,20
62993,0,1,0,0,0,0,0,0,0,0,0,0
62993,1,1,0,0,0,0,0,0,0,0,0,0
62994,1,1,29,29,29,29,29,29,29,29,29,29
62995,0,1,0,0,0,0,0,0,0,0,0,0
62995,1,1,0,0,0,0,0,0,0,0,0,0
62996,0,1,0,0,0,0,0,0,0,0,0,0
62996,1,1,15,15,15,15,15,15,15,15,15,15
62997,0,1,0,0,0,0,0,0,0,0,0,0
62997,1,1,0,0,45,0,12,0,0,0,0,0
62998,1,1,0,0,0,0,0,0,0,0,0,0
62999,0,1,0,0,0,0,0,15,0,0,0,0
62999,0,2,43,0,0,0,0,0,0,0,0,0
62999,1,1,0,0,0,0,0,0,0,0,0,0
63000,0,1,0,0,0,0,0,0,0,0,0,0
63000,1,1,0,0,0,0,0,0,0,0,0,0
63001,0,1,0,0,0,0,0,12,0,0,15,20
63001,1,1,0,0,0,0,15,0,25,0,0,0
63001,2,1,0,0,0,0,0,0,0,0,0,0
63002,1,1,0,0,0,0,0,0,0,0,0,0
63002,2,1,10,10,10,10,10,10,10,10,10,10
63003,1,1,0,0,0,0,0,0,0,0,0,0
63003,2,1,0,0,0,0,0,0,0,0,0,0
63004,0,1,0,0,0,0,0,0,0,0,0,0
63004,1,1,12,0,16,2,0,0,10,0,0,15
63005,1,1,0,0,0,0,0,0,0,0,0,0
63006,1,1,0,0,0,0,35,0,0,0,0,10
63006,2,1,0,0,0,0,10,0,0,0,0,18
63006,3,1,0,0,0,0,0,0,0,0,0,0
63007,1,1,9,9,9,9,9,9,9,9,9,9
63008,1,1,21,21,21,21,21,21,21,21,21,21
63008,2,1,0,0,0,0,0,0,0,0,0,0
63009,0,1,0,0,0,0,0,0,0,0,0,0
63009,0,2,0,25,0,0,0,0,0,0,0,0
63009,1,1,0,0,0,0,0,0,0,0,0,0
63010,0,1,0,0,33,0,0,0,12,0,0,0
63010,1,1,0,0,0,0,0,0,0,0,0,0
63011,1,1,13,13,13,13,13,13,13,13,13,13
63012,0,1,0,0,0,0,0,0,0,0,0,0
63012,1,1,0,0,0,0,0,0,0,0,0,0
63013,1,1,2,2,2,2,2,2,2,2,2,2
63013,2,1,0,0,0,0,0,0,0,0,0,0
63014,1,1,0,0,0,0,0,0,0,0,0,0
63014,2,1,0,0,0,0,0,0,0,0,0,0
63015,0,1,0,0,0,0,0,0,0,0,0,0
63015,1,1,0,0,0,0,0,0,0,0,23,0
63016,0,1,0,0,0,0,0,0,0,0,0,0
63016,1,1,0,0,0,0,0,0,0,0,0,0
63017,1,1,0,0,0,0,0,0,0,0,0,0
63018,0,1,0,0,29,0,0,14,0,0,0,19
63018,1,1,0,0,0,0,0,0,0,0,0,0
63019,0,1,33,33,33,33,33,33,33,33,33,33
63019,1,1,0,0,0,0,0,0,0,0,0,0
63020,1,1,4,4,4,4,4,4,4,4,4,4
63020,2,1,20,20,20,20,20,20,20,20,20,20
63021,0,1,0,0,0,0,0,0,0,0,0,0
63021,1,1,0,15,0,0,0,0,0,0,0,0
63022,1,1,1,1,1,1,1,1,1,1,1,1
63023,1,1,0,0,0,0,0,0,0,0,0,0
63023,2,1,0,0,0,0,0,0,0,0,0,0
63024,0,1,0,0,0,0,0,0,0,0,0,0