ST_CASE,VEH_NO,PER_NO,P1,P2,P3,P4,P5,P6,P7,P8,P9,P10
63276,0,1,0,0,0,0,0,0,0,0,0,0
63276,0,2,13,0,0,0,17,0,11,0,0,0
63276,0,3,0,0,0,0,0,0,0,0,0,0
63276,0,4,0,0,0,0,0,0,0,0,0,0
63276,1,1,0,0,0,0,0,0,0,0,0,0
63277,1,1,0,0,0,0,0,0,0,0,0,0
63277,2,1,0,0,0,0,0,0,0,0,0,0
63277,3,1,0,0,0,0,0,0,0,14,0,0
63277,4,1,0,0,0,0,32,0,0,0,0,0
63277,5,1,0,0,0,0,0,0,0,0,0,19
63278,1,1,0,0,0,0,0,0,0,0,0,0
63278,2,1,0,0,0,0,31,0,0,4,0,5
63279,0,1,28,28,28,28,28,28,28,28,28,28
63279,1,1,0,0,27,0,0,0,0,0,0,0
63280,1,1,0,0,0,0,0,0,0,0,0,0
63280,2,1,0,0,0,0,0,0,0,0,0,0
63281,1,1,0,0,0,0,25,22,0,0,0,0
63282,1,1,0,0,0,0,0,0,0,0,0,0
63282,2,1,0,0,0,0,0,0,0,0,0,0
63283,0,1,16,16,16,16,16,16,16,16,16,16
63283,1,1,0,0,0,0,0,0,0,0,0,0
63284,1,1,0,0,0,0,0,0,0,0,0,0
63285,0,1,5,5,5,5,5,5,5,5,5,5
63285,1,1,0,0,0,0,0,0,0,0,0,0
63286,0,1,0,0,0,0,0,0,0,0,0,0
63286,1,1,0,0,0,0,0,0,0,0,0,0
63287,0,1,22,22,22,22,22,22,22,22,22,22
63287,1,1,0,0,0,0,0,0,0,25,16,0
63288,1,1,11,11,11,11,11,11,11,11,11,11
63289,0,1,0,23,0,0,5,0,17,0,0,5
63289,1,1,0,0,0,0,0,0,0,0,0,0
63290,0,1,0,0,0,0,0,0,0,0,0,0
63290,0,2,0,0,0,0,0,0,9,0,0,0
63290,1,1,0,0,0,0,0,0,0,0,0,0
63291,1,1,0,0,0,0,0,0,0,0,0,0
63291,2,1,0,0,0,0,0,0,0,0,0,0
63292,0,1,0,0,0,0,0,0,0,0,0,0
63292,1,1,0,0,0,0,0,0,0,0,0,0
63293,1,1,0,0,0,0,0,0,0,0,0,0
63294,1,1,14,14,14,14,14,14,14,14,14,14
63294,2,1,0,15,8,15,13,16,13,19,15,4
63295,1,1,18,18,18,18,18,18,18,18,18,18
63296,0,1,0,0,0,0,0,0,0,0,0,0
63296,1,1,0,0,0,0,14,0,0,0,0,0
63297,1,1,17,17,17,17,17,17,17,17,17,17
63297,2,1,0,0,0,0,0,0,0,0,0,0
63297,3,1,0,0,0,0,0,0,0,0,0,0
63297,4,1,0,0,0,0,20,0,0,6,0,16
63298,1,1,0,0,0,0,0,0,0,0,0,0
63298,2,1,0,0,0,0,0,0,0,0,0,0
63299,0,1,0,0,0,0,0,0,0,0,0,0
63299,1,1,23,23,23,23,23,23,23,23,23,23
63301,0,1,0,0,0,0,0,0,0,0,0,0
63301,1,1,0,0,0,0,0,0,0,0,0,0
63302,1,1,0,0,0,0,0,0,0,0,0,0
63302,2,1,0,0,0,0,0,0,0,0,0,0
63303,1,1,0,0,16,0,0,0,24,0,15,0
63304,1,1,25,25,25,25,25,25,25,25,25,25
63305,1,1,0,0,0,0,0,0,0,0,0,0
63305,2,1,0,0,0,16,0,0,0,0,0,0
63306,1,1,4,4,4,4,4,4,4,4,4,4
63306,2,1,0,0,0,0,0,0,0,0,0,9
63308,0,1,0,0,0,0,0,0,0,0,0,0
63308,1,1,0,0,0,0,0,0,4,0,0,16
63309,1,1,4,4,4,4,4,4,4,4,4,4
63309,2,1,0,0,0,0,0,0,0,0,0,0
63310,0,1,0,0,0,0,0,0,0,0,0,0
63310,1,1,0,0,16,0,0,0,21,0,0,0
63311,1,1,0,0,0,0,0,0,0,0,0,0
63312,1,1,0,0,0,0,0,0,0,0,0,0
63312,2,1,0,0,0,0,0,0,0,0,0,0
63312,3,1,0,0,0,0,0,0,0,0,0,0
63312,4,1,0,0,0,0,0,0,0,0,0,0
63312,5,1,0,0,0,0,0,0,0,0,0,0
63313,1,1,0,0,0,0,0,0,0,0,0,0
63314,1,1,0,0,0,0,0,0,0,0,0,0
63314,2,1,0,0,0,0,0,0,0,0,0,0
63315,0,1,0,0,0,0,0,0,0,0,0,0
63315,1,1,0,0,0,0,0,0,0,0,0,0
63316,1,1,0,0,0,0,0,0,0,0,0,0
63316,3,1,0,32,0,0,12,0,0,0,0,0
63317,1,1,0,0,0,0,0,0,0,0,0,0
63317,2,1,0,0,15,0,0,0,0,0,15,16
63317,3,1,22,0,0,0,0,0,0,0,0,0
63317,4,1,0,0,18,0,0,0,0,0,0,10
63317,5,1,0,0,0,4,0,0,0,0,0,0
63318,0,1,23,23,23,23,23,23,23,23,23,23
63318,1,1,0,0,0,0,0,0,0,0,0,0
63319,1,1,0,0,0,0,0,0,0,0,0,0
63319,2,1,0,0,0,0,0,0,0,0,0,0
63319,3,1,0,8,0,0,0,0,0,0,0,0
63319,4,1,0,0,0,0,0,0,3,0,0,0
63319,5,1,0,0,0,0,0,9,0,0,0,0
63320,0,1,0,0,0,0,0,0,0,0,0,0
63320,1,1,0,22,0,0,0,0,0,14,0,0
63321,1,1,0,0,0,0,0,0,0,0,0,0
63322,1,1,0,0,0,18,0,0,0,0,0,0
63323,1,1,26,26,26,26,26,26,26,26,26,26
63324,1,1,0,0,0,0,0,0,0,0,0,0
63324,2,1,0,0,0,0,0,0,0,0,0,0
63324,3,1,0,0,0,0,0,15,0,0,0,0
63325,1,1,21,21,21,21,21,21,21,21,21,21
63326,1,1,0,8,0,0,0,0,0,0,0,0
63326,2,1,0,0,0,0,0,0,0,0,0,0
63326,3,1,0,0,0,0,0,0,0,0,0,0
63326,4,1,0,0,0,0,0,0,0,0,0,0
63327,1,1,0,0,0,0,0,0,0,0,0,0
63328,0,1,0,0,0,0,0,0,0,0,0,0
63328,0,2,0,0,0,0,7,0,0,0,0,0
63328,1,1,0,0,0,0,22,0,26,0,0,0
63329,1,1,0,0,0,0,0,0,0,0,0,0
63329,2,1,0,0,0,0,0,0,0,0,0,0
63330,1,1,11,11,11,11,11,11,11,11,11,11
63331,1,1,11,0,0,0,0,0,0,0,0,0
63331,2,1,0,0,0,0,0,0,0,0,0,0
63331,3,1,0,0,0,0,0,0,0,0,0,0
63332,1,1,42,42,42,42,42,42,42,42,42,42
63333,1,1,0,0,0,0,0,0,0,0,0,0
63334,1,1,0,0,0,0,0,0,0,0,0,0
63335,0,1,0,0,0,0,0,0,0,0,0,0
63335,1,1,0,0,0,0,0,0,0,0,0,0
63336,0,1,0,0,0,0,0,0,0,0,0,0
63336,1,1,29,10,0,0,6,17,64,0,12,2
63337,1,1,0,0,0,0,0,0,0,0,0,0
63338,1,1,0,0,0,0,0,0,0,0,0,0
63338,2,1,0,0,0,0,0,0,0,0,0,0
63339,1,1,0,0,0,0,0,0,0,0,0,0
63339,2,1,0,0,0,0,0,0,0,0,0,0
63340,1,1,34,34,34,34,34,34,34,34,34,34
63341,0,1,7,7,7,7,7,7,7,7,7,7
63341,1,1,0,0,0,18,3,15,9,0,0,0
63342,0,1,0,0,0,0,0,0,0,0,0,0
63342,1,1,0,0,0,0,0,0,0,0,0,0
63343,1,1,18,18,18,18,18,18,18,18,18,18
63344,1,1,6,6,6,6,6,6,6,6,6,6
63345,0,1,0,0,0,0,0,0,0,0,0,0
63345,2,1,25,33,16,0,8,0,11,16,0,15
63346,1,1,0,0,0,0,0,0,0,0,0,0
63347,1,1,0,0,0,0,0,0,0,0,0,0
63348,1,1,10,10,10,10,10,10,10,10,10,10
63349,0,1,13,13,13,13,13,13,13,13,13,13
63349,1,1,0,0,0,0,0,8,0,10,0,32
63350,0,1,0,0,17,0,0,0,0,0,0,0
63350,1,1,0,0,9,0,0,0,0,0,0,0
63351,0,1,0,0,0,0,0,0,0,0,0,0
63351,1,1,0,0,0,0,0,0,0,0,0,0
63352,1,1,0,0,0,0,0,0,0,0,0,0
63352,2,1,0,0,0,0,0,0,0,0,0,0
63353,0,1,0,0,0,0,0,0,0,0,0,0
63353,1,1,0,0,0,0,0,0,0,0,0,0
63355,1,1,12,0,0,0,0,0,0,0,0,0
63355,2,1,0,0,0,0,0,0,0,0,0,0
63356,1,1,0,0,0,0,0,0,0,0,0,0
63357,1,1,0,0,0,0,0,0,0,0,0,0
63358,0,1,10,10,10,10,10,10,10,10,10,10
63358,1,1,0,0,0,0,0,0,0,0,0,0
63359,0,1,0,0,0,0,0,0,0,0,0,0
63359,1,1,0,0,0,0,0,0,0,0,0,0
63360,1,1,0,0,0,0,0,0,0,0,0,0
63360,2,1,0,0,0,0,0,0,0,0,0,0
63361,0,1,0,0,0,0,0,0,0,0,0,0
63361,1,1,0,0,0,0,0,0,0,0,0,0
63362,1,1,0,0,8,0,0,0,0,0,0,0
63362,2,1,0,0,0,0,0,0,0,0,0,0
63363,0,1,31,31,31,31,31,31,31,31,31,31
63363,1,1,0,0,0,0,0,0,0,0,0,0
63363,2,1,0,0,0,0,0,0,0,0,0,0
63364,1,1,0,8,0,0,0,0,0,0,0,0
63364,2,1,0,0,0,0,0,0,0,0,0,0
63365,1,1,0,0,0,0,0,0,0,0,0,0
63365,2,1,0,0,0,0,0,0,0,0,0,0
63366,1,1,0,0,0,0,0,0,0,0,0,0
63367,0,1,0,0,0,0,0,0,0,0,0,0
63367,1,1,0,0,0,0,0,0,0,0,0,0
63368,0,1,0,0,0,0,0,0,0,0,0,0
63368,1,1,0,0,0,0,0,0,0,0,0,0
63369,1,1,17,17,17,17,17,17,17,17,17,17
63370,0,1,0,0,0,0,0,0,0,0,0,0
63370,1,1,9,0,0,0,0,0,0,0,0,0
63371,1,1,15,19,23,6,11,9,22,15,24,4
63371,2,1,0,0,0,0,0,0,0,0,0,18
63372,1,1,19,19,19,19,19,19,19,19,19,19
63372,2,1,0,0,0,0,0,0,0,0,0,0
63372,3,1,0,0,0,0,0,0,0,0,0,0
63373,1,1,13,13,13,13,13,13,13,13,13,13
63374,0,1,0,0,0,0,0,0,0,0,0,0
63374,1,1,0,0,0,0,0,0,0,0,0,0
63375,0,1,0,0,0,0,0,0,0,0,0,0
63375,1,1,22,22,22,22,22,22,22,22,22,22
63376,1,1,0,0,0,0,0,0,0,0,0,0
63376,2,1,0,0,0,0,0,0,0,0,0,0
63377,1,1,9,9,9,9,9,9,9,9,9,9
63377,2,1,0,0,0,0,0,0,0,0,0,0
63378,0,1,20,20,20,20,20,20,20,20,20,20
63378,1,1,0,0,0,0,0,0,0,0,0,0
63379,0,1,3,3,3,3,3,3,3,3,3,3
63379,1,1,0,0,0,0,0,0,0,0,0,0
63380,0,1,0,0,0,0,0,0,0,0,0,0
63380,1,1,0,43,0,2,0,0,6,0,0,0
63381,1,1,16,16,16,16,16,16,16,16,16,16
63382,1,1,0,0,0,0,0,0,0,0,0,0
63382,2,1,0,0,0,0,0,0,0,0,0,0
63383,0,1,0,0,0,0,0,0,0,0,0,0
63383,1,1,0,0,0,0,0,0,0,0,0,0
63384,0,1,0,0,0,0,0,0,0,0,0,0
63384,1,1,0,0,0,0,0,0,0,0,0,0
63385,0,1,31,31,31,31,31,31,31,31,31,31
63385,1,1,0,0,17,0,0,0,11,0,0,0
63386,0,1,0,0,0,0,0,0,0,0,0,0
63386,1,1,0,0,0,0,0,0,0,0,0,0
63387,1,1,0,0,0,0,0,0,0,0,0,0
63388,1,1,11,11,11,11,11,11,11,11,11,11
63389,0,1,0,29,0,0,0,0,0,0,0,0
63389,1,1,2,2,2,2,2,2,2,2,2,2
63390,0,1,0,0,0,0,0,0,0,0,0,0
63390,1,1,20,20,0,23,0,7,0,11,0,23
63391,0,1,9,9,9,9,9,9,9,9,9,9
63391,1,1,0,0,0,0,0,22,0,0,0,0
63392,1,1,10,10,10,10,10,10,10,10,10,10
63393,0,1,18,18,18,18,18,18,18,18,18,18
63393,1,1,0,0,0,0,0,0,0,0,0,0
63394,1,1,0,0,0,0,0,0,0,0,0,0
63394,2,1,0,0,0,0,0,0,0,0,0,0
63395,0,1,0,0,0,0,0,0,0,0,0,0
63395,1,1,0,0,0,0,0,0,0,0,0,0
63396,0,1,0,0,0,0,0,0,0,5,0,0
63396,1,1,0,0,0,0,0,0,0,0,0,0
63397,0,1,0,0,0,0,0,0,0,0,0,0
63397,1,1,19,18,14,12,14,26,35,8,28,26
63398,0,1,0,0,0,0,0,0,0,0,0,0
63398,0,2,0,0,0,0,0,0,0,0,0,0
63398,1,1,0,0,0,0,0,0,0,0,0,0
63399,1,1,12,12,12,12,12,12,12,12,12,12
63400,1,1,0,0,0,0,0,0,0,0,0,0
63401,0,1,0,0,0,0,0,0,0,0,0,0
63401,1,1,12,0,0,0,0,0,0,0,0,18
63402,1,1,0,0,0,0,0,0,0,0,0,0
63402,2,1,0,0,0,30,0,0,0,0,0,0
63403,0,1,0,0,0,0,0,0,0,0,0,0
63403,1,1,0,0,0,0,0,0,0,0,0,0
63404,0,1,26,26,26,26,26,26,26,26,26,26
63404,1,1,0,0,0,0,0,0,0,0,0,6
63405,1,1,0,0,0,0,0,0,0,0,0,0
63405,2,1,0,0,0,0,0,0,0,0,0,0
63406,0,1,0,0,0,0,0,0,0,0,0,0
63406,1,1,6,0,0,15,0,0,0,0,0,0
63407,1,1,0,0,0,0,0,0,0,0,0,0
63407,2,1,0,0,0,0,0,0,0,0,0,0
63407,3,1,0,0,0,0,0,0,0,0,0,0
63408,0,1,0,0,0,0,0,0,0,0,0,0
63408,1,1,31,0,0,0,0,9,0,0,26,22
63409,1,1,0,0,0,0,30,0,0,6,0,0
63409,2,1,0,0,0,0,0,0,0,0,0,0
63410,0,1,3,3,3,3,3,3,3,3,3,3
63410,1,1,0,0,0,0,0,0,0,0,0,0
63411,0,1,9,9,9,9,9,9,9,9,9,9
63411,1,1,29,14,24,25,9,37,25,18,25,12
63412,0,1,0,0,0,0,0,0,0,18,24,0
63412,1,1,0,0,0,0,0,0,0,0,0,0
63413,1,1,18,18,18,18,18,18,18,18,18,18
63414,1,1,0,0,0,0,0,0,0,0,0,0
63414,2,1,0,0,0,0,0,0,0,0,0,0
63414,3,1,0,0,9,0,0,0,8,0,0,0
63415,0,1,0,0,0,0,0,0,0,0,0,0
63415,1,1,0,0,0,0,10,0,0,6,0,0
63416,0,1,0,0,0,0,0,0,0,0,0,0
63416,1,1,0,0,0,0,0,0,0,0,0,0
63417,1,1,0,0,0,0,0,0,0,0,0,0
63417,2,1,3,3,3,3,3,3,3,3,3,3
63418,1,1,0,0,0,0,11,0,0,17,13,0
63418,2,1,0,0,0,0,0,0,0,0,0,0
63418,3,1,0,0,0,0,0,0,0,0,0,4
63418,4,1,0,0,0,0,0,0,0,34,0,0
63419,1,1,20,20,20,20,20,20,20,20,20,20
63421,0,1,0,0,0,0,0,0,0,0,0,0
63421,1,1,0,0,0,0,0,0,0,0,0,0
63422,1,1,0,0,0,0,0,0,0,0,0,0
63422,2,1,16,16,16,16,16,16,16,16,16,16
63422,3,1,6,6,6,6,6,6,6,6,6,6
63423,1,1,15,15,15,15,15,15,15,15,15,15
63423,2,1,0,0,0,0,0,0,0,0,0,0
63423,3,1,0,0,0,0,0,0,16,0,0,0
63424,1,1,20,20,20,20,20,20,20,20,20,20
63424,2,1,0,0,0,0,0,0,0,0,0,0
63425,1,1,3,6,19,12,11,20,12,27,10,10
63425,2,1,0,0,4,0,0,0,0,0,50,0
63426,0,1,0,0,0,24,0,26,0,25,0,0
63426,1,1,0,0,0,0,0,0,0,0,0,0
63427,0,1,0,0,0,0,0,0,0,0,0,0
63427,1,1,0,0,19,0,19,0,0,0,0,19
63428,1,1,19,19,19,19,19,19,19,19,19,19
63428,2,1,0,0,0,0,14,0,0,21,0,0
63429,0,1,8,18,0,8,0,0,33,16,0,16
63429,1,1,0,0,0,0,1,37,0,28,0,0
63430,0,1,0,0,0,0,0,0,0,0,0,0
63430,1,1,0,0,0,0,0,0,0,0,0,0
63431,0,1,0,0,0,0,0,0,0,0,0,0
63431,1,1,0,0,0,0,0,0,0,0,0,0
63432,1,1,0,0,0,0,0,0,0,0,0,0
63433,0,1,20,0,0,0,0,0,0,28,0,0
63433,1,1,0,0,0,0,0,0,0,0,0,0
63434,0,1,0,0,0,0,0,0,0,0,0,0
63434,1,1,0,0,0,0,0,0,0,0,0,0
63435,1,1,19,19,19,19,19,19,19,19,19,19
63435,2,1,0,11,0,10,0,0,0,9,0,0
63436,0,1,0,0,0,0,0,0,0,0,0,0
63436,1,1,0,0,0,0,0,0,0,0,0,0
63437,1,1,0,0,0,0,0,0,0,0,0,0
63437,2,1,0,0,0,0,0,0,0,0,0,0
63438,0,1,0,0,0,0,0,0,0,0,0,0
63438,1,1,0,0,0,0,0,0,0,0,0,0
63439,0,1,0,0,0,0,0,0,0,0,0,0
63439,1,1,16,0,0,0,0,0,0,13,0,0
63439,2,1,27,0,0,0,0,0,0,0,0,17
63439,3,1,0,0,0,0,0,0,0,0,0,0
63440,1,1,0,0,0,0,0,0,11,0,9,0
63440,2,1,0,23,0,0,0,0,25,15,39,0
63441,1,1,0,0,0,0,0,0,0,0,0,0
63441,2,1,0,0,0,0,0,0,0,0,0,0
63442,1,1,0,0,14,0,0,0,0,0,0,14
63442,2,1,0,0,0,0,0,0,0,0,0,0
63442,3,1,11,0,0,0,0,0,0,0,0,0
63443,1,1,12,12,12,12,12,12,12,12,12,12
63443,3,1,8,0,18,0,0,0,0,0,0,0
63444,1,1,0,0,0,0,0,0,0,0,0,0
63444,2,1,0,0,0,0,0,0,0,0,0,0
63444,3,1,0,0,0,0,0,0,0,0,0,0
63444,4,1,0,0,0,0,0,0,0,0,0,0
63445,0,1,0,0,0,0,0,0,0,0,0,0
63445,1,1,0,0,0,0,0,0,0,0,0,0
63446,1,1,0,0,0,0,0,0,0,0,0,0
63447,1,1,0,0,0,0,0,0,0,0,0,0
63447,2,1,0,0,0,0,0,0,0,0,0,0
63448,0,1,0,0,31,0,0,0,27,0,0,8
63448,1,1,0,0,0,15,0,0,0,0,0,0
63449,1,1,0,0,0,0,0,0,0,0,0,0
63449,2,1,0,0,0,0,0,0,0,0,0,0
63449,3,1,0,0,0,0,0,0,0,0,0,0
63449,4,1,0,0,0,0,0,0,0,0,0,0
63449,5,1,0,0,0,0,0,0,0,0,0,0
63449,6,1,0,0,0,0,0,0,0,0,0,0
63449,7,1,0,0,0,0,0,0,0,0,0,0
63450,0,1,0,0,0,0,0,0,0,0,0,0
63450,1,1,0,0,0,0,0,0,0,0,0,0
63451,1,1,0,0,0,0,0,0,0,0,0,0
63451,2,1,0,0,0,0,0,0,0,0,0,0
63452,1,1,0,0,0,0,0,0,0,0,0,0
63452,2,1,0,0,0,0,0,0,0,0,0,0
63453,0,1,0,0,0,0,0,0,0,0,0,0
63453,1,1,13,0,0,0,0,0,0,0,0,0
63454,0,1,0,0,0,0,0,0,0,0,0,0
63454,1,1,0,0,6,20,0,0,0,0,0,0
63455,1,1,0,0,0,0,0,0,0,0,0,0
63455,2,1,15,15,15,15,15,15,15,15,15,15
63456,1,1,0,0,0,0,0,0,0,0,0,0
63456,2,1,0,0,0,0,0,0,0,0,0,0
63457,1,1,0,0,0,0,0,0,5,20,0,0
63457,2,1,11,0,11,6,14,15,13,0,0,28
63458,1,1,0,22,0,23,0,8,0,0,0,6
63459,1,1,0,0,0,0,0,0,0,0,0,0
63459,2,1,0,0,0,0,0,0,0,0,0,0
63460,1,1,0,0,0,0,0,0,0,0,0,0
63460,2,1,0,0,0,0,0,0,0,0,0,0
63460,3,1,0,0,0,5,4,0,0,0,0,0
63461,0,1,0,0,0,0,0,0,0,0,0,0
63461,1,1,0,0,0,0,0,0,0,0,0,0
63462,0,1,0,0,0,0,0,0,0,0,0,0
63462,0,2,0,22,0,0,0,0,0,0,0,0
63462,1,1,13,0,22,0,24,0,40,17,0,0
63463,1,1,9,9,9,9,9,9,9,9,9,9
63463,2,1,0,0,0,0,22,0,0,0,19,21
63464,0,1,0,0,0,0,0,0,0,0,0,0
63464,1,1,0,0,0,0,0,0,0,0,0,0
63465,0,1,16,16,16,16,16,16,16,16,16,16
63465,1,1,0,0,0,0,0,9,0,0,0,0
63466,1,1,0,0,0,0,0,0,0,0,0,0
63466,2,1,0,0,0,0,0,0,0,0,0,0
63467,0,1,11,11,11,11,11,11,11,11,11,11
63467,1,1,0,0,0,0,0,0,0,0,0,0
63468,0,1,17,37,0,28,29,0,0,0,37,0
63468,1,1,0,0,0,0,0,0,0,0,0,0
63469,0,1,39,0,0,13,31,16,17,15,20,10
63469,1,1,0,0,0,0,0,0,0,0,0,0
63470,1,1,0,0,0,0,0,16,0,0,0,0
63470,2,1,0,0,0,0,0,0,0,0,0,0
63471,0,1,19,0,11,26,11,15,10,0,22,19
63471,1,1,0,0,0,0,0,0,0,0,0,0
63472,1,1,2,2,2,2,2,2,2,2,2,2
63472,2,1,0,0,0,0,0,0,0,0,8,13
63473,1,1,0,0,0,0,0,0,0,0,0,0
63473,2,1,0,0,0,0,0,0,0,0,0,0
63474,0,1,19,19,19,19,19,19,19,19,19,19
63474,1,1,9,25,0,0,3,5,0,0,18,0
63475,1,1,0,0,0,0,0,0,0,0,0,0
63475,2,1,0,0,0,0,0,0,0,0,0,0
63476,1,1,0,0,0,0,0,0,0,0,0,0
63476,2,1,0,0,0,0,0,0,0,0,0,0
63477,1,1,26,0,0,0,0,0,0,0,27,0
63478,1,1,24,10,0,10,12,15,16,22,12,27
63478,2,1,4,4,4,4,4,4,4,4,4,4
63479,0,1,0,0,0,0,0,0,0,0,0,0
63479,1,1,0,18,0,14,0,0,11,26,0,0
63480,1,1,0,0,0,0,0,0,0,0,0,0
63481,0,1,0,0,0,0,0,0,0,0,0,0
63481,1,1,0,0,0,0,0,0,0,0,0,0
63482,1,1,0,0,0,0,0,0,0,0,0,0
63483,0,1,10,21,0,2,9,0,0,0,31,27
63483,1,1,0,0,0,0,0,0,0,0,0,0
63484,1,1,0,0,0,0,0,0,0,0,0,0
63485,0,1,20,20,20,20,20,20,20,20,20,20
63485,1,1,17,0,0,0,0,0,32,0,0,22
63486,0,1,12,25,0,18,0,0,0,0,0,25
63486,1,1,0,0,0,0,0,0,0,0,0,0
63487,0,1,0,0,0,0,0,0,0,0,0,0
63487,1,1,0,0,0,0,0,0,0,0,0,0
63488,1,1,21,21,21,21,21,21,21,21,21,21
63489,0,1,30,30,30,30,30,30,30,30,30,30
63489,1,1,0,0,0,0,0,0,0,0,0,0
63490,1,1,0,0,0,0,0,0,0,0,0,0
63490,2,1,0,0,0,0,0,0,0,0,0,0
63491,0,1,26,26,26,26,26,26,26,26,26,26
63491,1,1,0,0,0,0,0,0,28,0,0,0
63492,1,1,0,0,0,0,0,0,0,0,0,0
63492,2,1,17,17,17,17,17,17,17,17,17,17
63493,1,1,0,0,0,0,0,0,0,0,0,0
63494,1,1,0,0,0,0,12,0,0,0,0,0
63494,2,1,0,0,0,0,0,0,0,0,0,0
63495,1,1,0,0,16,27,9,0,0,11,6,18
63495,2,1,0,0,0,0,0,0,0,0,0,0
63496,1,1,0,0,0,0,0,0,0,0,0,0
63496,2,1,18,18,18,18,18,18,18,18,18,18
63497,0,1,9,9,9,9,9,9,9,9,9,9
63497,1,1,0,0,19,0,14,22,19,11,0,1
63497,2,1,15,0,0,0,0,0,0,0,0,0
63498,0,1,0,0,0,0,0,0,0,0,0,0
63498,1,1,0,0,0,14,0,0,0,0,0,13
63499,0,1,0,31,0,19,0,0,0,23,0,0
63499,1,1,0,9,26,8,0,32,18,0,5,0
63500,0,1,31,31,31,31,31,31,31,31,31,31
63500,1,1,0,5,19,0,0,0,14,0,0,0
63501,0,1,0,0,0,0,0,0,0,0,0,0
63501,1,1,0,0,0,0,0,0,0,0,0,0
63501,2,1,0,0,0,0,0,0,0,12,0,0
63502,0,1,13,13,13,13,13,13,13,13,13,13
63502,1,1,0,0,6,0,0,0,0,0,0,0
63503,0,1,0,0,0,0,0,0,0,0,0,0
63503,1,1,20,0,0,0,0,0,0,0,0,0
63504,1,1,21,21,21,21,21,21,21,21,21,21
63504,2,1,2,2,2,2,2,2,2,2,2,2
63505,0,1,30,30,30,30,30,30,30,30,30,30
63505,1,1,0,0,0,0,0,0,6,15,0,0
63506,0,1,0,0,0,0,0,0,0,0,0,0
63506,1,1,0,0,0,18,0,17,0,0,0,32
63507,1,1,1,1,1,1,1,1,1,1,1,1
63507,2,1,0,0,0,0,13,0,27,0,0,0
63508,1,1,26,15,7,11,6,14,6,11,0,17
63508,3,1,0,0,0,0,0,0,0,0,0,0
63509,1,1,0,0,0,0,0,0,0,0,0,22
63509,2,1,0,0,0,0,0,0,0,0,0,0
63510,1,1,0,0,0,0,0,0,0,0,0,0
63510,2,1,0,0,0,0,16,0,0,0,0,0
63510,3,1,0,0,0,0,0,0,0,0,0,0
63511,1,1,0,0,0,0,0,0,0,0,0,0
63511,2,1,0,0,0,0,0,0,0,0,0,0
63511,3,1,0,0,0,0,0,0,0,0,0,0
63512,0,1,0,0,0,0,0,0,16,0,0,35
63512,1,1,0,0,0,0,0,0,0,0,0,19
63513,1,1,7,9,0,22,0,0,0,0,0,0
63514,0,1,29,0,0,17,0,0,0,36,0,0
63514,1,1,3,29,0,9,38,37,0,10,15,3
63515,1,1,12,12,12,12,12,12,12,12,12,12
63515,2,1,0,0,0,0,0,0,0,0,0,0
63515,3,1,0,0,0,0,9,7,0,0,0,0
63515,4,1,0,0,0,0,30,0,0,0,0,0
63516,0,1,0,28,25,8,0,0,21,0,0,10
63516,1,1,26,12,7,18,17,0,22,0,40,22
63517,1,1,0,0,0,0,0,0,13,15,0,0
63517,2,1,0,0,0,0,0,0,0,0,0,0
63518,1,1,0,0,0,0,0,0,0,0,0,0
63518,2,1,0,0,0,0,0,0,0,0,0,0
63519,1,1,18,18,18,18,18,18,18,18,18,18
63520,0,1,0,0,0,0,0,0,0,0,0,0
63520,1,1,18,18,18,18,18,18,18,18,18,18
63521,0,1,8,22,0,0,0,9,0,0,0,0
63521,1,1,0,0,0,28,0,6,0,11,0,0
63522,1,1,0,0,0,0,0,0,0,0,0,0
63523,0,1,0,0,0,0,0,0,0,0,0,0
63523,1,1,0,0,0,0,0,0,0,0,0,0
63524,1,1,23,23,23,23,23,23,23,23,23,23
63524,2,1,0,0,0,0,0,0,0,0,0,0
63525,1,1,0,0,0,0,0,0,0,0,0,0
63526,0,1,0,0,0,0,0,0,0,0,0,0
63526,0,2,25,0,15,0,0,0,14,0,0,0
63526,1,1,13,12,18,0,9,45,32,0,27,0
63527,0,1,0,0,0,0,0,0,0,0,0,0
63527,1,1,0,0,0,0,0,0,0,0,0,0
63528,1,1,0,0,0,0,0,0,6,0,0,0
63528,2,1,0,0,0,0,0,0,0,0,0,0
63529,0,1,12,12,12,12,12,12,12,12,12,12
63529,1,1,0,0,0,21,0,14,0,0,0,30
63530,1,1,0,0,0,0,0,0,17,0,0,0
63531,1,1,10,23,15,19,17,13,17,11,12,7
63531,2,1,8,8,8,8,8,8,8,8,8,8